ISO-10303-21;
HEADER;

/* File generated by Shapr3D Version 26.50.0.10685 */

FILE_DESCRIPTION(('HOOPS Exchange Step'),'2;1');

FILE_NAME('/private/var/mobile/Containers/Data/Application/5F2095C5-6E5A-4F28-9900-660682EC0850/tmp/export/temp_export',
'2026-05-06T14:17:08+02:00',
('mobile'),
('Shapr3D Limited'),
'HOOPS Exchange 2025.9',
'Shapr3D',
'Authorized');

FILE_SCHEMA( ('AP242_MANAGED_MODEL_BASED_3D_ENGINEERING_MIM_LF {1 0 10303 442 1 1 4}') );

ENDSEC;

DATA;
#3=(NAMED_UNIT(*)PLANE_ANGLE_UNIT()SI_UNIT($,.RADIAN.));
#4=PLANE_ANGLE_MEASURE_WITH_UNIT(PLANE_ANGLE_MEASURE(0.0174532925),#3);
#5=(CONVERSION_BASED_UNIT('DEGREE',#4)NAMED_UNIT(#6)PLANE_ANGLE_UNIT());
#6=DIMENSIONAL_EXPONENTS(0.,0.,0.,0.,0.,0.,0.);
#7=(NAMED_UNIT(*)SI_UNIT($,.STERADIAN.)SOLID_ANGLE_UNIT());
#8=(LENGTH_UNIT()NAMED_UNIT(*)SI_UNIT(.MILLI.,.METRE.));
#9=UNCERTAINTY_MEASURE_WITH_UNIT(LENGTH_MEASURE(1.000000E-03),#8,'DISTANCE_ACCURACY_VALUE','Maximum Tolerance applied to model');
#10=(GEOMETRIC_REPRESENTATION_CONTEXT(3)GLOBAL_UNCERTAINTY_ASSIGNED_CONTEXT((#9))GLOBAL_UNIT_ASSIGNED_CONTEXT((#8,#5,#7))REPRESENTATION_CONTEXT('','root'));
#12=CARTESIAN_POINT('',(0.,0.,0.));
#13=DIRECTION('',(0.,0.,1.));
#14=DIRECTION('',(1.,0.,0.));
#15=AXIS2_PLACEMENT_3D('TS3D_PRODUCT_CSYS',#12,#13,#14);
#26=(NAMED_UNIT(*)PLANE_ANGLE_UNIT()SI_UNIT($,.RADIAN.));
#27=PLANE_ANGLE_MEASURE_WITH_UNIT(PLANE_ANGLE_MEASURE(0.0174532925),#26);
#28=(CONVERSION_BASED_UNIT('DEGREE',#27)NAMED_UNIT(#29)PLANE_ANGLE_UNIT());
#29=DIMENSIONAL_EXPONENTS(0.,0.,0.,0.,0.,0.,0.);
#30=(NAMED_UNIT(*)SI_UNIT($,.STERADIAN.)SOLID_ANGLE_UNIT());
#31=(LENGTH_UNIT()NAMED_UNIT(*)SI_UNIT(.MILLI.,.METRE.));
#32=UNCERTAINTY_MEASURE_WITH_UNIT(LENGTH_MEASURE(1.000000E-05),#31,'DISTANCE_ACCURACY_VALUE','Maximum Tolerance applied to model');
#33=(GEOMETRIC_REPRESENTATION_CONTEXT(3)GLOBAL_UNCERTAINTY_ASSIGNED_CONTEXT((#32))GLOBAL_UNIT_ASSIGNED_CONTEXT((#31,#28,#30))REPRESENTATION_CONTEXT('','Folder 05 (1)'));
#45=CARTESIAN_POINT('',(0.,0.,0.));
#46=DIRECTION('',(0.,0.,1.));
#47=DIRECTION('',(1.,0.,-0.));
#48=AXIS2_PLACEMENT_3D('',#45,#46,#47);
#49=ITEM_DEFINED_TRANSFORMATION('','',#48,#15);
#50=(REPRESENTATION_RELATIONSHIP('','',#35,#16)REPRESENTATION_RELATIONSHIP_WITH_TRANSFORMATION(#49)SHAPE_REPRESENTATION_RELATIONSHIP());
#51=NEXT_ASSEMBLY_USAGE_OCCURRENCE('Folder 05 (1)_1','Folder 05 (1)','Folder 05 (1)',#25,#44,$);
#52=PRODUCT_DEFINITION_SHAPE('','',#51);
#53=CONTEXT_DEPENDENT_SHAPE_REPRESENTATION(#50,#52);
#55=CARTESIAN_POINT('',(357.,-47.,20.));
#56=DIRECTION('',(0.,1.,0.));
#57=DIRECTION('',(0.,-0.,1.));
#58=AXIS2_PLACEMENT_3D('',#55,#56,#57);
#59=CYLINDRICAL_SURFACE('',#58,10.2);
#60=CARTESIAN_POINT('',(357.,-28.,30.2));
#61=VERTEX_POINT('',#60);
#62=CARTESIAN_POINT('',(357.,-30.,30.2));
#63=VERTEX_POINT('',#62);
#64=CARTESIAN_POINT('',(357.,-28.,30.2));
#65=DIRECTION('',(-0.,-1.,-0.));
#66=VECTOR('',#65,2.);
#67=LINE('',#64,#66);
#68=EDGE_CURVE('',#61,#63,#67,.T.);
#69=ORIENTED_EDGE('',*,*,#68,.F.);
#70=CARTESIAN_POINT('',(357.,-28.,9.8));
#71=VERTEX_POINT('',#70);
#72=CARTESIAN_POINT('',(357.,-28.,20.));
#73=DIRECTION('',(0.,-1.,0.));
#74=DIRECTION('',(0.,0.,-1.));
#75=AXIS2_PLACEMENT_3D('',#72,#73,#74);
#76=CIRCLE('',#75,10.2);
#77=EDGE_CURVE('',#71,#61,#76,.T.);
#78=ORIENTED_EDGE('',*,*,#77,.F.);
#79=CARTESIAN_POINT('',(357.,-28.,20.));
#80=DIRECTION('',(0.,-1.,0.));
#81=DIRECTION('',(0.,0.,-1.));
#82=AXIS2_PLACEMENT_3D('',#79,#80,#81);
#83=CIRCLE('',#82,10.2);
#84=EDGE_CURVE('',#61,#71,#83,.T.);
#85=ORIENTED_EDGE('',*,*,#84,.F.);
#86=ORIENTED_EDGE('',*,*,#68,.T.);
#87=CARTESIAN_POINT('',(357.,-30.,9.8));
#88=VERTEX_POINT('',#87);
#89=CARTESIAN_POINT('',(357.,-30.,20.));
#90=DIRECTION('',(0.,-1.,0.));
#91=DIRECTION('',(0.,0.,-1.));
#92=AXIS2_PLACEMENT_3D('',#89,#90,#91);
#93=CIRCLE('',#92,10.2);
#94=EDGE_CURVE('',#63,#88,#93,.T.);
#95=ORIENTED_EDGE('',*,*,#94,.T.);
#96=CARTESIAN_POINT('',(357.,-30.,20.));
#97=DIRECTION('',(0.,-1.,0.));
#98=DIRECTION('',(0.,0.,-1.));
#99=AXIS2_PLACEMENT_3D('',#96,#97,#98);
#100=CIRCLE('',#99,10.2);
#101=EDGE_CURVE('',#88,#63,#100,.T.);
#102=ORIENTED_EDGE('',*,*,#101,.T.);
#103=EDGE_LOOP('',(#69,#78,#85,#86,#95,#102));
#104=FACE_BOUND('',#103,.T.);
#105=ADVANCED_FACE('',(#104),#59,.F.);
#106=CARTESIAN_POINT('',(357.,-47.,20.));
#107=DIRECTION('',(0.,1.,0.));
#108=DIRECTION('',(0.,-0.,1.));
#109=AXIS2_PLACEMENT_3D('',#106,#107,#108);
#110=CYLINDRICAL_SURFACE('',#109,13.2);
#111=CARTESIAN_POINT('',(357.,-28.,33.2));
#112=VERTEX_POINT('',#111);
#113=CARTESIAN_POINT('',(357.,-30.,33.2));
#114=VERTEX_POINT('',#113);
#115=CARTESIAN_POINT('',(357.,-28.,33.2));
#116=DIRECTION('',(-0.,-1.,-0.));
#117=VECTOR('',#116,2.);
#118=LINE('',#115,#117);
#119=EDGE_CURVE('',#112,#114,#118,.T.);
#120=ORIENTED_EDGE('',*,*,#119,.T.);
#121=CARTESIAN_POINT('',(357.,-30.,6.8));
#122=VERTEX_POINT('',#121);
#123=CARTESIAN_POINT('',(357.,-30.,20.));
#124=DIRECTION('',(0.,-1.,0.));
#125=DIRECTION('',(0.,0.,-1.));
#126=AXIS2_PLACEMENT_3D('',#123,#124,#125);
#127=CIRCLE('',#126,13.2);
#128=EDGE_CURVE('',#122,#114,#127,.T.);
#129=ORIENTED_EDGE('',*,*,#128,.F.);
#130=CARTESIAN_POINT('',(357.,-30.,20.));
#131=DIRECTION('',(0.,-1.,0.));
#132=DIRECTION('',(0.,0.,-1.));
#133=AXIS2_PLACEMENT_3D('',#130,#131,#132);
#134=CIRCLE('',#133,13.2);
#135=EDGE_CURVE('',#114,#122,#134,.T.);
#136=ORIENTED_EDGE('',*,*,#135,.F.);
#137=ORIENTED_EDGE('',*,*,#119,.F.);
#138=CARTESIAN_POINT('',(357.,-28.,6.8));
#139=VERTEX_POINT('',#138);
#140=CARTESIAN_POINT('',(357.,-28.,20.));
#141=DIRECTION('',(0.,-1.,0.));
#142=DIRECTION('',(0.,0.,-1.));
#143=AXIS2_PLACEMENT_3D('',#140,#141,#142);
#144=CIRCLE('',#143,13.2);
#145=EDGE_CURVE('',#112,#139,#144,.T.);
#146=ORIENTED_EDGE('',*,*,#145,.T.);
#147=CARTESIAN_POINT('',(357.,-28.,20.));
#148=DIRECTION('',(0.,-1.,0.));
#149=DIRECTION('',(0.,0.,-1.));
#150=AXIS2_PLACEMENT_3D('',#147,#148,#149);
#151=CIRCLE('',#150,13.2);
#152=EDGE_CURVE('',#139,#112,#151,.T.);
#153=ORIENTED_EDGE('',*,*,#152,.T.);
#154=EDGE_LOOP('',(#120,#129,#136,#137,#146,#153));
#155=FACE_BOUND('',#154,.T.);
#156=ADVANCED_FACE('',(#155),#110,.T.);
#157=CARTESIAN_POINT('',(137.,-30.,0.));
#158=DIRECTION('',(0.,-1.,0.));
#159=DIRECTION('',(1.,0.,0.));
#160=AXIS2_PLACEMENT_3D('',#157,#158,#159);
#161=PLANE('',#160);
#162=ORIENTED_EDGE('',*,*,#94,.F.);
#163=ORIENTED_EDGE('',*,*,#101,.F.);
#164=EDGE_LOOP('',(#162,#163));
#165=FACE_BOUND('',#164,.T.);
#166=ORIENTED_EDGE('',*,*,#128,.T.);
#167=ORIENTED_EDGE('',*,*,#135,.T.);
#168=EDGE_LOOP('',(#166,#167));
#169=FACE_BOUND('',#168,.T.);
#170=ADVANCED_FACE('',(#165,#169),#161,.T.);
#171=CARTESIAN_POINT('',(137.,-28.,0.));
#172=DIRECTION('',(0.,-1.,0.));
#173=DIRECTION('',(1.,0.,0.));
#174=AXIS2_PLACEMENT_3D('',#171,#172,#173);
#175=PLANE('',#174);
#176=ORIENTED_EDGE('',*,*,#77,.T.);
#177=ORIENTED_EDGE('',*,*,#84,.T.);
#178=EDGE_LOOP('',(#176,#177));
#179=FACE_BOUND('',#178,.T.);
#180=ORIENTED_EDGE('',*,*,#145,.F.);
#181=ORIENTED_EDGE('',*,*,#152,.F.);
#182=EDGE_LOOP('',(#180,#181));
#183=FACE_BOUND('',#182,.T.);
#184=ADVANCED_FACE('',(#179,#183),#175,.F.);
#185=CLOSED_SHELL('',(#105,#156,#170,#184));
#186=MANIFOLD_SOLID_BREP('Body 12 (4)',#185);
#187=COLOUR_RGB('',0.627451003,0.627451003,0.643137276);
#188=FILL_AREA_STYLE_COLOUR('',#187);
#189=FILL_AREA_STYLE('',(#188));
#190=SURFACE_STYLE_FILL_AREA(#189);
#191=SURFACE_SIDE_STYLE('',(#190));
#192=SURFACE_STYLE_USAGE(.BOTH.,#191);
#193=PRESENTATION_STYLE_ASSIGNMENT((#192));
#54=STYLED_ITEM('',(#193),#186);
#195=CARTESIAN_POINT('',(357.,-21.4,20.));
#196=DIRECTION('',(0.,1.,0.));
#197=DIRECTION('',(0.,-0.,1.));
#198=AXIS2_PLACEMENT_3D('',#195,#196,#197);
#199=CYLINDRICAL_SURFACE('',#198,11.2);
#200=CARTESIAN_POINT('',(357.,-2.4,31.2));
#201=VERTEX_POINT('',#200);
#202=CARTESIAN_POINT('',(357.,-30.,31.2));
#203=VERTEX_POINT('',#202);
#204=CARTESIAN_POINT('',(357.,-2.4,31.2));
#205=DIRECTION('',(-0.,-1.,-0.));
#206=VECTOR('',#205,27.6);
#207=LINE('',#204,#206);
#208=EDGE_CURVE('',#201,#203,#207,.T.);
#209=ORIENTED_EDGE('',*,*,#208,.F.);
#210=CARTESIAN_POINT('',(357.,-2.4,8.8));
#211=VERTEX_POINT('',#210);
#212=CARTESIAN_POINT('',(357.,-2.4,20.));
#213=DIRECTION('',(0.,-1.,0.));
#214=DIRECTION('',(0.,0.,-1.));
#215=AXIS2_PLACEMENT_3D('',#212,#213,#214);
#216=CIRCLE('',#215,11.2);
#217=EDGE_CURVE('',#211,#201,#216,.T.);
#218=ORIENTED_EDGE('',*,*,#217,.F.);
#219=CARTESIAN_POINT('',(357.,-2.4,20.));
#220=DIRECTION('',(0.,-1.,0.));
#221=DIRECTION('',(0.,0.,-1.));
#222=AXIS2_PLACEMENT_3D('',#219,#220,#221);
#223=CIRCLE('',#222,11.2);
#224=EDGE_CURVE('',#201,#211,#223,.T.);
#225=ORIENTED_EDGE('',*,*,#224,.F.);
#226=ORIENTED_EDGE('',*,*,#208,.T.);
#227=CARTESIAN_POINT('',(357.,-30.,8.8));
#228=VERTEX_POINT('',#227);
#229=CARTESIAN_POINT('',(357.,-30.,20.));
#230=DIRECTION('',(0.,-1.,0.));
#231=DIRECTION('',(0.,0.,-1.));
#232=AXIS2_PLACEMENT_3D('',#229,#230,#231);
#233=CIRCLE('',#232,11.2);
#234=EDGE_CURVE('',#203,#228,#233,.T.);
#235=ORIENTED_EDGE('',*,*,#234,.T.);
#236=CARTESIAN_POINT('',(357.,-30.,20.));
#237=DIRECTION('',(0.,-1.,0.));
#238=DIRECTION('',(0.,0.,-1.));
#239=AXIS2_PLACEMENT_3D('',#236,#237,#238);
#240=CIRCLE('',#239,11.2);
#241=EDGE_CURVE('',#228,#203,#240,.T.);
#242=ORIENTED_EDGE('',*,*,#241,.T.);
#243=EDGE_LOOP('',(#209,#218,#225,#226,#235,#242));
#244=FACE_BOUND('',#243,.T.);
#245=ADVANCED_FACE('',(#244),#199,.F.);
#246=CARTESIAN_POINT('',(357.,-21.4,20.));
#247=DIRECTION('',(0.,1.,0.));
#248=DIRECTION('',(0.,-0.,1.));
#249=AXIS2_PLACEMENT_3D('',#246,#247,#248);
#250=CYLINDRICAL_SURFACE('',#249,13.2);
#251=CARTESIAN_POINT('',(357.,-2.4,33.2));
#252=VERTEX_POINT('',#251);
#253=CARTESIAN_POINT('',(357.,-30.,33.2));
#254=VERTEX_POINT('',#253);
#255=CARTESIAN_POINT('',(357.,-2.4,33.2));
#256=DIRECTION('',(-0.,-1.,-0.));
#257=VECTOR('',#256,27.6);
#258=LINE('',#255,#257);
#259=EDGE_CURVE('',#252,#254,#258,.T.);
#260=ORIENTED_EDGE('',*,*,#259,.T.);
#261=CARTESIAN_POINT('',(357.,-30.,6.8));
#262=VERTEX_POINT('',#261);
#263=CARTESIAN_POINT('',(357.,-30.,20.));
#264=DIRECTION('',(0.,-1.,0.));
#265=DIRECTION('',(0.,0.,-1.));
#266=AXIS2_PLACEMENT_3D('',#263,#264,#265);
#267=CIRCLE('',#266,13.2);
#268=EDGE_CURVE('',#262,#254,#267,.T.);
#269=ORIENTED_EDGE('',*,*,#268,.F.);
#270=CARTESIAN_POINT('',(357.,-30.,20.));
#271=DIRECTION('',(0.,-1.,0.));
#272=DIRECTION('',(0.,0.,-1.));
#273=AXIS2_PLACEMENT_3D('',#270,#271,#272);
#274=CIRCLE('',#273,13.2);
#275=EDGE_CURVE('',#254,#262,#274,.T.);
#276=ORIENTED_EDGE('',*,*,#275,.F.);
#277=ORIENTED_EDGE('',*,*,#259,.F.);
#278=CARTESIAN_POINT('',(357.,-2.4,6.8));
#279=VERTEX_POINT('',#278);
#280=CARTESIAN_POINT('',(357.,-2.4,20.));
#281=DIRECTION('',(0.,-1.,0.));
#282=DIRECTION('',(0.,0.,-1.));
#283=AXIS2_PLACEMENT_3D('',#280,#281,#282);
#284=CIRCLE('',#283,13.2);
#285=EDGE_CURVE('',#252,#279,#284,.T.);
#286=ORIENTED_EDGE('',*,*,#285,.T.);
#287=CARTESIAN_POINT('',(357.,-2.4,20.));
#288=DIRECTION('',(0.,-1.,0.));
#289=DIRECTION('',(0.,0.,-1.));
#290=AXIS2_PLACEMENT_3D('',#287,#288,#289);
#291=CIRCLE('',#290,13.2);
#292=EDGE_CURVE('',#279,#252,#291,.T.);
#293=ORIENTED_EDGE('',*,*,#292,.T.);
#294=EDGE_LOOP('',(#260,#269,#276,#277,#286,#293));
#295=FACE_BOUND('',#294,.T.);
#296=ADVANCED_FACE('',(#295),#250,.T.);
#297=CARTESIAN_POINT('',(137.,-30.,0.));
#298=DIRECTION('',(0.,-1.,0.));
#299=DIRECTION('',(1.,0.,0.));
#300=AXIS2_PLACEMENT_3D('',#297,#298,#299);
#301=PLANE('',#300);
#302=ORIENTED_EDGE('',*,*,#234,.F.);
#303=ORIENTED_EDGE('',*,*,#241,.F.);
#304=EDGE_LOOP('',(#302,#303));
#305=FACE_BOUND('',#304,.T.);
#306=ORIENTED_EDGE('',*,*,#268,.T.);
#307=ORIENTED_EDGE('',*,*,#275,.T.);
#308=EDGE_LOOP('',(#306,#307));
#309=FACE_BOUND('',#308,.T.);
#310=ADVANCED_FACE('',(#305,#309),#301,.T.);
#311=CARTESIAN_POINT('',(137.,-2.4,0.));
#312=DIRECTION('',(0.,-1.,0.));
#313=DIRECTION('',(1.,0.,0.));
#314=AXIS2_PLACEMENT_3D('',#311,#312,#313);
#315=PLANE('',#314);
#316=ORIENTED_EDGE('',*,*,#217,.T.);
#317=ORIENTED_EDGE('',*,*,#224,.T.);
#318=EDGE_LOOP('',(#316,#317));
#319=FACE_BOUND('',#318,.T.);
#320=ORIENTED_EDGE('',*,*,#285,.F.);
#321=ORIENTED_EDGE('',*,*,#292,.F.);
#322=EDGE_LOOP('',(#320,#321));
#323=FACE_BOUND('',#322,.T.);
#324=ADVANCED_FACE('',(#319,#323),#315,.F.);
#325=CLOSED_SHELL('',(#245,#296,#310,#324));
#326=MANIFOLD_SOLID_BREP('Body 12 (1)',#325);
#194=STYLED_ITEM('',(#193),#326);
#328=CARTESIAN_POINT('',(220.,-206.6,20.));
#329=DIRECTION('',(0.,-1.,0.));
#330=DIRECTION('',(0.,0.,-1.));
#331=AXIS2_PLACEMENT_3D('',#328,#329,#330);
#332=CYLINDRICAL_SURFACE('',#331,14.4);
#333=CARTESIAN_POINT('',(220.,-256.6,5.6));
#334=VERTEX_POINT('',#333);
#335=CARTESIAN_POINT('',(220.,-245.6,5.6));
#336=VERTEX_POINT('',#335);
#337=CARTESIAN_POINT('',(220.,-256.6,5.6));
#338=DIRECTION('',(-0.,1.,-0.));
#339=VECTOR('',#338,11.);
#340=LINE('',#337,#339);
#341=EDGE_CURVE('',#334,#336,#340,.T.);
#342=ORIENTED_EDGE('',*,*,#341,.F.);
#343=CARTESIAN_POINT('',(221.5,-256.6,5.678338085));
#344=VERTEX_POINT('',#343);
#345=CARTESIAN_POINT('',(220.,-256.6,20.));
#346=DIRECTION('',(-0.,-1.,-0.));
#347=DIRECTION('',(-1.,0.,0.));
#348=AXIS2_PLACEMENT_3D('',#345,#346,#347);
#349=CIRCLE('',#348,14.4);
#350=EDGE_CURVE('',#334,#344,#349,.T.);
#351=ORIENTED_EDGE('',*,*,#350,.T.);
#352=CARTESIAN_POINT('',(221.5,-273.656329325,5.678338085));
#353=VERTEX_POINT('',#352);
#354=CARTESIAN_POINT('',(221.5,-256.6,5.678338085));
#355=DIRECTION('',(0.,-1.,0.));
#356=VECTOR('',#355,17.056329325);
#357=LINE('',#354,#356);
#358=EDGE_CURVE('',#344,#353,#357,.T.);
#359=ORIENTED_EDGE('',*,*,#358,.T.);
#360=CARTESIAN_POINT('',(221.5,-273.656329325,34.321661915));
#361=VERTEX_POINT('',#360);
#362=CARTESIAN_POINT('',(221.5,-273.656329325,34.321661915));
#363=CARTESIAN_POINT('',(222.42290113,-273.725742409,34.225000528));
#364=CARTESIAN_POINT('',(223.311897888,-273.856580934,34.042671373));
#365=CARTESIAN_POINT('',(224.170804751,-274.039724242,33.782756899));
#366=CARTESIAN_POINT('',(224.600258182,-274.131295896,33.652799662));
#367=CARTESIAN_POINT('',(225.022130894,-274.236020804,33.503278885));
#368=CARTESIAN_POINT('',(225.436598168,-274.353093746,33.334294146));
#369=CARTESIAN_POINT('',(225.643831805,-274.411630217,33.249801776));
#370=CARTESIAN_POINT('',(225.849607335,-274.473397567,33.160226137));
#371=CARTESIAN_POINT('',(226.051405012,-274.537458266,33.066770733));
#372=CARTESIAN_POINT('',(226.25320269,-274.601518964,32.973315328));
#373=CARTESIAN_POINT('',(226.451499238,-274.667993134,32.875809188));
#374=CARTESIAN_POINT('',(226.646451625,-274.736684257,32.774375946));
#375=CARTESIAN_POINT('',(227.426261171,-275.01144875,32.368642975));
#376=CARTESIAN_POINT('',(228.153046688,-275.321554245,31.900767523));
#377=CARTESIAN_POINT('',(228.832643041,-275.656075766,31.372968694));
#378=CARTESIAN_POINT('',(229.172441217,-275.823336526,31.109069279));
#379=CARTESIAN_POINT('',(229.501065232,-275.99721469,30.829204623));
#380=CARTESIAN_POINT('',(229.813179673,-276.172966268,30.538572233));
#381=CARTESIAN_POINT('',(230.125294114,-276.348717846,30.247939843));
#382=CARTESIAN_POINT('',(230.422216585,-276.526941277,29.94564851));
#383=CARTESIAN_POINT('',(230.704822102,-276.706013384,29.631551472));
#384=CARTESIAN_POINT('',(231.270033136,-277.064157599,29.003357397));
#385=CARTESIAN_POINT('',(231.77844397,-277.426072358,28.328549097));
#386=CARTESIAN_POINT('',(232.231348349,-277.776153516,27.599612987));
#387=CARTESIAN_POINT('',(232.457800539,-277.951194095,27.235144932));
#388=CARTESIAN_POINT('',(232.668208537,-278.121618798,26.860135932));
#389=CARTESIAN_POINT('',(232.861626966,-278.284042577,26.475998131));
#390=CARTESIAN_POINT('',(233.055045395,-278.446466356,26.09186033));
#391=CARTESIAN_POINT('',(233.231900511,-278.601225677,25.697924836));
#392=CARTESIAN_POINT('',(233.391926917,-278.745495853,25.293041984));
#393=CARTESIAN_POINT('',(233.551953324,-278.88976603,24.888159131));
#394=CARTESIAN_POINT('',(233.695163922,-279.023562209,24.472339923));
#395=CARTESIAN_POINT('',(233.820530801,-279.143412284,24.043875415));
#396=CARTESIAN_POINT('',(233.883214241,-279.203337322,23.829643161));
#397=CARTESIAN_POINT('',(233.941583001,-279.259922565,23.611566018));
#398=CARTESIAN_POINT('',(233.994850635,-279.312097575,23.39177766));
#399=CARTESIAN_POINT('',(234.04811827,-279.364272586,23.171989303));
#400=CARTESIAN_POINT('',(234.096209398,-279.411957128,22.95095688));
#401=CARTESIAN_POINT('',(234.139113408,-279.454842806,22.728639229));
#402=CARTESIAN_POINT('',(234.224921428,-279.540614163,22.284003928));
#403=CARTESIAN_POINT('',(234.290024532,-279.607175291,21.834231404));
#404=CARTESIAN_POINT('',(234.333824204,-279.652187136,21.378942957));
#405=CARTESIAN_POINT('',(234.377623876,-279.697198982,20.92365451));
#406=CARTESIAN_POINT('',(234.400120934,-279.720644211,20.461514003));
#407=CARTESIAN_POINT('',(234.399999509,-279.720518233,19.996241022));
#408=CARTESIAN_POINT('',(234.39975666,-279.720266276,19.06569506));
#409=CARTESIAN_POINT('',(234.310283021,-279.6259152,18.1565835));
#410=CARTESIAN_POINT('',(234.138120618,-279.453850511,17.26622141));
#411=CARTESIAN_POINT('',(234.052039417,-279.367818166,16.821040365));
#412=CARTESIAN_POINT('',(233.944321576,-279.261731751,16.37861125));
#413=CARTESIAN_POINT('',(233.819026717,-279.141974526,15.950987702));
#414=CARTESIAN_POINT('',(233.693731858,-279.022217302,15.523364153));
#415=CARTESIAN_POINT('',(233.550575761,-278.888496782,15.108042726));
#416=CARTESIAN_POINT('',(233.39052184,-278.744229241,14.703404409));
#417=CARTESIAN_POINT('',(233.230467919,-278.599961699,14.298766092));
#418=CARTESIAN_POINT('',(233.053505361,-278.44513496,13.904819669));
#419=CARTESIAN_POINT('',(232.859849247,-278.282549907,13.520472445));
#420=CARTESIAN_POINT('',(232.76302119,-278.201257381,13.328298833));
#421=CARTESIAN_POINT('',(232.662008891,-278.118016343,13.138532657));
#422=CARTESIAN_POINT('',(232.556778644,-278.033134224,12.951077381));
#423=CARTESIAN_POINT('',(232.451548397,-277.948252105,12.763622105));
#424=CARTESIAN_POINT('',(232.341871873,-277.861555316,12.57813385));
#425=CARTESIAN_POINT('',(232.228740804,-277.774138306,12.396191852));
#426=CARTESIAN_POINT('',(231.776216527,-277.424470268,11.668423863));
#427=CARTESIAN_POINT('',(231.267581,-277.062424805,10.99341667));
#428=CARTESIAN_POINT('',(230.700999997,-276.703592125,10.364202209));
#429=CARTESIAN_POINT('',(230.417709495,-276.524175785,10.049594978));
#430=CARTESIAN_POINT('',(230.119814724,-276.345472632,9.746581574));
#431=CARTESIAN_POINT('',(229.806345555,-276.169119734,9.455068191));
#432=CARTESIAN_POINT('',(229.649610971,-276.080943285,9.3093115));
#433=CARTESIAN_POINT('',(229.488939568,-275.993351869,9.166445988));
#434=CARTESIAN_POINT('',(229.325747784,-275.907334054,9.02774279));
#435=CARTESIAN_POINT('',(229.162556,-275.821316239,8.889039593));
#436=CARTESIAN_POINT('',(228.996490023,-275.736667888,8.75416113));
#437=CARTESIAN_POINT('',(228.827517536,-275.653553718,8.623052512));
#438=CARTESIAN_POINT('',(228.151627587,-275.321097038,8.098618038));
#439=CARTESIAN_POINT('',(227.429650548,-275.013095971,7.633875616));
#440=CARTESIAN_POINT('',(226.656218364,-274.740128391,7.230710392));
#441=CARTESIAN_POINT('',(226.269502271,-274.603644601,7.02912778));
#442=CARTESIAN_POINT('',(225.869842227,-274.475930485,6.843063777));
#443=CARTESIAN_POINT('',(225.455942849,-274.358568462,6.673609355));
#444=CARTESIAN_POINT('',(225.24899316,-274.299887451,6.588882144));
#445=CARTESIAN_POINT('',(225.037810633,-274.243643432,6.508096215));
#446=CARTESIAN_POINT('',(224.825025658,-274.190746346,6.432423673));
#447=CARTESIAN_POINT('',(224.612240682,-274.13784926,6.35675113));
#448=CARTESIAN_POINT('',(224.397721937,-274.088235542,6.286097538));
#449=CARTESIAN_POINT('',(224.181452373,-274.041997647,6.220469672));
#450=CARTESIAN_POINT('',(223.31637412,-273.857046064,5.957958209));
#451=CARTESIAN_POINT('',(222.423523413,-273.725789212,5.775064647));
#452=CARTESIAN_POINT('',(221.5,-273.656329325,5.678338085));
#453=B_SPLINE_CURVE_WITH_KNOTS('',3,(#362,#363,#364,#365,#366,#367,#368,#369,#370,#371,#372,#373,#374,#375,#376,#377,#378,#379,#380,#381,#382,#383,#384,#385,#386,#387,
#388,#389,#390,#391,#392,#393,#394,#395,#396,#397,#398,#399,#400,#401,#402,#403,#404,#405,#406,#407,#408,#409,#410,#411,#412,
#413,#414,#415,#416,#417,#418,#419,#420,#421,#422,#423,#424,#425,#426,#427,#428,#429,#430,#431,#432,#433,#434,#435,#436,#437,
#438,#439,#440,#441,#442,#443,#444,#445,#446,#447,#448,#449,#450,#451,#452),.UNSPECIFIED.,.F.,.F.,(4,3,3,3,3,3,3,3,3,3,3,3,3,3,3,3,3,3,3,3,3,3,3,3,3,3,
3,3,3,3,4),(0.,0.002745029,0.004117543,0.0048038,0.005490057,0.008235086,0.0096076,0.010980114,0.013725143,0.015097657,0.016470172,0.017842686,0.018528943,0.0192152,0.020587715,0.021960229,0.024705257,0.026077772,0.027450286,0.0288228,0.029509058,0.030195315,0.032940343,0.034312858,0.034999115,0.035685372,
0.038430401,0.039802915,0.040489172,0.041175429,0.043920458),.UNSPECIFIED.);
#454=EDGE_CURVE('',#361,#353,#453,.T.);
#455=ORIENTED_EDGE('',*,*,#454,.F.);
#456=CARTESIAN_POINT('',(221.5,-256.6,34.321661915));
#457=VERTEX_POINT('',#456);
#458=CARTESIAN_POINT('',(221.5,-273.656329325,34.321661915));
#459=DIRECTION('',(-0.,1.,-0.));
#460=VECTOR('',#459,17.056329325);
#461=LINE('',#458,#460);
#462=EDGE_CURVE('',#361,#457,#461,.T.);
#463=ORIENTED_EDGE('',*,*,#462,.T.);
#464=CARTESIAN_POINT('',(218.5,-256.6,34.321661915));
#465=VERTEX_POINT('',#464);
#466=CARTESIAN_POINT('',(220.,-256.6,20.));
#467=DIRECTION('',(-0.,-1.,-0.));
#468=DIRECTION('',(-1.,0.,0.));
#469=AXIS2_PLACEMENT_3D('',#466,#467,#468);
#470=CIRCLE('',#469,14.4);
#471=EDGE_CURVE('',#457,#465,#470,.T.);
#472=ORIENTED_EDGE('',*,*,#471,.T.);
#473=CARTESIAN_POINT('',(218.5,-273.656329325,34.321661915));
#474=VERTEX_POINT('',#473);
#475=CARTESIAN_POINT('',(218.5,-273.656329325,34.321661915));
#476=DIRECTION('',(-0.,1.,-0.));
#477=VECTOR('',#476,17.056329325);
#478=LINE('',#475,#477);
#479=EDGE_CURVE('',#474,#465,#478,.T.);
#480=ORIENTED_EDGE('',*,*,#479,.F.);
#481=CARTESIAN_POINT('',(218.5,-273.656329325,5.678338085));
#482=VERTEX_POINT('',#481);
#483=CARTESIAN_POINT('',(218.5,-273.656329325,5.678338085));
#484=CARTESIAN_POINT('',(217.57709887,-273.725742409,5.774999472));
#485=CARTESIAN_POINT('',(216.688102112,-273.856580934,5.957328627));
#486=CARTESIAN_POINT('',(215.829195249,-274.039724242,6.217243101));
#487=CARTESIAN_POINT('',(215.399741818,-274.131295896,6.347200338));
#488=CARTESIAN_POINT('',(214.977869106,-274.236020804,6.496721115));
#489=CARTESIAN_POINT('',(214.563401832,-274.353093746,6.665705854));
#490=CARTESIAN_POINT('',(214.356168195,-274.411630217,6.750198224));
#491=CARTESIAN_POINT('',(214.150392665,-274.473397567,6.839773863));
#492=CARTESIAN_POINT('',(213.948594988,-274.537458266,6.933229267));
#493=CARTESIAN_POINT('',(213.74679731,-274.601518964,7.026684672));
#494=CARTESIAN_POINT('',(213.548500762,-274.667993134,7.124190812));
#495=CARTESIAN_POINT('',(213.353548375,-274.736684257,7.225624054));
#496=CARTESIAN_POINT('',(212.573738829,-275.01144875,7.631357025));
#497=CARTESIAN_POINT('',(211.846953312,-275.321554245,8.099232477));
#498=CARTESIAN_POINT('',(211.167356959,-275.656075766,8.627031306));
#499=CARTESIAN_POINT('',(210.827558783,-275.823336526,8.890930721));
#500=CARTESIAN_POINT('',(210.498934768,-275.99721469,9.170795377));
#501=CARTESIAN_POINT('',(210.186820327,-276.172966268,9.461427767));
#502=CARTESIAN_POINT('',(209.874705886,-276.348717846,9.752060157));
#503=CARTESIAN_POINT('',(209.577783415,-276.526941277,10.05435149));
#504=CARTESIAN_POINT('',(209.295177898,-276.706013384,10.368448528));
#505=CARTESIAN_POINT('',(208.729966864,-277.064157599,10.996642603));
#506=CARTESIAN_POINT('',(208.22155603,-277.426072358,11.671450903));
#507=CARTESIAN_POINT('',(207.768651651,-277.776153516,12.400387013));
#508=CARTESIAN_POINT('',(207.542199461,-277.951194095,12.764855068));
#509=CARTESIAN_POINT('',(207.331791463,-278.121618798,13.139864068));
#510=CARTESIAN_POINT('',(207.138373034,-278.284042577,13.524001869));
#511=CARTESIAN_POINT('',(206.944954605,-278.446466356,13.90813967));
#512=CARTESIAN_POINT('',(206.768099489,-278.601225677,14.302075164));
#513=CARTESIAN_POINT('',(206.608073083,-278.745495853,14.706958016));
#514=CARTESIAN_POINT('',(206.448046676,-278.88976603,15.111840869));
#515=CARTESIAN_POINT('',(206.304836078,-279.023562209,15.527660077));
#516=CARTESIAN_POINT('',(206.179469199,-279.143412284,15.956124585));
#517=CARTESIAN_POINT('',(206.116785759,-279.203337322,16.170356839));
#518=CARTESIAN_POINT('',(206.058416999,-279.259922565,16.388433982));
#519=CARTESIAN_POINT('',(206.005149365,-279.312097575,16.60822234));
#520=CARTESIAN_POINT('',(205.95188173,-279.364272586,16.828010697));
#521=CARTESIAN_POINT('',(205.903790602,-279.411957128,17.04904312));
#522=CARTESIAN_POINT('',(205.860886592,-279.454842806,17.271360771));
#523=CARTESIAN_POINT('',(205.775078572,-279.540614163,17.715996072));
#524=CARTESIAN_POINT('',(205.709975468,-279.607175291,18.165768596));
#525=CARTESIAN_POINT('',(205.666175796,-279.652187136,18.621057043));
#526=CARTESIAN_POINT('',(205.622376124,-279.697198982,19.07634549));
#527=CARTESIAN_POINT('',(205.599879066,-279.720644211,19.538485997));
#528=CARTESIAN_POINT('',(205.600000491,-279.720518233,20.003758978));
#529=CARTESIAN_POINT('',(205.60024334,-279.720266276,20.93430494));
#530=CARTESIAN_POINT('',(205.689716979,-279.6259152,21.8434165));
#531=CARTESIAN_POINT('',(205.861879382,-279.453850511,22.73377859));
#532=CARTESIAN_POINT('',(205.947960583,-279.367818166,23.178959635));
#533=CARTESIAN_POINT('',(206.055678424,-279.261731751,23.62138875));
#534=CARTESIAN_POINT('',(206.180973283,-279.141974526,24.049012298));
#535=CARTESIAN_POINT('',(206.306268142,-279.022217302,24.476635847));
#536=CARTESIAN_POINT('',(206.449424239,-278.888496782,24.891957274));
#537=CARTESIAN_POINT('',(206.60947816,-278.744229241,25.296595591));
#538=CARTESIAN_POINT('',(206.769532081,-278.599961699,25.701233908));
#539=CARTESIAN_POINT('',(206.946494639,-278.44513496,26.095180331));
#540=CARTESIAN_POINT('',(207.140150753,-278.282549907,26.479527555));
#541=CARTESIAN_POINT('',(207.23697881,-278.201257381,26.671701167));
#542=CARTESIAN_POINT('',(207.337991109,-278.118016343,26.861467343));
#543=CARTESIAN_POINT('',(207.443221356,-278.033134224,27.048922619));
#544=CARTESIAN_POINT('',(207.548451603,-277.948252105,27.236377895));
#545=CARTESIAN_POINT('',(207.658128127,-277.861555316,27.42186615));
#546=CARTESIAN_POINT('',(207.771259196,-277.774138306,27.603808148));
#547=CARTESIAN_POINT('',(208.223783473,-277.424470268,28.331576137));
#548=CARTESIAN_POINT('',(208.732419,-277.062424805,29.00658333));
#549=CARTESIAN_POINT('',(209.299000003,-276.703592125,29.635797791));
#550=CARTESIAN_POINT('',(209.582290505,-276.524175785,29.950405022));
#551=CARTESIAN_POINT('',(209.880185276,-276.345472632,30.253418426));
#552=CARTESIAN_POINT('',(210.193654445,-276.169119734,30.544931809));
#553=CARTESIAN_POINT('',(210.350389029,-276.080943285,30.6906885));
#554=CARTESIAN_POINT('',(210.511060432,-275.993351869,30.833554012));
#555=CARTESIAN_POINT('',(210.674252216,-275.907334054,30.97225721));
#556=CARTESIAN_POINT('',(210.837444,-275.821316239,31.110960407));
#557=CARTESIAN_POINT('',(211.003509977,-275.736667888,31.24583887));
#558=CARTESIAN_POINT('',(211.172482464,-275.653553718,31.376947488));
#559=CARTESIAN_POINT('',(211.848372413,-275.321097038,31.901381962));
#560=CARTESIAN_POINT('',(212.570349452,-275.013095971,32.366124384));
#561=CARTESIAN_POINT('',(213.343781636,-274.740128391,32.769289608));
#562=CARTESIAN_POINT('',(213.730497729,-274.603644601,32.97087222));
#563=CARTESIAN_POINT('',(214.130157773,-274.475930485,33.156936223));
#564=CARTESIAN_POINT('',(214.544057151,-274.358568462,33.326390645));
#565=CARTESIAN_POINT('',(214.75100684,-274.299887451,33.411117856));
#566=CARTESIAN_POINT('',(214.962189367,-274.243643432,33.491903785));
#567=CARTESIAN_POINT('',(215.174974342,-274.190746346,33.567576327));
#568=CARTESIAN_POINT('',(215.387759318,-274.13784926,33.64324887));
#569=CARTESIAN_POINT('',(215.602278063,-274.088235542,33.713902462));
#570=CARTESIAN_POINT('',(215.818547627,-274.041997647,33.779530328));
#571=CARTESIAN_POINT('',(216.68362588,-273.857046064,34.042041791));
#572=CARTESIAN_POINT('',(217.576476587,-273.725789212,34.224935353));
#573=CARTESIAN_POINT('',(218.5,-273.656329325,34.321661915));
#574=B_SPLINE_CURVE_WITH_KNOTS('',3,(#483,#484,#485,#486,#487,#488,#489,#490,#491,#492,#493,#494,#495,#496,#497,#498,#499,#500,#501,#502,#503,#504,#505,#506,#507,#508,
#509,#510,#511,#512,#513,#514,#515,#516,#517,#518,#519,#520,#521,#522,#523,#524,#525,#526,#527,#528,#529,#530,#531,#532,#533,
#534,#535,#536,#537,#538,#539,#540,#541,#542,#543,#544,#545,#546,#547,#548,#549,#550,#551,#552,#553,#554,#555,#556,#557,#558,
#559,#560,#561,#562,#563,#564,#565,#566,#567,#568,#569,#570,#571,#572,#573),.UNSPECIFIED.,.F.,.F.,(4,3,3,3,3,3,3,3,3,3,3,3,3,3,3,3,3,3,3,3,3,3,3,3,3,3,
3,3,3,3,4),(0.,0.002745029,0.004117543,0.0048038,0.005490057,0.008235086,0.0096076,0.010980114,0.013725143,0.015097657,0.016470172,0.017842686,0.018528943,0.0192152,0.020587715,0.021960229,0.024705257,0.026077772,0.027450286,0.0288228,0.029509058,0.030195315,0.032940343,0.034312858,0.034999115,0.035685372,
0.038430401,0.039802915,0.040489172,0.041175429,0.043920458),.UNSPECIFIED.);
#575=EDGE_CURVE('',#482,#474,#574,.T.);
#576=ORIENTED_EDGE('',*,*,#575,.F.);
#577=CARTESIAN_POINT('',(218.5,-256.6,5.678338085));
#578=VERTEX_POINT('',#577);
#579=CARTESIAN_POINT('',(218.5,-256.6,5.678338085));
#580=DIRECTION('',(0.,-1.,0.));
#581=VECTOR('',#580,17.056329325);
#582=LINE('',#579,#581);
#583=EDGE_CURVE('',#578,#482,#582,.T.);
#584=ORIENTED_EDGE('',*,*,#583,.F.);
#585=CARTESIAN_POINT('',(220.,-256.6,20.));
#586=DIRECTION('',(-0.,-1.,-0.));
#587=DIRECTION('',(-1.,0.,0.));
#588=AXIS2_PLACEMENT_3D('',#585,#586,#587);
#589=CIRCLE('',#588,14.4);
#590=EDGE_CURVE('',#578,#334,#589,.T.);
#591=ORIENTED_EDGE('',*,*,#590,.T.);
#592=ORIENTED_EDGE('',*,*,#341,.T.);
#593=CARTESIAN_POINT('',(220.,-245.6,20.));
#594=DIRECTION('',(-0.,1.,-0.));
#595=DIRECTION('',(0.,0.,-1.));
#596=AXIS2_PLACEMENT_3D('',#593,#594,#595);
#597=CIRCLE('',#596,14.4);
#598=EDGE_CURVE('',#336,#336,#597,.T.);
#599=ORIENTED_EDGE('',*,*,#598,.T.);
#600=EDGE_LOOP('',(#342,#351,#359,#455,#463,#472,#480,#576,#584,#591,#592,#599));
#601=FACE_BOUND('',#600,.T.);
#602=ADVANCED_FACE('',(#601),#332,.F.);
#603=CARTESIAN_POINT('',(220.,-206.6,20.));
#604=DIRECTION('',(0.,-1.,0.));
#605=DIRECTION('',(0.,0.,-1.));
#606=AXIS2_PLACEMENT_3D('',#603,#604,#605);
#607=CYLINDRICAL_SURFACE('',#606,16.);
#608=CARTESIAN_POINT('',(220.,-256.6,4.));
#609=VERTEX_POINT('',#608);
#610=CARTESIAN_POINT('',(220.,-243.6,4.));
#611=VERTEX_POINT('',#610);
#612=CARTESIAN_POINT('',(220.,-256.6,4.));
#613=DIRECTION('',(-0.,1.,-0.));
#614=VECTOR('',#613,13.);
#615=LINE('',#612,#614);
#616=EDGE_CURVE('',#609,#611,#615,.T.);
#617=ORIENTED_EDGE('',*,*,#616,.T.);
#618=CARTESIAN_POINT('',(220.,-243.6,20.));
#619=DIRECTION('',(0.,-1.,0.));
#620=DIRECTION('',(0.,0.,-1.));
#621=AXIS2_PLACEMENT_3D('',#618,#619,#620);
#622=CIRCLE('',#621,16.);
#623=EDGE_CURVE('',#611,#611,#622,.T.);
#624=ORIENTED_EDGE('',*,*,#623,.T.);
#625=ORIENTED_EDGE('',*,*,#616,.F.);
#626=CARTESIAN_POINT('',(218.5,-256.6,4.070467678));
#627=VERTEX_POINT('',#626);
#628=CARTESIAN_POINT('',(220.,-256.6,20.));
#629=DIRECTION('',(-0.,-1.,-0.));
#630=DIRECTION('',(-1.,0.,0.));
#631=AXIS2_PLACEMENT_3D('',#628,#629,#630);
#632=CIRCLE('',#631,16.);
#633=EDGE_CURVE('',#627,#609,#632,.T.);
#634=ORIENTED_EDGE('',*,*,#633,.F.);
#635=CARTESIAN_POINT('',(218.5,-273.656329325,4.070467678));
#636=VERTEX_POINT('',#635);
#637=CARTESIAN_POINT('',(218.5,-256.6,4.070467678));
#638=DIRECTION('',(0.,-1.,0.));
#639=VECTOR('',#638,17.056329325);
#640=LINE('',#637,#639);
#641=EDGE_CURVE('',#627,#636,#640,.T.);
#642=ORIENTED_EDGE('',*,*,#641,.T.);
#643=CARTESIAN_POINT('',(218.5,-273.656329325,35.929532322));
#644=VERTEX_POINT('',#643);
#645=CARTESIAN_POINT('',(218.5,-273.656329325,4.070467678));
#646=CARTESIAN_POINT('',(217.448622285,-273.735405368,4.169470369));
#647=CARTESIAN_POINT('',(216.43754793,-273.894355737,4.36849249));
#648=CARTESIAN_POINT('',(215.461938468,-274.121653111,4.657053818));
#649=CARTESIAN_POINT('',(214.974133738,-274.235301798,4.801334482));
#650=CARTESIAN_POINT('',(214.495270091,-274.366158802,4.96820684));
#651=CARTESIAN_POINT('',(214.025123013,-274.513333319,5.157465008));
#652=CARTESIAN_POINT('',(213.790049473,-274.586920578,5.252094092));
#653=CARTESIAN_POINT('',(213.558007472,-274.664348048,5.352019854));
#654=CARTESIAN_POINT('',(213.330607457,-274.744783133,5.456300226));
#655=CARTESIAN_POINT('',(213.103207442,-274.825218218,5.560580599));
#656=CARTESIAN_POINT('',(212.879898458,-274.908831186,5.669433374));
#657=CARTESIAN_POINT('',(212.660486258,-274.995389334,5.782702857));
#658=CARTESIAN_POINT('',(211.782837461,-275.341621924,6.235780792));
#659=CARTESIAN_POINT('',(210.966962589,-275.734754042,6.758716417));
#660=CARTESIAN_POINT('',(210.205489819,-276.162466622,7.34821869));
#661=CARTESIAN_POINT('',(210.015121627,-276.269394767,7.495594258));
#662=CARTESIAN_POINT('',(209.828310831,-276.37844436,7.647116817));
#663=CARTESIAN_POINT('',(209.64633004,-276.488555924,7.801577219));
#664=CARTESIAN_POINT('',(209.464349249,-276.598667488,7.95603762));
#665=CARTESIAN_POINT('',(209.28679906,-276.710062341,8.113735354));
#666=CARTESIAN_POINT('',(209.113491705,-276.822516961,8.274645543));
#667=CARTESIAN_POINT('',(208.766876995,-277.0474262,8.596465921));
#668=CARTESIAN_POINT('',(208.437193333,-277.276592557,8.931086941));
#669=CARTESIAN_POINT('',(208.123373937,-277.50820851,9.278724266));
#670=CARTESIAN_POINT('',(207.809554541,-277.739824463,9.626361591));
#671=CARTESIAN_POINT('',(207.511601242,-277.973908128,9.987004879));
#672=CARTESIAN_POINT('',(207.228965239,-278.208422072,10.361500577));
#673=CARTESIAN_POINT('',(206.946329235,-278.442936015,10.735996275));
#674=CARTESIAN_POINT('',(206.678116771,-278.678768969,11.125874295));
#675=CARTESIAN_POINT('',(206.428222783,-278.909633661,11.526106965));
#676=CARTESIAN_POINT('',(205.928434807,-279.371363046,12.326572305));
#677=CARTESIAN_POINT('',(205.49941142,-279.815241177,13.168702393));
#678=CARTESIAN_POINT('',(205.141046798,-280.213009683,14.066071306));
#679=CARTESIAN_POINT('',(204.961864488,-280.411893936,14.514755762));
#680=CARTESIAN_POINT('',(204.800515809,-280.599048134,14.977426545));
#681=CARTESIAN_POINT('',(204.658399995,-280.768970841,15.457389596));
#682=CARTESIAN_POINT('',(204.516284181,-280.938893548,15.937352647));
#683=CARTESIAN_POINT('',(204.395559595,-281.088952219,16.427865334));
#684=CARTESIAN_POINT('',(204.297871368,-281.212782539,16.927028077));
#685=CARTESIAN_POINT('',(204.200183142,-281.336612858,17.42619082));
#686=CARTESIAN_POINT('',(204.125211185,-281.434555685,17.935029481));
#687=CARTESIAN_POINT('',(204.074759119,-281.50096273,18.455104254));
#688=CARTESIAN_POINT('',(204.049533086,-281.534166252,18.71514164));
#689=CARTESIAN_POINT('',(204.030416134,-281.559534099,18.979281365));
#690=CARTESIAN_POINT('',(204.017938044,-281.576119776,19.242573009));
#691=CARTESIAN_POINT('',(204.005459955,-281.592705453,19.505864652));
#692=CARTESIAN_POINT('',(203.999539356,-281.600614189,19.768296235));
#693=CARTESIAN_POINT('',(204.000027905,-281.599962794,20.029882221));
#694=CARTESIAN_POINT('',(204.001005003,-281.598660003,20.553054193));
#695=CARTESIAN_POINT('',(204.027570315,-281.563025722,21.072840393));
#696=CARTESIAN_POINT('',(204.079139554,-281.495199189,21.589403241));
#697=CARTESIAN_POINT('',(204.104924174,-281.461285923,21.847684666));
#698=CARTESIAN_POINT('',(204.13697205,-281.41934839,22.105161156));
#699=CARTESIAN_POINT('',(204.175284178,-281.369776406,22.361857144));
#700=CARTESIAN_POINT('',(204.213596307,-281.320204421,22.618553131));
#701=CARTESIAN_POINT('',(204.258120325,-281.263076208,22.873743378));
#702=CARTESIAN_POINT('',(204.307969144,-281.199993241,23.124126698));
#703=CARTESIAN_POINT('',(204.507364423,-280.947661374,24.125659979));
#704=CARTESIAN_POINT('',(204.792801725,-280.598708782,25.068007642));
#705=CARTESIAN_POINT('',(205.155202971,-280.197313659,25.969254657));
#706=CARTESIAN_POINT('',(205.245803282,-280.096964878,26.194566411));
#707=CARTESIAN_POINT('',(205.341532227,-279.992993969,26.417747321));
#708=CARTESIAN_POINT('',(205.441573809,-279.886786414,26.63718516));
#709=CARTESIAN_POINT('',(205.541615391,-279.780578859,26.856622999));
#710=CARTESIAN_POINT('',(205.645801453,-279.672302104,27.072023994));
#711=CARTESIAN_POINT('',(205.754046856,-279.562449678,27.283736612));
#712=CARTESIAN_POINT('',(205.970537663,-279.342744828,27.707161847));
#713=CARTESIAN_POINT('',(206.203225991,-279.116789371,28.115891324));
#714=CARTESIAN_POINT('',(206.45199337,-278.887708664,28.511845648));
#715=CARTESIAN_POINT('',(206.949528126,-278.429547252,29.303754297));
#716=CARTESIAN_POINT('',(207.51081494,-277.959187081,30.045123943));
#717=CARTESIAN_POINT('',(208.142185189,-277.494341743,30.742077448));
#718=CARTESIAN_POINT('',(208.457870313,-277.261919074,31.090554201));
#719=CARTESIAN_POINT('',(208.792454909,-277.030084576,31.428678604));
#720=CARTESIAN_POINT('',(209.139853075,-276.805441097,31.749774839));
#721=CARTESIAN_POINT('',(209.48725124,-276.580797618,32.070871073));
#722=CARTESIAN_POINT('',(209.84858366,-276.36241355,32.376356181));
#723=CARTESIAN_POINT('',(210.224469787,-276.15181932,32.66645211));
#724=CARTESIAN_POINT('',(210.976242041,-275.730630858,33.246643968));
#725=CARTESIAN_POINT('',(211.785674628,-275.340351578,33.765899545));
#726=CARTESIAN_POINT('',(212.663271634,-274.994290745,34.218734715));
#727=CARTESIAN_POINT('',(212.882670885,-274.907775537,34.331943507));
#728=CARTESIAN_POINT('',(213.106376024,-274.824042794,34.440948698));
#729=CARTESIAN_POINT('',(213.334653436,-274.743352494,34.545554482));
#730=CARTESIAN_POINT('',(213.562930848,-274.662662194,34.650160266));
#731=CARTESIAN_POINT('',(213.795695265,-274.58508899,34.750266016));
#732=CARTESIAN_POINT('',(214.029939473,-274.511826245,34.844472955));
#733=CARTESIAN_POINT('',(214.498427887,-274.365300755,35.032886832));
#734=CARTESIAN_POINT('',(214.97594878,-274.234856818,35.199231238));
#735=CARTESIAN_POINT('',(215.462780052,-274.121457058,35.343195076));
#736=CARTESIAN_POINT('',(216.436442596,-273.894657537,35.631122752));
#737=CARTESIAN_POINT('',(217.447021185,-273.73552579,35.830378864));
#738=CARTESIAN_POINT('',(218.5,-273.656329325,35.929532322));
#739=B_SPLINE_CURVE_WITH_KNOTS('',3,(#645,#646,#647,#648,#649,#650,#651,#652,#653,#654,#655,#656,#657,#658,#659,#660,#661,#662,#663,#664,#665,#666,#667,#668,#669,#670,
#671,#672,#673,#674,#675,#676,#677,#678,#679,#680,#681,#682,#683,#684,#685,#686,#687,#688,#689,#690,#691,#692,#693,#694,#695,
#696,#697,#698,#699,#700,#701,#702,#703,#704,#705,#706,#707,#708,#709,#710,#711,#712,#713,#714,#715,#716,#717,#718,#719,#720,
#721,#722,#723,#724,#725,#726,#727,#728,#729,#730,#731,#732,#733,#734,#735,#736,#737,#738),.UNSPECIFIED.,.F.,.F.,(4,3,3,3,3,3,3,3,3,3,3,3,3,3,3,3,3,3,3,3,3,3,3,3,3,3,
3,3,3,3,3,4),(0.,0.003122676,0.004684013,0.005464682,0.006245351,0.009368027,0.010148696,0.010929365,0.012490702,0.01405204,0.015613378,0.018736054,0.020297391,0.021858729,0.023420067,0.024200736,0.024981405,0.026542743,0.027323412,0.02810408,0.031226756,0.032007425,0.032788094,0.034349432,0.037472107,0.039033445,
0.040594783,0.043717458,0.044498127,0.045278796,0.046840134,0.04996281),.UNSPECIFIED.);
#740=EDGE_CURVE('',#636,#644,#739,.T.);
#741=ORIENTED_EDGE('',*,*,#740,.T.);
#742=CARTESIAN_POINT('',(218.5,-256.6,35.929532322));
#743=VERTEX_POINT('',#742);
#744=CARTESIAN_POINT('',(218.5,-273.656329325,35.929532322));
#745=DIRECTION('',(-0.,1.,-0.));
#746=VECTOR('',#745,17.056329325);
#747=LINE('',#744,#746);
#748=EDGE_CURVE('',#644,#743,#747,.T.);
#749=ORIENTED_EDGE('',*,*,#748,.T.);
#750=CARTESIAN_POINT('',(221.5,-256.6,35.929532322));
#751=VERTEX_POINT('',#750);
#752=CARTESIAN_POINT('',(220.,-256.6,20.));
#753=DIRECTION('',(-0.,-1.,-0.));
#754=DIRECTION('',(-1.,0.,0.));
#755=AXIS2_PLACEMENT_3D('',#752,#753,#754);
#756=CIRCLE('',#755,16.);
#757=EDGE_CURVE('',#751,#743,#756,.T.);
#758=ORIENTED_EDGE('',*,*,#757,.F.);
#759=CARTESIAN_POINT('',(221.5,-273.656329325,35.929532322));
#760=VERTEX_POINT('',#759);
#761=CARTESIAN_POINT('',(221.5,-273.656329325,35.929532322));
#762=DIRECTION('',(-0.,1.,-0.));
#763=VECTOR('',#762,17.056329325);
#764=LINE('',#761,#763);
#765=EDGE_CURVE('',#760,#751,#764,.T.);
#766=ORIENTED_EDGE('',*,*,#765,.F.);
#767=CARTESIAN_POINT('',(221.5,-273.656329325,4.070467678));
#768=VERTEX_POINT('',#767);
#769=CARTESIAN_POINT('',(221.5,-273.656329325,35.929532322));
#770=CARTESIAN_POINT('',(222.551377715,-273.735405368,35.830529631));
#771=CARTESIAN_POINT('',(223.56245207,-273.894355737,35.63150751));
#772=CARTESIAN_POINT('',(224.538061532,-274.121653111,35.342946182));
#773=CARTESIAN_POINT('',(225.025866262,-274.235301798,35.198665518));
#774=CARTESIAN_POINT('',(225.504729909,-274.366158802,35.03179316));
#775=CARTESIAN_POINT('',(225.974876987,-274.513333319,34.842534992));
#776=CARTESIAN_POINT('',(226.209950527,-274.586920578,34.747905908));
#777=CARTESIAN_POINT('',(226.441992528,-274.664348048,34.647980146));
#778=CARTESIAN_POINT('',(226.669392543,-274.744783133,34.543699774));
#779=CARTESIAN_POINT('',(226.896792558,-274.825218218,34.439419401));
#780=CARTESIAN_POINT('',(227.120101542,-274.908831186,34.330566626));
#781=CARTESIAN_POINT('',(227.339513742,-274.995389334,34.217297143));
#782=CARTESIAN_POINT('',(228.217162539,-275.341621924,33.764219208));
#783=CARTESIAN_POINT('',(229.033037411,-275.734754042,33.241283583));
#784=CARTESIAN_POINT('',(229.794510181,-276.162466622,32.65178131));
#785=CARTESIAN_POINT('',(229.984878373,-276.269394767,32.504405742));
#786=CARTESIAN_POINT('',(230.171689169,-276.37844436,32.352883183));
#787=CARTESIAN_POINT('',(230.35366996,-276.488555924,32.198422781));
#788=CARTESIAN_POINT('',(230.535650751,-276.598667488,32.04396238));
#789=CARTESIAN_POINT('',(230.71320094,-276.710062341,31.886264646));
#790=CARTESIAN_POINT('',(230.886508295,-276.822516961,31.725354457));
#791=CARTESIAN_POINT('',(231.233123005,-277.0474262,31.403534079));
#792=CARTESIAN_POINT('',(231.562806667,-277.276592557,31.068913059));
#793=CARTESIAN_POINT('',(231.876626063,-277.50820851,30.721275734));
#794=CARTESIAN_POINT('',(232.190445459,-277.739824463,30.373638409));
#795=CARTESIAN_POINT('',(232.488398758,-277.973908128,30.012995121));
#796=CARTESIAN_POINT('',(232.771034761,-278.208422072,29.638499423));
#797=CARTESIAN_POINT('',(233.053670765,-278.442936015,29.264003725));
#798=CARTESIAN_POINT('',(233.321883229,-278.678768969,28.874125705));
#799=CARTESIAN_POINT('',(233.571777217,-278.909633661,28.473893035));
#800=CARTESIAN_POINT('',(234.071565193,-279.371363046,27.673427695));
#801=CARTESIAN_POINT('',(234.50058858,-279.815241177,26.831297607));
#802=CARTESIAN_POINT('',(234.858953202,-280.213009683,25.933928694));
#803=CARTESIAN_POINT('',(235.038135512,-280.411893936,25.485244238));
#804=CARTESIAN_POINT('',(235.199484191,-280.599048134,25.022573455));
#805=CARTESIAN_POINT('',(235.341600005,-280.768970841,24.542610404));
#806=CARTESIAN_POINT('',(235.483715819,-280.938893548,24.062647353));
#807=CARTESIAN_POINT('',(235.604440405,-281.088952219,23.572134666));
#808=CARTESIAN_POINT('',(235.702128632,-281.212782539,23.072971923));
#809=CARTESIAN_POINT('',(235.799816858,-281.336612858,22.57380918));
#810=CARTESIAN_POINT('',(235.874788815,-281.434555685,22.064970519));
#811=CARTESIAN_POINT('',(235.925240881,-281.50096273,21.544895746));
#812=CARTESIAN_POINT('',(235.950466914,-281.534166252,21.28485836));
#813=CARTESIAN_POINT('',(235.969583866,-281.559534099,21.020718635));
#814=CARTESIAN_POINT('',(235.982061956,-281.576119776,20.757426991));
#815=CARTESIAN_POINT('',(235.994540045,-281.592705453,20.494135348));
#816=CARTESIAN_POINT('',(236.000460644,-281.600614189,20.231703765));
#817=CARTESIAN_POINT('',(235.999972095,-281.599962794,19.970117779));
#818=CARTESIAN_POINT('',(235.998994997,-281.598660003,19.446945807));
#819=CARTESIAN_POINT('',(235.972429685,-281.563025722,18.927159607));
#820=CARTESIAN_POINT('',(235.920860446,-281.495199189,18.410596759));
#821=CARTESIAN_POINT('',(235.895075826,-281.461285923,18.152315334));
#822=CARTESIAN_POINT('',(235.86302795,-281.41934839,17.894838844));
#823=CARTESIAN_POINT('',(235.824715822,-281.369776406,17.638142856));
#824=CARTESIAN_POINT('',(235.786403693,-281.320204421,17.381446869));
#825=CARTESIAN_POINT('',(235.741879675,-281.263076208,17.126256622));
#826=CARTESIAN_POINT('',(235.692030856,-281.199993241,16.875873302));
#827=CARTESIAN_POINT('',(235.492635577,-280.947661374,15.874340021));
#828=CARTESIAN_POINT('',(235.207198275,-280.598708782,14.931992358));
#829=CARTESIAN_POINT('',(234.844797029,-280.197313659,14.030745343));
#830=CARTESIAN_POINT('',(234.754196718,-280.096964878,13.805433589));
#831=CARTESIAN_POINT('',(234.658467773,-279.992993969,13.582252679));
#832=CARTESIAN_POINT('',(234.558426191,-279.886786414,13.36281484));
#833=CARTESIAN_POINT('',(234.458384609,-279.780578859,13.143377001));
#834=CARTESIAN_POINT('',(234.354198547,-279.672302104,12.927976006));
#835=CARTESIAN_POINT('',(234.245953144,-279.562449678,12.716263388));
#836=CARTESIAN_POINT('',(234.029462337,-279.342744828,12.292838153));
#837=CARTESIAN_POINT('',(233.796774009,-279.116789371,11.884108676));
#838=CARTESIAN_POINT('',(233.54800663,-278.887708664,11.488154352));
#839=CARTESIAN_POINT('',(233.050471874,-278.429547252,10.696245703));
#840=CARTESIAN_POINT('',(232.48918506,-277.959187081,9.954876057));
#841=CARTESIAN_POINT('',(231.857814811,-277.494341743,9.257922552));
#842=CARTESIAN_POINT('',(231.542129687,-277.261919074,8.909445799));
#843=CARTESIAN_POINT('',(231.207545091,-277.030084576,8.571321396));
#844=CARTESIAN_POINT('',(230.860146925,-276.805441097,8.250225161));
#845=CARTESIAN_POINT('',(230.51274876,-276.580797618,7.929128927));
#846=CARTESIAN_POINT('',(230.15141634,-276.36241355,7.623643819));
#847=CARTESIAN_POINT('',(229.775530213,-276.15181932,7.33354789));
#848=CARTESIAN_POINT('',(229.023757959,-275.730630858,6.753356032));
#849=CARTESIAN_POINT('',(228.214325372,-275.340351578,6.234100455));
#850=CARTESIAN_POINT('',(227.336728366,-274.994290745,5.781265285));
#851=CARTESIAN_POINT('',(227.117329115,-274.907775537,5.668056493));
#852=CARTESIAN_POINT('',(226.893623976,-274.824042794,5.559051302));
#853=CARTESIAN_POINT('',(226.665346564,-274.743352494,5.454445518));
#854=CARTESIAN_POINT('',(226.437069152,-274.662662194,5.349839734));
#855=CARTESIAN_POINT('',(226.204304735,-274.58508899,5.249733984));
#856=CARTESIAN_POINT('',(225.970060527,-274.511826245,5.155527045));
#857=CARTESIAN_POINT('',(225.501572113,-274.365300755,4.967113168));
#858=CARTESIAN_POINT('',(225.02405122,-274.234856818,4.800768762));
#859=CARTESIAN_POINT('',(224.537219948,-274.121457058,4.656804924));
#860=CARTESIAN_POINT('',(223.563557404,-273.894657537,4.368877248));
#861=CARTESIAN_POINT('',(222.552978815,-273.73552579,4.169621136));
#862=CARTESIAN_POINT('',(221.5,-273.656329325,4.070467678));
#863=B_SPLINE_CURVE_WITH_KNOTS('',3,(#769,#770,#771,#772,#773,#774,#775,#776,#777,#778,#779,#780,#781,#782,#783,#784,#785,#786,#787,#788,#789,#790,#791,#792,#793,#794,
#795,#796,#797,#798,#799,#800,#801,#802,#803,#804,#805,#806,#807,#808,#809,#810,#811,#812,#813,#814,#815,#816,#817,#818,#819,
#820,#821,#822,#823,#824,#825,#826,#827,#828,#829,#830,#831,#832,#833,#834,#835,#836,#837,#838,#839,#840,#841,#842,#843,#844,
#845,#846,#847,#848,#849,#850,#851,#852,#853,#854,#855,#856,#857,#858,#859,#860,#861,#862),.UNSPECIFIED.,.F.,.F.,(4,3,3,3,3,3,3,3,3,3,3,3,3,3,3,3,3,3,3,3,3,3,3,3,3,3,
3,3,3,3,3,4),(0.,0.003122676,0.004684013,0.005464682,0.006245351,0.009368027,0.010148696,0.010929365,0.012490702,0.01405204,0.015613378,0.018736054,0.020297391,0.021858729,0.023420067,0.024200736,0.024981405,0.026542743,0.027323412,0.02810408,0.031226756,0.032007425,0.032788094,0.034349432,0.037472107,0.039033445,
0.040594783,0.043717458,0.044498127,0.045278796,0.046840134,0.04996281),.UNSPECIFIED.);
#864=EDGE_CURVE('',#760,#768,#863,.T.);
#865=ORIENTED_EDGE('',*,*,#864,.T.);
#866=CARTESIAN_POINT('',(221.5,-256.6,4.070467678));
#867=VERTEX_POINT('',#866);
#868=CARTESIAN_POINT('',(221.5,-256.6,4.070467678));
#869=DIRECTION('',(0.,-1.,0.));
#870=VECTOR('',#869,17.056329325);
#871=LINE('',#868,#870);
#872=EDGE_CURVE('',#867,#768,#871,.T.);
#873=ORIENTED_EDGE('',*,*,#872,.F.);
#874=CARTESIAN_POINT('',(220.,-256.6,20.));
#875=DIRECTION('',(-0.,-1.,-0.));
#876=DIRECTION('',(-1.,0.,0.));
#877=AXIS2_PLACEMENT_3D('',#874,#875,#876);
#878=CIRCLE('',#877,16.);
#879=EDGE_CURVE('',#609,#867,#878,.T.);
#880=ORIENTED_EDGE('',*,*,#879,.F.);
#881=EDGE_LOOP('',(#617,#624,#625,#634,#642,#741,#749,#758,#766,#865,#873,#880));
#882=FACE_BOUND('',#881,.T.);
#883=ADVANCED_FACE('',(#882),#607,.T.);
#884=CARTESIAN_POINT('',(-0.,-243.6,0.));
#885=DIRECTION('',(0.,-1.,0.));
#886=DIRECTION('',(1.,0.,0.));
#887=AXIS2_PLACEMENT_3D('',#884,#885,#886);
#888=PLANE('',#887);
#889=CARTESIAN_POINT('',(220.,-243.6,6.8));
#890=VERTEX_POINT('',#889);
#891=CARTESIAN_POINT('',(220.,-243.6,33.2));
#892=VERTEX_POINT('',#891);
#893=CARTESIAN_POINT('',(220.,-243.6,20.));
#894=DIRECTION('',(0.,-1.,0.));
#895=DIRECTION('',(0.,0.,-1.));
#896=AXIS2_PLACEMENT_3D('',#893,#894,#895);
#897=CIRCLE('',#896,13.2);
#898=EDGE_CURVE('',#890,#892,#897,.T.);
#899=ORIENTED_EDGE('',*,*,#898,.T.);
#900=CARTESIAN_POINT('',(220.,-243.6,20.));
#901=DIRECTION('',(0.,-1.,0.));
#902=DIRECTION('',(0.,0.,-1.));
#903=AXIS2_PLACEMENT_3D('',#900,#901,#902);
#904=CIRCLE('',#903,13.2);
#905=EDGE_CURVE('',#892,#890,#904,.T.);
#906=ORIENTED_EDGE('',*,*,#905,.T.);
#907=EDGE_LOOP('',(#899,#906));
#908=FACE_BOUND('',#907,.T.);
#909=ORIENTED_EDGE('',*,*,#623,.F.);
#910=EDGE_LOOP('',(#909));
#911=FACE_BOUND('',#910,.T.);
#912=ADVANCED_FACE('',(#908,#911),#888,.F.);
#913=CARTESIAN_POINT('',(220.,-293.6,43.));
#914=DIRECTION('',(0.,0.,-1.));
#915=DIRECTION('',(-1.,0.,0.));
#916=AXIS2_PLACEMENT_3D('',#913,#914,#915);
#917=CYLINDRICAL_SURFACE('',#916,20.);
#918=ORIENTED_EDGE('',*,*,#575,.T.);
#919=CARTESIAN_POINT('',(218.5,-273.656329325,35.929532322));
#920=DIRECTION('',(0.,0.,-1.));
#921=VECTOR('',#920,1.607870407);
#922=LINE('',#919,#921);
#923=EDGE_CURVE('',#644,#474,#922,.T.);
#924=ORIENTED_EDGE('',*,*,#923,.F.);
#925=ORIENTED_EDGE('',*,*,#740,.F.);
#926=CARTESIAN_POINT('',(218.5,-273.656329325,5.678338085));
#927=DIRECTION('',(0.,0.,-1.));
#928=VECTOR('',#927,1.607870407);
#929=LINE('',#926,#928);
#930=EDGE_CURVE('',#482,#636,#929,.T.);
#931=ORIENTED_EDGE('',*,*,#930,.F.);
#932=EDGE_LOOP('',(#918,#924,#925,#931));
#933=FACE_BOUND('',#932,.T.);
#934=ADVANCED_FACE('',(#933),#917,.F.);
#935=CARTESIAN_POINT('',(220.,-293.6,43.));
#936=DIRECTION('',(0.,0.,-1.));
#937=DIRECTION('',(-1.,0.,0.));
#938=AXIS2_PLACEMENT_3D('',#935,#936,#937);
#939=CYLINDRICAL_SURFACE('',#938,20.);
#940=ORIENTED_EDGE('',*,*,#454,.T.);
#941=CARTESIAN_POINT('',(221.5,-273.656329325,5.678338085));
#942=DIRECTION('',(0.,0.,-1.));
#943=VECTOR('',#942,1.607870407);
#944=LINE('',#941,#943);
#945=EDGE_CURVE('',#353,#768,#944,.T.);
#946=ORIENTED_EDGE('',*,*,#945,.T.);
#947=ORIENTED_EDGE('',*,*,#864,.F.);
#948=CARTESIAN_POINT('',(221.5,-273.656329325,35.929532322));
#949=DIRECTION('',(0.,0.,-1.));
#950=VECTOR('',#949,1.607870407);
#951=LINE('',#948,#950);
#952=EDGE_CURVE('',#760,#361,#951,.T.);
#953=ORIENTED_EDGE('',*,*,#952,.T.);
#954=EDGE_LOOP('',(#940,#946,#947,#953));
#955=FACE_BOUND('',#954,.T.);
#956=ADVANCED_FACE('',(#955),#939,.F.);
#957=CARTESIAN_POINT('',(221.5,-264.628164662,43.));
#958=DIRECTION('',(1.,0.,0.));
#959=DIRECTION('',(0.,0.,-1.));
#960=AXIS2_PLACEMENT_3D('',#957,#958,#959);
#961=PLANE('',#960);
#962=ORIENTED_EDGE('',*,*,#952,.F.);
#963=ORIENTED_EDGE('',*,*,#765,.T.);
#964=CARTESIAN_POINT('',(221.5,-256.6,35.929532322));
#965=DIRECTION('',(0.,0.,-1.));
#966=VECTOR('',#965,1.607870407);
#967=LINE('',#964,#966);
#968=EDGE_CURVE('',#751,#457,#967,.T.);
#969=ORIENTED_EDGE('',*,*,#968,.T.);
#970=ORIENTED_EDGE('',*,*,#462,.F.);
#971=EDGE_LOOP('',(#962,#963,#969,#970));
#972=FACE_BOUND('',#971,.T.);
#973=ADVANCED_FACE('',(#972),#961,.F.);
#974=CARTESIAN_POINT('',(221.5,-264.628164662,43.));
#975=DIRECTION('',(1.,0.,0.));
#976=DIRECTION('',(0.,0.,-1.));
#977=AXIS2_PLACEMENT_3D('',#974,#975,#976);
#978=PLANE('',#977);
#979=CARTESIAN_POINT('',(221.5,-256.6,5.678338085));
#980=DIRECTION('',(0.,0.,-1.));
#981=VECTOR('',#980,1.607870407);
#982=LINE('',#979,#981);
#983=EDGE_CURVE('',#344,#867,#982,.T.);
#984=ORIENTED_EDGE('',*,*,#983,.T.);
#985=ORIENTED_EDGE('',*,*,#872,.T.);
#986=ORIENTED_EDGE('',*,*,#945,.F.);
#987=ORIENTED_EDGE('',*,*,#358,.F.);
#988=EDGE_LOOP('',(#984,#985,#986,#987));
#989=FACE_BOUND('',#988,.T.);
#990=ADVANCED_FACE('',(#989),#978,.F.);
#991=CARTESIAN_POINT('',(220.75,-256.6,43.));
#992=DIRECTION('',(0.,1.,0.));
#993=DIRECTION('',(-1.,0.,0.));
#994=AXIS2_PLACEMENT_3D('',#991,#992,#993);
#995=PLANE('',#994);
#996=CARTESIAN_POINT('',(218.5,-256.6,5.678338085));
#997=DIRECTION('',(0.,0.,-1.));
#998=VECTOR('',#997,1.607870407);
#999=LINE('',#996,#998);
#1000=EDGE_CURVE('',#578,#627,#999,.T.);
#1001=ORIENTED_EDGE('',*,*,#1000,.T.);
#1002=ORIENTED_EDGE('',*,*,#633,.T.);
#1003=ORIENTED_EDGE('',*,*,#879,.T.);
#1004=ORIENTED_EDGE('',*,*,#983,.F.);
#1005=ORIENTED_EDGE('',*,*,#350,.F.);
#1006=ORIENTED_EDGE('',*,*,#590,.F.);
#1007=EDGE_LOOP('',(#1001,#1002,#1003,#1004,#1005,#1006));
#1008=FACE_BOUND('',#1007,.T.);
#1009=ADVANCED_FACE('',(#1008),#995,.F.);
#1010=CARTESIAN_POINT('',(220.75,-256.6,43.));
#1011=DIRECTION('',(0.,1.,0.));
#1012=DIRECTION('',(-1.,0.,0.));
#1013=AXIS2_PLACEMENT_3D('',#1010,#1011,#1012);
#1014=PLANE('',#1013);
#1015=ORIENTED_EDGE('',*,*,#968,.F.);
#1016=ORIENTED_EDGE('',*,*,#757,.T.);
#1017=CARTESIAN_POINT('',(218.5,-256.6,35.929532322));
#1018=DIRECTION('',(0.,0.,-1.));
#1019=VECTOR('',#1018,1.607870407);
#1020=LINE('',#1017,#1019);
#1021=EDGE_CURVE('',#743,#465,#1020,.T.);
#1022=ORIENTED_EDGE('',*,*,#1021,.T.);
#1023=ORIENTED_EDGE('',*,*,#471,.F.);
#1024=EDGE_LOOP('',(#1015,#1016,#1022,#1023));
#1025=FACE_BOUND('',#1024,.T.);
#1026=ADVANCED_FACE('',(#1025),#1014,.F.);
#1027=CARTESIAN_POINT('',(218.5,-264.628164662,43.));
#1028=DIRECTION('',(1.,0.,0.));
#1029=DIRECTION('',(0.,0.,-1.));
#1030=AXIS2_PLACEMENT_3D('',#1027,#1028,#1029);
#1031=PLANE('',#1030);
#1032=ORIENTED_EDGE('',*,*,#479,.T.);
#1033=ORIENTED_EDGE('',*,*,#1021,.F.);
#1034=ORIENTED_EDGE('',*,*,#748,.F.);
#1035=ORIENTED_EDGE('',*,*,#923,.T.);
#1036=EDGE_LOOP('',(#1032,#1033,#1034,#1035));
#1037=FACE_BOUND('',#1036,.T.);
#1038=ADVANCED_FACE('',(#1037),#1031,.T.);
#1039=CARTESIAN_POINT('',(218.5,-264.628164662,43.));
#1040=DIRECTION('',(1.,0.,0.));
#1041=DIRECTION('',(0.,0.,-1.));
#1042=AXIS2_PLACEMENT_3D('',#1039,#1040,#1041);
#1043=PLANE('',#1042);
#1044=ORIENTED_EDGE('',*,*,#583,.T.);
#1045=ORIENTED_EDGE('',*,*,#930,.T.);
#1046=ORIENTED_EDGE('',*,*,#641,.F.);
#1047=ORIENTED_EDGE('',*,*,#1000,.F.);
#1048=EDGE_LOOP('',(#1044,#1045,#1046,#1047));
#1049=FACE_BOUND('',#1048,.T.);
#1050=ADVANCED_FACE('',(#1049),#1043,.T.);
#1051=CARTESIAN_POINT('',(0.,-245.6,0.));
#1052=DIRECTION('',(0.,-1.,0.));
#1053=DIRECTION('',(1.,0.,0.));
#1054=AXIS2_PLACEMENT_3D('',#1051,#1052,#1053);
#1055=PLANE('',#1054);
#1056=CARTESIAN_POINT('',(220.,-245.6,30.2));
#1057=VERTEX_POINT('',#1056);
#1058=CARTESIAN_POINT('',(220.,-245.6,9.8));
#1059=VERTEX_POINT('',#1058);
#1060=CARTESIAN_POINT('',(220.,-245.6,20.));
#1061=DIRECTION('',(0.,-1.,0.));
#1062=DIRECTION('',(0.,0.,-1.));
#1063=AXIS2_PLACEMENT_3D('',#1060,#1061,#1062);
#1064=CIRCLE('',#1063,10.2);
#1065=EDGE_CURVE('',#1057,#1059,#1064,.T.);
#1066=ORIENTED_EDGE('',*,*,#1065,.F.);
#1067=CARTESIAN_POINT('',(220.,-245.6,20.));
#1068=DIRECTION('',(0.,-1.,0.));
#1069=DIRECTION('',(0.,0.,-1.));
#1070=AXIS2_PLACEMENT_3D('',#1067,#1068,#1069);
#1071=CIRCLE('',#1070,10.2);
#1072=EDGE_CURVE('',#1059,#1057,#1071,.T.);
#1073=ORIENTED_EDGE('',*,*,#1072,.F.);
#1074=EDGE_LOOP('',(#1066,#1073));
#1075=FACE_BOUND('',#1074,.T.);
#1076=ORIENTED_EDGE('',*,*,#598,.F.);
#1077=EDGE_LOOP('',(#1076));
#1078=FACE_BOUND('',#1077,.T.);
#1079=ADVANCED_FACE('',(#1075,#1078),#1055,.T.);
#1080=CARTESIAN_POINT('',(220.,-262.6,20.));
#1081=DIRECTION('',(0.,1.,0.));
#1082=DIRECTION('',(0.,-0.,1.));
#1083=AXIS2_PLACEMENT_3D('',#1080,#1081,#1082);
#1084=CYLINDRICAL_SURFACE('',#1083,10.2);
#1085=CARTESIAN_POINT('',(220.,-241.6,30.2));
#1086=VERTEX_POINT('',#1085);
#1087=CARTESIAN_POINT('',(220.,-241.6,30.2));
#1088=DIRECTION('',(-0.,-1.,-0.));
#1089=VECTOR('',#1088,4.);
#1090=LINE('',#1087,#1089);
#1091=EDGE_CURVE('',#1086,#1057,#1090,.T.);
#1092=ORIENTED_EDGE('',*,*,#1091,.F.);
#1093=CARTESIAN_POINT('',(220.,-241.6,9.8));
#1094=VERTEX_POINT('',#1093);
#1095=CARTESIAN_POINT('',(220.,-241.6,20.));
#1096=DIRECTION('',(0.,-1.,0.));
#1097=DIRECTION('',(0.,0.,-1.));
#1098=AXIS2_PLACEMENT_3D('',#1095,#1096,#1097);
#1099=CIRCLE('',#1098,10.2);
#1100=EDGE_CURVE('',#1094,#1086,#1099,.T.);
#1101=ORIENTED_EDGE('',*,*,#1100,.F.);
#1102=CARTESIAN_POINT('',(220.,-241.6,20.));
#1103=DIRECTION('',(0.,-1.,0.));
#1104=DIRECTION('',(0.,0.,-1.));
#1105=AXIS2_PLACEMENT_3D('',#1102,#1103,#1104);
#1106=CIRCLE('',#1105,10.2);
#1107=EDGE_CURVE('',#1086,#1094,#1106,.T.);
#1108=ORIENTED_EDGE('',*,*,#1107,.F.);
#1109=ORIENTED_EDGE('',*,*,#1091,.T.);
#1110=ORIENTED_EDGE('',*,*,#1065,.T.);
#1111=ORIENTED_EDGE('',*,*,#1072,.T.);
#1112=EDGE_LOOP('',(#1092,#1101,#1108,#1109,#1110,#1111));
#1113=FACE_BOUND('',#1112,.T.);
#1114=ADVANCED_FACE('',(#1113),#1084,.F.);
#1115=CARTESIAN_POINT('',(220.,-235.,20.));
#1116=DIRECTION('',(0.,1.,0.));
#1117=DIRECTION('',(0.,-0.,1.));
#1118=AXIS2_PLACEMENT_3D('',#1115,#1116,#1117);
#1119=CYLINDRICAL_SURFACE('',#1118,11.2);
#1120=CARTESIAN_POINT('',(220.,-216.,31.2));
#1121=VERTEX_POINT('',#1120);
#1122=CARTESIAN_POINT('',(220.,-241.6,31.2));
#1123=VERTEX_POINT('',#1122);
#1124=CARTESIAN_POINT('',(220.,-216.,31.2));
#1125=DIRECTION('',(-0.,-1.,-0.));
#1126=VECTOR('',#1125,25.6);
#1127=LINE('',#1124,#1126);
#1128=EDGE_CURVE('',#1121,#1123,#1127,.T.);
#1129=ORIENTED_EDGE('',*,*,#1128,.F.);
#1130=CARTESIAN_POINT('',(220.,-216.,8.8));
#1131=VERTEX_POINT('',#1130);
#1132=CARTESIAN_POINT('',(220.,-216.,20.));
#1133=DIRECTION('',(0.,-1.,0.));
#1134=DIRECTION('',(0.,0.,-1.));
#1135=AXIS2_PLACEMENT_3D('',#1132,#1133,#1134);
#1136=CIRCLE('',#1135,11.2);
#1137=EDGE_CURVE('',#1131,#1121,#1136,.T.);
#1138=ORIENTED_EDGE('',*,*,#1137,.F.);
#1139=CARTESIAN_POINT('',(220.,-216.,20.));
#1140=DIRECTION('',(0.,-1.,0.));
#1141=DIRECTION('',(0.,0.,-1.));
#1142=AXIS2_PLACEMENT_3D('',#1139,#1140,#1141);
#1143=CIRCLE('',#1142,11.2);
#1144=EDGE_CURVE('',#1121,#1131,#1143,.T.);
#1145=ORIENTED_EDGE('',*,*,#1144,.F.);
#1146=ORIENTED_EDGE('',*,*,#1128,.T.);
#1147=CARTESIAN_POINT('',(220.,-241.6,8.8));
#1148=VERTEX_POINT('',#1147);
#1149=CARTESIAN_POINT('',(220.,-241.6,20.));
#1150=DIRECTION('',(0.,-1.,0.));
#1151=DIRECTION('',(0.,0.,-1.));
#1152=AXIS2_PLACEMENT_3D('',#1149,#1150,#1151);
#1153=CIRCLE('',#1152,11.2);
#1154=EDGE_CURVE('',#1123,#1148,#1153,.T.);
#1155=ORIENTED_EDGE('',*,*,#1154,.T.);
#1156=CARTESIAN_POINT('',(220.,-241.6,20.));
#1157=DIRECTION('',(0.,-1.,0.));
#1158=DIRECTION('',(0.,0.,-1.));
#1159=AXIS2_PLACEMENT_3D('',#1156,#1157,#1158);
#1160=CIRCLE('',#1159,11.2);
#1161=EDGE_CURVE('',#1148,#1123,#1160,.T.);
#1162=ORIENTED_EDGE('',*,*,#1161,.T.);
#1163=EDGE_LOOP('',(#1129,#1138,#1145,#1146,#1155,#1162));
#1164=FACE_BOUND('',#1163,.T.);
#1165=ADVANCED_FACE('',(#1164),#1119,.F.);
#1166=CARTESIAN_POINT('',(220.,-235.,20.));
#1167=DIRECTION('',(0.,1.,0.));
#1168=DIRECTION('',(0.,-0.,1.));
#1169=AXIS2_PLACEMENT_3D('',#1166,#1167,#1168);
#1170=CYLINDRICAL_SURFACE('',#1169,13.2);
#1171=CARTESIAN_POINT('',(220.,-216.,33.2));
#1172=VERTEX_POINT('',#1171);
#1173=CARTESIAN_POINT('',(220.,-216.,33.2));
#1174=DIRECTION('',(-0.,-1.,-0.));
#1175=VECTOR('',#1174,27.6);
#1176=LINE('',#1173,#1175);
#1177=EDGE_CURVE('',#1172,#892,#1176,.T.);
#1178=ORIENTED_EDGE('',*,*,#1177,.T.);
#1179=ORIENTED_EDGE('',*,*,#898,.F.);
#1180=ORIENTED_EDGE('',*,*,#905,.F.);
#1181=ORIENTED_EDGE('',*,*,#1177,.F.);
#1182=CARTESIAN_POINT('',(220.,-216.,6.8));
#1183=VERTEX_POINT('',#1182);
#1184=CARTESIAN_POINT('',(220.,-216.,20.));
#1185=DIRECTION('',(0.,-1.,0.));
#1186=DIRECTION('',(0.,0.,-1.));
#1187=AXIS2_PLACEMENT_3D('',#1184,#1185,#1186);
#1188=CIRCLE('',#1187,13.2);
#1189=EDGE_CURVE('',#1172,#1183,#1188,.T.);
#1190=ORIENTED_EDGE('',*,*,#1189,.T.);
#1191=CARTESIAN_POINT('',(220.,-216.,20.));
#1192=DIRECTION('',(0.,-1.,0.));
#1193=DIRECTION('',(0.,0.,-1.));
#1194=AXIS2_PLACEMENT_3D('',#1191,#1192,#1193);
#1195=CIRCLE('',#1194,13.2);
#1196=EDGE_CURVE('',#1183,#1172,#1195,.T.);
#1197=ORIENTED_EDGE('',*,*,#1196,.T.);
#1198=EDGE_LOOP('',(#1178,#1179,#1180,#1181,#1190,#1197));
#1199=FACE_BOUND('',#1198,.T.);
#1200=ADVANCED_FACE('',(#1199),#1170,.T.);
#1201=CARTESIAN_POINT('',(0.,-216.,0.));
#1202=DIRECTION('',(0.,-1.,0.));
#1203=DIRECTION('',(1.,0.,0.));
#1204=AXIS2_PLACEMENT_3D('',#1201,#1202,#1203);
#1205=PLANE('',#1204);
#1206=ORIENTED_EDGE('',*,*,#1137,.T.);
#1207=ORIENTED_EDGE('',*,*,#1144,.T.);
#1208=EDGE_LOOP('',(#1206,#1207));
#1209=FACE_BOUND('',#1208,.T.);
#1210=ORIENTED_EDGE('',*,*,#1189,.F.);
#1211=ORIENTED_EDGE('',*,*,#1196,.F.);
#1212=EDGE_LOOP('',(#1210,#1211));
#1213=FACE_BOUND('',#1212,.T.);
#1214=ADVANCED_FACE('',(#1209,#1213),#1205,.F.);
#1215=CARTESIAN_POINT('',(0.,-241.6,0.));
#1216=DIRECTION('',(0.,-1.,0.));
#1217=DIRECTION('',(1.,0.,0.));
#1218=AXIS2_PLACEMENT_3D('',#1215,#1216,#1217);
#1219=PLANE('',#1218);
#1220=ORIENTED_EDGE('',*,*,#1154,.F.);
#1221=ORIENTED_EDGE('',*,*,#1161,.F.);
#1222=EDGE_LOOP('',(#1220,#1221));
#1223=FACE_BOUND('',#1222,.T.);
#1224=ORIENTED_EDGE('',*,*,#1100,.T.);
#1225=ORIENTED_EDGE('',*,*,#1107,.T.);
#1226=EDGE_LOOP('',(#1224,#1225));
#1227=FACE_BOUND('',#1226,.T.);
#1228=ADVANCED_FACE('',(#1223,#1227),#1219,.F.);
#1229=CLOSED_SHELL('',(#602,#883,#912,#934,#956,#973,#990,#1009,#1026,#1038,#1050,#1079,#1114,#1165,#1200,#1214,#1228));
#1230=MANIFOLD_SOLID_BREP('Body 04 (6)',#1229);
#327=STYLED_ITEM('',(#193),#1230);
#1232=CARTESIAN_POINT('',(220.,-55.6,20.));
#1233=DIRECTION('',(0.,-1.,0.));
#1234=DIRECTION('',(0.,0.,-1.));
#1235=AXIS2_PLACEMENT_3D('',#1232,#1233,#1234);
#1236=CYLINDRICAL_SURFACE('',#1235,14.4);
#1237=CARTESIAN_POINT('',(220.,-104.6,5.6));
#1238=VERTEX_POINT('',#1237);
#1239=CARTESIAN_POINT('',(220.,-94.6,5.6));
#1240=VERTEX_POINT('',#1239);
#1241=CARTESIAN_POINT('',(220.,-104.6,5.6));
#1242=DIRECTION('',(-0.,1.,-0.));
#1243=VECTOR('',#1242,10.);
#1244=LINE('',#1241,#1243);
#1245=EDGE_CURVE('',#1238,#1240,#1244,.T.);
#1246=ORIENTED_EDGE('',*,*,#1245,.F.);
#1247=CARTESIAN_POINT('',(221.5,-104.6,5.678338085));
#1248=VERTEX_POINT('',#1247);
#1249=CARTESIAN_POINT('',(220.,-104.6,20.));
#1250=DIRECTION('',(-0.,-1.,-0.));
#1251=DIRECTION('',(-1.,0.,0.));
#1252=AXIS2_PLACEMENT_3D('',#1249,#1250,#1251);
#1253=CIRCLE('',#1252,14.4);
#1254=EDGE_CURVE('',#1238,#1248,#1253,.T.);
#1255=ORIENTED_EDGE('',*,*,#1254,.T.);
#1256=CARTESIAN_POINT('',(221.5,-122.656329325,5.678338085));
#1257=VERTEX_POINT('',#1256);
#1258=CARTESIAN_POINT('',(221.5,-104.6,5.678338085));
#1259=DIRECTION('',(0.,-1.,0.));
#1260=VECTOR('',#1259,18.056329325);
#1261=LINE('',#1258,#1260);
#1262=EDGE_CURVE('',#1248,#1257,#1261,.T.);
#1263=ORIENTED_EDGE('',*,*,#1262,.T.);
#1264=CARTESIAN_POINT('',(221.5,-122.656329325,34.321661915));
#1265=VERTEX_POINT('',#1264);
#1266=CARTESIAN_POINT('',(221.5,-122.656329325,34.321661915));
#1267=CARTESIAN_POINT('',(222.42290113,-122.725742409,34.225000528));
#1268=CARTESIAN_POINT('',(223.311897888,-122.856580934,34.042671373));
#1269=CARTESIAN_POINT('',(224.170804751,-123.039724242,33.782756899));
#1270=CARTESIAN_POINT('',(224.600258182,-123.131295896,33.652799662));
#1271=CARTESIAN_POINT('',(225.022130894,-123.236020804,33.503278885));
#1272=CARTESIAN_POINT('',(225.436598168,-123.353093746,33.334294146));
#1273=CARTESIAN_POINT('',(225.643831805,-123.411630217,33.249801776));
#1274=CARTESIAN_POINT('',(225.849607335,-123.473397567,33.160226137));
#1275=CARTESIAN_POINT('',(226.051405012,-123.537458266,33.066770733));
#1276=CARTESIAN_POINT('',(226.25320269,-123.601518964,32.973315328));
#1277=CARTESIAN_POINT('',(226.451499238,-123.667993134,32.875809188));
#1278=CARTESIAN_POINT('',(226.646451625,-123.736684257,32.774375946));
#1279=CARTESIAN_POINT('',(227.426261171,-124.01144875,32.368642975));
#1280=CARTESIAN_POINT('',(228.153046688,-124.321554245,31.900767523));
#1281=CARTESIAN_POINT('',(228.832643041,-124.656075766,31.372968694));
#1282=CARTESIAN_POINT('',(229.172441217,-124.823336526,31.109069279));
#1283=CARTESIAN_POINT('',(229.501065232,-124.99721469,30.829204623));
#1284=CARTESIAN_POINT('',(229.813179673,-125.172966268,30.538572233));
#1285=CARTESIAN_POINT('',(230.125294114,-125.348717846,30.247939843));
#1286=CARTESIAN_POINT('',(230.422216585,-125.526941277,29.94564851));
#1287=CARTESIAN_POINT('',(230.704822102,-125.706013384,29.631551472));
#1288=CARTESIAN_POINT('',(231.270033136,-126.064157599,29.003357397));
#1289=CARTESIAN_POINT('',(231.77844397,-126.426072358,28.328549097));
#1290=CARTESIAN_POINT('',(232.231348349,-126.776153516,27.599612987));
#1291=CARTESIAN_POINT('',(232.457800539,-126.951194095,27.235144932));
#1292=CARTESIAN_POINT('',(232.668208537,-127.121618798,26.860135932));
#1293=CARTESIAN_POINT('',(232.861626966,-127.284042577,26.475998131));
#1294=CARTESIAN_POINT('',(233.055045395,-127.446466356,26.09186033));
#1295=CARTESIAN_POINT('',(233.231900511,-127.601225677,25.697924836));
#1296=CARTESIAN_POINT('',(233.391926917,-127.745495853,25.293041984));
#1297=CARTESIAN_POINT('',(233.551953324,-127.88976603,24.888159131));
#1298=CARTESIAN_POINT('',(233.695163922,-128.023562209,24.472339923));
#1299=CARTESIAN_POINT('',(233.820530801,-128.143412284,24.043875415));
#1300=CARTESIAN_POINT('',(233.883214241,-128.203337322,23.829643161));
#1301=CARTESIAN_POINT('',(233.941583001,-128.259922565,23.611566018));
#1302=CARTESIAN_POINT('',(233.994850635,-128.312097575,23.39177766));
#1303=CARTESIAN_POINT('',(234.04811827,-128.364272586,23.171989303));
#1304=CARTESIAN_POINT('',(234.096209398,-128.411957128,22.95095688));
#1305=CARTESIAN_POINT('',(234.139113408,-128.454842806,22.728639229));
#1306=CARTESIAN_POINT('',(234.224921428,-128.540614163,22.284003928));
#1307=CARTESIAN_POINT('',(234.290024532,-128.607175291,21.834231404));
#1308=CARTESIAN_POINT('',(234.333824204,-128.652187136,21.378942957));
#1309=CARTESIAN_POINT('',(234.377623876,-128.697198982,20.92365451));
#1310=CARTESIAN_POINT('',(234.400120934,-128.720644211,20.461514003));
#1311=CARTESIAN_POINT('',(234.399999509,-128.720518233,19.996241022));
#1312=CARTESIAN_POINT('',(234.39975666,-128.720266276,19.06569506));
#1313=CARTESIAN_POINT('',(234.310283021,-128.6259152,18.1565835));
#1314=CARTESIAN_POINT('',(234.138120618,-128.453850511,17.26622141));
#1315=CARTESIAN_POINT('',(234.052039417,-128.367818166,16.821040365));
#1316=CARTESIAN_POINT('',(233.944321576,-128.261731751,16.37861125));
#1317=CARTESIAN_POINT('',(233.819026717,-128.141974526,15.950987702));
#1318=CARTESIAN_POINT('',(233.693731858,-128.022217302,15.523364153));
#1319=CARTESIAN_POINT('',(233.550575761,-127.888496782,15.108042726));
#1320=CARTESIAN_POINT('',(233.39052184,-127.744229241,14.703404409));
#1321=CARTESIAN_POINT('',(233.230467919,-127.599961699,14.298766092));
#1322=CARTESIAN_POINT('',(233.053505361,-127.44513496,13.904819669));
#1323=CARTESIAN_POINT('',(232.859849247,-127.282549907,13.520472445));
#1324=CARTESIAN_POINT('',(232.76302119,-127.201257381,13.328298833));
#1325=CARTESIAN_POINT('',(232.662008891,-127.118016343,13.138532657));
#1326=CARTESIAN_POINT('',(232.556778644,-127.033134224,12.951077381));
#1327=CARTESIAN_POINT('',(232.451548397,-126.948252105,12.763622105));
#1328=CARTESIAN_POINT('',(232.341871873,-126.861555316,12.57813385));
#1329=CARTESIAN_POINT('',(232.228740804,-126.774138306,12.396191852));
#1330=CARTESIAN_POINT('',(231.776216527,-126.424470268,11.668423863));
#1331=CARTESIAN_POINT('',(231.267581,-126.062424805,10.99341667));
#1332=CARTESIAN_POINT('',(230.700999997,-125.703592125,10.364202209));
#1333=CARTESIAN_POINT('',(230.417709495,-125.524175785,10.049594978));
#1334=CARTESIAN_POINT('',(230.119814724,-125.345472632,9.746581574));
#1335=CARTESIAN_POINT('',(229.806345555,-125.169119734,9.455068191));
#1336=CARTESIAN_POINT('',(229.649610971,-125.080943285,9.3093115));
#1337=CARTESIAN_POINT('',(229.488939568,-124.993351869,9.166445988));
#1338=CARTESIAN_POINT('',(229.325747784,-124.907334054,9.02774279));
#1339=CARTESIAN_POINT('',(229.162556,-124.821316239,8.889039593));
#1340=CARTESIAN_POINT('',(228.996490023,-124.736667888,8.75416113));
#1341=CARTESIAN_POINT('',(228.827517536,-124.653553718,8.623052512));
#1342=CARTESIAN_POINT('',(228.151627587,-124.321097038,8.098618038));
#1343=CARTESIAN_POINT('',(227.429650548,-124.013095971,7.633875616));
#1344=CARTESIAN_POINT('',(226.656218364,-123.740128391,7.230710392));
#1345=CARTESIAN_POINT('',(226.269502271,-123.603644601,7.02912778));
#1346=CARTESIAN_POINT('',(225.869842227,-123.475930485,6.843063777));
#1347=CARTESIAN_POINT('',(225.455942849,-123.358568462,6.673609355));
#1348=CARTESIAN_POINT('',(225.24899316,-123.299887451,6.588882144));
#1349=CARTESIAN_POINT('',(225.037810633,-123.243643432,6.508096215));
#1350=CARTESIAN_POINT('',(224.825025658,-123.190746346,6.432423673));
#1351=CARTESIAN_POINT('',(224.612240682,-123.13784926,6.35675113));
#1352=CARTESIAN_POINT('',(224.397721937,-123.088235542,6.286097538));
#1353=CARTESIAN_POINT('',(224.181452373,-123.041997647,6.220469672));
#1354=CARTESIAN_POINT('',(223.31637412,-122.857046064,5.957958209));
#1355=CARTESIAN_POINT('',(222.423523413,-122.725789212,5.775064647));
#1356=CARTESIAN_POINT('',(221.5,-122.656329325,5.678338085));
#1357=B_SPLINE_CURVE_WITH_KNOTS('',3,(#1266,#1267,#1268,#1269,#1270,#1271,#1272,#1273,#1274,#1275,#1276,#1277,#1278,#1279,#1280,#1281,#1282,#1283,#1284,#1285,#1286,#1287,#1288,#1289,#1290,#1291,
#1292,#1293,#1294,#1295,#1296,#1297,#1298,#1299,#1300,#1301,#1302,#1303,#1304,#1305,#1306,#1307,#1308,#1309,#1310,#1311,#1312,#1313,#1314,#1315,#1316,
#1317,#1318,#1319,#1320,#1321,#1322,#1323,#1324,#1325,#1326,#1327,#1328,#1329,#1330,#1331,#1332,#1333,#1334,#1335,#1336,#1337,#1338,#1339,#1340,#1341,
#1342,#1343,#1344,#1345,#1346,#1347,#1348,#1349,#1350,#1351,#1352,#1353,#1354,#1355,#1356),.UNSPECIFIED.,.F.,.F.,(4,3,3,3,3,3,3,3,3,3,3,3,3,3,3,3,3,3,3,3,3,3,3,3,3,3,
3,3,3,3,4),(0.,0.002745029,0.004117543,0.0048038,0.005490057,0.008235086,0.0096076,0.010980114,0.013725143,0.015097657,0.016470172,0.017842686,0.018528943,0.0192152,0.020587715,0.021960229,0.024705257,0.026077772,0.027450286,0.0288228,0.029509058,0.030195315,0.032940343,0.034312858,0.034999115,0.035685372,
0.038430401,0.039802915,0.040489172,0.041175429,0.043920458),.UNSPECIFIED.);
#1358=EDGE_CURVE('',#1265,#1257,#1357,.T.);
#1359=ORIENTED_EDGE('',*,*,#1358,.F.);
#1360=CARTESIAN_POINT('',(221.5,-104.6,34.321661915));
#1361=VERTEX_POINT('',#1360);
#1362=CARTESIAN_POINT('',(221.5,-122.656329325,34.321661915));
#1363=DIRECTION('',(-0.,1.,-0.));
#1364=VECTOR('',#1363,18.056329325);
#1365=LINE('',#1362,#1364);
#1366=EDGE_CURVE('',#1265,#1361,#1365,.T.);
#1367=ORIENTED_EDGE('',*,*,#1366,.T.);
#1368=CARTESIAN_POINT('',(218.5,-104.6,34.321661915));
#1369=VERTEX_POINT('',#1368);
#1370=CARTESIAN_POINT('',(220.,-104.6,20.));
#1371=DIRECTION('',(-0.,-1.,-0.));
#1372=DIRECTION('',(-1.,0.,0.));
#1373=AXIS2_PLACEMENT_3D('',#1370,#1371,#1372);
#1374=CIRCLE('',#1373,14.4);
#1375=EDGE_CURVE('',#1361,#1369,#1374,.T.);
#1376=ORIENTED_EDGE('',*,*,#1375,.T.);
#1377=CARTESIAN_POINT('',(218.5,-122.656329325,34.321661915));
#1378=VERTEX_POINT('',#1377);
#1379=CARTESIAN_POINT('',(218.5,-122.656329325,34.321661915));
#1380=DIRECTION('',(-0.,1.,-0.));
#1381=VECTOR('',#1380,18.056329325);
#1382=LINE('',#1379,#1381);
#1383=EDGE_CURVE('',#1378,#1369,#1382,.T.);
#1384=ORIENTED_EDGE('',*,*,#1383,.F.);
#1385=CARTESIAN_POINT('',(218.5,-122.656329325,5.678338085));
#1386=VERTEX_POINT('',#1385);
#1387=CARTESIAN_POINT('',(218.5,-122.656329325,5.678338085));
#1388=CARTESIAN_POINT('',(217.57709887,-122.725742409,5.774999472));
#1389=CARTESIAN_POINT('',(216.688102112,-122.856580934,5.957328627));
#1390=CARTESIAN_POINT('',(215.829195249,-123.039724242,6.217243101));
#1391=CARTESIAN_POINT('',(215.399741818,-123.131295896,6.347200338));
#1392=CARTESIAN_POINT('',(214.977869106,-123.236020804,6.496721115));
#1393=CARTESIAN_POINT('',(214.563401832,-123.353093746,6.665705854));
#1394=CARTESIAN_POINT('',(214.356168195,-123.411630217,6.750198224));
#1395=CARTESIAN_POINT('',(214.150392665,-123.473397567,6.839773863));
#1396=CARTESIAN_POINT('',(213.948594988,-123.537458266,6.933229267));
#1397=CARTESIAN_POINT('',(213.74679731,-123.601518964,7.026684672));
#1398=CARTESIAN_POINT('',(213.548500762,-123.667993134,7.124190812));
#1399=CARTESIAN_POINT('',(213.353548375,-123.736684257,7.225624054));
#1400=CARTESIAN_POINT('',(212.573738829,-124.01144875,7.631357025));
#1401=CARTESIAN_POINT('',(211.846953312,-124.321554245,8.099232477));
#1402=CARTESIAN_POINT('',(211.167356959,-124.656075766,8.627031306));
#1403=CARTESIAN_POINT('',(210.827558783,-124.823336526,8.890930721));
#1404=CARTESIAN_POINT('',(210.498934768,-124.99721469,9.170795377));
#1405=CARTESIAN_POINT('',(210.186820327,-125.172966268,9.461427767));
#1406=CARTESIAN_POINT('',(209.874705886,-125.348717846,9.752060157));
#1407=CARTESIAN_POINT('',(209.577783415,-125.526941277,10.05435149));
#1408=CARTESIAN_POINT('',(209.295177898,-125.706013384,10.368448528));
#1409=CARTESIAN_POINT('',(208.729966864,-126.064157599,10.996642603));
#1410=CARTESIAN_POINT('',(208.22155603,-126.426072358,11.671450903));
#1411=CARTESIAN_POINT('',(207.768651651,-126.776153516,12.400387013));
#1412=CARTESIAN_POINT('',(207.542199461,-126.951194095,12.764855068));
#1413=CARTESIAN_POINT('',(207.331791463,-127.121618798,13.139864068));
#1414=CARTESIAN_POINT('',(207.138373034,-127.284042577,13.524001869));
#1415=CARTESIAN_POINT('',(206.944954605,-127.446466356,13.90813967));
#1416=CARTESIAN_POINT('',(206.768099489,-127.601225677,14.302075164));
#1417=CARTESIAN_POINT('',(206.608073083,-127.745495853,14.706958016));
#1418=CARTESIAN_POINT('',(206.448046676,-127.88976603,15.111840869));
#1419=CARTESIAN_POINT('',(206.304836078,-128.023562209,15.527660077));
#1420=CARTESIAN_POINT('',(206.179469199,-128.143412284,15.956124585));
#1421=CARTESIAN_POINT('',(206.116785759,-128.203337322,16.170356839));
#1422=CARTESIAN_POINT('',(206.058416999,-128.259922565,16.388433982));
#1423=CARTESIAN_POINT('',(206.005149365,-128.312097575,16.60822234));
#1424=CARTESIAN_POINT('',(205.95188173,-128.364272586,16.828010697));
#1425=CARTESIAN_POINT('',(205.903790602,-128.411957128,17.04904312));
#1426=CARTESIAN_POINT('',(205.860886592,-128.454842806,17.271360771));
#1427=CARTESIAN_POINT('',(205.775078572,-128.540614163,17.715996072));
#1428=CARTESIAN_POINT('',(205.709975468,-128.607175291,18.165768596));
#1429=CARTESIAN_POINT('',(205.666175796,-128.652187136,18.621057043));
#1430=CARTESIAN_POINT('',(205.622376124,-128.697198982,19.07634549));
#1431=CARTESIAN_POINT('',(205.599879066,-128.720644211,19.538485997));
#1432=CARTESIAN_POINT('',(205.600000491,-128.720518233,20.003758978));
#1433=CARTESIAN_POINT('',(205.60024334,-128.720266276,20.93430494));
#1434=CARTESIAN_POINT('',(205.689716979,-128.6259152,21.8434165));
#1435=CARTESIAN_POINT('',(205.861879382,-128.453850511,22.73377859));
#1436=CARTESIAN_POINT('',(205.947960583,-128.367818166,23.178959635));
#1437=CARTESIAN_POINT('',(206.055678424,-128.261731751,23.62138875));
#1438=CARTESIAN_POINT('',(206.180973283,-128.141974526,24.049012298));
#1439=CARTESIAN_POINT('',(206.306268142,-128.022217302,24.476635847));
#1440=CARTESIAN_POINT('',(206.449424239,-127.888496782,24.891957274));
#1441=CARTESIAN_POINT('',(206.60947816,-127.744229241,25.296595591));
#1442=CARTESIAN_POINT('',(206.769532081,-127.599961699,25.701233908));
#1443=CARTESIAN_POINT('',(206.946494639,-127.44513496,26.095180331));
#1444=CARTESIAN_POINT('',(207.140150753,-127.282549907,26.479527555));
#1445=CARTESIAN_POINT('',(207.23697881,-127.201257381,26.671701167));
#1446=CARTESIAN_POINT('',(207.337991109,-127.118016343,26.861467343));
#1447=CARTESIAN_POINT('',(207.443221356,-127.033134224,27.048922619));
#1448=CARTESIAN_POINT('',(207.548451603,-126.948252105,27.236377895));
#1449=CARTESIAN_POINT('',(207.658128127,-126.861555316,27.42186615));
#1450=CARTESIAN_POINT('',(207.771259196,-126.774138306,27.603808148));
#1451=CARTESIAN_POINT('',(208.223783473,-126.424470268,28.331576137));
#1452=CARTESIAN_POINT('',(208.732419,-126.062424805,29.00658333));
#1453=CARTESIAN_POINT('',(209.299000003,-125.703592125,29.635797791));
#1454=CARTESIAN_POINT('',(209.582290505,-125.524175785,29.950405022));
#1455=CARTESIAN_POINT('',(209.880185276,-125.345472632,30.253418426));
#1456=CARTESIAN_POINT('',(210.193654445,-125.169119734,30.544931809));
#1457=CARTESIAN_POINT('',(210.350389029,-125.080943285,30.6906885));
#1458=CARTESIAN_POINT('',(210.511060432,-124.993351869,30.833554012));
#1459=CARTESIAN_POINT('',(210.674252216,-124.907334054,30.97225721));
#1460=CARTESIAN_POINT('',(210.837444,-124.821316239,31.110960407));
#1461=CARTESIAN_POINT('',(211.003509977,-124.736667888,31.24583887));
#1462=CARTESIAN_POINT('',(211.172482464,-124.653553718,31.376947488));
#1463=CARTESIAN_POINT('',(211.848372413,-124.321097038,31.901381962));
#1464=CARTESIAN_POINT('',(212.570349452,-124.013095971,32.366124384));
#1465=CARTESIAN_POINT('',(213.343781636,-123.740128391,32.769289608));
#1466=CARTESIAN_POINT('',(213.730497729,-123.603644601,32.97087222));
#1467=CARTESIAN_POINT('',(214.130157773,-123.475930485,33.156936223));
#1468=CARTESIAN_POINT('',(214.544057151,-123.358568462,33.326390645));
#1469=CARTESIAN_POINT('',(214.75100684,-123.299887451,33.411117856));
#1470=CARTESIAN_POINT('',(214.962189367,-123.243643432,33.491903785));
#1471=CARTESIAN_POINT('',(215.174974342,-123.190746346,33.567576327));
#1472=CARTESIAN_POINT('',(215.387759318,-123.13784926,33.64324887));
#1473=CARTESIAN_POINT('',(215.602278063,-123.088235542,33.713902462));
#1474=CARTESIAN_POINT('',(215.818547627,-123.041997647,33.779530328));
#1475=CARTESIAN_POINT('',(216.68362588,-122.857046064,34.042041791));
#1476=CARTESIAN_POINT('',(217.576476587,-122.725789212,34.224935353));
#1477=CARTESIAN_POINT('',(218.5,-122.656329325,34.321661915));
#1478=B_SPLINE_CURVE_WITH_KNOTS('',3,(#1387,#1388,#1389,#1390,#1391,#1392,#1393,#1394,#1395,#1396,#1397,#1398,#1399,#1400,#1401,#1402,#1403,#1404,#1405,#1406,#1407,#1408,#1409,#1410,#1411,#1412,
#1413,#1414,#1415,#1416,#1417,#1418,#1419,#1420,#1421,#1422,#1423,#1424,#1425,#1426,#1427,#1428,#1429,#1430,#1431,#1432,#1433,#1434,#1435,#1436,#1437,
#1438,#1439,#1440,#1441,#1442,#1443,#1444,#1445,#1446,#1447,#1448,#1449,#1450,#1451,#1452,#1453,#1454,#1455,#1456,#1457,#1458,#1459,#1460,#1461,#1462,
#1463,#1464,#1465,#1466,#1467,#1468,#1469,#1470,#1471,#1472,#1473,#1474,#1475,#1476,#1477),.UNSPECIFIED.,.F.,.F.,(4,3,3,3,3,3,3,3,3,3,3,3,3,3,3,3,3,3,3,3,3,3,3,3,3,3,
3,3,3,3,4),(0.,0.002745029,0.004117543,0.0048038,0.005490057,0.008235086,0.0096076,0.010980114,0.013725143,0.015097657,0.016470172,0.017842686,0.018528943,0.0192152,0.020587715,0.021960229,0.024705257,0.026077772,0.027450286,0.0288228,0.029509058,0.030195315,0.032940343,0.034312858,0.034999115,0.035685372,
0.038430401,0.039802915,0.040489172,0.041175429,0.043920458),.UNSPECIFIED.);
#1479=EDGE_CURVE('',#1386,#1378,#1478,.T.);
#1480=ORIENTED_EDGE('',*,*,#1479,.F.);
#1481=CARTESIAN_POINT('',(218.5,-104.6,5.678338085));
#1482=VERTEX_POINT('',#1481);
#1483=CARTESIAN_POINT('',(218.5,-104.6,5.678338085));
#1484=DIRECTION('',(0.,-1.,0.));
#1485=VECTOR('',#1484,18.056329325);
#1486=LINE('',#1483,#1485);
#1487=EDGE_CURVE('',#1482,#1386,#1486,.T.);
#1488=ORIENTED_EDGE('',*,*,#1487,.F.);
#1489=CARTESIAN_POINT('',(220.,-104.6,20.));
#1490=DIRECTION('',(-0.,-1.,-0.));
#1491=DIRECTION('',(-1.,0.,0.));
#1492=AXIS2_PLACEMENT_3D('',#1489,#1490,#1491);
#1493=CIRCLE('',#1492,14.4);
#1494=EDGE_CURVE('',#1482,#1238,#1493,.T.);
#1495=ORIENTED_EDGE('',*,*,#1494,.T.);
#1496=ORIENTED_EDGE('',*,*,#1245,.T.);
#1497=CARTESIAN_POINT('',(220.,-94.6,20.));
#1498=DIRECTION('',(-0.,1.,-0.));
#1499=DIRECTION('',(0.,0.,-1.));
#1500=AXIS2_PLACEMENT_3D('',#1497,#1498,#1499);
#1501=CIRCLE('',#1500,14.4);
#1502=EDGE_CURVE('',#1240,#1240,#1501,.T.);
#1503=ORIENTED_EDGE('',*,*,#1502,.T.);
#1504=EDGE_LOOP('',(#1246,#1255,#1263,#1359,#1367,#1376,#1384,#1480,#1488,#1495,#1496,#1503));
#1505=FACE_BOUND('',#1504,.T.);
#1506=ADVANCED_FACE('',(#1505),#1236,.F.);
#1507=CARTESIAN_POINT('',(220.,-55.6,20.));
#1508=DIRECTION('',(0.,-1.,0.));
#1509=DIRECTION('',(0.,0.,-1.));
#1510=AXIS2_PLACEMENT_3D('',#1507,#1508,#1509);
#1511=CYLINDRICAL_SURFACE('',#1510,16.);
#1512=CARTESIAN_POINT('',(220.,-104.6,4.));
#1513=VERTEX_POINT('',#1512);
#1514=CARTESIAN_POINT('',(220.,-92.6,4.));
#1515=VERTEX_POINT('',#1514);
#1516=CARTESIAN_POINT('',(220.,-104.6,4.));
#1517=DIRECTION('',(-0.,1.,-0.));
#1518=VECTOR('',#1517,12.);
#1519=LINE('',#1516,#1518);
#1520=EDGE_CURVE('',#1513,#1515,#1519,.T.);
#1521=ORIENTED_EDGE('',*,*,#1520,.T.);
#1522=CARTESIAN_POINT('',(220.,-92.6,20.));
#1523=DIRECTION('',(0.,-1.,0.));
#1524=DIRECTION('',(0.,0.,-1.));
#1525=AXIS2_PLACEMENT_3D('',#1522,#1523,#1524);
#1526=CIRCLE('',#1525,16.);
#1527=EDGE_CURVE('',#1515,#1515,#1526,.T.);
#1528=ORIENTED_EDGE('',*,*,#1527,.T.);
#1529=ORIENTED_EDGE('',*,*,#1520,.F.);
#1530=CARTESIAN_POINT('',(218.5,-104.6,4.070467678));
#1531=VERTEX_POINT('',#1530);
#1532=CARTESIAN_POINT('',(220.,-104.6,20.));
#1533=DIRECTION('',(-0.,-1.,-0.));
#1534=DIRECTION('',(-1.,0.,0.));
#1535=AXIS2_PLACEMENT_3D('',#1532,#1533,#1534);
#1536=CIRCLE('',#1535,16.);
#1537=EDGE_CURVE('',#1531,#1513,#1536,.T.);
#1538=ORIENTED_EDGE('',*,*,#1537,.F.);
#1539=CARTESIAN_POINT('',(218.5,-122.656329325,4.070467678));
#1540=VERTEX_POINT('',#1539);
#1541=CARTESIAN_POINT('',(218.5,-104.6,4.070467678));
#1542=DIRECTION('',(0.,-1.,0.));
#1543=VECTOR('',#1542,18.056329325);
#1544=LINE('',#1541,#1543);
#1545=EDGE_CURVE('',#1531,#1540,#1544,.T.);
#1546=ORIENTED_EDGE('',*,*,#1545,.T.);
#1547=CARTESIAN_POINT('',(218.5,-122.656329325,35.929532322));
#1548=VERTEX_POINT('',#1547);
#1549=CARTESIAN_POINT('',(218.5,-122.656329325,4.070467678));
#1550=CARTESIAN_POINT('',(217.448622285,-122.735405368,4.169470369));
#1551=CARTESIAN_POINT('',(216.43754793,-122.894355737,4.36849249));
#1552=CARTESIAN_POINT('',(215.461938468,-123.121653111,4.657053818));
#1553=CARTESIAN_POINT('',(214.974133738,-123.235301798,4.801334482));
#1554=CARTESIAN_POINT('',(214.495270091,-123.366158802,4.96820684));
#1555=CARTESIAN_POINT('',(214.025123013,-123.513333319,5.157465008));
#1556=CARTESIAN_POINT('',(213.790049473,-123.586920578,5.252094092));
#1557=CARTESIAN_POINT('',(213.558007472,-123.664348048,5.352019854));
#1558=CARTESIAN_POINT('',(213.330607457,-123.744783133,5.456300226));
#1559=CARTESIAN_POINT('',(213.103207442,-123.825218218,5.560580599));
#1560=CARTESIAN_POINT('',(212.879898458,-123.908831186,5.669433374));
#1561=CARTESIAN_POINT('',(212.660486258,-123.995389334,5.782702857));
#1562=CARTESIAN_POINT('',(211.782837461,-124.341621924,6.235780792));
#1563=CARTESIAN_POINT('',(210.966962589,-124.734754042,6.758716417));
#1564=CARTESIAN_POINT('',(210.205489819,-125.162466622,7.34821869));
#1565=CARTESIAN_POINT('',(210.015121627,-125.269394767,7.495594258));
#1566=CARTESIAN_POINT('',(209.828310831,-125.37844436,7.647116817));
#1567=CARTESIAN_POINT('',(209.64633004,-125.488555924,7.801577219));
#1568=CARTESIAN_POINT('',(209.464349249,-125.598667488,7.95603762));
#1569=CARTESIAN_POINT('',(209.28679906,-125.710062341,8.113735354));
#1570=CARTESIAN_POINT('',(209.113491705,-125.822516961,8.274645543));
#1571=CARTESIAN_POINT('',(208.766876995,-126.0474262,8.596465921));
#1572=CARTESIAN_POINT('',(208.437193333,-126.276592557,8.931086941));
#1573=CARTESIAN_POINT('',(208.123373937,-126.50820851,9.278724266));
#1574=CARTESIAN_POINT('',(207.809554541,-126.739824463,9.626361591));
#1575=CARTESIAN_POINT('',(207.511601242,-126.973908128,9.987004879));
#1576=CARTESIAN_POINT('',(207.228965239,-127.208422072,10.361500577));
#1577=CARTESIAN_POINT('',(206.946329235,-127.442936015,10.735996275));
#1578=CARTESIAN_POINT('',(206.678116771,-127.678768969,11.125874295));
#1579=CARTESIAN_POINT('',(206.428222783,-127.909633661,11.526106965));
#1580=CARTESIAN_POINT('',(205.928434807,-128.371363046,12.326572305));
#1581=CARTESIAN_POINT('',(205.49941142,-128.815241177,13.168702393));
#1582=CARTESIAN_POINT('',(205.141046798,-129.213009683,14.066071306));
#1583=CARTESIAN_POINT('',(204.961864488,-129.411893936,14.514755762));
#1584=CARTESIAN_POINT('',(204.800515809,-129.599048134,14.977426545));
#1585=CARTESIAN_POINT('',(204.658399995,-129.768970841,15.457389596));
#1586=CARTESIAN_POINT('',(204.516284181,-129.938893548,15.937352647));
#1587=CARTESIAN_POINT('',(204.395559595,-130.088952219,16.427865334));
#1588=CARTESIAN_POINT('',(204.297871368,-130.212782539,16.927028077));
#1589=CARTESIAN_POINT('',(204.200183142,-130.336612858,17.42619082));
#1590=CARTESIAN_POINT('',(204.125211185,-130.434555685,17.935029481));
#1591=CARTESIAN_POINT('',(204.074759119,-130.50096273,18.455104254));
#1592=CARTESIAN_POINT('',(204.049533086,-130.534166252,18.71514164));
#1593=CARTESIAN_POINT('',(204.030416134,-130.559534099,18.979281365));
#1594=CARTESIAN_POINT('',(204.017938044,-130.576119776,19.242573009));
#1595=CARTESIAN_POINT('',(204.005459955,-130.592705453,19.505864652));
#1596=CARTESIAN_POINT('',(203.999539356,-130.600614189,19.768296235));
#1597=CARTESIAN_POINT('',(204.000027905,-130.599962794,20.029882221));
#1598=CARTESIAN_POINT('',(204.001005003,-130.598660003,20.553054193));
#1599=CARTESIAN_POINT('',(204.027570315,-130.563025722,21.072840393));
#1600=CARTESIAN_POINT('',(204.079139554,-130.495199189,21.589403241));
#1601=CARTESIAN_POINT('',(204.104924174,-130.461285923,21.847684666));
#1602=CARTESIAN_POINT('',(204.13697205,-130.41934839,22.105161156));
#1603=CARTESIAN_POINT('',(204.175284178,-130.369776406,22.361857144));
#1604=CARTESIAN_POINT('',(204.213596307,-130.320204421,22.618553131));
#1605=CARTESIAN_POINT('',(204.258120325,-130.263076208,22.873743378));
#1606=CARTESIAN_POINT('',(204.307969144,-130.199993241,23.124126698));
#1607=CARTESIAN_POINT('',(204.507364423,-129.947661374,24.125659979));
#1608=CARTESIAN_POINT('',(204.792801725,-129.598708782,25.068007642));
#1609=CARTESIAN_POINT('',(205.155202971,-129.197313659,25.969254657));
#1610=CARTESIAN_POINT('',(205.245803282,-129.096964878,26.194566411));
#1611=CARTESIAN_POINT('',(205.341532227,-128.992993969,26.417747321));
#1612=CARTESIAN_POINT('',(205.441573809,-128.886786414,26.63718516));
#1613=CARTESIAN_POINT('',(205.541615391,-128.780578859,26.856622999));
#1614=CARTESIAN_POINT('',(205.645801453,-128.672302104,27.072023994));
#1615=CARTESIAN_POINT('',(205.754046856,-128.562449678,27.283736612));
#1616=CARTESIAN_POINT('',(205.970537663,-128.342744828,27.707161847));
#1617=CARTESIAN_POINT('',(206.203225991,-128.116789371,28.115891324));
#1618=CARTESIAN_POINT('',(206.45199337,-127.887708664,28.511845648));
#1619=CARTESIAN_POINT('',(206.949528126,-127.429547252,29.303754297));
#1620=CARTESIAN_POINT('',(207.51081494,-126.959187081,30.045123943));
#1621=CARTESIAN_POINT('',(208.142185189,-126.494341743,30.742077448));
#1622=CARTESIAN_POINT('',(208.457870313,-126.261919074,31.090554201));
#1623=CARTESIAN_POINT('',(208.792454909,-126.030084576,31.428678604));
#1624=CARTESIAN_POINT('',(209.139853075,-125.805441097,31.749774839));
#1625=CARTESIAN_POINT('',(209.48725124,-125.580797618,32.070871073));
#1626=CARTESIAN_POINT('',(209.84858366,-125.36241355,32.376356181));
#1627=CARTESIAN_POINT('',(210.224469787,-125.15181932,32.66645211));
#1628=CARTESIAN_POINT('',(210.976242041,-124.730630858,33.246643968));
#1629=CARTESIAN_POINT('',(211.785674628,-124.340351578,33.765899545));
#1630=CARTESIAN_POINT('',(212.663271634,-123.994290745,34.218734715));
#1631=CARTESIAN_POINT('',(212.882670885,-123.907775537,34.331943507));
#1632=CARTESIAN_POINT('',(213.106376024,-123.824042794,34.440948698));
#1633=CARTESIAN_POINT('',(213.334653436,-123.743352494,34.545554482));
#1634=CARTESIAN_POINT('',(213.562930848,-123.662662194,34.650160266));
#1635=CARTESIAN_POINT('',(213.795695265,-123.58508899,34.750266016));
#1636=CARTESIAN_POINT('',(214.029939473,-123.511826245,34.844472955));
#1637=CARTESIAN_POINT('',(214.498427887,-123.365300755,35.032886832));
#1638=CARTESIAN_POINT('',(214.97594878,-123.234856818,35.199231238));
#1639=CARTESIAN_POINT('',(215.462780052,-123.121457058,35.343195076));
#1640=CARTESIAN_POINT('',(216.436442596,-122.894657537,35.631122752));
#1641=CARTESIAN_POINT('',(217.447021185,-122.73552579,35.830378864));
#1642=CARTESIAN_POINT('',(218.5,-122.656329325,35.929532322));
#1643=B_SPLINE_CURVE_WITH_KNOTS('',3,(#1549,#1550,#1551,#1552,#1553,#1554,#1555,#1556,#1557,#1558,#1559,#1560,#1561,#1562,#1563,#1564,#1565,#1566,#1567,#1568,#1569,#1570,#1571,#1572,#1573,#1574,
#1575,#1576,#1577,#1578,#1579,#1580,#1581,#1582,#1583,#1584,#1585,#1586,#1587,#1588,#1589,#1590,#1591,#1592,#1593,#1594,#1595,#1596,#1597,#1598,#1599,
#1600,#1601,#1602,#1603,#1604,#1605,#1606,#1607,#1608,#1609,#1610,#1611,#1612,#1613,#1614,#1615,#1616,#1617,#1618,#1619,#1620,#1621,#1622,#1623,#1624,
#1625,#1626,#1627,#1628,#1629,#1630,#1631,#1632,#1633,#1634,#1635,#1636,#1637,#1638,#1639,#1640,#1641,#1642),.UNSPECIFIED.,.F.,.F.,(4,3,3,3,3,3,3,3,3,3,3,3,3,3,3,3,3,3,3,3,3,3,3,3,3,3,
3,3,3,3,3,4),(0.,0.003122676,0.004684013,0.005464682,0.006245351,0.009368027,0.010148696,0.010929365,0.012490702,0.01405204,0.015613378,0.018736054,0.020297391,0.021858729,0.023420067,0.024200736,0.024981405,0.026542743,0.027323412,0.02810408,0.031226756,0.032007425,0.032788094,0.034349432,0.037472107,0.039033445,
0.040594783,0.043717458,0.044498127,0.045278796,0.046840134,0.04996281),.UNSPECIFIED.);
#1644=EDGE_CURVE('',#1540,#1548,#1643,.T.);
#1645=ORIENTED_EDGE('',*,*,#1644,.T.);
#1646=CARTESIAN_POINT('',(218.5,-104.6,35.929532322));
#1647=VERTEX_POINT('',#1646);
#1648=CARTESIAN_POINT('',(218.5,-122.656329325,35.929532322));
#1649=DIRECTION('',(-0.,1.,-0.));
#1650=VECTOR('',#1649,18.056329325);
#1651=LINE('',#1648,#1650);
#1652=EDGE_CURVE('',#1548,#1647,#1651,.T.);
#1653=ORIENTED_EDGE('',*,*,#1652,.T.);
#1654=CARTESIAN_POINT('',(221.5,-104.6,35.929532322));
#1655=VERTEX_POINT('',#1654);
#1656=CARTESIAN_POINT('',(220.,-104.6,20.));
#1657=DIRECTION('',(-0.,-1.,-0.));
#1658=DIRECTION('',(-1.,0.,0.));
#1659=AXIS2_PLACEMENT_3D('',#1656,#1657,#1658);
#1660=CIRCLE('',#1659,16.);
#1661=EDGE_CURVE('',#1655,#1647,#1660,.T.);
#1662=ORIENTED_EDGE('',*,*,#1661,.F.);
#1663=CARTESIAN_POINT('',(221.5,-122.656329325,35.929532322));
#1664=VERTEX_POINT('',#1663);
#1665=CARTESIAN_POINT('',(221.5,-122.656329325,35.929532322));
#1666=DIRECTION('',(-0.,1.,-0.));
#1667=VECTOR('',#1666,18.056329325);
#1668=LINE('',#1665,#1667);
#1669=EDGE_CURVE('',#1664,#1655,#1668,.T.);
#1670=ORIENTED_EDGE('',*,*,#1669,.F.);
#1671=CARTESIAN_POINT('',(221.5,-122.656329325,4.070467678));
#1672=VERTEX_POINT('',#1671);
#1673=CARTESIAN_POINT('',(221.5,-122.656329325,35.929532322));
#1674=CARTESIAN_POINT('',(222.551377715,-122.735405368,35.830529631));
#1675=CARTESIAN_POINT('',(223.56245207,-122.894355737,35.63150751));
#1676=CARTESIAN_POINT('',(224.538061532,-123.121653111,35.342946182));
#1677=CARTESIAN_POINT('',(225.025866262,-123.235301798,35.198665518));
#1678=CARTESIAN_POINT('',(225.504729909,-123.366158802,35.03179316));
#1679=CARTESIAN_POINT('',(225.974876987,-123.513333319,34.842534992));
#1680=CARTESIAN_POINT('',(226.209950527,-123.586920578,34.747905908));
#1681=CARTESIAN_POINT('',(226.441992528,-123.664348048,34.647980146));
#1682=CARTESIAN_POINT('',(226.669392543,-123.744783133,34.543699774));
#1683=CARTESIAN_POINT('',(226.896792558,-123.825218218,34.439419401));
#1684=CARTESIAN_POINT('',(227.120101542,-123.908831186,34.330566626));
#1685=CARTESIAN_POINT('',(227.339513742,-123.995389334,34.217297143));
#1686=CARTESIAN_POINT('',(228.217162539,-124.341621924,33.764219208));
#1687=CARTESIAN_POINT('',(229.033037411,-124.734754042,33.241283583));
#1688=CARTESIAN_POINT('',(229.794510181,-125.162466622,32.65178131));
#1689=CARTESIAN_POINT('',(229.984878373,-125.269394767,32.504405742));
#1690=CARTESIAN_POINT('',(230.171689169,-125.37844436,32.352883183));
#1691=CARTESIAN_POINT('',(230.35366996,-125.488555924,32.198422781));
#1692=CARTESIAN_POINT('',(230.535650751,-125.598667488,32.04396238));
#1693=CARTESIAN_POINT('',(230.71320094,-125.710062341,31.886264646));
#1694=CARTESIAN_POINT('',(230.886508295,-125.822516961,31.725354457));
#1695=CARTESIAN_POINT('',(231.233123005,-126.0474262,31.403534079));
#1696=CARTESIAN_POINT('',(231.562806667,-126.276592557,31.068913059));
#1697=CARTESIAN_POINT('',(231.876626063,-126.50820851,30.721275734));
#1698=CARTESIAN_POINT('',(232.190445459,-126.739824463,30.373638409));
#1699=CARTESIAN_POINT('',(232.488398758,-126.973908128,30.012995121));
#1700=CARTESIAN_POINT('',(232.771034761,-127.208422072,29.638499423));
#1701=CARTESIAN_POINT('',(233.053670765,-127.442936015,29.264003725));
#1702=CARTESIAN_POINT('',(233.321883229,-127.678768969,28.874125705));
#1703=CARTESIAN_POINT('',(233.571777217,-127.909633661,28.473893035));
#1704=CARTESIAN_POINT('',(234.071565193,-128.371363046,27.673427695));
#1705=CARTESIAN_POINT('',(234.50058858,-128.815241177,26.831297607));
#1706=CARTESIAN_POINT('',(234.858953202,-129.213009683,25.933928694));
#1707=CARTESIAN_POINT('',(235.038135512,-129.411893936,25.485244238));
#1708=CARTESIAN_POINT('',(235.199484191,-129.599048134,25.022573455));
#1709=CARTESIAN_POINT('',(235.341600005,-129.768970841,24.542610404));
#1710=CARTESIAN_POINT('',(235.483715819,-129.938893548,24.062647353));
#1711=CARTESIAN_POINT('',(235.604440405,-130.088952219,23.572134666));
#1712=CARTESIAN_POINT('',(235.702128632,-130.212782539,23.072971923));
#1713=CARTESIAN_POINT('',(235.799816858,-130.336612858,22.57380918));
#1714=CARTESIAN_POINT('',(235.874788815,-130.434555685,22.064970519));
#1715=CARTESIAN_POINT('',(235.925240881,-130.50096273,21.544895746));
#1716=CARTESIAN_POINT('',(235.950466914,-130.534166252,21.28485836));
#1717=CARTESIAN_POINT('',(235.969583866,-130.559534099,21.020718635));
#1718=CARTESIAN_POINT('',(235.982061956,-130.576119776,20.757426991));
#1719=CARTESIAN_POINT('',(235.994540045,-130.592705453,20.494135348));
#1720=CARTESIAN_POINT('',(236.000460644,-130.600614189,20.231703765));
#1721=CARTESIAN_POINT('',(235.999972095,-130.599962794,19.970117779));
#1722=CARTESIAN_POINT('',(235.998994997,-130.598660003,19.446945807));
#1723=CARTESIAN_POINT('',(235.972429685,-130.563025722,18.927159607));
#1724=CARTESIAN_POINT('',(235.920860446,-130.495199189,18.410596759));
#1725=CARTESIAN_POINT('',(235.895075826,-130.461285923,18.152315334));
#1726=CARTESIAN_POINT('',(235.86302795,-130.41934839,17.894838844));
#1727=CARTESIAN_POINT('',(235.824715822,-130.369776406,17.638142856));
#1728=CARTESIAN_POINT('',(235.786403693,-130.320204421,17.381446869));
#1729=CARTESIAN_POINT('',(235.741879675,-130.263076208,17.126256622));
#1730=CARTESIAN_POINT('',(235.692030856,-130.199993241,16.875873302));
#1731=CARTESIAN_POINT('',(235.492635577,-129.947661374,15.874340021));
#1732=CARTESIAN_POINT('',(235.207198275,-129.598708782,14.931992358));
#1733=CARTESIAN_POINT('',(234.844797029,-129.197313659,14.030745343));
#1734=CARTESIAN_POINT('',(234.754196718,-129.096964878,13.805433589));
#1735=CARTESIAN_POINT('',(234.658467773,-128.992993969,13.582252679));
#1736=CARTESIAN_POINT('',(234.558426191,-128.886786414,13.36281484));
#1737=CARTESIAN_POINT('',(234.458384609,-128.780578859,13.143377001));
#1738=CARTESIAN_POINT('',(234.354198547,-128.672302104,12.927976006));
#1739=CARTESIAN_POINT('',(234.245953144,-128.562449678,12.716263388));
#1740=CARTESIAN_POINT('',(234.029462337,-128.342744828,12.292838153));
#1741=CARTESIAN_POINT('',(233.796774009,-128.116789371,11.884108676));
#1742=CARTESIAN_POINT('',(233.54800663,-127.887708664,11.488154352));
#1743=CARTESIAN_POINT('',(233.050471874,-127.429547252,10.696245703));
#1744=CARTESIAN_POINT('',(232.48918506,-126.959187081,9.954876057));
#1745=CARTESIAN_POINT('',(231.857814811,-126.494341743,9.257922552));
#1746=CARTESIAN_POINT('',(231.542129687,-126.261919074,8.909445799));
#1747=CARTESIAN_POINT('',(231.207545091,-126.030084576,8.571321396));
#1748=CARTESIAN_POINT('',(230.860146925,-125.805441097,8.250225161));
#1749=CARTESIAN_POINT('',(230.51274876,-125.580797618,7.929128927));
#1750=CARTESIAN_POINT('',(230.15141634,-125.36241355,7.623643819));
#1751=CARTESIAN_POINT('',(229.775530213,-125.15181932,7.33354789));
#1752=CARTESIAN_POINT('',(229.023757959,-124.730630858,6.753356032));
#1753=CARTESIAN_POINT('',(228.214325372,-124.340351578,6.234100455));
#1754=CARTESIAN_POINT('',(227.336728366,-123.994290745,5.781265285));
#1755=CARTESIAN_POINT('',(227.117329115,-123.907775537,5.668056493));
#1756=CARTESIAN_POINT('',(226.893623976,-123.824042794,5.559051302));
#1757=CARTESIAN_POINT('',(226.665346564,-123.743352494,5.454445518));
#1758=CARTESIAN_POINT('',(226.437069152,-123.662662194,5.349839734));
#1759=CARTESIAN_POINT('',(226.204304735,-123.58508899,5.249733984));
#1760=CARTESIAN_POINT('',(225.970060527,-123.511826245,5.155527045));
#1761=CARTESIAN_POINT('',(225.501572113,-123.365300755,4.967113168));
#1762=CARTESIAN_POINT('',(225.02405122,-123.234856818,4.800768762));
#1763=CARTESIAN_POINT('',(224.537219948,-123.121457058,4.656804924));
#1764=CARTESIAN_POINT('',(223.563557404,-122.894657537,4.368877248));
#1765=CARTESIAN_POINT('',(222.552978815,-122.73552579,4.169621136));
#1766=CARTESIAN_POINT('',(221.5,-122.656329325,4.070467678));
#1767=B_SPLINE_CURVE_WITH_KNOTS('',3,(#1673,#1674,#1675,#1676,#1677,#1678,#1679,#1680,#1681,#1682,#1683,#1684,#1685,#1686,#1687,#1688,#1689,#1690,#1691,#1692,#1693,#1694,#1695,#1696,#1697,#1698,
#1699,#1700,#1701,#1702,#1703,#1704,#1705,#1706,#1707,#1708,#1709,#1710,#1711,#1712,#1713,#1714,#1715,#1716,#1717,#1718,#1719,#1720,#1721,#1722,#1723,
#1724,#1725,#1726,#1727,#1728,#1729,#1730,#1731,#1732,#1733,#1734,#1735,#1736,#1737,#1738,#1739,#1740,#1741,#1742,#1743,#1744,#1745,#1746,#1747,#1748,
#1749,#1750,#1751,#1752,#1753,#1754,#1755,#1756,#1757,#1758,#1759,#1760,#1761,#1762,#1763,#1764,#1765,#1766),.UNSPECIFIED.,.F.,.F.,(4,3,3,3,3,3,3,3,3,3,3,3,3,3,3,3,3,3,3,3,3,3,3,3,3,3,
3,3,3,3,3,4),(0.,0.003122676,0.004684013,0.005464682,0.006245351,0.009368027,0.010148696,0.010929365,0.012490702,0.01405204,0.015613378,0.018736054,0.020297391,0.021858729,0.023420067,0.024200736,0.024981405,0.026542743,0.027323412,0.02810408,0.031226756,0.032007425,0.032788094,0.034349432,0.037472107,0.039033445,
0.040594783,0.043717458,0.044498127,0.045278796,0.046840134,0.04996281),.UNSPECIFIED.);
#1768=EDGE_CURVE('',#1664,#1672,#1767,.T.);
#1769=ORIENTED_EDGE('',*,*,#1768,.T.);
#1770=CARTESIAN_POINT('',(221.5,-104.6,4.070467678));
#1771=VERTEX_POINT('',#1770);
#1772=CARTESIAN_POINT('',(221.5,-104.6,4.070467678));
#1773=DIRECTION('',(0.,-1.,0.));
#1774=VECTOR('',#1773,18.056329325);
#1775=LINE('',#1772,#1774);
#1776=EDGE_CURVE('',#1771,#1672,#1775,.T.);
#1777=ORIENTED_EDGE('',*,*,#1776,.F.);
#1778=CARTESIAN_POINT('',(220.,-104.6,20.));
#1779=DIRECTION('',(-0.,-1.,-0.));
#1780=DIRECTION('',(-1.,0.,0.));
#1781=AXIS2_PLACEMENT_3D('',#1778,#1779,#1780);
#1782=CIRCLE('',#1781,16.);
#1783=EDGE_CURVE('',#1513,#1771,#1782,.T.);
#1784=ORIENTED_EDGE('',*,*,#1783,.F.);
#1785=EDGE_LOOP('',(#1521,#1528,#1529,#1538,#1546,#1645,#1653,#1662,#1670,#1769,#1777,#1784));
#1786=FACE_BOUND('',#1785,.T.);
#1787=ADVANCED_FACE('',(#1786),#1511,.T.);
#1788=CARTESIAN_POINT('',(-0.,-92.6,0.));
#1789=DIRECTION('',(0.,-1.,0.));
#1790=DIRECTION('',(1.,0.,0.));
#1791=AXIS2_PLACEMENT_3D('',#1788,#1789,#1790);
#1792=PLANE('',#1791);
#1793=CARTESIAN_POINT('',(220.,-92.6,6.8));
#1794=VERTEX_POINT('',#1793);
#1795=CARTESIAN_POINT('',(220.,-92.6,33.2));
#1796=VERTEX_POINT('',#1795);
#1797=CARTESIAN_POINT('',(220.,-92.6,20.));
#1798=DIRECTION('',(0.,-1.,0.));
#1799=DIRECTION('',(0.,0.,-1.));
#1800=AXIS2_PLACEMENT_3D('',#1797,#1798,#1799);
#1801=CIRCLE('',#1800,13.2);
#1802=EDGE_CURVE('',#1794,#1796,#1801,.T.);
#1803=ORIENTED_EDGE('',*,*,#1802,.T.);
#1804=CARTESIAN_POINT('',(220.,-92.6,20.));
#1805=DIRECTION('',(0.,-1.,0.));
#1806=DIRECTION('',(0.,0.,-1.));
#1807=AXIS2_PLACEMENT_3D('',#1804,#1805,#1806);
#1808=CIRCLE('',#1807,13.2);
#1809=EDGE_CURVE('',#1796,#1794,#1808,.T.);
#1810=ORIENTED_EDGE('',*,*,#1809,.T.);
#1811=EDGE_LOOP('',(#1803,#1810));
#1812=FACE_BOUND('',#1811,.T.);
#1813=ORIENTED_EDGE('',*,*,#1527,.F.);
#1814=EDGE_LOOP('',(#1813));
#1815=FACE_BOUND('',#1814,.T.);
#1816=ADVANCED_FACE('',(#1812,#1815),#1792,.F.);
#1817=CARTESIAN_POINT('',(220.,-142.6,43.));
#1818=DIRECTION('',(0.,0.,-1.));
#1819=DIRECTION('',(-1.,0.,0.));
#1820=AXIS2_PLACEMENT_3D('',#1817,#1818,#1819);
#1821=CYLINDRICAL_SURFACE('',#1820,20.);
#1822=ORIENTED_EDGE('',*,*,#1479,.T.);
#1823=CARTESIAN_POINT('',(218.5,-122.656329325,35.929532322));
#1824=DIRECTION('',(0.,0.,-1.));
#1825=VECTOR('',#1824,1.607870407);
#1826=LINE('',#1823,#1825);
#1827=EDGE_CURVE('',#1548,#1378,#1826,.T.);
#1828=ORIENTED_EDGE('',*,*,#1827,.F.);
#1829=ORIENTED_EDGE('',*,*,#1644,.F.);
#1830=CARTESIAN_POINT('',(218.5,-122.656329325,5.678338085));
#1831=DIRECTION('',(0.,0.,-1.));
#1832=VECTOR('',#1831,1.607870407);
#1833=LINE('',#1830,#1832);
#1834=EDGE_CURVE('',#1386,#1540,#1833,.T.);
#1835=ORIENTED_EDGE('',*,*,#1834,.F.);
#1836=EDGE_LOOP('',(#1822,#1828,#1829,#1835));
#1837=FACE_BOUND('',#1836,.T.);
#1838=ADVANCED_FACE('',(#1837),#1821,.F.);
#1839=CARTESIAN_POINT('',(220.,-142.6,43.));
#1840=DIRECTION('',(0.,0.,-1.));
#1841=DIRECTION('',(-1.,0.,0.));
#1842=AXIS2_PLACEMENT_3D('',#1839,#1840,#1841);
#1843=CYLINDRICAL_SURFACE('',#1842,20.);
#1844=ORIENTED_EDGE('',*,*,#1358,.T.);
#1845=CARTESIAN_POINT('',(221.5,-122.656329325,5.678338085));
#1846=DIRECTION('',(0.,0.,-1.));
#1847=VECTOR('',#1846,1.607870407);
#1848=LINE('',#1845,#1847);
#1849=EDGE_CURVE('',#1257,#1672,#1848,.T.);
#1850=ORIENTED_EDGE('',*,*,#1849,.T.);
#1851=ORIENTED_EDGE('',*,*,#1768,.F.);
#1852=CARTESIAN_POINT('',(221.5,-122.656329325,35.929532322));
#1853=DIRECTION('',(0.,0.,-1.));
#1854=VECTOR('',#1853,1.607870407);
#1855=LINE('',#1852,#1854);
#1856=EDGE_CURVE('',#1664,#1265,#1855,.T.);
#1857=ORIENTED_EDGE('',*,*,#1856,.T.);
#1858=EDGE_LOOP('',(#1844,#1850,#1851,#1857));
#1859=FACE_BOUND('',#1858,.T.);
#1860=ADVANCED_FACE('',(#1859),#1843,.F.);
#1861=CARTESIAN_POINT('',(221.5,-113.628164662,43.));
#1862=DIRECTION('',(1.,0.,0.));
#1863=DIRECTION('',(0.,0.,-1.));
#1864=AXIS2_PLACEMENT_3D('',#1861,#1862,#1863);
#1865=PLANE('',#1864);
#1866=ORIENTED_EDGE('',*,*,#1856,.F.);
#1867=ORIENTED_EDGE('',*,*,#1669,.T.);
#1868=CARTESIAN_POINT('',(221.5,-104.6,35.929532322));
#1869=DIRECTION('',(0.,0.,-1.));
#1870=VECTOR('',#1869,1.607870407);
#1871=LINE('',#1868,#1870);
#1872=EDGE_CURVE('',#1655,#1361,#1871,.T.);
#1873=ORIENTED_EDGE('',*,*,#1872,.T.);
#1874=ORIENTED_EDGE('',*,*,#1366,.F.);
#1875=EDGE_LOOP('',(#1866,#1867,#1873,#1874));
#1876=FACE_BOUND('',#1875,.T.);
#1877=ADVANCED_FACE('',(#1876),#1865,.F.);
#1878=CARTESIAN_POINT('',(221.5,-113.628164662,43.));
#1879=DIRECTION('',(1.,0.,0.));
#1880=DIRECTION('',(0.,0.,-1.));
#1881=AXIS2_PLACEMENT_3D('',#1878,#1879,#1880);
#1882=PLANE('',#1881);
#1883=CARTESIAN_POINT('',(221.5,-104.6,5.678338085));
#1884=DIRECTION('',(0.,0.,-1.));
#1885=VECTOR('',#1884,1.607870407);
#1886=LINE('',#1883,#1885);
#1887=EDGE_CURVE('',#1248,#1771,#1886,.T.);
#1888=ORIENTED_EDGE('',*,*,#1887,.T.);
#1889=ORIENTED_EDGE('',*,*,#1776,.T.);
#1890=ORIENTED_EDGE('',*,*,#1849,.F.);
#1891=ORIENTED_EDGE('',*,*,#1262,.F.);
#1892=EDGE_LOOP('',(#1888,#1889,#1890,#1891));
#1893=FACE_BOUND('',#1892,.T.);
#1894=ADVANCED_FACE('',(#1893),#1882,.F.);
#1895=CARTESIAN_POINT('',(220.75,-104.6,43.));
#1896=DIRECTION('',(0.,1.,0.));
#1897=DIRECTION('',(-1.,0.,0.));
#1898=AXIS2_PLACEMENT_3D('',#1895,#1896,#1897);
#1899=PLANE('',#1898);
#1900=CARTESIAN_POINT('',(218.5,-104.6,5.678338085));
#1901=DIRECTION('',(0.,0.,-1.));
#1902=VECTOR('',#1901,1.607870407);
#1903=LINE('',#1900,#1902);
#1904=EDGE_CURVE('',#1482,#1531,#1903,.T.);
#1905=ORIENTED_EDGE('',*,*,#1904,.T.);
#1906=ORIENTED_EDGE('',*,*,#1537,.T.);
#1907=ORIENTED_EDGE('',*,*,#1783,.T.);
#1908=ORIENTED_EDGE('',*,*,#1887,.F.);
#1909=ORIENTED_EDGE('',*,*,#1254,.F.);
#1910=ORIENTED_EDGE('',*,*,#1494,.F.);
#1911=EDGE_LOOP('',(#1905,#1906,#1907,#1908,#1909,#1910));
#1912=FACE_BOUND('',#1911,.T.);
#1913=ADVANCED_FACE('',(#1912),#1899,.F.);
#1914=CARTESIAN_POINT('',(220.75,-104.6,43.));
#1915=DIRECTION('',(0.,1.,0.));
#1916=DIRECTION('',(-1.,0.,0.));
#1917=AXIS2_PLACEMENT_3D('',#1914,#1915,#1916);
#1918=PLANE('',#1917);
#1919=ORIENTED_EDGE('',*,*,#1872,.F.);
#1920=ORIENTED_EDGE('',*,*,#1661,.T.);
#1921=CARTESIAN_POINT('',(218.5,-104.6,35.929532322));
#1922=DIRECTION('',(0.,0.,-1.));
#1923=VECTOR('',#1922,1.607870407);
#1924=LINE('',#1921,#1923);
#1925=EDGE_CURVE('',#1647,#1369,#1924,.T.);
#1926=ORIENTED_EDGE('',*,*,#1925,.T.);
#1927=ORIENTED_EDGE('',*,*,#1375,.F.);
#1928=EDGE_LOOP('',(#1919,#1920,#1926,#1927));
#1929=FACE_BOUND('',#1928,.T.);
#1930=ADVANCED_FACE('',(#1929),#1918,.F.);
#1931=CARTESIAN_POINT('',(218.5,-113.628164662,43.));
#1932=DIRECTION('',(1.,0.,0.));
#1933=DIRECTION('',(0.,0.,-1.));
#1934=AXIS2_PLACEMENT_3D('',#1931,#1932,#1933);
#1935=PLANE('',#1934);
#1936=ORIENTED_EDGE('',*,*,#1383,.T.);
#1937=ORIENTED_EDGE('',*,*,#1925,.F.);
#1938=ORIENTED_EDGE('',*,*,#1652,.F.);
#1939=ORIENTED_EDGE('',*,*,#1827,.T.);
#1940=EDGE_LOOP('',(#1936,#1937,#1938,#1939));
#1941=FACE_BOUND('',#1940,.T.);
#1942=ADVANCED_FACE('',(#1941),#1935,.T.);
#1943=CARTESIAN_POINT('',(218.5,-113.628164662,43.));
#1944=DIRECTION('',(1.,0.,0.));
#1945=DIRECTION('',(0.,0.,-1.));
#1946=AXIS2_PLACEMENT_3D('',#1943,#1944,#1945);
#1947=PLANE('',#1946);
#1948=ORIENTED_EDGE('',*,*,#1487,.T.);
#1949=ORIENTED_EDGE('',*,*,#1834,.T.);
#1950=ORIENTED_EDGE('',*,*,#1545,.F.);
#1951=ORIENTED_EDGE('',*,*,#1904,.F.);
#1952=EDGE_LOOP('',(#1948,#1949,#1950,#1951));
#1953=FACE_BOUND('',#1952,.T.);
#1954=ADVANCED_FACE('',(#1953),#1947,.T.);
#1955=CARTESIAN_POINT('',(0.,-94.6,0.));
#1956=DIRECTION('',(0.,-1.,0.));
#1957=DIRECTION('',(1.,0.,0.));
#1958=AXIS2_PLACEMENT_3D('',#1955,#1956,#1957);
#1959=PLANE('',#1958);
#1960=CARTESIAN_POINT('',(220.,-94.6,30.2));
#1961=VERTEX_POINT('',#1960);
#1962=CARTESIAN_POINT('',(220.,-94.6,9.8));
#1963=VERTEX_POINT('',#1962);
#1964=CARTESIAN_POINT('',(220.,-94.6,20.));
#1965=DIRECTION('',(0.,-1.,0.));
#1966=DIRECTION('',(0.,0.,-1.));
#1967=AXIS2_PLACEMENT_3D('',#1964,#1965,#1966);
#1968=CIRCLE('',#1967,10.2);
#1969=EDGE_CURVE('',#1961,#1963,#1968,.T.);
#1970=ORIENTED_EDGE('',*,*,#1969,.F.);
#1971=CARTESIAN_POINT('',(220.,-94.6,20.));
#1972=DIRECTION('',(0.,-1.,0.));
#1973=DIRECTION('',(0.,0.,-1.));
#1974=AXIS2_PLACEMENT_3D('',#1971,#1972,#1973);
#1975=CIRCLE('',#1974,10.2);
#1976=EDGE_CURVE('',#1963,#1961,#1975,.T.);
#1977=ORIENTED_EDGE('',*,*,#1976,.F.);
#1978=EDGE_LOOP('',(#1970,#1977));
#1979=FACE_BOUND('',#1978,.T.);
#1980=ORIENTED_EDGE('',*,*,#1502,.F.);
#1981=EDGE_LOOP('',(#1980));
#1982=FACE_BOUND('',#1981,.T.);
#1983=ADVANCED_FACE('',(#1979,#1982),#1959,.T.);
#1984=CARTESIAN_POINT('',(220.,-111.6,20.));
#1985=DIRECTION('',(0.,1.,0.));
#1986=DIRECTION('',(0.,-0.,1.));
#1987=AXIS2_PLACEMENT_3D('',#1984,#1985,#1986);
#1988=CYLINDRICAL_SURFACE('',#1987,10.2);
#1989=CARTESIAN_POINT('',(220.,-90.6,30.2));
#1990=VERTEX_POINT('',#1989);
#1991=CARTESIAN_POINT('',(220.,-90.6,30.2));
#1992=DIRECTION('',(-0.,-1.,-0.));
#1993=VECTOR('',#1992,4.);
#1994=LINE('',#1991,#1993);
#1995=EDGE_CURVE('',#1990,#1961,#1994,.T.);
#1996=ORIENTED_EDGE('',*,*,#1995,.F.);
#1997=CARTESIAN_POINT('',(220.,-90.6,9.8));
#1998=VERTEX_POINT('',#1997);
#1999=CARTESIAN_POINT('',(220.,-90.6,20.));
#2000=DIRECTION('',(0.,-1.,0.));
#2001=DIRECTION('',(0.,0.,-1.));
#2002=AXIS2_PLACEMENT_3D('',#1999,#2000,#2001);
#2003=CIRCLE('',#2002,10.2);
#2004=EDGE_CURVE('',#1998,#1990,#2003,.T.);
#2005=ORIENTED_EDGE('',*,*,#2004,.F.);
#2006=CARTESIAN_POINT('',(220.,-90.6,20.));
#2007=DIRECTION('',(0.,-1.,0.));
#2008=DIRECTION('',(0.,0.,-1.));
#2009=AXIS2_PLACEMENT_3D('',#2006,#2007,#2008);
#2010=CIRCLE('',#2009,10.2);
#2011=EDGE_CURVE('',#1990,#1998,#2010,.T.);
#2012=ORIENTED_EDGE('',*,*,#2011,.F.);
#2013=ORIENTED_EDGE('',*,*,#1995,.T.);
#2014=ORIENTED_EDGE('',*,*,#1969,.T.);
#2015=ORIENTED_EDGE('',*,*,#1976,.T.);
#2016=EDGE_LOOP('',(#1996,#2005,#2012,#2013,#2014,#2015));
#2017=FACE_BOUND('',#2016,.T.);
#2018=ADVANCED_FACE('',(#2017),#1988,.F.);
#2019=CARTESIAN_POINT('',(220.,-84.,20.));
#2020=DIRECTION('',(0.,1.,0.));
#2021=DIRECTION('',(0.,-0.,1.));
#2022=AXIS2_PLACEMENT_3D('',#2019,#2020,#2021);
#2023=CYLINDRICAL_SURFACE('',#2022,11.2);
#2024=CARTESIAN_POINT('',(220.,-65.,31.2));
#2025=VERTEX_POINT('',#2024);
#2026=CARTESIAN_POINT('',(220.,-90.6,31.2));
#2027=VERTEX_POINT('',#2026);
#2028=CARTESIAN_POINT('',(220.,-65.,31.2));
#2029=DIRECTION('',(-0.,-1.,-0.));
#2030=VECTOR('',#2029,25.6);
#2031=LINE('',#2028,#2030);
#2032=EDGE_CURVE('',#2025,#2027,#2031,.T.);
#2033=ORIENTED_EDGE('',*,*,#2032,.F.);
#2034=CARTESIAN_POINT('',(220.,-65.,8.8));
#2035=VERTEX_POINT('',#2034);
#2036=CARTESIAN_POINT('',(220.,-65.,20.));
#2037=DIRECTION('',(0.,-1.,0.));
#2038=DIRECTION('',(0.,0.,-1.));
#2039=AXIS2_PLACEMENT_3D('',#2036,#2037,#2038);
#2040=CIRCLE('',#2039,11.2);
#2041=EDGE_CURVE('',#2035,#2025,#2040,.T.);
#2042=ORIENTED_EDGE('',*,*,#2041,.F.);
#2043=CARTESIAN_POINT('',(220.,-65.,20.));
#2044=DIRECTION('',(0.,-1.,0.));
#2045=DIRECTION('',(0.,0.,-1.));
#2046=AXIS2_PLACEMENT_3D('',#2043,#2044,#2045);
#2047=CIRCLE('',#2046,11.2);
#2048=EDGE_CURVE('',#2025,#2035,#2047,.T.);
#2049=ORIENTED_EDGE('',*,*,#2048,.F.);
#2050=ORIENTED_EDGE('',*,*,#2032,.T.);
#2051=CARTESIAN_POINT('',(220.,-90.6,8.8));
#2052=VERTEX_POINT('',#2051);
#2053=CARTESIAN_POINT('',(220.,-90.6,20.));
#2054=DIRECTION('',(0.,-1.,0.));
#2055=DIRECTION('',(0.,0.,-1.));
#2056=AXIS2_PLACEMENT_3D('',#2053,#2054,#2055);
#2057=CIRCLE('',#2056,11.2);
#2058=EDGE_CURVE('',#2027,#2052,#2057,.T.);
#2059=ORIENTED_EDGE('',*,*,#2058,.T.);
#2060=CARTESIAN_POINT('',(220.,-90.6,20.));
#2061=DIRECTION('',(0.,-1.,0.));
#2062=DIRECTION('',(0.,0.,-1.));
#2063=AXIS2_PLACEMENT_3D('',#2060,#2061,#2062);
#2064=CIRCLE('',#2063,11.2);
#2065=EDGE_CURVE('',#2052,#2027,#2064,.T.);
#2066=ORIENTED_EDGE('',*,*,#2065,.T.);
#2067=EDGE_LOOP('',(#2033,#2042,#2049,#2050,#2059,#2066));
#2068=FACE_BOUND('',#2067,.T.);
#2069=ADVANCED_FACE('',(#2068),#2023,.F.);
#2070=CARTESIAN_POINT('',(220.,-84.,20.));
#2071=DIRECTION('',(0.,1.,0.));
#2072=DIRECTION('',(0.,-0.,1.));
#2073=AXIS2_PLACEMENT_3D('',#2070,#2071,#2072);
#2074=CYLINDRICAL_SURFACE('',#2073,13.2);
#2075=CARTESIAN_POINT('',(220.,-65.,33.2));
#2076=VERTEX_POINT('',#2075);
#2077=CARTESIAN_POINT('',(220.,-65.,33.2));
#2078=DIRECTION('',(-0.,-1.,-0.));
#2079=VECTOR('',#2078,27.6);
#2080=LINE('',#2077,#2079);
#2081=EDGE_CURVE('',#2076,#1796,#2080,.T.);
#2082=ORIENTED_EDGE('',*,*,#2081,.T.);
#2083=ORIENTED_EDGE('',*,*,#1802,.F.);
#2084=ORIENTED_EDGE('',*,*,#1809,.F.);
#2085=ORIENTED_EDGE('',*,*,#2081,.F.);
#2086=CARTESIAN_POINT('',(220.,-65.,6.8));
#2087=VERTEX_POINT('',#2086);
#2088=CARTESIAN_POINT('',(220.,-65.,20.));
#2089=DIRECTION('',(0.,-1.,0.));
#2090=DIRECTION('',(0.,0.,-1.));
#2091=AXIS2_PLACEMENT_3D('',#2088,#2089,#2090);
#2092=CIRCLE('',#2091,13.2);
#2093=EDGE_CURVE('',#2076,#2087,#2092,.T.);
#2094=ORIENTED_EDGE('',*,*,#2093,.T.);
#2095=CARTESIAN_POINT('',(220.,-65.,20.));
#2096=DIRECTION('',(0.,-1.,0.));
#2097=DIRECTION('',(0.,0.,-1.));
#2098=AXIS2_PLACEMENT_3D('',#2095,#2096,#2097);
#2099=CIRCLE('',#2098,13.2);
#2100=EDGE_CURVE('',#2087,#2076,#2099,.T.);
#2101=ORIENTED_EDGE('',*,*,#2100,.T.);
#2102=EDGE_LOOP('',(#2082,#2083,#2084,#2085,#2094,#2101));
#2103=FACE_BOUND('',#2102,.T.);
#2104=ADVANCED_FACE('',(#2103),#2074,.T.);
#2105=CARTESIAN_POINT('',(0.,-65.,0.));
#2106=DIRECTION('',(0.,-1.,0.));
#2107=DIRECTION('',(1.,0.,0.));
#2108=AXIS2_PLACEMENT_3D('',#2105,#2106,#2107);
#2109=PLANE('',#2108);
#2110=ORIENTED_EDGE('',*,*,#2041,.T.);
#2111=ORIENTED_EDGE('',*,*,#2048,.T.);
#2112=EDGE_LOOP('',(#2110,#2111));
#2113=FACE_BOUND('',#2112,.T.);
#2114=ORIENTED_EDGE('',*,*,#2093,.F.);
#2115=ORIENTED_EDGE('',*,*,#2100,.F.);
#2116=EDGE_LOOP('',(#2114,#2115));
#2117=FACE_BOUND('',#2116,.T.);
#2118=ADVANCED_FACE('',(#2113,#2117),#2109,.F.);
#2119=CARTESIAN_POINT('',(0.,-90.6,0.));
#2120=DIRECTION('',(0.,-1.,0.));
#2121=DIRECTION('',(1.,0.,0.));
#2122=AXIS2_PLACEMENT_3D('',#2119,#2120,#2121);
#2123=PLANE('',#2122);
#2124=ORIENTED_EDGE('',*,*,#2058,.F.);
#2125=ORIENTED_EDGE('',*,*,#2065,.F.);
#2126=EDGE_LOOP('',(#2124,#2125));
#2127=FACE_BOUND('',#2126,.T.);
#2128=ORIENTED_EDGE('',*,*,#2004,.T.);
#2129=ORIENTED_EDGE('',*,*,#2011,.T.);
#2130=EDGE_LOOP('',(#2128,#2129));
#2131=FACE_BOUND('',#2130,.T.);
#2132=ADVANCED_FACE('',(#2127,#2131),#2123,.F.);
#2133=CLOSED_SHELL('',(#1506,#1787,#1816,#1838,#1860,#1877,#1894,#1913,#1930,#1942,#1954,#1983,#2018,#2069,#2104,#2118,#2132));
#2134=MANIFOLD_SOLID_BREP('Body 04 (5)',#2133);
#1231=STYLED_ITEM('',(#193),#2134);
#2136=CARTESIAN_POINT('',(357.,7.,20.));
#2137=DIRECTION('',(0.,-1.,0.));
#2138=DIRECTION('',(0.,0.,-1.));
#2139=AXIS2_PLACEMENT_3D('',#2136,#2137,#2138);
#2140=CYLINDRICAL_SURFACE('',#2139,14.4);
#2141=CARTESIAN_POINT('',(357.,-42.,5.6));
#2142=VERTEX_POINT('',#2141);
#2143=CARTESIAN_POINT('',(357.,-30.,5.6));
#2144=VERTEX_POINT('',#2143);
#2145=CARTESIAN_POINT('',(357.,-42.,5.6));
#2146=DIRECTION('',(-0.,1.,-0.));
#2147=VECTOR('',#2146,12.);
#2148=LINE('',#2145,#2147);
#2149=EDGE_CURVE('',#2142,#2144,#2148,.T.);
#2150=ORIENTED_EDGE('',*,*,#2149,.F.);
#2151=CARTESIAN_POINT('',(358.5,-42.,5.678338085));
#2152=VERTEX_POINT('',#2151);
#2153=CARTESIAN_POINT('',(357.,-42.,20.));
#2154=DIRECTION('',(-0.,-1.,-0.));
#2155=DIRECTION('',(-1.,0.,0.));
#2156=AXIS2_PLACEMENT_3D('',#2153,#2154,#2155);
#2157=CIRCLE('',#2156,14.4);
#2158=EDGE_CURVE('',#2142,#2152,#2157,.T.);
#2159=ORIENTED_EDGE('',*,*,#2158,.T.);
#2160=CARTESIAN_POINT('',(358.5,-60.056329325,5.678338085));
#2161=VERTEX_POINT('',#2160);
#2162=CARTESIAN_POINT('',(358.5,-42.,5.678338085));
#2163=DIRECTION('',(0.,-1.,0.));
#2164=VECTOR('',#2163,18.056329325);
#2165=LINE('',#2162,#2164);
#2166=EDGE_CURVE('',#2152,#2161,#2165,.T.);
#2167=ORIENTED_EDGE('',*,*,#2166,.T.);
#2168=CARTESIAN_POINT('',(358.5,-60.056329325,34.321661915));
#2169=VERTEX_POINT('',#2168);
#2170=CARTESIAN_POINT('',(358.5,-60.056329325,34.321661915));
#2171=CARTESIAN_POINT('',(359.42290113,-60.125742409,34.225000528));
#2172=CARTESIAN_POINT('',(360.311897888,-60.256580934,34.042671373));
#2173=CARTESIAN_POINT('',(361.170804751,-60.439724242,33.782756899));
#2174=CARTESIAN_POINT('',(361.600258182,-60.531295896,33.652799662));
#2175=CARTESIAN_POINT('',(362.022130894,-60.636020804,33.503278885));
#2176=CARTESIAN_POINT('',(362.436598168,-60.753093746,33.334294146));
#2177=CARTESIAN_POINT('',(362.643831805,-60.811630217,33.249801776));
#2178=CARTESIAN_POINT('',(362.849607335,-60.873397567,33.160226137));
#2179=CARTESIAN_POINT('',(363.051405012,-60.937458266,33.066770733));
#2180=CARTESIAN_POINT('',(363.25320269,-61.001518964,32.973315328));
#2181=CARTESIAN_POINT('',(363.451499238,-61.067993134,32.875809188));
#2182=CARTESIAN_POINT('',(363.646451625,-61.136684257,32.774375946));
#2183=CARTESIAN_POINT('',(364.426261171,-61.41144875,32.368642975));
#2184=CARTESIAN_POINT('',(365.153046688,-61.721554245,31.900767523));
#2185=CARTESIAN_POINT('',(365.832643041,-62.056075766,31.372968694));
#2186=CARTESIAN_POINT('',(366.172441217,-62.223336526,31.109069279));
#2187=CARTESIAN_POINT('',(366.501065232,-62.39721469,30.829204623));
#2188=CARTESIAN_POINT('',(366.813179673,-62.572966268,30.538572233));
#2189=CARTESIAN_POINT('',(367.125294114,-62.748717846,30.247939843));
#2190=CARTESIAN_POINT('',(367.422216585,-62.926941277,29.94564851));
#2191=CARTESIAN_POINT('',(367.704822102,-63.106013384,29.631551472));
#2192=CARTESIAN_POINT('',(368.270033136,-63.464157599,29.003357397));
#2193=CARTESIAN_POINT('',(368.77844397,-63.826072358,28.328549097));
#2194=CARTESIAN_POINT('',(369.231348349,-64.176153516,27.599612987));
#2195=CARTESIAN_POINT('',(369.457800539,-64.351194095,27.235144932));
#2196=CARTESIAN_POINT('',(369.668208537,-64.521618798,26.860135932));
#2197=CARTESIAN_POINT('',(369.861626966,-64.684042577,26.475998131));
#2198=CARTESIAN_POINT('',(370.055045395,-64.846466356,26.09186033));
#2199=CARTESIAN_POINT('',(370.231900511,-65.001225677,25.697924836));
#2200=CARTESIAN_POINT('',(370.391926917,-65.145495853,25.293041984));
#2201=CARTESIAN_POINT('',(370.551953324,-65.28976603,24.888159131));
#2202=CARTESIAN_POINT('',(370.695163922,-65.423562209,24.472339923));
#2203=CARTESIAN_POINT('',(370.820530801,-65.543412284,24.043875415));
#2204=CARTESIAN_POINT('',(370.883214241,-65.603337322,23.829643161));
#2205=CARTESIAN_POINT('',(370.941583001,-65.659922565,23.611566018));
#2206=CARTESIAN_POINT('',(370.994850635,-65.712097575,23.39177766));
#2207=CARTESIAN_POINT('',(371.04811827,-65.764272586,23.171989303));
#2208=CARTESIAN_POINT('',(371.096209398,-65.811957128,22.95095688));
#2209=CARTESIAN_POINT('',(371.139113408,-65.854842806,22.728639229));
#2210=CARTESIAN_POINT('',(371.224921428,-65.940614163,22.284003928));
#2211=CARTESIAN_POINT('',(371.290024532,-66.007175291,21.834231404));
#2212=CARTESIAN_POINT('',(371.333824204,-66.052187136,21.378942957));
#2213=CARTESIAN_POINT('',(371.377623876,-66.097198982,20.92365451));
#2214=CARTESIAN_POINT('',(371.400120934,-66.120644211,20.461514003));
#2215=CARTESIAN_POINT('',(371.399999509,-66.120518233,19.996241022));
#2216=CARTESIAN_POINT('',(371.39975666,-66.120266276,19.06569506));
#2217=CARTESIAN_POINT('',(371.310283021,-66.0259152,18.1565835));
#2218=CARTESIAN_POINT('',(371.138120618,-65.853850511,17.26622141));
#2219=CARTESIAN_POINT('',(371.052039417,-65.767818166,16.821040365));
#2220=CARTESIAN_POINT('',(370.944321576,-65.661731751,16.37861125));
#2221=CARTESIAN_POINT('',(370.819026717,-65.541974526,15.950987702));
#2222=CARTESIAN_POINT('',(370.693731858,-65.422217302,15.523364153));
#2223=CARTESIAN_POINT('',(370.550575761,-65.288496782,15.108042726));
#2224=CARTESIAN_POINT('',(370.39052184,-65.144229241,14.703404409));
#2225=CARTESIAN_POINT('',(370.230467919,-64.999961699,14.298766092));
#2226=CARTESIAN_POINT('',(370.053505361,-64.84513496,13.904819669));
#2227=CARTESIAN_POINT('',(369.859849247,-64.682549907,13.520472445));
#2228=CARTESIAN_POINT('',(369.76302119,-64.601257381,13.328298833));
#2229=CARTESIAN_POINT('',(369.662008891,-64.518016343,13.138532657));
#2230=CARTESIAN_POINT('',(369.556778644,-64.433134224,12.951077381));
#2231=CARTESIAN_POINT('',(369.451548397,-64.348252105,12.763622105));
#2232=CARTESIAN_POINT('',(369.341871873,-64.261555316,12.57813385));
#2233=CARTESIAN_POINT('',(369.228740804,-64.174138306,12.396191852));
#2234=CARTESIAN_POINT('',(368.776216527,-63.824470268,11.668423863));
#2235=CARTESIAN_POINT('',(368.267581,-63.462424805,10.99341667));
#2236=CARTESIAN_POINT('',(367.700999997,-63.103592125,10.364202209));
#2237=CARTESIAN_POINT('',(367.417709495,-62.924175785,10.049594978));
#2238=CARTESIAN_POINT('',(367.119814724,-62.745472632,9.746581574));
#2239=CARTESIAN_POINT('',(366.806345555,-62.569119734,9.455068191));
#2240=CARTESIAN_POINT('',(366.649610971,-62.480943285,9.3093115));
#2241=CARTESIAN_POINT('',(366.488939568,-62.393351869,9.166445988));
#2242=CARTESIAN_POINT('',(366.325747784,-62.307334054,9.02774279));
#2243=CARTESIAN_POINT('',(366.162556,-62.221316239,8.889039593));
#2244=CARTESIAN_POINT('',(365.996490023,-62.136667888,8.75416113));
#2245=CARTESIAN_POINT('',(365.827517536,-62.053553718,8.623052512));
#2246=CARTESIAN_POINT('',(365.151627587,-61.721097038,8.098618038));
#2247=CARTESIAN_POINT('',(364.429650548,-61.413095971,7.633875616));
#2248=CARTESIAN_POINT('',(363.656218364,-61.140128391,7.230710392));
#2249=CARTESIAN_POINT('',(363.269502271,-61.003644601,7.02912778));
#2250=CARTESIAN_POINT('',(362.869842227,-60.875930485,6.843063777));
#2251=CARTESIAN_POINT('',(362.455942849,-60.758568462,6.673609355));
#2252=CARTESIAN_POINT('',(362.24899316,-60.699887451,6.588882144));
#2253=CARTESIAN_POINT('',(362.037810633,-60.643643432,6.508096215));
#2254=CARTESIAN_POINT('',(361.825025658,-60.590746346,6.432423673));
#2255=CARTESIAN_POINT('',(361.612240682,-60.53784926,6.35675113));
#2256=CARTESIAN_POINT('',(361.397721937,-60.488235542,6.286097538));
#2257=CARTESIAN_POINT('',(361.181452373,-60.441997647,6.220469672));
#2258=CARTESIAN_POINT('',(360.31637412,-60.257046064,5.957958209));
#2259=CARTESIAN_POINT('',(359.423523413,-60.125789212,5.775064647));
#2260=CARTESIAN_POINT('',(358.5,-60.056329325,5.678338085));
#2261=B_SPLINE_CURVE_WITH_KNOTS('',3,(#2170,#2171,#2172,#2173,#2174,#2175,#2176,#2177,#2178,#2179,#2180,#2181,#2182,#2183,#2184,#2185,#2186,#2187,#2188,#2189,#2190,#2191,#2192,#2193,#2194,#2195,
#2196,#2197,#2198,#2199,#2200,#2201,#2202,#2203,#2204,#2205,#2206,#2207,#2208,#2209,#2210,#2211,#2212,#2213,#2214,#2215,#2216,#2217,#2218,#2219,#2220,
#2221,#2222,#2223,#2224,#2225,#2226,#2227,#2228,#2229,#2230,#2231,#2232,#2233,#2234,#2235,#2236,#2237,#2238,#2239,#2240,#2241,#2242,#2243,#2244,#2245,
#2246,#2247,#2248,#2249,#2250,#2251,#2252,#2253,#2254,#2255,#2256,#2257,#2258,#2259,#2260),.UNSPECIFIED.,.F.,.F.,(4,3,3,3,3,3,3,3,3,3,3,3,3,3,3,3,3,3,3,3,3,3,3,3,3,3,
3,3,3,3,4),(0.,0.002745029,0.004117543,0.0048038,0.005490057,0.008235086,0.0096076,0.010980114,0.013725143,0.015097657,0.016470172,0.017842686,0.018528943,0.0192152,0.020587715,0.021960229,0.024705257,0.026077772,0.027450286,0.0288228,0.029509058,0.030195315,0.032940343,0.034312858,0.034999115,0.035685372,
0.038430401,0.039802915,0.040489172,0.041175429,0.043920458),.UNSPECIFIED.);
#2262=EDGE_CURVE('',#2169,#2161,#2261,.T.);
#2263=ORIENTED_EDGE('',*,*,#2262,.F.);
#2264=CARTESIAN_POINT('',(358.5,-43.,34.321661915));
#2265=VERTEX_POINT('',#2264);
#2266=CARTESIAN_POINT('',(358.5,-60.056329325,34.321661915));
#2267=DIRECTION('',(-0.,1.,-0.));
#2268=VECTOR('',#2267,17.056329325);
#2269=LINE('',#2266,#2268);
#2270=EDGE_CURVE('',#2169,#2265,#2269,.T.);
#2271=ORIENTED_EDGE('',*,*,#2270,.T.);
#2272=CARTESIAN_POINT('',(355.5,-43.,34.321661915));
#2273=VERTEX_POINT('',#2272);
#2274=CARTESIAN_POINT('',(357.,-43.,20.));
#2275=DIRECTION('',(-0.,-1.,-0.));
#2276=DIRECTION('',(-1.,0.,0.));
#2277=AXIS2_PLACEMENT_3D('',#2274,#2275,#2276);
#2278=CIRCLE('',#2277,14.4);
#2279=EDGE_CURVE('',#2265,#2273,#2278,.T.);
#2280=ORIENTED_EDGE('',*,*,#2279,.T.);
#2281=CARTESIAN_POINT('',(355.5,-60.056329325,34.321661915));
#2282=VERTEX_POINT('',#2281);
#2283=CARTESIAN_POINT('',(355.5,-60.056329325,34.321661915));
#2284=DIRECTION('',(-0.,1.,-0.));
#2285=VECTOR('',#2284,17.056329325);
#2286=LINE('',#2283,#2285);
#2287=EDGE_CURVE('',#2282,#2273,#2286,.T.);
#2288=ORIENTED_EDGE('',*,*,#2287,.F.);
#2289=CARTESIAN_POINT('',(355.5,-60.056329325,5.678338085));
#2290=VERTEX_POINT('',#2289);
#2291=CARTESIAN_POINT('',(355.5,-60.056329325,5.678338085));
#2292=CARTESIAN_POINT('',(354.57709887,-60.125742409,5.774999472));
#2293=CARTESIAN_POINT('',(353.688102112,-60.256580934,5.957328627));
#2294=CARTESIAN_POINT('',(352.829195249,-60.439724242,6.217243101));
#2295=CARTESIAN_POINT('',(352.399741818,-60.531295896,6.347200338));
#2296=CARTESIAN_POINT('',(351.977869106,-60.636020804,6.496721115));
#2297=CARTESIAN_POINT('',(351.563401832,-60.753093746,6.665705854));
#2298=CARTESIAN_POINT('',(351.356168195,-60.811630217,6.750198224));
#2299=CARTESIAN_POINT('',(351.150392665,-60.873397567,6.839773863));
#2300=CARTESIAN_POINT('',(350.948594988,-60.937458266,6.933229267));
#2301=CARTESIAN_POINT('',(350.74679731,-61.001518964,7.026684672));
#2302=CARTESIAN_POINT('',(350.548500762,-61.067993134,7.124190812));
#2303=CARTESIAN_POINT('',(350.353548375,-61.136684257,7.225624054));
#2304=CARTESIAN_POINT('',(349.573738829,-61.41144875,7.631357025));
#2305=CARTESIAN_POINT('',(348.846953312,-61.721554245,8.099232477));
#2306=CARTESIAN_POINT('',(348.167356959,-62.056075766,8.627031306));
#2307=CARTESIAN_POINT('',(347.827558783,-62.223336526,8.890930721));
#2308=CARTESIAN_POINT('',(347.498934768,-62.39721469,9.170795377));
#2309=CARTESIAN_POINT('',(347.186820327,-62.572966268,9.461427767));
#2310=CARTESIAN_POINT('',(346.874705886,-62.748717846,9.752060157));
#2311=CARTESIAN_POINT('',(346.577783415,-62.926941277,10.05435149));
#2312=CARTESIAN_POINT('',(346.295177898,-63.106013384,10.368448528));
#2313=CARTESIAN_POINT('',(345.729966864,-63.464157599,10.996642603));
#2314=CARTESIAN_POINT('',(345.22155603,-63.826072358,11.671450903));
#2315=CARTESIAN_POINT('',(344.768651651,-64.176153516,12.400387013));
#2316=CARTESIAN_POINT('',(344.542199461,-64.351194095,12.764855068));
#2317=CARTESIAN_POINT('',(344.331791463,-64.521618798,13.139864068));
#2318=CARTESIAN_POINT('',(344.138373034,-64.684042577,13.524001869));
#2319=CARTESIAN_POINT('',(343.944954605,-64.846466356,13.90813967));
#2320=CARTESIAN_POINT('',(343.768099489,-65.001225677,14.302075164));
#2321=CARTESIAN_POINT('',(343.608073083,-65.145495853,14.706958016));
#2322=CARTESIAN_POINT('',(343.448046676,-65.28976603,15.111840869));
#2323=CARTESIAN_POINT('',(343.304836078,-65.423562209,15.527660077));
#2324=CARTESIAN_POINT('',(343.179469199,-65.543412284,15.956124585));
#2325=CARTESIAN_POINT('',(343.116785759,-65.603337322,16.170356839));
#2326=CARTESIAN_POINT('',(343.058416999,-65.659922565,16.388433982));
#2327=CARTESIAN_POINT('',(343.005149365,-65.712097575,16.60822234));
#2328=CARTESIAN_POINT('',(342.95188173,-65.764272586,16.828010697));
#2329=CARTESIAN_POINT('',(342.903790602,-65.811957128,17.04904312));
#2330=CARTESIAN_POINT('',(342.860886592,-65.854842806,17.271360771));
#2331=CARTESIAN_POINT('',(342.775078572,-65.940614163,17.715996072));
#2332=CARTESIAN_POINT('',(342.709975468,-66.007175291,18.165768596));
#2333=CARTESIAN_POINT('',(342.666175796,-66.052187136,18.621057043));
#2334=CARTESIAN_POINT('',(342.622376124,-66.097198982,19.07634549));
#2335=CARTESIAN_POINT('',(342.599879066,-66.120644211,19.538485997));
#2336=CARTESIAN_POINT('',(342.600000491,-66.120518233,20.003758978));
#2337=CARTESIAN_POINT('',(342.60024334,-66.120266276,20.93430494));
#2338=CARTESIAN_POINT('',(342.689716979,-66.0259152,21.8434165));
#2339=CARTESIAN_POINT('',(342.861879382,-65.853850511,22.73377859));
#2340=CARTESIAN_POINT('',(342.947960583,-65.767818166,23.178959635));
#2341=CARTESIAN_POINT('',(343.055678424,-65.661731751,23.62138875));
#2342=CARTESIAN_POINT('',(343.180973283,-65.541974526,24.049012298));
#2343=CARTESIAN_POINT('',(343.306268142,-65.422217302,24.476635847));
#2344=CARTESIAN_POINT('',(343.449424239,-65.288496782,24.891957274));
#2345=CARTESIAN_POINT('',(343.60947816,-65.144229241,25.296595591));
#2346=CARTESIAN_POINT('',(343.769532081,-64.999961699,25.701233908));
#2347=CARTESIAN_POINT('',(343.946494639,-64.84513496,26.095180331));
#2348=CARTESIAN_POINT('',(344.140150753,-64.682549907,26.479527555));
#2349=CARTESIAN_POINT('',(344.23697881,-64.601257381,26.671701167));
#2350=CARTESIAN_POINT('',(344.337991109,-64.518016343,26.861467343));
#2351=CARTESIAN_POINT('',(344.443221356,-64.433134224,27.048922619));
#2352=CARTESIAN_POINT('',(344.548451603,-64.348252105,27.236377895));
#2353=CARTESIAN_POINT('',(344.658128127,-64.261555316,27.42186615));
#2354=CARTESIAN_POINT('',(344.771259196,-64.174138306,27.603808148));
#2355=CARTESIAN_POINT('',(345.223783473,-63.824470268,28.331576137));
#2356=CARTESIAN_POINT('',(345.732419,-63.462424805,29.00658333));
#2357=CARTESIAN_POINT('',(346.299000003,-63.103592125,29.635797791));
#2358=CARTESIAN_POINT('',(346.582290505,-62.924175785,29.950405022));
#2359=CARTESIAN_POINT('',(346.880185276,-62.745472632,30.253418426));
#2360=CARTESIAN_POINT('',(347.193654445,-62.569119734,30.544931809));
#2361=CARTESIAN_POINT('',(347.350389029,-62.480943285,30.6906885));
#2362=CARTESIAN_POINT('',(347.511060432,-62.393351869,30.833554012));
#2363=CARTESIAN_POINT('',(347.674252216,-62.307334054,30.97225721));
#2364=CARTESIAN_POINT('',(347.837444,-62.221316239,31.110960407));
#2365=CARTESIAN_POINT('',(348.003509977,-62.136667888,31.24583887));
#2366=CARTESIAN_POINT('',(348.172482464,-62.053553718,31.376947488));
#2367=CARTESIAN_POINT('',(348.848372413,-61.721097038,31.901381962));
#2368=CARTESIAN_POINT('',(349.570349452,-61.413095971,32.366124384));
#2369=CARTESIAN_POINT('',(350.343781636,-61.140128391,32.769289608));
#2370=CARTESIAN_POINT('',(350.730497729,-61.003644601,32.97087222));
#2371=CARTESIAN_POINT('',(351.130157773,-60.875930485,33.156936223));
#2372=CARTESIAN_POINT('',(351.544057151,-60.758568462,33.326390645));
#2373=CARTESIAN_POINT('',(351.75100684,-60.699887451,33.411117856));
#2374=CARTESIAN_POINT('',(351.962189367,-60.643643432,33.491903785));
#2375=CARTESIAN_POINT('',(352.174974342,-60.590746346,33.567576327));
#2376=CARTESIAN_POINT('',(352.387759318,-60.53784926,33.64324887));
#2377=CARTESIAN_POINT('',(352.602278063,-60.488235542,33.713902462));
#2378=CARTESIAN_POINT('',(352.818547627,-60.441997647,33.779530328));
#2379=CARTESIAN_POINT('',(353.68362588,-60.257046064,34.042041791));
#2380=CARTESIAN_POINT('',(354.576476587,-60.125789212,34.224935353));
#2381=CARTESIAN_POINT('',(355.5,-60.056329325,34.321661915));
#2382=B_SPLINE_CURVE_WITH_KNOTS('',3,(#2291,#2292,#2293,#2294,#2295,#2296,#2297,#2298,#2299,#2300,#2301,#2302,#2303,#2304,#2305,#2306,#2307,#2308,#2309,#2310,#2311,#2312,#2313,#2314,#2315,#2316,
#2317,#2318,#2319,#2320,#2321,#2322,#2323,#2324,#2325,#2326,#2327,#2328,#2329,#2330,#2331,#2332,#2333,#2334,#2335,#2336,#2337,#2338,#2339,#2340,#2341,
#2342,#2343,#2344,#2345,#2346,#2347,#2348,#2349,#2350,#2351,#2352,#2353,#2354,#2355,#2356,#2357,#2358,#2359,#2360,#2361,#2362,#2363,#2364,#2365,#2366,
#2367,#2368,#2369,#2370,#2371,#2372,#2373,#2374,#2375,#2376,#2377,#2378,#2379,#2380,#2381),.UNSPECIFIED.,.F.,.F.,(4,3,3,3,3,3,3,3,3,3,3,3,3,3,3,3,3,3,3,3,3,3,3,3,3,3,
3,3,3,3,4),(0.,0.002745029,0.004117543,0.0048038,0.005490057,0.008235086,0.0096076,0.010980114,0.013725143,0.015097657,0.016470172,0.017842686,0.018528943,0.0192152,0.020587715,0.021960229,0.024705257,0.026077772,0.027450286,0.0288228,0.029509058,0.030195315,0.032940343,0.034312858,0.034999115,0.035685372,
0.038430401,0.039802915,0.040489172,0.041175429,0.043920458),.UNSPECIFIED.);
#2383=EDGE_CURVE('',#2290,#2282,#2382,.T.);
#2384=ORIENTED_EDGE('',*,*,#2383,.F.);
#2385=CARTESIAN_POINT('',(355.5,-42.,5.678338085));
#2386=VERTEX_POINT('',#2385);
#2387=CARTESIAN_POINT('',(355.5,-42.,5.678338085));
#2388=DIRECTION('',(0.,-1.,0.));
#2389=VECTOR('',#2388,18.056329325);
#2390=LINE('',#2387,#2389);
#2391=EDGE_CURVE('',#2386,#2290,#2390,.T.);
#2392=ORIENTED_EDGE('',*,*,#2391,.F.);
#2393=CARTESIAN_POINT('',(357.,-42.,20.));
#2394=DIRECTION('',(-0.,-1.,-0.));
#2395=DIRECTION('',(-1.,0.,0.));
#2396=AXIS2_PLACEMENT_3D('',#2393,#2394,#2395);
#2397=CIRCLE('',#2396,14.4);
#2398=EDGE_CURVE('',#2386,#2142,#2397,.T.);
#2399=ORIENTED_EDGE('',*,*,#2398,.T.);
#2400=ORIENTED_EDGE('',*,*,#2149,.T.);
#2401=CARTESIAN_POINT('',(357.,-30.,20.));
#2402=DIRECTION('',(0.,-1.,0.));
#2403=DIRECTION('',(0.,0.,-1.));
#2404=AXIS2_PLACEMENT_3D('',#2401,#2402,#2403);
#2405=CIRCLE('',#2404,14.4);
#2406=EDGE_CURVE('',#2144,#2144,#2405,.T.);
#2407=ORIENTED_EDGE('',*,*,#2406,.F.);
#2408=EDGE_LOOP('',(#2150,#2159,#2167,#2263,#2271,#2280,#2288,#2384,#2392,#2399,#2400,#2407));
#2409=FACE_BOUND('',#2408,.T.);
#2410=ADVANCED_FACE('',(#2409),#2140,.F.);
#2411=CARTESIAN_POINT('',(357.,7.,20.));
#2412=DIRECTION('',(0.,-1.,0.));
#2413=DIRECTION('',(0.,0.,-1.));
#2414=AXIS2_PLACEMENT_3D('',#2411,#2412,#2413);
#2415=CYLINDRICAL_SURFACE('',#2414,16.);
#2416=CARTESIAN_POINT('',(357.,-42.,4.));
#2417=VERTEX_POINT('',#2416);
#2418=CARTESIAN_POINT('',(357.,-30.,4.));
#2419=VERTEX_POINT('',#2418);
#2420=CARTESIAN_POINT('',(357.,-42.,4.));
#2421=DIRECTION('',(-0.,1.,-0.));
#2422=VECTOR('',#2421,12.);
#2423=LINE('',#2420,#2422);
#2424=EDGE_CURVE('',#2417,#2419,#2423,.T.);
#2425=ORIENTED_EDGE('',*,*,#2424,.T.);
#2426=CARTESIAN_POINT('',(357.,-30.,20.));
#2427=DIRECTION('',(0.,-1.,0.));
#2428=DIRECTION('',(0.,0.,-1.));
#2429=AXIS2_PLACEMENT_3D('',#2426,#2427,#2428);
#2430=CIRCLE('',#2429,16.);
#2431=EDGE_CURVE('',#2419,#2419,#2430,.T.);
#2432=ORIENTED_EDGE('',*,*,#2431,.T.);
#2433=ORIENTED_EDGE('',*,*,#2424,.F.);
#2434=CARTESIAN_POINT('',(355.5,-42.,4.070467678));
#2435=VERTEX_POINT('',#2434);
#2436=CARTESIAN_POINT('',(357.,-42.,20.));
#2437=DIRECTION('',(-0.,-1.,-0.));
#2438=DIRECTION('',(-1.,0.,0.));
#2439=AXIS2_PLACEMENT_3D('',#2436,#2437,#2438);
#2440=CIRCLE('',#2439,16.);
#2441=EDGE_CURVE('',#2435,#2417,#2440,.T.);
#2442=ORIENTED_EDGE('',*,*,#2441,.F.);
#2443=CARTESIAN_POINT('',(355.5,-60.056329325,4.070467678));
#2444=VERTEX_POINT('',#2443);
#2445=CARTESIAN_POINT('',(355.5,-42.,4.070467678));
#2446=DIRECTION('',(0.,-1.,0.));
#2447=VECTOR('',#2446,18.056329325);
#2448=LINE('',#2445,#2447);
#2449=EDGE_CURVE('',#2435,#2444,#2448,.T.);
#2450=ORIENTED_EDGE('',*,*,#2449,.T.);
#2451=CARTESIAN_POINT('',(355.5,-60.056329325,35.929532322));
#2452=VERTEX_POINT('',#2451);
#2453=CARTESIAN_POINT('',(355.5,-60.056329325,4.070467678));
#2454=CARTESIAN_POINT('',(354.448622285,-60.135405368,4.169470369));
#2455=CARTESIAN_POINT('',(353.43754793,-60.294355737,4.36849249));
#2456=CARTESIAN_POINT('',(352.461938468,-60.521653111,4.657053818));
#2457=CARTESIAN_POINT('',(351.974133738,-60.635301798,4.801334482));
#2458=CARTESIAN_POINT('',(351.495270091,-60.766158802,4.96820684));
#2459=CARTESIAN_POINT('',(351.025123013,-60.913333319,5.157465008));
#2460=CARTESIAN_POINT('',(350.790049473,-60.986920578,5.252094092));
#2461=CARTESIAN_POINT('',(350.558007472,-61.064348048,5.352019854));
#2462=CARTESIAN_POINT('',(350.330607457,-61.144783133,5.456300226));
#2463=CARTESIAN_POINT('',(350.103207442,-61.225218218,5.560580599));
#2464=CARTESIAN_POINT('',(349.879898458,-61.308831186,5.669433374));
#2465=CARTESIAN_POINT('',(349.660486258,-61.395389334,5.782702857));
#2466=CARTESIAN_POINT('',(348.782837461,-61.741621924,6.235780792));
#2467=CARTESIAN_POINT('',(347.966962589,-62.134754042,6.758716417));
#2468=CARTESIAN_POINT('',(347.205489819,-62.562466622,7.34821869));
#2469=CARTESIAN_POINT('',(347.015121627,-62.669394767,7.495594258));
#2470=CARTESIAN_POINT('',(346.828310831,-62.77844436,7.647116817));
#2471=CARTESIAN_POINT('',(346.64633004,-62.888555924,7.801577219));
#2472=CARTESIAN_POINT('',(346.464349249,-62.998667488,7.95603762));
#2473=CARTESIAN_POINT('',(346.28679906,-63.110062341,8.113735354));
#2474=CARTESIAN_POINT('',(346.113491705,-63.222516961,8.274645543));
#2475=CARTESIAN_POINT('',(345.766876995,-63.4474262,8.596465921));
#2476=CARTESIAN_POINT('',(345.437193333,-63.676592557,8.931086941));
#2477=CARTESIAN_POINT('',(345.123373937,-63.90820851,9.278724266));
#2478=CARTESIAN_POINT('',(344.809554541,-64.139824463,9.626361591));
#2479=CARTESIAN_POINT('',(344.511601242,-64.373908128,9.987004879));
#2480=CARTESIAN_POINT('',(344.228965239,-64.608422072,10.361500577));
#2481=CARTESIAN_POINT('',(343.946329235,-64.842936015,10.735996275));
#2482=CARTESIAN_POINT('',(343.678116771,-65.078768969,11.125874295));
#2483=CARTESIAN_POINT('',(343.428222783,-65.309633661,11.526106965));
#2484=CARTESIAN_POINT('',(342.928434807,-65.771363046,12.326572305));
#2485=CARTESIAN_POINT('',(342.49941142,-66.215241177,13.168702393));
#2486=CARTESIAN_POINT('',(342.141046798,-66.613009683,14.066071306));
#2487=CARTESIAN_POINT('',(341.961864488,-66.811893936,14.514755762));
#2488=CARTESIAN_POINT('',(341.800515809,-66.999048134,14.977426545));
#2489=CARTESIAN_POINT('',(341.658399995,-67.168970841,15.457389596));
#2490=CARTESIAN_POINT('',(341.516284181,-67.338893548,15.937352647));
#2491=CARTESIAN_POINT('',(341.395559595,-67.488952219,16.427865334));
#2492=CARTESIAN_POINT('',(341.297871368,-67.612782539,16.927028077));
#2493=CARTESIAN_POINT('',(341.200183142,-67.736612858,17.42619082));
#2494=CARTESIAN_POINT('',(341.125211185,-67.834555685,17.935029481));
#2495=CARTESIAN_POINT('',(341.074759119,-67.90096273,18.455104254));
#2496=CARTESIAN_POINT('',(341.049533086,-67.934166252,18.71514164));
#2497=CARTESIAN_POINT('',(341.030416134,-67.959534099,18.979281365));
#2498=CARTESIAN_POINT('',(341.017938044,-67.976119776,19.242573009));
#2499=CARTESIAN_POINT('',(341.005459955,-67.992705453,19.505864652));
#2500=CARTESIAN_POINT('',(340.999539356,-68.000614189,19.768296235));
#2501=CARTESIAN_POINT('',(341.000027905,-67.999962794,20.029882221));
#2502=CARTESIAN_POINT('',(341.001005003,-67.998660003,20.553054193));
#2503=CARTESIAN_POINT('',(341.027570315,-67.963025722,21.072840393));
#2504=CARTESIAN_POINT('',(341.079139554,-67.895199189,21.589403241));
#2505=CARTESIAN_POINT('',(341.104924174,-67.861285923,21.847684666));
#2506=CARTESIAN_POINT('',(341.13697205,-67.81934839,22.105161156));
#2507=CARTESIAN_POINT('',(341.175284178,-67.769776406,22.361857144));
#2508=CARTESIAN_POINT('',(341.213596307,-67.720204421,22.618553131));
#2509=CARTESIAN_POINT('',(341.258120325,-67.663076208,22.873743378));
#2510=CARTESIAN_POINT('',(341.307969144,-67.599993241,23.124126698));
#2511=CARTESIAN_POINT('',(341.507364423,-67.347661374,24.125659979));
#2512=CARTESIAN_POINT('',(341.792801725,-66.998708782,25.068007642));
#2513=CARTESIAN_POINT('',(342.155202971,-66.597313659,25.969254657));
#2514=CARTESIAN_POINT('',(342.245803282,-66.496964878,26.194566411));
#2515=CARTESIAN_POINT('',(342.341532227,-66.392993969,26.417747321));
#2516=CARTESIAN_POINT('',(342.441573809,-66.286786414,26.63718516));
#2517=CARTESIAN_POINT('',(342.541615391,-66.180578859,26.856622999));
#2518=CARTESIAN_POINT('',(342.645801453,-66.072302104,27.072023994));
#2519=CARTESIAN_POINT('',(342.754046856,-65.962449678,27.283736612));
#2520=CARTESIAN_POINT('',(342.970537663,-65.742744828,27.707161847));
#2521=CARTESIAN_POINT('',(343.203225991,-65.516789371,28.115891324));
#2522=CARTESIAN_POINT('',(343.45199337,-65.287708664,28.511845648));
#2523=CARTESIAN_POINT('',(343.949528126,-64.829547252,29.303754297));
#2524=CARTESIAN_POINT('',(344.51081494,-64.359187081,30.045123943));
#2525=CARTESIAN_POINT('',(345.142185189,-63.894341743,30.742077448));
#2526=CARTESIAN_POINT('',(345.457870313,-63.661919074,31.090554201));
#2527=CARTESIAN_POINT('',(345.792454909,-63.430084576,31.428678604));
#2528=CARTESIAN_POINT('',(346.139853075,-63.205441097,31.749774839));
#2529=CARTESIAN_POINT('',(346.48725124,-62.980797618,32.070871073));
#2530=CARTESIAN_POINT('',(346.84858366,-62.76241355,32.376356181));
#2531=CARTESIAN_POINT('',(347.224469787,-62.55181932,32.66645211));
#2532=CARTESIAN_POINT('',(347.976242041,-62.130630858,33.246643968));
#2533=CARTESIAN_POINT('',(348.785674628,-61.740351578,33.765899545));
#2534=CARTESIAN_POINT('',(349.663271634,-61.394290745,34.218734715));
#2535=CARTESIAN_POINT('',(349.882670885,-61.307775537,34.331943507));
#2536=CARTESIAN_POINT('',(350.106376024,-61.224042794,34.440948698));
#2537=CARTESIAN_POINT('',(350.334653436,-61.143352494,34.545554482));
#2538=CARTESIAN_POINT('',(350.562930848,-61.062662194,34.650160266));
#2539=CARTESIAN_POINT('',(350.795695265,-60.98508899,34.750266016));
#2540=CARTESIAN_POINT('',(351.029939473,-60.911826245,34.844472955));
#2541=CARTESIAN_POINT('',(351.498427887,-60.765300755,35.032886832));
#2542=CARTESIAN_POINT('',(351.97594878,-60.634856818,35.199231238));
#2543=CARTESIAN_POINT('',(352.462780052,-60.521457058,35.343195076));
#2544=CARTESIAN_POINT('',(353.436442596,-60.294657537,35.631122752));
#2545=CARTESIAN_POINT('',(354.447021185,-60.13552579,35.830378864));
#2546=CARTESIAN_POINT('',(355.5,-60.056329325,35.929532322));
#2547=B_SPLINE_CURVE_WITH_KNOTS('',3,(#2453,#2454,#2455,#2456,#2457,#2458,#2459,#2460,#2461,#2462,#2463,#2464,#2465,#2466,#2467,#2468,#2469,#2470,#2471,#2472,#2473,#2474,#2475,#2476,#2477,#2478,
#2479,#2480,#2481,#2482,#2483,#2484,#2485,#2486,#2487,#2488,#2489,#2490,#2491,#2492,#2493,#2494,#2495,#2496,#2497,#2498,#2499,#2500,#2501,#2502,#2503,
#2504,#2505,#2506,#2507,#2508,#2509,#2510,#2511,#2512,#2513,#2514,#2515,#2516,#2517,#2518,#2519,#2520,#2521,#2522,#2523,#2524,#2525,#2526,#2527,#2528,
#2529,#2530,#2531,#2532,#2533,#2534,#2535,#2536,#2537,#2538,#2539,#2540,#2541,#2542,#2543,#2544,#2545,#2546),.UNSPECIFIED.,.F.,.F.,(4,3,3,3,3,3,3,3,3,3,3,3,3,3,3,3,3,3,3,3,3,3,3,3,3,3,
3,3,3,3,3,4),(0.,0.003122676,0.004684013,0.005464682,0.006245351,0.009368027,0.010148696,0.010929365,0.012490702,0.01405204,0.015613378,0.018736054,0.020297391,0.021858729,0.023420067,0.024200736,0.024981405,0.026542743,0.027323412,0.02810408,0.031226756,0.032007425,0.032788094,0.034349432,0.037472107,0.039033445,
0.040594783,0.043717458,0.044498127,0.045278796,0.046840134,0.04996281),.UNSPECIFIED.);
#2548=EDGE_CURVE('',#2444,#2452,#2547,.T.);
#2549=ORIENTED_EDGE('',*,*,#2548,.T.);
#2550=CARTESIAN_POINT('',(355.5,-43.,35.929532322));
#2551=VERTEX_POINT('',#2550);
#2552=CARTESIAN_POINT('',(355.5,-60.056329325,35.929532322));
#2553=DIRECTION('',(-0.,1.,-0.));
#2554=VECTOR('',#2553,17.056329325);
#2555=LINE('',#2552,#2554);
#2556=EDGE_CURVE('',#2452,#2551,#2555,.T.);
#2557=ORIENTED_EDGE('',*,*,#2556,.T.);
#2558=CARTESIAN_POINT('',(358.5,-43.,35.929532322));
#2559=VERTEX_POINT('',#2558);
#2560=CARTESIAN_POINT('',(357.,-43.,20.));
#2561=DIRECTION('',(-0.,-1.,-0.));
#2562=DIRECTION('',(-1.,0.,0.));
#2563=AXIS2_PLACEMENT_3D('',#2560,#2561,#2562);
#2564=CIRCLE('',#2563,16.);
#2565=EDGE_CURVE('',#2559,#2551,#2564,.T.);
#2566=ORIENTED_EDGE('',*,*,#2565,.F.);
#2567=CARTESIAN_POINT('',(358.5,-60.056329325,35.929532322));
#2568=VERTEX_POINT('',#2567);
#2569=CARTESIAN_POINT('',(358.5,-60.056329325,35.929532322));
#2570=DIRECTION('',(-0.,1.,-0.));
#2571=VECTOR('',#2570,17.056329325);
#2572=LINE('',#2569,#2571);
#2573=EDGE_CURVE('',#2568,#2559,#2572,.T.);
#2574=ORIENTED_EDGE('',*,*,#2573,.F.);
#2575=CARTESIAN_POINT('',(358.5,-60.056329325,4.070467678));
#2576=VERTEX_POINT('',#2575);
#2577=CARTESIAN_POINT('',(358.5,-60.056329325,35.929532322));
#2578=CARTESIAN_POINT('',(359.551377715,-60.135405368,35.830529631));
#2579=CARTESIAN_POINT('',(360.56245207,-60.294355737,35.63150751));
#2580=CARTESIAN_POINT('',(361.538061532,-60.521653111,35.342946182));
#2581=CARTESIAN_POINT('',(362.025866262,-60.635301798,35.198665518));
#2582=CARTESIAN_POINT('',(362.504729909,-60.766158802,35.03179316));
#2583=CARTESIAN_POINT('',(362.974876987,-60.913333319,34.842534992));
#2584=CARTESIAN_POINT('',(363.209950527,-60.986920578,34.747905908));
#2585=CARTESIAN_POINT('',(363.441992528,-61.064348048,34.647980146));
#2586=CARTESIAN_POINT('',(363.669392543,-61.144783133,34.543699774));
#2587=CARTESIAN_POINT('',(363.896792558,-61.225218218,34.439419401));
#2588=CARTESIAN_POINT('',(364.120101542,-61.308831186,34.330566626));
#2589=CARTESIAN_POINT('',(364.339513742,-61.395389334,34.217297143));
#2590=CARTESIAN_POINT('',(365.217162539,-61.741621924,33.764219208));
#2591=CARTESIAN_POINT('',(366.033037411,-62.134754042,33.241283583));
#2592=CARTESIAN_POINT('',(366.794510181,-62.562466622,32.65178131));
#2593=CARTESIAN_POINT('',(366.984878373,-62.669394767,32.504405742));
#2594=CARTESIAN_POINT('',(367.171689169,-62.77844436,32.352883183));
#2595=CARTESIAN_POINT('',(367.35366996,-62.888555924,32.198422781));
#2596=CARTESIAN_POINT('',(367.535650751,-62.998667488,32.04396238));
#2597=CARTESIAN_POINT('',(367.71320094,-63.110062341,31.886264646));
#2598=CARTESIAN_POINT('',(367.886508295,-63.222516961,31.725354457));
#2599=CARTESIAN_POINT('',(368.233123005,-63.4474262,31.403534079));
#2600=CARTESIAN_POINT('',(368.562806667,-63.676592557,31.068913059));
#2601=CARTESIAN_POINT('',(368.876626063,-63.90820851,30.721275734));
#2602=CARTESIAN_POINT('',(369.190445459,-64.139824463,30.373638409));
#2603=CARTESIAN_POINT('',(369.488398758,-64.373908128,30.012995121));
#2604=CARTESIAN_POINT('',(369.771034761,-64.608422072,29.638499423));
#2605=CARTESIAN_POINT('',(370.053670765,-64.842936015,29.264003725));
#2606=CARTESIAN_POINT('',(370.321883229,-65.078768969,28.874125705));
#2607=CARTESIAN_POINT('',(370.571777217,-65.309633661,28.473893035));
#2608=CARTESIAN_POINT('',(371.071565193,-65.771363046,27.673427695));
#2609=CARTESIAN_POINT('',(371.50058858,-66.215241177,26.831297607));
#2610=CARTESIAN_POINT('',(371.858953202,-66.613009683,25.933928694));
#2611=CARTESIAN_POINT('',(372.038135512,-66.811893936,25.485244238));
#2612=CARTESIAN_POINT('',(372.199484191,-66.999048134,25.022573455));
#2613=CARTESIAN_POINT('',(372.341600005,-67.168970841,24.542610404));
#2614=CARTESIAN_POINT('',(372.483715819,-67.338893548,24.062647353));
#2615=CARTESIAN_POINT('',(372.604440405,-67.488952219,23.572134666));
#2616=CARTESIAN_POINT('',(372.702128632,-67.612782539,23.072971923));
#2617=CARTESIAN_POINT('',(372.799816858,-67.736612858,22.57380918));
#2618=CARTESIAN_POINT('',(372.874788815,-67.834555685,22.064970519));
#2619=CARTESIAN_POINT('',(372.925240881,-67.90096273,21.544895746));
#2620=CARTESIAN_POINT('',(372.950466914,-67.934166252,21.28485836));
#2621=CARTESIAN_POINT('',(372.969583866,-67.959534099,21.020718635));
#2622=CARTESIAN_POINT('',(372.982061956,-67.976119776,20.757426991));
#2623=CARTESIAN_POINT('',(372.994540045,-67.992705453,20.494135348));
#2624=CARTESIAN_POINT('',(373.000460644,-68.000614189,20.231703765));
#2625=CARTESIAN_POINT('',(372.999972095,-67.999962794,19.970117779));
#2626=CARTESIAN_POINT('',(372.998994997,-67.998660003,19.446945807));
#2627=CARTESIAN_POINT('',(372.972429685,-67.963025722,18.927159607));
#2628=CARTESIAN_POINT('',(372.920860446,-67.895199189,18.410596759));
#2629=CARTESIAN_POINT('',(372.895075826,-67.861285923,18.152315334));
#2630=CARTESIAN_POINT('',(372.86302795,-67.81934839,17.894838844));
#2631=CARTESIAN_POINT('',(372.824715822,-67.769776406,17.638142856));
#2632=CARTESIAN_POINT('',(372.786403693,-67.720204421,17.381446869));
#2633=CARTESIAN_POINT('',(372.741879675,-67.663076208,17.126256622));
#2634=CARTESIAN_POINT('',(372.692030856,-67.599993241,16.875873302));
#2635=CARTESIAN_POINT('',(372.492635577,-67.347661374,15.874340021));
#2636=CARTESIAN_POINT('',(372.207198275,-66.998708782,14.931992358));
#2637=CARTESIAN_POINT('',(371.844797029,-66.597313659,14.030745343));
#2638=CARTESIAN_POINT('',(371.754196718,-66.496964878,13.805433589));
#2639=CARTESIAN_POINT('',(371.658467773,-66.392993969,13.582252679));
#2640=CARTESIAN_POINT('',(371.558426191,-66.286786414,13.36281484));
#2641=CARTESIAN_POINT('',(371.458384609,-66.180578859,13.143377001));
#2642=CARTESIAN_POINT('',(371.354198547,-66.072302104,12.927976006));
#2643=CARTESIAN_POINT('',(371.245953144,-65.962449678,12.716263388));
#2644=CARTESIAN_POINT('',(371.029462337,-65.742744828,12.292838153));
#2645=CARTESIAN_POINT('',(370.796774009,-65.516789371,11.884108676));
#2646=CARTESIAN_POINT('',(370.54800663,-65.287708664,11.488154352));
#2647=CARTESIAN_POINT('',(370.050471874,-64.829547252,10.696245703));
#2648=CARTESIAN_POINT('',(369.48918506,-64.359187081,9.954876057));
#2649=CARTESIAN_POINT('',(368.857814811,-63.894341743,9.257922552));
#2650=CARTESIAN_POINT('',(368.542129687,-63.661919074,8.909445799));
#2651=CARTESIAN_POINT('',(368.207545091,-63.430084576,8.571321396));
#2652=CARTESIAN_POINT('',(367.860146925,-63.205441097,8.250225161));
#2653=CARTESIAN_POINT('',(367.51274876,-62.980797618,7.929128927));
#2654=CARTESIAN_POINT('',(367.15141634,-62.76241355,7.623643819));
#2655=CARTESIAN_POINT('',(366.775530213,-62.55181932,7.33354789));
#2656=CARTESIAN_POINT('',(366.023757959,-62.130630858,6.753356032));
#2657=CARTESIAN_POINT('',(365.214325372,-61.740351578,6.234100455));
#2658=CARTESIAN_POINT('',(364.336728366,-61.394290745,5.781265285));
#2659=CARTESIAN_POINT('',(364.117329115,-61.307775537,5.668056493));
#2660=CARTESIAN_POINT('',(363.893623976,-61.224042794,5.559051302));
#2661=CARTESIAN_POINT('',(363.665346564,-61.143352494,5.454445518));
#2662=CARTESIAN_POINT('',(363.437069152,-61.062662194,5.349839734));
#2663=CARTESIAN_POINT('',(363.204304735,-60.98508899,5.249733984));
#2664=CARTESIAN_POINT('',(362.970060527,-60.911826245,5.155527045));
#2665=CARTESIAN_POINT('',(362.501572113,-60.765300755,4.967113168));
#2666=CARTESIAN_POINT('',(362.02405122,-60.634856818,4.800768762));
#2667=CARTESIAN_POINT('',(361.537219948,-60.521457058,4.656804924));
#2668=CARTESIAN_POINT('',(360.563557404,-60.294657537,4.368877248));
#2669=CARTESIAN_POINT('',(359.552978815,-60.13552579,4.169621136));
#2670=CARTESIAN_POINT('',(358.5,-60.056329325,4.070467678));
#2671=B_SPLINE_CURVE_WITH_KNOTS('',3,(#2577,#2578,#2579,#2580,#2581,#2582,#2583,#2584,#2585,#2586,#2587,#2588,#2589,#2590,#2591,#2592,#2593,#2594,#2595,#2596,#2597,#2598,#2599,#2600,#2601,#2602,
#2603,#2604,#2605,#2606,#2607,#2608,#2609,#2610,#2611,#2612,#2613,#2614,#2615,#2616,#2617,#2618,#2619,#2620,#2621,#2622,#2623,#2624,#2625,#2626,#2627,
#2628,#2629,#2630,#2631,#2632,#2633,#2634,#2635,#2636,#2637,#2638,#2639,#2640,#2641,#2642,#2643,#2644,#2645,#2646,#2647,#2648,#2649,#2650,#2651,#2652,
#2653,#2654,#2655,#2656,#2657,#2658,#2659,#2660,#2661,#2662,#2663,#2664,#2665,#2666,#2667,#2668,#2669,#2670),.UNSPECIFIED.,.F.,.F.,(4,3,3,3,3,3,3,3,3,3,3,3,3,3,3,3,3,3,3,3,3,3,3,3,3,3,
3,3,3,3,3,4),(0.,0.003122676,0.004684013,0.005464682,0.006245351,0.009368027,0.010148696,0.010929365,0.012490702,0.01405204,0.015613378,0.018736054,0.020297391,0.021858729,0.023420067,0.024200736,0.024981405,0.026542743,0.027323412,0.02810408,0.031226756,0.032007425,0.032788094,0.034349432,0.037472107,0.039033445,
0.040594783,0.043717458,0.044498127,0.045278796,0.046840134,0.04996281),.UNSPECIFIED.);
#2672=EDGE_CURVE('',#2568,#2576,#2671,.T.);
#2673=ORIENTED_EDGE('',*,*,#2672,.T.);
#2674=CARTESIAN_POINT('',(358.5,-42.,4.070467678));
#2675=VERTEX_POINT('',#2674);
#2676=CARTESIAN_POINT('',(358.5,-42.,4.070467678));
#2677=DIRECTION('',(0.,-1.,0.));
#2678=VECTOR('',#2677,18.056329325);
#2679=LINE('',#2676,#2678);
#2680=EDGE_CURVE('',#2675,#2576,#2679,.T.);
#2681=ORIENTED_EDGE('',*,*,#2680,.F.);
#2682=CARTESIAN_POINT('',(357.,-42.,20.));
#2683=DIRECTION('',(-0.,-1.,-0.));
#2684=DIRECTION('',(-1.,0.,0.));
#2685=AXIS2_PLACEMENT_3D('',#2682,#2683,#2684);
#2686=CIRCLE('',#2685,16.);
#2687=EDGE_CURVE('',#2417,#2675,#2686,.T.);
#2688=ORIENTED_EDGE('',*,*,#2687,.F.);
#2689=EDGE_LOOP('',(#2425,#2432,#2433,#2442,#2450,#2549,#2557,#2566,#2574,#2673,#2681,#2688));
#2690=FACE_BOUND('',#2689,.T.);
#2691=ADVANCED_FACE('',(#2690),#2415,.T.);
#2692=CARTESIAN_POINT('',(137.,-30.,0.));
#2693=DIRECTION('',(0.,-1.,0.));
#2694=DIRECTION('',(1.,0.,0.));
#2695=AXIS2_PLACEMENT_3D('',#2692,#2693,#2694);
#2696=PLANE('',#2695);
#2697=ORIENTED_EDGE('',*,*,#2406,.T.);
#2698=EDGE_LOOP('',(#2697));
#2699=FACE_BOUND('',#2698,.T.);
#2700=ORIENTED_EDGE('',*,*,#2431,.F.);
#2701=EDGE_LOOP('',(#2700));
#2702=FACE_BOUND('',#2701,.T.);
#2703=ADVANCED_FACE('',(#2699,#2702),#2696,.F.);
#2704=CARTESIAN_POINT('',(357.,-80.,43.));
#2705=DIRECTION('',(0.,0.,-1.));
#2706=DIRECTION('',(-1.,0.,0.));
#2707=AXIS2_PLACEMENT_3D('',#2704,#2705,#2706);
#2708=CYLINDRICAL_SURFACE('',#2707,20.);
#2709=ORIENTED_EDGE('',*,*,#2383,.T.);
#2710=CARTESIAN_POINT('',(355.5,-60.056329325,35.929532322));
#2711=DIRECTION('',(0.,0.,-1.));
#2712=VECTOR('',#2711,1.607870407);
#2713=LINE('',#2710,#2712);
#2714=EDGE_CURVE('',#2452,#2282,#2713,.T.);
#2715=ORIENTED_EDGE('',*,*,#2714,.F.);
#2716=ORIENTED_EDGE('',*,*,#2548,.F.);
#2717=CARTESIAN_POINT('',(355.5,-60.056329325,5.678338085));
#2718=DIRECTION('',(0.,0.,-1.));
#2719=VECTOR('',#2718,1.607870407);
#2720=LINE('',#2717,#2719);
#2721=EDGE_CURVE('',#2290,#2444,#2720,.T.);
#2722=ORIENTED_EDGE('',*,*,#2721,.F.);
#2723=EDGE_LOOP('',(#2709,#2715,#2716,#2722));
#2724=FACE_BOUND('',#2723,.T.);
#2725=ADVANCED_FACE('',(#2724),#2708,.F.);
#2726=CARTESIAN_POINT('',(357.,-80.,43.));
#2727=DIRECTION('',(0.,0.,-1.));
#2728=DIRECTION('',(-1.,0.,0.));
#2729=AXIS2_PLACEMENT_3D('',#2726,#2727,#2728);
#2730=CYLINDRICAL_SURFACE('',#2729,20.);
#2731=ORIENTED_EDGE('',*,*,#2262,.T.);
#2732=CARTESIAN_POINT('',(358.5,-60.056329325,5.678338085));
#2733=DIRECTION('',(0.,0.,-1.));
#2734=VECTOR('',#2733,1.607870407);
#2735=LINE('',#2732,#2734);
#2736=EDGE_CURVE('',#2161,#2576,#2735,.T.);
#2737=ORIENTED_EDGE('',*,*,#2736,.T.);
#2738=ORIENTED_EDGE('',*,*,#2672,.F.);
#2739=CARTESIAN_POINT('',(358.5,-60.056329325,35.929532322));
#2740=DIRECTION('',(0.,0.,-1.));
#2741=VECTOR('',#2740,1.607870407);
#2742=LINE('',#2739,#2741);
#2743=EDGE_CURVE('',#2568,#2169,#2742,.T.);
#2744=ORIENTED_EDGE('',*,*,#2743,.T.);
#2745=EDGE_LOOP('',(#2731,#2737,#2738,#2744));
#2746=FACE_BOUND('',#2745,.T.);
#2747=ADVANCED_FACE('',(#2746),#2730,.F.);
#2748=CARTESIAN_POINT('',(358.5,-51.028164662,43.));
#2749=DIRECTION('',(1.,0.,0.));
#2750=DIRECTION('',(0.,0.,-1.));
#2751=AXIS2_PLACEMENT_3D('',#2748,#2749,#2750);
#2752=PLANE('',#2751);
#2753=ORIENTED_EDGE('',*,*,#2743,.F.);
#2754=ORIENTED_EDGE('',*,*,#2573,.T.);
#2755=CARTESIAN_POINT('',(358.5,-43.,35.929532322));
#2756=DIRECTION('',(0.,0.,-1.));
#2757=VECTOR('',#2756,1.607870407);
#2758=LINE('',#2755,#2757);
#2759=EDGE_CURVE('',#2559,#2265,#2758,.T.);
#2760=ORIENTED_EDGE('',*,*,#2759,.T.);
#2761=ORIENTED_EDGE('',*,*,#2270,.F.);
#2762=EDGE_LOOP('',(#2753,#2754,#2760,#2761));
#2763=FACE_BOUND('',#2762,.T.);
#2764=ADVANCED_FACE('',(#2763),#2752,.F.);
#2765=CARTESIAN_POINT('',(358.5,-51.028164662,43.));
#2766=DIRECTION('',(1.,0.,0.));
#2767=DIRECTION('',(0.,0.,-1.));
#2768=AXIS2_PLACEMENT_3D('',#2765,#2766,#2767);
#2769=PLANE('',#2768);
#2770=CARTESIAN_POINT('',(358.5,-42.,5.678338085));
#2771=DIRECTION('',(0.,0.,-1.));
#2772=VECTOR('',#2771,1.607870407);
#2773=LINE('',#2770,#2772);
#2774=EDGE_CURVE('',#2152,#2675,#2773,.T.);
#2775=ORIENTED_EDGE('',*,*,#2774,.T.);
#2776=ORIENTED_EDGE('',*,*,#2680,.T.);
#2777=ORIENTED_EDGE('',*,*,#2736,.F.);
#2778=ORIENTED_EDGE('',*,*,#2166,.F.);
#2779=EDGE_LOOP('',(#2775,#2776,#2777,#2778));
#2780=FACE_BOUND('',#2779,.T.);
#2781=ADVANCED_FACE('',(#2780),#2769,.F.);
#2782=CARTESIAN_POINT('',(357.75,-42.,43.));
#2783=DIRECTION('',(0.,1.,0.));
#2784=DIRECTION('',(-1.,0.,0.));
#2785=AXIS2_PLACEMENT_3D('',#2782,#2783,#2784);
#2786=PLANE('',#2785);
#2787=CARTESIAN_POINT('',(355.5,-42.,5.678338085));
#2788=DIRECTION('',(0.,0.,-1.));
#2789=VECTOR('',#2788,1.607870407);
#2790=LINE('',#2787,#2789);
#2791=EDGE_CURVE('',#2386,#2435,#2790,.T.);
#2792=ORIENTED_EDGE('',*,*,#2791,.T.);
#2793=ORIENTED_EDGE('',*,*,#2441,.T.);
#2794=ORIENTED_EDGE('',*,*,#2687,.T.);
#2795=ORIENTED_EDGE('',*,*,#2774,.F.);
#2796=ORIENTED_EDGE('',*,*,#2158,.F.);
#2797=ORIENTED_EDGE('',*,*,#2398,.F.);
#2798=EDGE_LOOP('',(#2792,#2793,#2794,#2795,#2796,#2797));
#2799=FACE_BOUND('',#2798,.T.);
#2800=ADVANCED_FACE('',(#2799),#2786,.F.);
#2801=CARTESIAN_POINT('',(357.75,-43.,43.));
#2802=DIRECTION('',(0.,1.,0.));
#2803=DIRECTION('',(-1.,0.,0.));
#2804=AXIS2_PLACEMENT_3D('',#2801,#2802,#2803);
#2805=PLANE('',#2804);
#2806=ORIENTED_EDGE('',*,*,#2759,.F.);
#2807=ORIENTED_EDGE('',*,*,#2565,.T.);
#2808=CARTESIAN_POINT('',(355.5,-43.,35.929532322));
#2809=DIRECTION('',(0.,0.,-1.));
#2810=VECTOR('',#2809,1.607870407);
#2811=LINE('',#2808,#2810);
#2812=EDGE_CURVE('',#2551,#2273,#2811,.T.);
#2813=ORIENTED_EDGE('',*,*,#2812,.T.);
#2814=ORIENTED_EDGE('',*,*,#2279,.F.);
#2815=EDGE_LOOP('',(#2806,#2807,#2813,#2814));
#2816=FACE_BOUND('',#2815,.T.);
#2817=ADVANCED_FACE('',(#2816),#2805,.F.);
#2818=CARTESIAN_POINT('',(355.5,-51.028164662,43.));
#2819=DIRECTION('',(1.,0.,0.));
#2820=DIRECTION('',(0.,0.,-1.));
#2821=AXIS2_PLACEMENT_3D('',#2818,#2819,#2820);
#2822=PLANE('',#2821);
#2823=ORIENTED_EDGE('',*,*,#2287,.T.);
#2824=ORIENTED_EDGE('',*,*,#2812,.F.);
#2825=ORIENTED_EDGE('',*,*,#2556,.F.);
#2826=ORIENTED_EDGE('',*,*,#2714,.T.);
#2827=EDGE_LOOP('',(#2823,#2824,#2825,#2826));
#2828=FACE_BOUND('',#2827,.T.);
#2829=ADVANCED_FACE('',(#2828),#2822,.T.);
#2830=CARTESIAN_POINT('',(355.5,-51.028164662,43.));
#2831=DIRECTION('',(1.,0.,0.));
#2832=DIRECTION('',(0.,0.,-1.));
#2833=AXIS2_PLACEMENT_3D('',#2830,#2831,#2832);
#2834=PLANE('',#2833);
#2835=ORIENTED_EDGE('',*,*,#2391,.T.);
#2836=ORIENTED_EDGE('',*,*,#2721,.T.);
#2837=ORIENTED_EDGE('',*,*,#2449,.F.);
#2838=ORIENTED_EDGE('',*,*,#2791,.F.);
#2839=EDGE_LOOP('',(#2835,#2836,#2837,#2838));
#2840=FACE_BOUND('',#2839,.T.);
#2841=ADVANCED_FACE('',(#2840),#2834,.T.);
#2842=CLOSED_SHELL('',(#2410,#2691,#2703,#2725,#2747,#2764,#2781,#2800,#2817,#2829,#2841));
#2843=MANIFOLD_SOLID_BREP('Body 04 (4)',#2842);
#2135=STYLED_ITEM('',(#193),#2843);
#35=SHAPE_REPRESENTATION('Folder 05 (1)',(#15),#33);
#36=ADVANCED_BREP_SHAPE_REPRESENTATION('Folder 05 (1)',(#186,#326,#1230,#2134,#2843),#33);
#2851=SHAPE_REPRESENTATION_RELATIONSHIP('','',#35,#36);
#2852=CARTESIAN_POINT('',(0.,0.,0.));
#2853=DIRECTION('',(0.,0.,1.));
#2854=DIRECTION('',(1.,0.,0.));
#2855=AXIS2_PLACEMENT_3D('',#2852,#2853,#2854);
#2857=MAPPED_ITEM('',#2856,#2855);
#2856=REPRESENTATION_MAP(#2855,#35);
#2858=APPLICATION_CONTEXT('Managed model based 3d engineering');
#2859=APPLICATION_PROTOCOL_DEFINITION('international standard','ap242_managed_model_based_3d_engineering',2014,#2858);
#2860=PRODUCT_CONTEXT('',#2858,'mechanical');
#2861=PRODUCT_DEFINITION_CONTEXT('part definition',#2858,'design');
#43=PRODUCT('Folder 05 (1)','Folder 05 (1)','',(#2860));
#2862=PRODUCT_RELATED_PRODUCT_CATEGORY('part','',(#43));
#2863=PRODUCT_DEFINITION_FORMATION_WITH_SPECIFIED_SOURCE('','',#43,.NOT_KNOWN.);
#44=PRODUCT_DEFINITION('design','',#2863,#2861);
#42=PRODUCT_DEFINITION_SHAPE('','',#44);
#2864=SHAPE_DEFINITION_REPRESENTATION(#42,#35);
#34=DRAUGHTING_MODEL('',(#2857),#33);
#16=SHAPE_REPRESENTATION('root',(#15,#48),#10);
#2865=CARTESIAN_POINT('',(0.,0.,0.));
#2866=DIRECTION('',(0.,0.,1.));
#2867=DIRECTION('',(1.,0.,0.));
#2868=AXIS2_PLACEMENT_3D('',#2865,#2866,#2867);
#2870=MAPPED_ITEM('',#2869,#2868);
#2869=REPRESENTATION_MAP(#2868,#16);
#24=PRODUCT('root','root','',(#2860));
#2871=PRODUCT_RELATED_PRODUCT_CATEGORY('part','',(#24));
#2872=PRODUCT_DEFINITION_FORMATION_WITH_SPECIFIED_SOURCE('','',#24,.NOT_KNOWN.);
#25=PRODUCT_DEFINITION('design','',#2872,#2861);
#23=PRODUCT_DEFINITION_SHAPE('','',#25);
#2873=SHAPE_DEFINITION_REPRESENTATION(#23,#16);
#11=DRAUGHTING_MODEL('',(#2870),#10);
#2874=DESCRIPTIVE_REPRESENTATION_ITEM('KEY','/private/var/mobile/Containers/Data/Application/5F2095C5-6E5A-4F28-9900-660682EC0850/tmp/0F32F876-6BDB-4C99-882F-5D9D5353C82E.tmp');
#2875=PROPERTY_DEFINITION('KEY','',#25);
#2876=REPRESENTATION('',(#2874),#10);
#2877=PROPERTY_DEFINITION_REPRESENTATION(#2875,#2876);
#2878=GENERAL_PROPERTY('','KEY','');
#2879=GENERAL_PROPERTY_ASSOCIATION('','',#2878,#2875);
#1=MECHANICAL_DESIGN_GEOMETRIC_PRESENTATION_REPRESENTATION('',(#54,#194,#327,#1231,#2135),#10);
ENDSEC;
END-ISO-10303-21;
