ISO-10303-21;
HEADER;

/* File generated by Shapr3D Version 26.50.0.10685 */

FILE_DESCRIPTION(('HOOPS Exchange Step'),'2;1');

FILE_NAME('/private/var/mobile/Containers/Data/Application/5F2095C5-6E5A-4F28-9900-660682EC0850/tmp/export/temp_export',
'2026-05-04T07:58:27+02:00',
('mobile'),
('Shapr3D Limited'),
'HOOPS Exchange 2025.9',
'Shapr3D',
'Authorized');

FILE_SCHEMA( ('AP242_MANAGED_MODEL_BASED_3D_ENGINEERING_MIM_LF {1 0 10303 442 1 1 4}') );

ENDSEC;

DATA;
#3=(NAMED_UNIT(*)PLANE_ANGLE_UNIT()SI_UNIT($,.RADIAN.));
#4=PLANE_ANGLE_MEASURE_WITH_UNIT(PLANE_ANGLE_MEASURE(0.0174532925),#3);
#5=(CONVERSION_BASED_UNIT('DEGREE',#4)NAMED_UNIT(#6)PLANE_ANGLE_UNIT());
#6=DIMENSIONAL_EXPONENTS(0.,0.,0.,0.,0.,0.,0.);
#7=(NAMED_UNIT(*)SI_UNIT($,.STERADIAN.)SOLID_ANGLE_UNIT());
#8=(LENGTH_UNIT()NAMED_UNIT(*)SI_UNIT(.MILLI.,.METRE.));
#9=UNCERTAINTY_MEASURE_WITH_UNIT(LENGTH_MEASURE(1.000000E-05),#8,'DISTANCE_ACCURACY_VALUE','Maximum Tolerance applied to model');
#10=(GEOMETRIC_REPRESENTATION_CONTEXT(3)GLOBAL_UNCERTAINTY_ASSIGNED_CONTEXT((#9))GLOBAL_UNIT_ASSIGNED_CONTEXT((#8,#5,#7))REPRESENTATION_CONTEXT('','root'));
#12=CARTESIAN_POINT('',(0.,0.,0.));
#13=DIRECTION('',(0.,0.,1.));
#14=DIRECTION('',(1.,0.,0.));
#15=AXIS2_PLACEMENT_3D('TS3D_PRODUCT_CSYS',#12,#13,#14);
#27=CARTESIAN_POINT('',(1323.,-1595.388951445,-709.765446817));
#28=DIRECTION('',(-1.,0.,0.));
#29=DIRECTION('',(0.,-0.573576436,0.819152044));
#30=AXIS2_PLACEMENT_3D('',#27,#28,#29);
#31=PLANE('',#30);
#32=CARTESIAN_POINT('',(1323.,58.647255056,361.650697119));
#33=VERTEX_POINT('',#32);
#34=CARTESIAN_POINT('',(1323.,58.647255056,380.050697119));
#35=DIRECTION('',(1.,0.,0.));
#36=DIRECTION('',(0.,0.,-1.));
#37=AXIS2_PLACEMENT_3D('',#34,#35,#36);
#38=CIRCLE('',#37,18.4);
#39=EDGE_CURVE('',#33,#33,#38,.T.);
#40=ORIENTED_EDGE('',*,*,#39,.F.);
#41=EDGE_LOOP('',(#40));
#42=FACE_BOUND('',#41,.T.);
#43=CARTESIAN_POINT('',(1323.,75.030295942,391.522225846));
#44=VERTEX_POINT('',#43);
#45=CARTESIAN_POINT('',(1323.,58.647255056,400.050697119));
#46=VERTEX_POINT('',#45);
#47=CARTESIAN_POINT('',(1323.,58.647255056,380.050697119));
#48=DIRECTION('',(-1.,0.,0.));
#49=DIRECTION('',(0.,0.,1.));
#50=AXIS2_PLACEMENT_3D('',#47,#48,#49);
#51=CIRCLE('',#50,20.);
#52=EDGE_CURVE('',#44,#46,#51,.T.);
#53=ORIENTED_EDGE('',*,*,#52,.F.);
#54=CARTESIAN_POINT('',(1323.,58.647255056,380.050697119));
#55=DIRECTION('',(-1.,0.,0.));
#56=DIRECTION('',(0.,0.,1.));
#57=AXIS2_PLACEMENT_3D('',#54,#55,#56);
#58=CIRCLE('',#57,20.);
#59=EDGE_CURVE('',#46,#44,#58,.T.);
#60=ORIENTED_EDGE('',*,*,#59,.F.);
#61=EDGE_LOOP('',(#53,#60));
#62=FACE_BOUND('',#61,.T.);
#63=ADVANCED_FACE('',(#42,#62),#31,.F.);
#64=CARTESIAN_POINT('',(1286.,58.647255056,380.050697119));
#65=DIRECTION('',(-1.,0.,0.));
#66=DIRECTION('',(0.,0.819152044,0.573576436));
#67=AXIS2_PLACEMENT_3D('',#64,#65,#66);
#68=CYLINDRICAL_SURFACE('',#67,20.);
#69=CARTESIAN_POINT('',(1263.,75.030295942,391.522225846));
#70=VERTEX_POINT('',#69);
#71=CARTESIAN_POINT('',(1263.,75.030295942,391.522225846));
#72=DIRECTION('',(1.,-0.,-0.));
#73=VECTOR('',#72,60.);
#74=LINE('',#71,#73);
#75=EDGE_CURVE('',#70,#44,#74,.T.);
#76=ORIENTED_EDGE('',*,*,#75,.T.);
#77=ORIENTED_EDGE('',*,*,#52,.T.);
#78=ORIENTED_EDGE('',*,*,#59,.T.);
#79=ORIENTED_EDGE('',*,*,#75,.F.);
#80=CARTESIAN_POINT('',(1263.,58.647255056,400.050697119));
#81=VERTEX_POINT('',#80);
#82=CARTESIAN_POINT('',(1263.,58.647255056,380.050697119));
#83=DIRECTION('',(-1.,0.,0.));
#84=DIRECTION('',(0.,0.,1.));
#85=AXIS2_PLACEMENT_3D('',#82,#83,#84);
#86=CIRCLE('',#85,20.);
#87=EDGE_CURVE('',#81,#70,#86,.T.);
#88=ORIENTED_EDGE('',*,*,#87,.F.);
#89=CARTESIAN_POINT('',(1263.,58.647255056,380.050697119));
#90=DIRECTION('',(-1.,0.,0.));
#91=DIRECTION('',(0.,0.,1.));
#92=AXIS2_PLACEMENT_3D('',#89,#90,#91);
#93=CIRCLE('',#92,20.);
#94=EDGE_CURVE('',#70,#81,#93,.T.);
#95=ORIENTED_EDGE('',*,*,#94,.F.);
#96=EDGE_LOOP('',(#76,#77,#78,#79,#88,#95));
#97=FACE_BOUND('',#96,.T.);
#98=ADVANCED_FACE('',(#97),#68,.T.);
#99=CARTESIAN_POINT('',(1263.,2.,-1600.));
#100=DIRECTION('',(-1.,0.,0.));
#101=DIRECTION('',(0.,-1.,0.));
#102=AXIS2_PLACEMENT_3D('',#99,#100,#101);
#103=PLANE('',#102);
#104=CARTESIAN_POINT('',(1263.,58.647255056,361.650697119));
#105=VERTEX_POINT('',#104);
#106=CARTESIAN_POINT('',(1263.,58.647255056,398.450697119));
#107=VERTEX_POINT('',#106);
#108=CARTESIAN_POINT('',(1263.,58.647255056,380.050697119));
#109=DIRECTION('',(-1.,0.,0.));
#110=DIRECTION('',(0.,0.,1.));
#111=AXIS2_PLACEMENT_3D('',#108,#109,#110);
#112=CIRCLE('',#111,18.4);
#113=EDGE_CURVE('',#105,#107,#112,.T.);
#114=ORIENTED_EDGE('',*,*,#113,.F.);
#115=CARTESIAN_POINT('',(1263.,58.647255056,380.050697119));
#116=DIRECTION('',(-1.,0.,0.));
#117=DIRECTION('',(0.,0.,1.));
#118=AXIS2_PLACEMENT_3D('',#115,#116,#117);
#119=CIRCLE('',#118,18.4);
#120=EDGE_CURVE('',#107,#105,#119,.T.);
#121=ORIENTED_EDGE('',*,*,#120,.F.);
#122=EDGE_LOOP('',(#114,#121));
#123=FACE_BOUND('',#122,.T.);
#124=ORIENTED_EDGE('',*,*,#87,.T.);
#125=ORIENTED_EDGE('',*,*,#94,.T.);
#126=EDGE_LOOP('',(#124,#125));
#127=FACE_BOUND('',#126,.T.);
#128=ADVANCED_FACE('',(#123,#127),#103,.T.);
#129=CARTESIAN_POINT('',(613.,58.647255056,380.050697119));
#130=DIRECTION('',(1.,0.,0.));
#131=DIRECTION('',(0.,0.,-1.));
#132=AXIS2_PLACEMENT_3D('',#129,#130,#131);
#133=CYLINDRICAL_SURFACE('',#132,18.4);
#134=CARTESIAN_POINT('',(1323.,58.647255056,361.650697119));
#135=DIRECTION('',(-1.,-0.,0.));
#136=VECTOR('',#135,60.);
#137=LINE('',#134,#136);
#138=EDGE_CURVE('',#33,#105,#137,.T.);
#139=ORIENTED_EDGE('',*,*,#138,.F.);
#140=ORIENTED_EDGE('',*,*,#39,.T.);
#141=ORIENTED_EDGE('',*,*,#138,.T.);
#142=ORIENTED_EDGE('',*,*,#113,.T.);
#143=ORIENTED_EDGE('',*,*,#120,.T.);
#144=EDGE_LOOP('',(#139,#140,#141,#142,#143));
#145=FACE_BOUND('',#144,.T.);
#146=ADVANCED_FACE('',(#145),#133,.F.);
#147=CLOSED_SHELL('',(#63,#98,#128,#146));
#148=MANIFOLD_SOLID_BREP('plastova trubka (2)',#147);
#149=COLOUR_RGB('',0.78039217,0.784313738,0.80392158);
#150=FILL_AREA_STYLE_COLOUR('',#149);
#151=FILL_AREA_STYLE('',(#150));
#152=SURFACE_STYLE_FILL_AREA(#151);
#153=SURFACE_SIDE_STYLE('',(#152));
#154=SURFACE_STYLE_USAGE(.BOTH.,#153);
#155=PRESENTATION_STYLE_ASSIGNMENT((#154));
#26=STYLED_ITEM('',(#155),#148);
#156=(NAMED_UNIT(*)PLANE_ANGLE_UNIT()SI_UNIT($,.RADIAN.));
#157=PLANE_ANGLE_MEASURE_WITH_UNIT(PLANE_ANGLE_MEASURE(0.0174532925),#156);
#158=(CONVERSION_BASED_UNIT('DEGREE',#157)NAMED_UNIT(#159)PLANE_ANGLE_UNIT());
#159=DIMENSIONAL_EXPONENTS(0.,0.,0.,0.,0.,0.,0.);
#160=(NAMED_UNIT(*)SI_UNIT($,.STERADIAN.)SOLID_ANGLE_UNIT());
#161=(LENGTH_UNIT()NAMED_UNIT(*)SI_UNIT(.MILLI.,.METRE.));
#162=UNCERTAINTY_MEASURE_WITH_UNIT(LENGTH_MEASURE(1.000000E-05),#161,'DISTANCE_ACCURACY_VALUE','Maximum Tolerance applied to model');
#163=(GEOMETRIC_REPRESENTATION_CONTEXT(3)GLOBAL_UNCERTAINTY_ASSIGNED_CONTEXT((#162))GLOBAL_UNIT_ASSIGNED_CONTEXT((#161,#158,#160))REPRESENTATION_CONTEXT('','Folder 31'));
#175=CARTESIAN_POINT('',(0.,0.,0.));
#176=DIRECTION('',(0.,0.,1.));
#177=DIRECTION('',(1.,0.,-0.));
#178=AXIS2_PLACEMENT_3D('',#175,#176,#177);
#179=ITEM_DEFINED_TRANSFORMATION('','',#178,#15);
#180=(REPRESENTATION_RELATIONSHIP('','',#165,#16)REPRESENTATION_RELATIONSHIP_WITH_TRANSFORMATION(#179)SHAPE_REPRESENTATION_RELATIONSHIP());
#181=NEXT_ASSEMBLY_USAGE_OCCURRENCE('Folder 31_1','Folder 31','Folder 31',#25,#174,$);
#182=PRODUCT_DEFINITION_SHAPE('','',#181);
#183=CONTEXT_DEPENDENT_SHAPE_REPRESENTATION(#180,#182);
#185=CARTESIAN_POINT('',(1263.,58.647255056,398.450697119));
#186=CARTESIAN_POINT('',(1260.499734482,58.647255056,398.450697119));
#187=CARTESIAN_POINT('',(1258.077577319,58.725388278,398.450697119));
#188=CARTESIAN_POINT('',(1253.389477119,59.037928291,398.450697119));
#189=CARTESIAN_POINT('',(1251.123534042,59.272335085,398.450697119));
#190=CARTESIAN_POINT('',(1246.747861144,59.897431214,398.450697119));
#191=CARTESIAN_POINT('',(1244.638131271,60.288120572,398.450697119));
#192=CARTESIAN_POINT('',(1240.574887086,61.225792306,398.450697119));
#193=CARTESIAN_POINT('',(1238.621372725,61.772774741,398.450697119));
#194=CARTESIAN_POINT('',(1234.870566665,63.023043428,398.450697119));
#195=CARTESIAN_POINT('',(1233.073274943,63.726329777,398.450697119));
#196=CARTESIAN_POINT('',(1229.634927267,65.289215084,398.450697119));
#197=CARTESIAN_POINT('',(1227.993871357,66.148814155,398.450697119));
#198=CARTESIAN_POINT('',(1224.868014204,68.024328447,398.450697119));
#199=CARTESIAN_POINT('',(1223.38321309,69.040243739,398.450697119));
#200=CARTESIAN_POINT('',(1220.569887633,71.228385761,398.450697119));
#201=CARTESIAN_POINT('',(1219.241363465,72.400612462,398.450697119));
#202=CARTESIAN_POINT('',(1216.740612463,74.901363465,398.450697119));
#203=CARTESIAN_POINT('',(1215.568385761,76.229887633,398.450697119));
#204=CARTESIAN_POINT('',(1213.38024374,79.043213089,398.450697119));
#205=CARTESIAN_POINT('',(1212.364328447,80.528014204,398.450697119));
#206=CARTESIAN_POINT('',(1210.488814155,83.653871357,398.450697119));
#207=CARTESIAN_POINT('',(1209.629215084,85.294927267,398.450697119));
#208=CARTESIAN_POINT('',(1208.066329776,88.733274943,398.450697119));
#209=CARTESIAN_POINT('',(1207.363043428,90.530566664,398.450697119));
#210=CARTESIAN_POINT('',(1206.112774741,94.281372725,398.450697119));
#211=CARTESIAN_POINT('',(1205.565792307,96.234887087,398.450697119));
#212=CARTESIAN_POINT('',(1204.628120571,100.29813127,398.450697118));
#213=CARTESIAN_POINT('',(1204.237431213,102.407861143,398.450697119));
#214=CARTESIAN_POINT('',(1203.612335085,106.783534042,398.450697119));
#215=CARTESIAN_POINT('',(1203.377928291,109.049477119,398.450697119));
#216=CARTESIAN_POINT('',(1203.065388278,113.737577319,398.450697119));
#217=CARTESIAN_POINT('',(1202.987255056,116.15973448,398.450697119));
#218=CARTESIAN_POINT('',(1202.987255056,118.66,398.450697119));
#219=CARTESIAN_POINT('',(1263.,21.847255056,398.450697119));
#220=CARTESIAN_POINT('',(1259.733067816,21.847255056,398.450697119));
#221=CARTESIAN_POINT('',(1256.49619086,21.949126927,398.450697119));
#222=CARTESIAN_POINT('',(1250.075064404,22.377202024,398.450697119));
#223=CARTESIAN_POINT('',(1246.890698569,22.703412227,398.450697119));
#224=CARTESIAN_POINT('',(1240.572084798,23.606071338,398.450697119));
#225=CARTESIAN_POINT('',(1237.437686323,24.182589593,398.450697119));
#226=CARTESIAN_POINT('',(1231.22567234,25.616131282,398.450697119));
#227=CARTESIAN_POINT('',(1228.147909114,26.473323313,398.450697119));
#228=CARTESIAN_POINT('',(1222.069666697,28.49940412,398.450697119));
#229=CARTESIAN_POINT('',(1219.069125181,29.66857132,398.450697119));
#230=CARTESIAN_POINT('',(1213.183180328,32.344000799,398.450697119));
#231=CARTESIAN_POINT('',(1210.297907544,33.850586497,398.450697119));
#232=CARTESIAN_POINT('',(1204.697090418,37.211076773,398.450697119));
#233=CARTESIAN_POINT('',(1201.981917962,39.065189234,398.450697119));
#234=CARTESIAN_POINT('',(1196.785153606,43.107117067,398.450697119));
#235=CARTESIAN_POINT('',(1194.304064315,45.294852517,398.450697119));
#236=CARTESIAN_POINT('',(1189.634852518,49.964064315,398.450697119));
#237=CARTESIAN_POINT('',(1187.447117067,52.445153606,398.450697119));
#238=CARTESIAN_POINT('',(1183.405189235,57.641917962,398.450697119));
#239=CARTESIAN_POINT('',(1181.551076773,60.357090418,398.450697119));
#240=CARTESIAN_POINT('',(1178.190586496,65.957907544,398.450697119));
#241=CARTESIAN_POINT('',(1176.6840008,68.843180328,398.450697119));
#242=CARTESIAN_POINT('',(1174.00857132,74.729125181,398.450697119));
#243=CARTESIAN_POINT('',(1172.83940412,77.729666696,398.450697119));
#244=CARTESIAN_POINT('',(1170.813323313,83.807909115,398.450697119));
#245=CARTESIAN_POINT('',(1169.956131282,86.885672341,398.450697119));
#246=CARTESIAN_POINT('',(1168.522589593,93.097686322,398.450697118));
#247=CARTESIAN_POINT('',(1167.946071338,96.232084797,398.450697119));
#248=CARTESIAN_POINT('',(1167.043412228,102.55069857,398.450697119));
#249=CARTESIAN_POINT('',(1166.717202024,105.735064404,398.450697119));
#250=CARTESIAN_POINT('',(1166.289126926,112.15619086,398.450697119));
#251=CARTESIAN_POINT('',(1166.187255056,115.393067814,398.450697119));
#252=CARTESIAN_POINT('',(1166.187255056,118.66,398.450697119));
#253=CARTESIAN_POINT('',(1263.,21.847255056,361.650697119));
#254=CARTESIAN_POINT('',(1259.733067816,21.847255056,361.650697119));
#255=CARTESIAN_POINT('',(1256.49619086,21.949126927,361.650697119));
#256=CARTESIAN_POINT('',(1250.075064404,22.377202024,361.650697119));
#257=CARTESIAN_POINT('',(1246.890698569,22.703412227,361.650697119));
#258=CARTESIAN_POINT('',(1240.572084798,23.606071338,361.650697119));
#259=CARTESIAN_POINT('',(1237.437686323,24.182589593,361.650697119));
#260=CARTESIAN_POINT('',(1231.22567234,25.616131282,361.650697119));
#261=CARTESIAN_POINT('',(1228.147909114,26.473323313,361.650697119));
#262=CARTESIAN_POINT('',(1222.069666697,28.49940412,361.650697119));
#263=CARTESIAN_POINT('',(1219.069125181,29.66857132,361.650697119));
#264=CARTESIAN_POINT('',(1213.183180328,32.344000799,361.650697119));
#265=CARTESIAN_POINT('',(1210.297907544,33.850586497,361.650697119));
#266=CARTESIAN_POINT('',(1204.697090418,37.211076773,361.650697119));
#267=CARTESIAN_POINT('',(1201.981917962,39.065189234,361.650697119));
#268=CARTESIAN_POINT('',(1196.785153606,43.107117067,361.650697119));
#269=CARTESIAN_POINT('',(1194.304064315,45.294852517,361.650697119));
#270=CARTESIAN_POINT('',(1189.634852518,49.964064315,361.650697119));
#271=CARTESIAN_POINT('',(1187.447117067,52.445153606,361.650697119));
#272=CARTESIAN_POINT('',(1183.405189235,57.641917962,361.650697119));
#273=CARTESIAN_POINT('',(1181.551076773,60.357090418,361.650697119));
#274=CARTESIAN_POINT('',(1178.190586496,65.957907544,361.650697119));
#275=CARTESIAN_POINT('',(1176.6840008,68.843180328,361.650697119));
#276=CARTESIAN_POINT('',(1174.00857132,74.729125181,361.650697119));
#277=CARTESIAN_POINT('',(1172.83940412,77.729666696,361.650697119));
#278=CARTESIAN_POINT('',(1170.813323313,83.807909115,361.650697119));
#279=CARTESIAN_POINT('',(1169.956131282,86.885672341,361.650697119));
#280=CARTESIAN_POINT('',(1168.522589593,93.097686322,361.650697118));
#281=CARTESIAN_POINT('',(1167.946071338,96.232084797,361.650697119));
#282=CARTESIAN_POINT('',(1167.043412228,102.55069857,361.650697119));
#283=CARTESIAN_POINT('',(1166.717202024,105.735064404,361.650697119));
#284=CARTESIAN_POINT('',(1166.289126926,112.15619086,361.650697119));
#285=CARTESIAN_POINT('',(1166.187255056,115.393067814,361.650697119));
#286=CARTESIAN_POINT('',(1166.187255056,118.66,361.650697119));
#287=CARTESIAN_POINT('',(1263.,58.647255056,361.650697119));
#288=CARTESIAN_POINT('',(1260.499734482,58.647255056,361.650697119));
#289=CARTESIAN_POINT('',(1258.077577319,58.725388278,361.650697119));
#290=CARTESIAN_POINT('',(1253.389477119,59.037928291,361.650697119));
#291=CARTESIAN_POINT('',(1251.123534042,59.272335085,361.650697119));
#292=CARTESIAN_POINT('',(1246.747861144,59.897431214,361.650697119));
#293=CARTESIAN_POINT('',(1244.638131271,60.288120572,361.650697119));
#294=CARTESIAN_POINT('',(1240.574887086,61.225792306,361.650697119));
#295=CARTESIAN_POINT('',(1238.621372725,61.772774741,361.650697119));
#296=CARTESIAN_POINT('',(1234.870566665,63.023043428,361.650697119));
#297=CARTESIAN_POINT('',(1233.073274943,63.726329777,361.650697119));
#298=CARTESIAN_POINT('',(1229.634927267,65.289215084,361.650697119));
#299=CARTESIAN_POINT('',(1227.993871357,66.148814155,361.650697119));
#300=CARTESIAN_POINT('',(1224.868014204,68.024328447,361.650697119));
#301=CARTESIAN_POINT('',(1223.38321309,69.040243739,361.650697119));
#302=CARTESIAN_POINT('',(1220.569887633,71.228385761,361.650697119));
#303=CARTESIAN_POINT('',(1219.241363465,72.400612462,361.650697119));
#304=CARTESIAN_POINT('',(1216.740612463,74.901363465,361.650697119));
#305=CARTESIAN_POINT('',(1215.568385761,76.229887633,361.650697119));
#306=CARTESIAN_POINT('',(1213.38024374,79.043213089,361.650697119));
#307=CARTESIAN_POINT('',(1212.364328447,80.528014204,361.650697119));
#308=CARTESIAN_POINT('',(1210.488814155,83.653871357,361.650697119));
#309=CARTESIAN_POINT('',(1209.629215084,85.294927267,361.650697119));
#310=CARTESIAN_POINT('',(1208.066329776,88.733274943,361.650697119));
#311=CARTESIAN_POINT('',(1207.363043428,90.530566664,361.650697119));
#312=CARTESIAN_POINT('',(1206.112774741,94.281372725,361.650697119));
#313=CARTESIAN_POINT('',(1205.565792307,96.234887087,361.650697119));
#314=CARTESIAN_POINT('',(1204.628120571,100.29813127,361.650697118));
#315=CARTESIAN_POINT('',(1204.237431213,102.407861143,361.650697119));
#316=CARTESIAN_POINT('',(1203.612335085,106.783534042,361.650697119));
#317=CARTESIAN_POINT('',(1203.377928291,109.049477119,361.650697119));
#318=CARTESIAN_POINT('',(1203.065388278,113.737577319,361.650697119));
#319=CARTESIAN_POINT('',(1202.987255056,116.15973448,361.650697119));
#320=CARTESIAN_POINT('',(1202.987255056,118.66,361.650697119));
#321=CARTESIAN_POINT('',(1263.,95.447255056,361.650697119));
#322=CARTESIAN_POINT('',(1261.266401149,95.447255056,361.650697119));
#323=CARTESIAN_POINT('',(1259.658963777,95.501649629,361.650697119));
#324=CARTESIAN_POINT('',(1256.703889835,95.698654558,361.650697119));
#325=CARTESIAN_POINT('',(1255.356369515,95.841257943,361.650697119));
#326=CARTESIAN_POINT('',(1252.923637489,96.188791089,361.650697119));
#327=CARTESIAN_POINT('',(1251.838576218,96.39365155,361.650697119));
#328=CARTESIAN_POINT('',(1249.924101832,96.835453331,361.650697119));
#329=CARTESIAN_POINT('',(1249.094836336,97.072226169,361.650697119));
#330=CARTESIAN_POINT('',(1247.671466633,97.546682737,361.650697119));
#331=CARTESIAN_POINT('',(1247.077424704,97.784088233,361.650697119));
#332=CARTESIAN_POINT('',(1246.086674206,98.234429369,361.650697119));
#333=CARTESIAN_POINT('',(1245.68983517,98.447041813,361.650697119));
#334=CARTESIAN_POINT('',(1245.03893799,98.837580121,361.650697119));
#335=CARTESIAN_POINT('',(1244.784508217,99.015298244,361.650697119));
#336=CARTESIAN_POINT('',(1244.35462166,99.349654455,361.650697119));
#337=CARTESIAN_POINT('',(1244.178662616,99.506372407,361.650697119));
#338=CARTESIAN_POINT('',(1243.846372408,99.838662616,361.650697119));
#339=CARTESIAN_POINT('',(1243.689654455,100.014621661,361.650697119));
#340=CARTESIAN_POINT('',(1243.355298245,100.444508217,361.650697119));
#341=CARTESIAN_POINT('',(1243.177580121,100.698937991,361.650697119));
#342=CARTESIAN_POINT('',(1242.787041813,101.34983517,361.650697119));
#343=CARTESIAN_POINT('',(1242.574429369,101.746674206,361.650697119));
#344=CARTESIAN_POINT('',(1242.124088233,102.737424704,361.650697119));
#345=CARTESIAN_POINT('',(1241.886682737,103.331466633,361.650697119));
#346=CARTESIAN_POINT('',(1241.412226169,104.754836336,361.650697119));
#347=CARTESIAN_POINT('',(1241.175453331,105.584101832,361.650697119));
#348=CARTESIAN_POINT('',(1240.73365155,107.498576218,361.650697118));
#349=CARTESIAN_POINT('',(1240.528791089,108.583637489,361.650697119));
#350=CARTESIAN_POINT('',(1240.181257943,111.016369515,361.650697119));
#351=CARTESIAN_POINT('',(1240.038654558,112.363889835,361.650697119));
#352=CARTESIAN_POINT('',(1239.841649629,115.318963777,361.650697119));
#353=CARTESIAN_POINT('',(1239.787255056,116.926401147,361.650697119));
#354=CARTESIAN_POINT('',(1239.787255056,118.66,361.650697119));
#355=CARTESIAN_POINT('',(1263.,95.447255056,398.450697119));
#356=CARTESIAN_POINT('',(1261.266401149,95.447255056,398.450697119));
#357=CARTESIAN_POINT('',(1259.658963777,95.501649629,398.450697119));
#358=CARTESIAN_POINT('',(1256.703889835,95.698654558,398.450697119));
#359=CARTESIAN_POINT('',(1255.356369515,95.841257943,398.450697119));
#360=CARTESIAN_POINT('',(1252.923637489,96.188791089,398.450697119));
#361=CARTESIAN_POINT('',(1251.838576218,96.39365155,398.450697119));
#362=CARTESIAN_POINT('',(1249.924101832,96.835453331,398.450697119));
#363=CARTESIAN_POINT('',(1249.094836336,97.072226169,398.450697119));
#364=CARTESIAN_POINT('',(1247.671466633,97.546682737,398.450697119));
#365=CARTESIAN_POINT('',(1247.077424704,97.784088233,398.450697119));
#366=CARTESIAN_POINT('',(1246.086674206,98.234429369,398.450697119));
#367=CARTESIAN_POINT('',(1245.68983517,98.447041813,398.450697119));
#368=CARTESIAN_POINT('',(1245.03893799,98.837580121,398.450697119));
#369=CARTESIAN_POINT('',(1244.784508217,99.015298244,398.450697119));
#370=CARTESIAN_POINT('',(1244.35462166,99.349654455,398.450697119));
#371=CARTESIAN_POINT('',(1244.178662616,99.506372407,398.450697119));
#372=CARTESIAN_POINT('',(1243.846372408,99.838662616,398.450697119));
#373=CARTESIAN_POINT('',(1243.689654455,100.014621661,398.450697119));
#374=CARTESIAN_POINT('',(1243.355298245,100.444508217,398.450697119));
#375=CARTESIAN_POINT('',(1243.177580121,100.698937991,398.450697119));
#376=CARTESIAN_POINT('',(1242.787041813,101.34983517,398.450697119));
#377=CARTESIAN_POINT('',(1242.574429369,101.746674206,398.450697119));
#378=CARTESIAN_POINT('',(1242.124088233,102.737424704,398.450697119));
#379=CARTESIAN_POINT('',(1241.886682737,103.331466633,398.450697119));
#380=CARTESIAN_POINT('',(1241.412226169,104.754836336,398.450697119));
#381=CARTESIAN_POINT('',(1241.175453331,105.584101832,398.450697119));
#382=CARTESIAN_POINT('',(1240.73365155,107.498576218,398.450697118));
#383=CARTESIAN_POINT('',(1240.528791089,108.583637489,398.450697119));
#384=CARTESIAN_POINT('',(1240.181257943,111.016369515,398.450697119));
#385=CARTESIAN_POINT('',(1240.038654558,112.363889835,398.450697119));
#386=CARTESIAN_POINT('',(1239.841649629,115.318963777,398.450697119));
#387=CARTESIAN_POINT('',(1239.787255056,116.926401147,398.450697119));
#388=CARTESIAN_POINT('',(1239.787255056,118.66,398.450697119));
#389=CARTESIAN_POINT('',(1263.,58.647255056,398.450697119));
#390=CARTESIAN_POINT('',(1260.499734482,58.647255056,398.450697119));
#391=CARTESIAN_POINT('',(1258.077577319,58.725388278,398.450697119));
#392=CARTESIAN_POINT('',(1253.389477119,59.037928291,398.450697119));
#393=CARTESIAN_POINT('',(1251.123534042,59.272335085,398.450697119));
#394=CARTESIAN_POINT('',(1246.747861144,59.897431214,398.450697119));
#395=CARTESIAN_POINT('',(1244.638131271,60.288120572,398.450697119));
#396=CARTESIAN_POINT('',(1240.574887086,61.225792306,398.450697119));
#397=CARTESIAN_POINT('',(1238.621372725,61.772774741,398.450697119));
#398=CARTESIAN_POINT('',(1234.870566665,63.023043428,398.450697119));
#399=CARTESIAN_POINT('',(1233.073274943,63.726329777,398.450697119));
#400=CARTESIAN_POINT('',(1229.634927267,65.289215084,398.450697119));
#401=CARTESIAN_POINT('',(1227.993871357,66.148814155,398.450697119));
#402=CARTESIAN_POINT('',(1224.868014204,68.024328447,398.450697119));
#403=CARTESIAN_POINT('',(1223.38321309,69.040243739,398.450697119));
#404=CARTESIAN_POINT('',(1220.569887633,71.228385761,398.450697119));
#405=CARTESIAN_POINT('',(1219.241363465,72.400612462,398.450697119));
#406=CARTESIAN_POINT('',(1216.740612463,74.901363465,398.450697119));
#407=CARTESIAN_POINT('',(1215.568385761,76.229887633,398.450697119));
#408=CARTESIAN_POINT('',(1213.38024374,79.043213089,398.450697119));
#409=CARTESIAN_POINT('',(1212.364328447,80.528014204,398.450697119));
#410=CARTESIAN_POINT('',(1210.488814155,83.653871357,398.450697119));
#411=CARTESIAN_POINT('',(1209.629215084,85.294927267,398.450697119));
#412=CARTESIAN_POINT('',(1208.066329776,88.733274943,398.450697119));
#413=CARTESIAN_POINT('',(1207.363043428,90.530566664,398.450697119));
#414=CARTESIAN_POINT('',(1206.112774741,94.281372725,398.450697119));
#415=CARTESIAN_POINT('',(1205.565792307,96.234887087,398.450697119));
#416=CARTESIAN_POINT('',(1204.628120571,100.29813127,398.450697118));
#417=CARTESIAN_POINT('',(1204.237431213,102.407861143,398.450697119));
#418=CARTESIAN_POINT('',(1203.612335085,106.783534042,398.450697119));
#419=CARTESIAN_POINT('',(1203.377928291,109.049477119,398.450697119));
#420=CARTESIAN_POINT('',(1203.065388278,113.737577319,398.450697119));
#421=CARTESIAN_POINT('',(1202.987255056,116.15973448,398.450697119));
#422=CARTESIAN_POINT('',(1202.987255056,118.66,398.450697119));
#423=(BOUNDED_SURFACE()
B_SPLINE_SURFACE(3,3,((#185,#186,#187,#188,#189,#190,#191,#192,#193,#194,#195,#196,#197,#198,#199,#200,#201,#202,#203,#204,#205,#206,#207,#208,#209,#210,
#211,#212,#213,#214,#215,#216,#217,#218),(#219,#220,#221,#222,#223,#224,#225,#226,#227,#228,#229,#230,#231,#232,#233,#234,#235,#236,#237,#238,#239,#240,#241,#242,#243,#244,
#245,#246,#247,#248,#249,#250,#251,#252),(#253,#254,#255,#256,#257,#258,#259,#260,#261,#262,#263,#264,#265,#266,#267,#268,#269,#270,#271,#272,#273,#274,#275,#276,#277,#278,
#279,#280,#281,#282,#283,#284,#285,#286),(#287,#288,#289,#290,#291,#292,#293,#294,#295,#296,#297,#298,#299,#300,#301,#302,#303,#304,#305,#306,#307,#308,#309,#310,#311,#312,
#313,#314,#315,#316,#317,#318,#319,#320),(#321,#322,#323,#324,#325,#326,#327,#328,#329,#330,#331,#332,#333,#334,#335,#336,#337,#338,#339,#340,#341,#342,#343,#344,#345,#346,
#347,#348,#349,#350,#351,#352,#353,#354),(#355,#356,#357,#358,#359,#360,#361,#362,#363,#364,#365,#366,#367,#368,#369,#370,#371,#372,#373,#374,#375,#376,#377,#378,#379,#380,
#381,#382,#383,#384,#385,#386,#387,#388),(#389,#390,#391,#392,#393,#394,#395,#396,#397,#398,#399,#400,#401,#402,#403,#404,#405,#406,#407,#408,#409,#410,#411,#412,#413,#414,
#415,#416,#417,#418,#419,#420,#421,#422)),.UNSPECIFIED.,.T.,.F.,.U.)
B_SPLINE_SURFACE_WITH_KNOTS((4,3,4),(4,2,2,2,2,2,2,2,2,2,2,2,2,2,2,2,4),(0.,0.5,1.),(0.,0.021844316,0.043688631,0.065532947,0.087377263,0.109221579,0.131065894,0.15291021,0.174754526,0.196598842,0.218443157,0.240287473,0.262131789,0.283976104,0.30582042,0.327664736,0.349509052),.UNSPECIFIED.)
GEOMETRIC_REPRESENTATION_ITEM()
RATIONAL_B_SPLINE_SURFACE(((1.,1.,1.,1.,1.,1.,1.,1.,1.,1.,1.,1.,1.,1.,1.,1.,1.,1.,1.,1.,1.,1.,1.,1.,1.,1.,
1.,1.,1.,1.,1.,1.,1.,1.),(0.333333333,0.333333333,0.333333333,0.333333333,0.333333333,0.333333333,0.333333333,0.333333333,0.333333333,0.333333333,0.333333333,0.333333333,0.333333333,0.333333333,0.333333333,0.333333333,0.333333333,0.333333333,0.333333333,0.333333333,0.333333333,0.333333333,0.333333333,0.333333333,0.333333333,0.333333333,
0.333333333,0.333333333,0.333333333,0.333333333,0.333333333,0.333333333,0.333333333,0.333333333),(0.333333333,0.333333333,0.333333333,0.333333333,0.333333333,0.333333333,0.333333333,0.333333333,0.333333333,0.333333333,0.333333333,0.333333333,0.333333333,0.333333333,0.333333333,0.333333333,0.333333333,0.333333333,0.333333333,0.333333333,0.333333333,0.333333333,0.333333333,0.333333333,0.333333333,0.333333333,
0.333333333,0.333333333,0.333333333,0.333333333,0.333333333,0.333333333,0.333333333,0.333333333),(1.,1.,1.,1.,1.,1.,1.,1.,1.,1.,1.,1.,1.,1.,1.,1.,1.,1.,1.,1.,1.,1.,1.,1.,1.,1.,
1.,1.,1.,1.,1.,1.,1.,1.),(0.333333333,0.333333333,0.333333333,0.333333333,0.333333333,0.333333333,0.333333333,0.333333333,0.333333333,0.333333333,0.333333333,0.333333333,0.333333333,0.333333333,0.333333333,0.333333333,0.333333333,0.333333333,0.333333333,0.333333333,0.333333333,0.333333333,0.333333333,0.333333333,0.333333333,0.333333333,
0.333333333,0.333333333,0.333333333,0.333333333,0.333333333,0.333333333,0.333333333,0.333333333),(0.333333333,0.333333333,0.333333333,0.333333333,0.333333333,0.333333333,0.333333333,0.333333333,0.333333333,0.333333333,0.333333333,0.333333333,0.333333333,0.333333333,0.333333333,0.333333333,0.333333333,0.333333333,0.333333333,0.333333333,0.333333333,0.333333333,0.333333333,0.333333333,0.333333333,0.333333333,
0.333333333,0.333333333,0.333333333,0.333333333,0.333333333,0.333333333,0.333333333,0.333333333),(1.,1.,1.,1.,1.,1.,1.,1.,1.,1.,1.,1.,1.,1.,1.,1.,1.,1.,1.,1.,1.,1.,1.,1.,1.,1.,
1.,1.,1.,1.,1.,1.,1.,1.)))
REPRESENTATION_ITEM('')
SURFACE()
);
#424=CARTESIAN_POINT('',(1202.987255056,118.66,398.450697119));
#425=VERTEX_POINT('',#424);
#426=CARTESIAN_POINT('',(1263.,58.647255056,398.450697119));
#427=VERTEX_POINT('',#426);
#428=CARTESIAN_POINT('',(1202.987255056,118.66,398.450697119));
#429=CARTESIAN_POINT('',(1202.987255056,116.15973448,398.450697119));
#430=CARTESIAN_POINT('',(1203.065388278,113.737577319,398.450697119));
#431=CARTESIAN_POINT('',(1203.377928291,109.049477119,398.450697119));
#432=CARTESIAN_POINT('',(1203.612335085,106.783534042,398.450697119));
#433=CARTESIAN_POINT('',(1204.237431213,102.407861143,398.450697119));
#434=CARTESIAN_POINT('',(1204.628120571,100.29813127,398.450697118));
#435=CARTESIAN_POINT('',(1205.565792307,96.234887087,398.450697119));
#436=CARTESIAN_POINT('',(1206.112774741,94.281372725,398.450697119));
#437=CARTESIAN_POINT('',(1207.363043428,90.530566664,398.450697119));
#438=CARTESIAN_POINT('',(1208.066329776,88.733274943,398.450697119));
#439=CARTESIAN_POINT('',(1209.629215084,85.294927267,398.450697119));
#440=CARTESIAN_POINT('',(1210.488814155,83.653871357,398.450697119));
#441=CARTESIAN_POINT('',(1212.364328447,80.528014204,398.450697119));
#442=CARTESIAN_POINT('',(1213.38024374,79.043213089,398.450697119));
#443=CARTESIAN_POINT('',(1215.568385761,76.229887633,398.450697119));
#444=CARTESIAN_POINT('',(1216.740612463,74.901363465,398.450697119));
#445=CARTESIAN_POINT('',(1219.241363465,72.400612462,398.450697119));
#446=CARTESIAN_POINT('',(1220.569887633,71.228385761,398.450697119));
#447=CARTESIAN_POINT('',(1223.38321309,69.040243739,398.450697119));
#448=CARTESIAN_POINT('',(1224.868014204,68.024328447,398.450697119));
#449=CARTESIAN_POINT('',(1227.993871357,66.148814155,398.450697119));
#450=CARTESIAN_POINT('',(1229.634927267,65.289215084,398.450697119));
#451=CARTESIAN_POINT('',(1233.073274943,63.726329777,398.450697119));
#452=CARTESIAN_POINT('',(1234.870566665,63.023043428,398.450697119));
#453=CARTESIAN_POINT('',(1238.621372725,61.772774741,398.450697119));
#454=CARTESIAN_POINT('',(1240.574887086,61.225792306,398.450697119));
#455=CARTESIAN_POINT('',(1244.638131271,60.288120572,398.450697119));
#456=CARTESIAN_POINT('',(1246.747861144,59.897431214,398.450697119));
#457=CARTESIAN_POINT('',(1251.123534042,59.272335085,398.450697119));
#458=CARTESIAN_POINT('',(1253.389477119,59.037928291,398.450697119));
#459=CARTESIAN_POINT('',(1258.077577319,58.725388278,398.450697119));
#460=CARTESIAN_POINT('',(1260.499734482,58.647255056,398.450697119));
#461=CARTESIAN_POINT('',(1263.,58.647255056,398.450697119));
#462=B_SPLINE_CURVE_WITH_KNOTS('',3,(#428,#429,#430,#431,#432,#433,#434,#435,#436,#437,#438,#439,#440,#441,#442,#443,#444,#445,#446,#447,#448,#449,#450,#451,#452,#453,
#454,#455,#456,#457,#458,#459,#460,#461),.UNSPECIFIED.,.F.,.F.,(4,2,2,2,2,2,2,2,2,2,2,2,2,2,2,2,4),(0.,0.021844316,0.043688631,0.065532947,0.087377263,0.109221579,0.131065894,0.15291021,0.174754526,0.196598842,0.218443157,0.240287473,0.262131789,0.283976104,0.30582042,0.327664736,0.349509052),.UNSPECIFIED.);
#463=EDGE_CURVE('',#425,#427,#462,.T.);
#464=ORIENTED_EDGE('',*,*,#463,.T.);
#465=CARTESIAN_POINT('',(1263.,58.647255056,380.050697119));
#466=DIRECTION('',(-1.,0.,0.));
#467=DIRECTION('',(0.,0.,1.));
#468=AXIS2_PLACEMENT_3D('',#465,#466,#467);
#469=CIRCLE('',#468,18.4);
#470=EDGE_CURVE('',#427,#427,#469,.T.);
#471=ORIENTED_EDGE('',*,*,#470,.F.);
#472=ORIENTED_EDGE('',*,*,#463,.F.);
#473=CARTESIAN_POINT('',(1202.987255056,118.66,380.050697119));
#474=DIRECTION('',(-0.,-1.,-0.));
#475=DIRECTION('',(0.,-0.,1.));
#476=AXIS2_PLACEMENT_3D('',#473,#474,#475);
#477=CIRCLE('',#476,18.4);
#478=EDGE_CURVE('',#425,#425,#477,.T.);
#479=ORIENTED_EDGE('',*,*,#478,.F.);
#480=EDGE_LOOP('',(#464,#471,#472,#479));
#481=FACE_BOUND('',#480,.T.);
#482=ADVANCED_FACE('',(#481),#423,.T.);
#483=CARTESIAN_POINT('',(1202.987255056,118.66,380.050697119));
#484=DIRECTION('',(0.,1.,0.));
#485=DIRECTION('',(0.,-0.,1.));
#486=AXIS2_PLACEMENT_3D('',#483,#484,#485);
#487=CYLINDRICAL_SURFACE('',#486,18.4);
#488=CARTESIAN_POINT('',(1202.987255056,299.924601595,398.450697119));
#489=VERTEX_POINT('',#488);
#490=CARTESIAN_POINT('',(1202.987255056,299.924601595,398.450697119));
#491=DIRECTION('',(-0.,-1.,-0.));
#492=VECTOR('',#491,181.264601595);
#493=LINE('',#490,#492);
#494=EDGE_CURVE('',#489,#425,#493,.T.);
#495=ORIENTED_EDGE('',*,*,#494,.F.);
#496=CARTESIAN_POINT('',(1202.987255056,299.924601595,380.050697119));
#497=DIRECTION('',(0.,1.,0.));
#498=DIRECTION('',(0.,-0.,1.));
#499=AXIS2_PLACEMENT_3D('',#496,#497,#498);
#500=CIRCLE('',#499,18.4);
#501=EDGE_CURVE('',#489,#489,#500,.T.);
#502=ORIENTED_EDGE('',*,*,#501,.T.);
#503=ORIENTED_EDGE('',*,*,#494,.T.);
#504=ORIENTED_EDGE('',*,*,#478,.T.);
#505=EDGE_LOOP('',(#495,#502,#503,#504));
#506=FACE_BOUND('',#505,.T.);
#507=ADVANCED_FACE('',(#506),#487,.F.);
#508=CARTESIAN_POINT('',(1263.,2.,-1600.));
#509=DIRECTION('',(-1.,0.,0.));
#510=DIRECTION('',(0.,-1.,0.));
#511=AXIS2_PLACEMENT_3D('',#508,#509,#510);
#512=PLANE('',#511);
#513=ORIENTED_EDGE('',*,*,#470,.T.);
#514=EDGE_LOOP('',(#513));
#515=FACE_BOUND('',#514,.T.);
#516=CARTESIAN_POINT('',(1263.,58.647255057,400.050697119));
#517=VERTEX_POINT('',#516);
#518=CARTESIAN_POINT('',(1263.,58.647255056,380.050697119));
#519=DIRECTION('',(-1.,0.,0.));
#520=DIRECTION('',(0.,0.,1.));
#521=AXIS2_PLACEMENT_3D('',#518,#519,#520);
#522=CIRCLE('',#521,20.);
#523=EDGE_CURVE('',#517,#517,#522,.T.);
#524=ORIENTED_EDGE('',*,*,#523,.F.);
#525=EDGE_LOOP('',(#524));
#526=FACE_BOUND('',#525,.T.);
#527=ADVANCED_FACE('',(#515,#526),#512,.F.);
#528=CARTESIAN_POINT('',(1146.34,299.924601595,-1600.));
#529=DIRECTION('',(0.,1.,0.));
#530=DIRECTION('',(-1.,0.,0.));
#531=AXIS2_PLACEMENT_3D('',#528,#529,#530);
#532=PLANE('',#531);
#533=ORIENTED_EDGE('',*,*,#501,.F.);
#534=EDGE_LOOP('',(#533));
#535=FACE_BOUND('',#534,.T.);
#536=CARTESIAN_POINT('',(1202.987255056,299.924601595,400.050697119));
#537=VERTEX_POINT('',#536);
#538=CARTESIAN_POINT('',(1202.987255056,299.924601595,380.050697119));
#539=DIRECTION('',(0.,1.,0.));
#540=DIRECTION('',(0.,-0.,1.));
#541=AXIS2_PLACEMENT_3D('',#538,#539,#540);
#542=CIRCLE('',#541,20.);
#543=EDGE_CURVE('',#537,#537,#542,.T.);
#544=ORIENTED_EDGE('',*,*,#543,.T.);
#545=EDGE_LOOP('',(#544));
#546=FACE_BOUND('',#545,.T.);
#547=ADVANCED_FACE('',(#535,#546),#532,.T.);
#548=CARTESIAN_POINT('',(1263.,58.647255056,400.050697119));
#549=CARTESIAN_POINT('',(1260.499734482,58.647255056,400.050697119));
#550=CARTESIAN_POINT('',(1258.077577319,58.725388278,400.050697119));
#551=CARTESIAN_POINT('',(1253.389477119,59.037928291,400.050697119));
#552=CARTESIAN_POINT('',(1251.123534042,59.272335085,400.050697119));
#553=CARTESIAN_POINT('',(1246.747861144,59.897431214,400.050697119));
#554=CARTESIAN_POINT('',(1244.638131271,60.288120572,400.050697119));
#555=CARTESIAN_POINT('',(1240.574887086,61.225792306,400.050697119));
#556=CARTESIAN_POINT('',(1238.621372725,61.772774741,400.050697119));
#557=CARTESIAN_POINT('',(1234.870566664,63.023043428,400.050697119));
#558=CARTESIAN_POINT('',(1233.073274942,63.726329777,400.050697119));
#559=CARTESIAN_POINT('',(1229.634927267,65.289215084,400.050697119));
#560=CARTESIAN_POINT('',(1227.993871357,66.148814155,400.050697119));
#561=CARTESIAN_POINT('',(1224.868014204,68.024328447,400.050697119));
#562=CARTESIAN_POINT('',(1223.38321309,69.040243739,400.050697119));
#563=CARTESIAN_POINT('',(1220.569887633,71.228385761,400.050697119));
#564=CARTESIAN_POINT('',(1219.241363465,72.400612462,400.050697119));
#565=CARTESIAN_POINT('',(1216.740612463,74.901363465,400.050697119));
#566=CARTESIAN_POINT('',(1215.568385761,76.229887633,400.050697119));
#567=CARTESIAN_POINT('',(1213.38024374,79.043213089,400.050697119));
#568=CARTESIAN_POINT('',(1212.364328447,80.528014204,400.050697119));
#569=CARTESIAN_POINT('',(1210.488814155,83.653871357,400.050697119));
#570=CARTESIAN_POINT('',(1209.629215084,85.294927266,400.050697119));
#571=CARTESIAN_POINT('',(1208.066329777,88.733274943,400.050697119));
#572=CARTESIAN_POINT('',(1207.363043428,90.530566664,400.050697119));
#573=CARTESIAN_POINT('',(1206.112774741,94.281372725,400.050697119));
#574=CARTESIAN_POINT('',(1205.565792307,96.234887087,400.050697119));
#575=CARTESIAN_POINT('',(1204.628120571,100.29813127,400.050697118));
#576=CARTESIAN_POINT('',(1204.237431213,102.407861143,400.050697119));
#577=CARTESIAN_POINT('',(1203.612335085,106.783534042,400.050697119));
#578=CARTESIAN_POINT('',(1203.377928291,109.04947712,400.050697119));
#579=CARTESIAN_POINT('',(1203.065388278,113.737577318,400.050697119));
#580=CARTESIAN_POINT('',(1202.987255056,116.15973448,400.050697119));
#581=CARTESIAN_POINT('',(1202.987255056,118.66,400.050697119));
#582=CARTESIAN_POINT('',(1263.,98.647255056,400.050697119));
#583=CARTESIAN_POINT('',(1261.333067816,98.647255056,400.050697119));
#584=CARTESIAN_POINT('',(1259.796475643,98.699585398,400.050697119));
#585=CARTESIAN_POINT('',(1256.992099636,98.886543799,400.050697119));
#586=CARTESIAN_POINT('',(1255.724442165,99.021164278,400.050697119));
#587=CARTESIAN_POINT('',(1253.46066152,99.344561513,400.050697119));
#588=CARTESIAN_POINT('',(1252.464701866,99.533262939,400.050697119));
#589=CARTESIAN_POINT('',(1250.737077027,99.931945594,400.050697119));
#590=CARTESIAN_POINT('',(1250.005572302,100.141743685,400.050697119));
#591=CARTESIAN_POINT('',(1248.784588369,100.548738329,400.050697119));
#592=CARTESIAN_POINT('',(1248.295176857,100.745632447,400.050697119));
#593=CARTESIAN_POINT('',(1247.517260896,101.099230611,400.050697119));
#594=CARTESIAN_POINT('',(1247.228614632,101.255583349,400.050697119));
#595=CARTESIAN_POINT('',(1246.792931363,101.51699331,400.050697119));
#596=CARTESIAN_POINT('',(1246.645490402,101.621824723,400.050697119));
#597=CARTESIAN_POINT('',(1246.422859402,101.794982168,400.050697119));
#598=CARTESIAN_POINT('',(1246.347123411,101.863395011,400.050697119));
#599=CARTESIAN_POINT('',(1246.203395012,102.007123411,400.050697119));
#600=CARTESIAN_POINT('',(1246.134982167,102.082859402,400.050697119));
#601=CARTESIAN_POINT('',(1245.961824723,102.305490402,400.050697119));
#602=CARTESIAN_POINT('',(1245.85699331,102.452931363,400.050697119));
#603=CARTESIAN_POINT('',(1245.595583349,102.888614632,400.050697119));
#604=CARTESIAN_POINT('',(1245.439230611,103.177260896,400.050697119));
#605=CARTESIAN_POINT('',(1245.085632447,103.955176858,400.050697119));
#606=CARTESIAN_POINT('',(1244.888738329,104.444588369,400.050697119));
#607=CARTESIAN_POINT('',(1244.481743685,105.665572302,400.050697119));
#608=CARTESIAN_POINT('',(1244.271945595,106.397077027,400.050697119));
#609=CARTESIAN_POINT('',(1243.873262939,108.124701865,400.050697118));
#610=CARTESIAN_POINT('',(1243.684561513,109.12066152,400.050697119));
#611=CARTESIAN_POINT('',(1243.361164279,111.384442165,400.050697119));
#612=CARTESIAN_POINT('',(1243.226543798,112.652099637,400.050697119));
#613=CARTESIAN_POINT('',(1243.039585399,115.456475643,400.050697119));
#614=CARTESIAN_POINT('',(1242.987255056,116.993067814,400.050697119));
#615=CARTESIAN_POINT('',(1242.987255056,118.66,400.050697119));
#616=CARTESIAN_POINT('',(1263.,98.647255056,360.050697119));
#617=CARTESIAN_POINT('',(1261.333067816,98.647255056,360.050697119));
#618=CARTESIAN_POINT('',(1259.796475643,98.699585398,360.050697119));
#619=CARTESIAN_POINT('',(1256.992099636,98.886543799,360.050697119));
#620=CARTESIAN_POINT('',(1255.724442165,99.021164278,360.050697119));
#621=CARTESIAN_POINT('',(1253.46066152,99.344561513,360.050697119));
#622=CARTESIAN_POINT('',(1252.464701866,99.533262939,360.050697119));
#623=CARTESIAN_POINT('',(1250.737077027,99.931945594,360.050697119));
#624=CARTESIAN_POINT('',(1250.005572302,100.141743685,360.050697119));
#625=CARTESIAN_POINT('',(1248.784588369,100.548738329,360.050697119));
#626=CARTESIAN_POINT('',(1248.295176857,100.745632447,360.050697119));
#627=CARTESIAN_POINT('',(1247.517260896,101.099230611,360.050697119));
#628=CARTESIAN_POINT('',(1247.228614632,101.255583349,360.050697119));
#629=CARTESIAN_POINT('',(1246.792931363,101.51699331,360.050697119));
#630=CARTESIAN_POINT('',(1246.645490402,101.621824723,360.050697119));
#631=CARTESIAN_POINT('',(1246.422859402,101.794982168,360.050697119));
#632=CARTESIAN_POINT('',(1246.347123411,101.863395011,360.050697119));
#633=CARTESIAN_POINT('',(1246.203395012,102.007123411,360.050697119));
#634=CARTESIAN_POINT('',(1246.134982167,102.082859402,360.050697119));
#635=CARTESIAN_POINT('',(1245.961824723,102.305490402,360.050697119));
#636=CARTESIAN_POINT('',(1245.85699331,102.452931363,360.050697119));
#637=CARTESIAN_POINT('',(1245.595583349,102.888614632,360.050697119));
#638=CARTESIAN_POINT('',(1245.439230611,103.177260896,360.050697119));
#639=CARTESIAN_POINT('',(1245.085632447,103.955176858,360.050697119));
#640=CARTESIAN_POINT('',(1244.888738329,104.444588369,360.050697119));
#641=CARTESIAN_POINT('',(1244.481743685,105.665572302,360.050697119));
#642=CARTESIAN_POINT('',(1244.271945595,106.397077027,360.050697119));
#643=CARTESIAN_POINT('',(1243.873262939,108.124701865,360.050697118));
#644=CARTESIAN_POINT('',(1243.684561513,109.12066152,360.050697119));
#645=CARTESIAN_POINT('',(1243.361164279,111.384442165,360.050697119));
#646=CARTESIAN_POINT('',(1243.226543798,112.652099637,360.050697119));
#647=CARTESIAN_POINT('',(1243.039585399,115.456475643,360.050697119));
#648=CARTESIAN_POINT('',(1242.987255056,116.993067814,360.050697119));
#649=CARTESIAN_POINT('',(1242.987255056,118.66,360.050697119));
#650=CARTESIAN_POINT('',(1263.,58.647255056,360.050697119));
#651=CARTESIAN_POINT('',(1260.499734482,58.647255056,360.050697119));
#652=CARTESIAN_POINT('',(1258.077577319,58.725388278,360.050697119));
#653=CARTESIAN_POINT('',(1253.389477119,59.037928291,360.050697119));
#654=CARTESIAN_POINT('',(1251.123534042,59.272335085,360.050697119));
#655=CARTESIAN_POINT('',(1246.747861144,59.897431214,360.050697119));
#656=CARTESIAN_POINT('',(1244.638131271,60.288120572,360.050697119));
#657=CARTESIAN_POINT('',(1240.574887086,61.225792306,360.050697119));
#658=CARTESIAN_POINT('',(1238.621372725,61.772774741,360.050697119));
#659=CARTESIAN_POINT('',(1234.870566664,63.023043428,360.050697119));
#660=CARTESIAN_POINT('',(1233.073274942,63.726329777,360.050697119));
#661=CARTESIAN_POINT('',(1229.634927267,65.289215084,360.050697119));
#662=CARTESIAN_POINT('',(1227.993871357,66.148814155,360.050697119));
#663=CARTESIAN_POINT('',(1224.868014204,68.024328447,360.050697119));
#664=CARTESIAN_POINT('',(1223.38321309,69.040243739,360.050697119));
#665=CARTESIAN_POINT('',(1220.569887633,71.228385761,360.050697119));
#666=CARTESIAN_POINT('',(1219.241363465,72.400612462,360.050697119));
#667=CARTESIAN_POINT('',(1216.740612463,74.901363465,360.050697119));
#668=CARTESIAN_POINT('',(1215.568385761,76.229887633,360.050697119));
#669=CARTESIAN_POINT('',(1213.38024374,79.043213089,360.050697119));
#670=CARTESIAN_POINT('',(1212.364328447,80.528014204,360.050697119));
#671=CARTESIAN_POINT('',(1210.488814155,83.653871357,360.050697119));
#672=CARTESIAN_POINT('',(1209.629215084,85.294927266,360.050697119));
#673=CARTESIAN_POINT('',(1208.066329777,88.733274943,360.050697119));
#674=CARTESIAN_POINT('',(1207.363043428,90.530566664,360.050697119));
#675=CARTESIAN_POINT('',(1206.112774741,94.281372725,360.050697119));
#676=CARTESIAN_POINT('',(1205.565792307,96.234887087,360.050697119));
#677=CARTESIAN_POINT('',(1204.628120571,100.29813127,360.050697118));
#678=CARTESIAN_POINT('',(1204.237431213,102.407861143,360.050697119));
#679=CARTESIAN_POINT('',(1203.612335085,106.783534042,360.050697119));
#680=CARTESIAN_POINT('',(1203.377928291,109.04947712,360.050697119));
#681=CARTESIAN_POINT('',(1203.065388278,113.737577318,360.050697119));
#682=CARTESIAN_POINT('',(1202.987255056,116.15973448,360.050697119));
#683=CARTESIAN_POINT('',(1202.987255056,118.66,360.050697119));
#684=CARTESIAN_POINT('',(1263.,18.647255056,360.050697119));
#685=CARTESIAN_POINT('',(1259.666401149,18.647255056,360.050697119));
#686=CARTESIAN_POINT('',(1256.358678994,18.751191157,360.050697119));
#687=CARTESIAN_POINT('',(1249.786854602,19.189312783,360.050697119));
#688=CARTESIAN_POINT('',(1246.522625919,19.523505892,360.050697119));
#689=CARTESIAN_POINT('',(1240.035060768,20.450300914,360.050697119));
#690=CARTESIAN_POINT('',(1236.811560676,21.042978204,360.050697119));
#691=CARTESIAN_POINT('',(1230.412697145,22.519639019,360.050697119));
#692=CARTESIAN_POINT('',(1227.237173149,23.403805798,360.050697119));
#693=CARTESIAN_POINT('',(1220.95654496,25.497348528,360.050697119));
#694=CARTESIAN_POINT('',(1217.851373027,26.707027107,360.050697119));
#695=CARTESIAN_POINT('',(1211.752593638,29.479199557,360.050697119));
#696=CARTESIAN_POINT('',(1208.759128082,31.042044961,360.050697119));
#697=CARTESIAN_POINT('',(1202.943097045,34.531663583,360.050697119));
#698=CARTESIAN_POINT('',(1200.120935777,36.458662756,360.050697119));
#699=CARTESIAN_POINT('',(1194.716915865,40.661789355,360.050697119));
#700=CARTESIAN_POINT('',(1192.13560352,42.937829913,360.050697119));
#701=CARTESIAN_POINT('',(1187.277829914,47.795603519,360.050697119));
#702=CARTESIAN_POINT('',(1185.001789355,50.376915865,360.050697119));
#703=CARTESIAN_POINT('',(1180.798662756,55.780935777,360.050697119));
#704=CARTESIAN_POINT('',(1178.871663584,58.603097045,360.050697119));
#705=CARTESIAN_POINT('',(1175.382044961,64.419128082,360.050697119));
#706=CARTESIAN_POINT('',(1173.819199557,67.412593637,360.050697119));
#707=CARTESIAN_POINT('',(1171.047027106,73.511373028,360.050697119));
#708=CARTESIAN_POINT('',(1169.837348528,76.61654496,360.050697119));
#709=CARTESIAN_POINT('',(1167.743805797,82.897173149,360.050697119));
#710=CARTESIAN_POINT('',(1166.859639019,86.072697146,360.050697119));
#711=CARTESIAN_POINT('',(1165.382978203,92.471560675,360.050697118));
#712=CARTESIAN_POINT('',(1164.790300914,95.695060767,360.050697119));
#713=CARTESIAN_POINT('',(1163.863505892,102.182625919,360.050697119));
#714=CARTESIAN_POINT('',(1163.529312783,105.446854603,360.050697119));
#715=CARTESIAN_POINT('',(1163.091191157,112.018678993,360.050697119));
#716=CARTESIAN_POINT('',(1162.987255056,115.326401147,360.050697119));
#717=CARTESIAN_POINT('',(1162.987255056,118.66,360.050697119));
#718=CARTESIAN_POINT('',(1263.,18.647255056,400.050697119));
#719=CARTESIAN_POINT('',(1259.666401149,18.647255056,400.050697119));
#720=CARTESIAN_POINT('',(1256.358678994,18.751191157,400.050697119));
#721=CARTESIAN_POINT('',(1249.786854602,19.189312783,400.050697119));
#722=CARTESIAN_POINT('',(1246.522625919,19.523505892,400.050697119));
#723=CARTESIAN_POINT('',(1240.035060768,20.450300914,400.050697119));
#724=CARTESIAN_POINT('',(1236.811560676,21.042978204,400.050697119));
#725=CARTESIAN_POINT('',(1230.412697145,22.519639019,400.050697119));
#726=CARTESIAN_POINT('',(1227.237173149,23.403805798,400.050697119));
#727=CARTESIAN_POINT('',(1220.95654496,25.497348528,400.050697119));
#728=CARTESIAN_POINT('',(1217.851373027,26.707027107,400.050697119));
#729=CARTESIAN_POINT('',(1211.752593638,29.479199557,400.050697119));
#730=CARTESIAN_POINT('',(1208.759128082,31.042044961,400.050697119));
#731=CARTESIAN_POINT('',(1202.943097045,34.531663583,400.050697119));
#732=CARTESIAN_POINT('',(1200.120935777,36.458662756,400.050697119));
#733=CARTESIAN_POINT('',(1194.716915865,40.661789355,400.050697119));
#734=CARTESIAN_POINT('',(1192.13560352,42.937829913,400.050697119));
#735=CARTESIAN_POINT('',(1187.277829914,47.795603519,400.050697119));
#736=CARTESIAN_POINT('',(1185.001789355,50.376915865,400.050697119));
#737=CARTESIAN_POINT('',(1180.798662756,55.780935777,400.050697119));
#738=CARTESIAN_POINT('',(1178.871663584,58.603097045,400.050697119));
#739=CARTESIAN_POINT('',(1175.382044961,64.419128082,400.050697119));
#740=CARTESIAN_POINT('',(1173.819199557,67.412593637,400.050697119));
#741=CARTESIAN_POINT('',(1171.047027106,73.511373028,400.050697119));
#742=CARTESIAN_POINT('',(1169.837348528,76.61654496,400.050697119));
#743=CARTESIAN_POINT('',(1167.743805797,82.897173149,400.050697119));
#744=CARTESIAN_POINT('',(1166.859639019,86.072697146,400.050697119));
#745=CARTESIAN_POINT('',(1165.382978203,92.471560675,400.050697118));
#746=CARTESIAN_POINT('',(1164.790300914,95.695060767,400.050697119));
#747=CARTESIAN_POINT('',(1163.863505892,102.182625919,400.050697119));
#748=CARTESIAN_POINT('',(1163.529312783,105.446854603,400.050697119));
#749=CARTESIAN_POINT('',(1163.091191157,112.018678993,400.050697119));
#750=CARTESIAN_POINT('',(1162.987255056,115.326401147,400.050697119));
#751=CARTESIAN_POINT('',(1162.987255056,118.66,400.050697119));
#752=CARTESIAN_POINT('',(1263.,58.647255056,400.050697119));
#753=CARTESIAN_POINT('',(1260.499734482,58.647255056,400.050697119));
#754=CARTESIAN_POINT('',(1258.077577319,58.725388278,400.050697119));
#755=CARTESIAN_POINT('',(1253.389477119,59.037928291,400.050697119));
#756=CARTESIAN_POINT('',(1251.123534042,59.272335085,400.050697119));
#757=CARTESIAN_POINT('',(1246.747861144,59.897431214,400.050697119));
#758=CARTESIAN_POINT('',(1244.638131271,60.288120572,400.050697119));
#759=CARTESIAN_POINT('',(1240.574887086,61.225792306,400.050697119));
#760=CARTESIAN_POINT('',(1238.621372725,61.772774741,400.050697119));
#761=CARTESIAN_POINT('',(1234.870566664,63.023043428,400.050697119));
#762=CARTESIAN_POINT('',(1233.073274942,63.726329777,400.050697119));
#763=CARTESIAN_POINT('',(1229.634927267,65.289215084,400.050697119));
#764=CARTESIAN_POINT('',(1227.993871357,66.148814155,400.050697119));
#765=CARTESIAN_POINT('',(1224.868014204,68.024328447,400.050697119));
#766=CARTESIAN_POINT('',(1223.38321309,69.040243739,400.050697119));
#767=CARTESIAN_POINT('',(1220.569887633,71.228385761,400.050697119));
#768=CARTESIAN_POINT('',(1219.241363465,72.400612462,400.050697119));
#769=CARTESIAN_POINT('',(1216.740612463,74.901363465,400.050697119));
#770=CARTESIAN_POINT('',(1215.568385761,76.229887633,400.050697119));
#771=CARTESIAN_POINT('',(1213.38024374,79.043213089,400.050697119));
#772=CARTESIAN_POINT('',(1212.364328447,80.528014204,400.050697119));
#773=CARTESIAN_POINT('',(1210.488814155,83.653871357,400.050697119));
#774=CARTESIAN_POINT('',(1209.629215084,85.294927266,400.050697119));
#775=CARTESIAN_POINT('',(1208.066329777,88.733274943,400.050697119));
#776=CARTESIAN_POINT('',(1207.363043428,90.530566664,400.050697119));
#777=CARTESIAN_POINT('',(1206.112774741,94.281372725,400.050697119));
#778=CARTESIAN_POINT('',(1205.565792307,96.234887087,400.050697119));
#779=CARTESIAN_POINT('',(1204.628120571,100.29813127,400.050697118));
#780=CARTESIAN_POINT('',(1204.237431213,102.407861143,400.050697119));
#781=CARTESIAN_POINT('',(1203.612335085,106.783534042,400.050697119));
#782=CARTESIAN_POINT('',(1203.377928291,109.04947712,400.050697119));
#783=CARTESIAN_POINT('',(1203.065388278,113.737577318,400.050697119));
#784=CARTESIAN_POINT('',(1202.987255056,116.15973448,400.050697119));
#785=CARTESIAN_POINT('',(1202.987255056,118.66,400.050697119));
#786=(BOUNDED_SURFACE()
B_SPLINE_SURFACE(3,3,((#548,#549,#550,#551,#552,#553,#554,#555,#556,#557,#558,#559,#560,#561,#562,#563,#564,#565,#566,#567,#568,#569,#570,#571,#572,#573,
#574,#575,#576,#577,#578,#579,#580,#581),(#582,#583,#584,#585,#586,#587,#588,#589,#590,#591,#592,#593,#594,#595,#596,#597,#598,#599,#600,#601,#602,#603,#604,#605,#606,#607,
#608,#609,#610,#611,#612,#613,#614,#615),(#616,#617,#618,#619,#620,#621,#622,#623,#624,#625,#626,#627,#628,#629,#630,#631,#632,#633,#634,#635,#636,#637,#638,#639,#640,#641,
#642,#643,#644,#645,#646,#647,#648,#649),(#650,#651,#652,#653,#654,#655,#656,#657,#658,#659,#660,#661,#662,#663,#664,#665,#666,#667,#668,#669,#670,#671,#672,#673,#674,#675,
#676,#677,#678,#679,#680,#681,#682,#683),(#684,#685,#686,#687,#688,#689,#690,#691,#692,#693,#694,#695,#696,#697,#698,#699,#700,#701,#702,#703,#704,#705,#706,#707,#708,#709,
#710,#711,#712,#713,#714,#715,#716,#717),(#718,#719,#720,#721,#722,#723,#724,#725,#726,#727,#728,#729,#730,#731,#732,#733,#734,#735,#736,#737,#738,#739,#740,#741,#742,#743,
#744,#745,#746,#747,#748,#749,#750,#751),(#752,#753,#754,#755,#756,#757,#758,#759,#760,#761,#762,#763,#764,#765,#766,#767,#768,#769,#770,#771,#772,#773,#774,#775,#776,#777,
#778,#779,#780,#781,#782,#783,#784,#785)),.UNSPECIFIED.,.T.,.F.,.U.)
B_SPLINE_SURFACE_WITH_KNOTS((4,3,4),(4,2,2,2,2,2,2,2,2,2,2,2,2,2,2,2,4),(0.,0.5,1.),(0.,0.021844316,0.043688631,0.065532947,0.087377263,0.109221579,0.131065894,0.15291021,0.174754526,0.196598842,0.218443157,0.240287473,0.262131789,0.283976104,0.30582042,0.327664736,0.349509052),.UNSPECIFIED.)
GEOMETRIC_REPRESENTATION_ITEM()
RATIONAL_B_SPLINE_SURFACE(((1.,1.,1.,1.,1.,1.,1.,1.,1.,1.,1.,1.,1.,1.,1.,1.,1.,1.,1.,1.,1.,1.,1.,1.,1.,1.,
1.,1.,1.,1.,1.,1.,1.,1.),(0.333333333,0.333333333,0.333333333,0.333333333,0.333333333,0.333333333,0.333333333,0.333333333,0.333333333,0.333333333,0.333333333,0.333333333,0.333333333,0.333333333,0.333333333,0.333333333,0.333333333,0.333333333,0.333333333,0.333333333,0.333333333,0.333333333,0.333333333,0.333333333,0.333333333,0.333333333,
0.333333333,0.333333333,0.333333333,0.333333333,0.333333333,0.333333333,0.333333333,0.333333333),(0.333333333,0.333333333,0.333333333,0.333333333,0.333333333,0.333333333,0.333333333,0.333333333,0.333333333,0.333333333,0.333333333,0.333333333,0.333333333,0.333333333,0.333333333,0.333333333,0.333333333,0.333333333,0.333333333,0.333333333,0.333333333,0.333333333,0.333333333,0.333333333,0.333333333,0.333333333,
0.333333333,0.333333333,0.333333333,0.333333333,0.333333333,0.333333333,0.333333333,0.333333333),(1.,1.,1.,1.,1.,1.,1.,1.,1.,1.,1.,1.,1.,1.,1.,1.,1.,1.,1.,1.,1.,1.,1.,1.,1.,1.,
1.,1.,1.,1.,1.,1.,1.,1.),(0.333333333,0.333333333,0.333333333,0.333333333,0.333333333,0.333333333,0.333333333,0.333333333,0.333333333,0.333333333,0.333333333,0.333333333,0.333333333,0.333333333,0.333333333,0.333333333,0.333333333,0.333333333,0.333333333,0.333333333,0.333333333,0.333333333,0.333333333,0.333333333,0.333333333,0.333333333,
0.333333333,0.333333333,0.333333333,0.333333333,0.333333333,0.333333333,0.333333333,0.333333333),(0.333333333,0.333333333,0.333333333,0.333333333,0.333333333,0.333333333,0.333333333,0.333333333,0.333333333,0.333333333,0.333333333,0.333333333,0.333333333,0.333333333,0.333333333,0.333333333,0.333333333,0.333333333,0.333333333,0.333333333,0.333333333,0.333333333,0.333333333,0.333333333,0.333333333,0.333333333,
0.333333333,0.333333333,0.333333333,0.333333333,0.333333333,0.333333333,0.333333333,0.333333333),(1.,1.,1.,1.,1.,1.,1.,1.,1.,1.,1.,1.,1.,1.,1.,1.,1.,1.,1.,1.,1.,1.,1.,1.,1.,1.,
1.,1.,1.,1.,1.,1.,1.,1.)))
REPRESENTATION_ITEM('')
SURFACE()
);
#787=CARTESIAN_POINT('',(1202.987255057,118.66,400.050697119));
#788=VERTEX_POINT('',#787);
#789=CARTESIAN_POINT('',(1202.987255056,118.66,400.050697119));
#790=CARTESIAN_POINT('',(1202.987255056,116.15973448,400.050697119));
#791=CARTESIAN_POINT('',(1203.065388278,113.737577318,400.050697119));
#792=CARTESIAN_POINT('',(1203.377928291,109.04947712,400.050697119));
#793=CARTESIAN_POINT('',(1203.612335085,106.783534042,400.050697119));
#794=CARTESIAN_POINT('',(1204.237431213,102.407861143,400.050697119));
#795=CARTESIAN_POINT('',(1204.628120571,100.29813127,400.050697118));
#796=CARTESIAN_POINT('',(1205.565792307,96.234887087,400.050697119));
#797=CARTESIAN_POINT('',(1206.112774741,94.281372725,400.050697119));
#798=CARTESIAN_POINT('',(1207.363043428,90.530566664,400.050697119));
#799=CARTESIAN_POINT('',(1208.066329777,88.733274943,400.050697119));
#800=CARTESIAN_POINT('',(1209.629215084,85.294927266,400.050697119));
#801=CARTESIAN_POINT('',(1210.488814155,83.653871357,400.050697119));
#802=CARTESIAN_POINT('',(1212.364328447,80.528014204,400.050697119));
#803=CARTESIAN_POINT('',(1213.38024374,79.043213089,400.050697119));
#804=CARTESIAN_POINT('',(1215.568385761,76.229887633,400.050697119));
#805=CARTESIAN_POINT('',(1216.740612463,74.901363465,400.050697119));
#806=CARTESIAN_POINT('',(1219.241363465,72.400612462,400.050697119));
#807=CARTESIAN_POINT('',(1220.569887633,71.228385761,400.050697119));
#808=CARTESIAN_POINT('',(1223.38321309,69.040243739,400.050697119));
#809=CARTESIAN_POINT('',(1224.868014204,68.024328447,400.050697119));
#810=CARTESIAN_POINT('',(1227.993871357,66.148814155,400.050697119));
#811=CARTESIAN_POINT('',(1229.634927267,65.289215084,400.050697119));
#812=CARTESIAN_POINT('',(1233.073274942,63.726329777,400.050697119));
#813=CARTESIAN_POINT('',(1234.870566664,63.023043428,400.050697119));
#814=CARTESIAN_POINT('',(1238.621372725,61.772774741,400.050697119));
#815=CARTESIAN_POINT('',(1240.574887086,61.225792306,400.050697119));
#816=CARTESIAN_POINT('',(1244.638131271,60.288120572,400.050697119));
#817=CARTESIAN_POINT('',(1246.747861144,59.897431214,400.050697119));
#818=CARTESIAN_POINT('',(1251.123534042,59.272335085,400.050697119));
#819=CARTESIAN_POINT('',(1253.389477119,59.037928291,400.050697119));
#820=CARTESIAN_POINT('',(1258.077577319,58.725388278,400.050697119));
#821=CARTESIAN_POINT('',(1260.499734482,58.647255056,400.050697119));
#822=CARTESIAN_POINT('',(1263.,58.647255056,400.050697119));
#823=B_SPLINE_CURVE_WITH_KNOTS('',3,(#789,#790,#791,#792,#793,#794,#795,#796,#797,#798,#799,#800,#801,#802,#803,#804,#805,#806,#807,#808,#809,#810,#811,#812,#813,#814,
#815,#816,#817,#818,#819,#820,#821,#822),.UNSPECIFIED.,.F.,.F.,(4,2,2,2,2,2,2,2,2,2,2,2,2,2,2,2,4),(0.,0.021844316,0.043688631,0.065532947,0.087377263,0.109221579,0.131065894,0.15291021,0.174754526,0.196598842,0.218443157,0.240287473,0.262131789,0.283976104,0.30582042,0.327664736,0.349509052),.UNSPECIFIED.);
#824=EDGE_CURVE('',#788,#517,#823,.T.);
#825=ORIENTED_EDGE('',*,*,#824,.T.);
#826=ORIENTED_EDGE('',*,*,#523,.T.);
#827=ORIENTED_EDGE('',*,*,#824,.F.);
#828=CARTESIAN_POINT('',(1202.987255056,118.66,380.050697119));
#829=DIRECTION('',(0.,1.,0.));
#830=DIRECTION('',(0.,-0.,1.));
#831=AXIS2_PLACEMENT_3D('',#828,#829,#830);
#832=CIRCLE('',#831,20.);
#833=EDGE_CURVE('',#788,#788,#832,.T.);
#834=ORIENTED_EDGE('',*,*,#833,.F.);
#835=EDGE_LOOP('',(#825,#826,#827,#834));
#836=FACE_BOUND('',#835,.T.);
#837=ADVANCED_FACE('',(#836),#786,.T.);
#838=CARTESIAN_POINT('',(1202.987255056,118.66,380.050697119));
#839=DIRECTION('',(0.,1.,0.));
#840=DIRECTION('',(0.,-0.,1.));
#841=AXIS2_PLACEMENT_3D('',#838,#839,#840);
#842=CYLINDRICAL_SURFACE('',#841,20.);
#843=CARTESIAN_POINT('',(1202.987255056,299.924601595,400.050697119));
#844=DIRECTION('',(-0.,-1.,-0.));
#845=VECTOR('',#844,181.264601595);
#846=LINE('',#843,#845);
#847=EDGE_CURVE('',#537,#788,#846,.T.);
#848=ORIENTED_EDGE('',*,*,#847,.T.);
#849=ORIENTED_EDGE('',*,*,#833,.T.);
#850=ORIENTED_EDGE('',*,*,#847,.F.);
#851=ORIENTED_EDGE('',*,*,#543,.F.);
#852=EDGE_LOOP('',(#848,#849,#850,#851));
#853=FACE_BOUND('',#852,.T.);
#854=ADVANCED_FACE('',(#853),#842,.T.);
#855=CLOSED_SHELL('',(#482,#507,#527,#547,#837,#854));
#856=MANIFOLD_SOLID_BREP('Body 119',#855);
#184=STYLED_ITEM('',(#155),#856);
#858=CARTESIAN_POINT('',(1178.,304.,380.));
#859=DIRECTION('',(-1.,0.,0.));
#860=DIRECTION('',(0.,0.,1.));
#861=AXIS2_PLACEMENT_3D('',#858,#859,#860);
#862=PLANE('',#861);
#863=CARTESIAN_POINT('',(1178.,299.,405.));
#864=VERTEX_POINT('',#863);
#865=CARTESIAN_POINT('',(1178.,299.,355.));
#866=VERTEX_POINT('',#865);
#867=CARTESIAN_POINT('',(1178.,299.,405.));
#868=DIRECTION('',(0.,0.,-1.));
#869=VECTOR('',#868,50.);
#870=LINE('',#867,#869);
#871=EDGE_CURVE('',#864,#866,#870,.T.);
#872=ORIENTED_EDGE('',*,*,#871,.F.);
#873=CARTESIAN_POINT('',(1178.,300.,405.));
#874=VERTEX_POINT('',#873);
#875=CARTESIAN_POINT('',(1178.,300.,405.));
#876=DIRECTION('',(0.,-1.,0.));
#877=VECTOR('',#876,1.);
#878=LINE('',#875,#877);
#879=EDGE_CURVE('',#874,#864,#878,.T.);
#880=ORIENTED_EDGE('',*,*,#879,.F.);
#881=CARTESIAN_POINT('',(1178.,300.,355.));
#882=VERTEX_POINT('',#881);
#883=CARTESIAN_POINT('',(1178.,300.,405.));
#884=DIRECTION('',(0.,0.,-1.));
#885=VECTOR('',#884,50.);
#886=LINE('',#883,#885);
#887=EDGE_CURVE('',#874,#882,#886,.T.);
#888=ORIENTED_EDGE('',*,*,#887,.T.);
#889=CARTESIAN_POINT('',(1178.,300.,355.));
#890=DIRECTION('',(0.,-1.,0.));
#891=VECTOR('',#890,1.);
#892=LINE('',#889,#891);
#893=EDGE_CURVE('',#882,#866,#892,.T.);
#894=ORIENTED_EDGE('',*,*,#893,.T.);
#895=EDGE_LOOP('',(#872,#880,#888,#894));
#896=FACE_BOUND('',#895,.T.);
#897=ADVANCED_FACE('',(#896),#862,.T.);
#898=CARTESIAN_POINT('',(1203.,304.,405.));
#899=DIRECTION('',(0.,0.,1.));
#900=DIRECTION('',(1.,0.,0.));
#901=AXIS2_PLACEMENT_3D('',#898,#899,#900);
#902=PLANE('',#901);
#903=CARTESIAN_POINT('',(1228.,299.,405.));
#904=VERTEX_POINT('',#903);
#905=CARTESIAN_POINT('',(1228.,299.,405.));
#906=DIRECTION('',(-1.,0.,0.));
#907=VECTOR('',#906,50.);
#908=LINE('',#905,#907);
#909=EDGE_CURVE('',#904,#864,#908,.T.);
#910=ORIENTED_EDGE('',*,*,#909,.F.);
#911=CARTESIAN_POINT('',(1228.,300.,405.));
#912=VERTEX_POINT('',#911);
#913=CARTESIAN_POINT('',(1228.,300.,405.));
#914=DIRECTION('',(0.,-1.,0.));
#915=VECTOR('',#914,1.);
#916=LINE('',#913,#915);
#917=EDGE_CURVE('',#912,#904,#916,.T.);
#918=ORIENTED_EDGE('',*,*,#917,.F.);
#919=CARTESIAN_POINT('',(1228.,300.,405.));
#920=DIRECTION('',(-1.,0.,0.));
#921=VECTOR('',#920,50.);
#922=LINE('',#919,#921);
#923=EDGE_CURVE('',#912,#874,#922,.T.);
#924=ORIENTED_EDGE('',*,*,#923,.T.);
#925=ORIENTED_EDGE('',*,*,#879,.T.);
#926=EDGE_LOOP('',(#910,#918,#924,#925));
#927=FACE_BOUND('',#926,.T.);
#928=ADVANCED_FACE('',(#927),#902,.T.);
#929=CARTESIAN_POINT('',(1228.,304.,380.));
#930=DIRECTION('',(1.,0.,0.));
#931=DIRECTION('',(0.,0.,-1.));
#932=AXIS2_PLACEMENT_3D('',#929,#930,#931);
#933=PLANE('',#932);
#934=CARTESIAN_POINT('',(1228.,299.,355.));
#935=VERTEX_POINT('',#934);
#936=CARTESIAN_POINT('',(1228.,299.,355.));
#937=DIRECTION('',(0.,0.,1.));
#938=VECTOR('',#937,50.);
#939=LINE('',#936,#938);
#940=EDGE_CURVE('',#935,#904,#939,.T.);
#941=ORIENTED_EDGE('',*,*,#940,.F.);
#942=CARTESIAN_POINT('',(1228.,300.,355.));
#943=VERTEX_POINT('',#942);
#944=CARTESIAN_POINT('',(1228.,300.,355.));
#945=DIRECTION('',(0.,-1.,0.));
#946=VECTOR('',#945,1.);
#947=LINE('',#944,#946);
#948=EDGE_CURVE('',#943,#935,#947,.T.);
#949=ORIENTED_EDGE('',*,*,#948,.F.);
#950=CARTESIAN_POINT('',(1228.,300.,355.));
#951=DIRECTION('',(0.,0.,1.));
#952=VECTOR('',#951,50.);
#953=LINE('',#950,#952);
#954=EDGE_CURVE('',#943,#912,#953,.T.);
#955=ORIENTED_EDGE('',*,*,#954,.T.);
#956=ORIENTED_EDGE('',*,*,#917,.T.);
#957=EDGE_LOOP('',(#941,#949,#955,#956));
#958=FACE_BOUND('',#957,.T.);
#959=ADVANCED_FACE('',(#958),#933,.T.);
#960=CARTESIAN_POINT('',(1203.,304.,355.));
#961=DIRECTION('',(0.,0.,-1.));
#962=DIRECTION('',(-1.,0.,0.));
#963=AXIS2_PLACEMENT_3D('',#960,#961,#962);
#964=PLANE('',#963);
#965=CARTESIAN_POINT('',(1178.,299.,355.));
#966=DIRECTION('',(1.,0.,-0.));
#967=VECTOR('',#966,50.);
#968=LINE('',#965,#967);
#969=EDGE_CURVE('',#866,#935,#968,.T.);
#970=ORIENTED_EDGE('',*,*,#969,.F.);
#971=ORIENTED_EDGE('',*,*,#893,.F.);
#972=CARTESIAN_POINT('',(1178.,300.,355.));
#973=DIRECTION('',(1.,0.,-0.));
#974=VECTOR('',#973,50.);
#975=LINE('',#972,#974);
#976=EDGE_CURVE('',#882,#943,#975,.T.);
#977=ORIENTED_EDGE('',*,*,#976,.T.);
#978=ORIENTED_EDGE('',*,*,#948,.T.);
#979=EDGE_LOOP('',(#970,#971,#977,#978));
#980=FACE_BOUND('',#979,.T.);
#981=ADVANCED_FACE('',(#980),#964,.T.);
#982=CARTESIAN_POINT('',(1406.,300.,0.));
#983=DIRECTION('',(0.,1.,0.));
#984=DIRECTION('',(-1.,0.,0.));
#985=AXIS2_PLACEMENT_3D('',#982,#983,#984);
#986=PLANE('',#985);
#987=ORIENTED_EDGE('',*,*,#887,.F.);
#988=ORIENTED_EDGE('',*,*,#923,.F.);
#989=ORIENTED_EDGE('',*,*,#954,.F.);
#990=ORIENTED_EDGE('',*,*,#976,.F.);
#991=EDGE_LOOP('',(#987,#988,#989,#990));
#992=FACE_BOUND('',#991,.T.);
#993=ADVANCED_FACE('',(#992),#986,.T.);
#994=CARTESIAN_POINT('',(1406.,299.,0.));
#995=DIRECTION('',(0.,1.,0.));
#996=DIRECTION('',(-1.,0.,0.));
#997=AXIS2_PLACEMENT_3D('',#994,#995,#996);
#998=PLANE('',#997);
#999=ORIENTED_EDGE('',*,*,#871,.T.);
#1000=ORIENTED_EDGE('',*,*,#969,.T.);
#1001=ORIENTED_EDGE('',*,*,#940,.T.);
#1002=ORIENTED_EDGE('',*,*,#909,.T.);
#1003=EDGE_LOOP('',(#999,#1000,#1001,#1002));
#1004=FACE_BOUND('',#1003,.T.);
#1005=ADVANCED_FACE('',(#1004),#998,.F.);
#1006=CLOSED_SHELL('',(#897,#928,#959,#981,#993,#1005));
#1007=MANIFOLD_SOLID_BREP('Body 48 (1)',#1006);
#857=STYLED_ITEM('',(#155),#1007);
#1009=CARTESIAN_POINT('',(1223.8,297.490135637,358.297273484));
#1010=DIRECTION('',(0.,1.,0.));
#1011=DIRECTION('',(0.,-0.,1.));
#1012=AXIS2_PLACEMENT_3D('',#1009,#1010,#1011);
#1013=CYLINDRICAL_SURFACE('',#1012,1.75);
#1014=CARTESIAN_POINT('',(1223.8,298.990135637,360.047273484));
#1015=VERTEX_POINT('',#1014);
#1016=CARTESIAN_POINT('',(1223.8,298.485110384,360.047273484));
#1017=VERTEX_POINT('',#1016);
#1018=CARTESIAN_POINT('',(1223.8,298.990135637,360.047273484));
#1019=DIRECTION('',(-0.,-1.,-0.));
#1020=VECTOR('',#1019,0.505025253);
#1021=LINE('',#1018,#1020);
#1022=EDGE_CURVE('',#1015,#1017,#1021,.T.);
#1023=ORIENTED_EDGE('',*,*,#1022,.T.);
#1024=CARTESIAN_POINT('',(1223.800064251,298.485110384,356.547273485));
#1025=VERTEX_POINT('',#1024);
#1026=CARTESIAN_POINT('',(1223.800064251,298.485110384,356.547273485));
#1027=CARTESIAN_POINT('',(1223.685527019,298.485110384,356.54726928));
#1028=CARTESIAN_POINT('',(1223.570992205,298.485110384,356.558545729));
#1029=CARTESIAN_POINT('',(1223.458654953,298.485110384,356.58088671));
#1030=CARTESIAN_POINT('',(1223.346317701,298.485110384,356.603227691));
#1031=CARTESIAN_POINT('',(1223.236183568,298.485110384,356.636632099));
#1032=CARTESIAN_POINT('',(1223.130363354,298.485110384,356.680459715));
#1033=CARTESIAN_POINT('',(1223.02454314,298.485110384,356.724287331));
#1034=CARTESIAN_POINT('',(1222.92304208,298.485110384,356.778535987));
#1035=CARTESIAN_POINT('',(1222.827805516,298.485110384,356.842165968));
#1036=CARTESIAN_POINT('',(1222.732568951,298.485110384,356.905795948));
#1037=CARTESIAN_POINT('',(1222.643601593,298.485110384,356.978804106));
#1038=CARTESIAN_POINT('',(1222.562608566,298.485110384,357.059791186));
#1039=CARTESIAN_POINT('',(1222.481615539,298.485110384,357.140778266));
#1040=CARTESIAN_POINT('',(1222.408600849,298.485110384,357.229740263));
#1041=CARTESIAN_POINT('',(1222.344963875,298.485110384,357.324972154));
#1042=CARTESIAN_POINT('',(1222.281326902,298.485110384,357.420204046));
#1043=CARTESIAN_POINT('',(1222.227070793,298.485110384,357.521701123));
#1044=CARTESIAN_POINT('',(1222.183235407,298.485110384,357.627518118));
#1045=CARTESIAN_POINT('',(1222.139400021,298.485110384,357.733335113));
#1046=CARTESIAN_POINT('',(1222.105987525,298.485110384,357.843466794));
#1047=CARTESIAN_POINT('',(1222.083638295,298.485110384,357.955802404));
#1048=CARTESIAN_POINT('',(1222.061289065,298.485110384,358.068138015));
#1049=CARTESIAN_POINT('',(1222.050004206,298.485110384,358.182672001));
#1050=CARTESIAN_POINT('',(1222.050000001,298.485110384,358.297209233));
#1051=CARTESIAN_POINT('',(1222.049995796,298.485110384,358.411746465));
#1052=CARTESIAN_POINT('',(1222.061272245,298.485110384,358.526281279));
#1053=CARTESIAN_POINT('',(1222.083613226,298.485110384,358.638618531));
#1054=CARTESIAN_POINT('',(1222.105954207,298.485110384,358.750955783));
#1055=CARTESIAN_POINT('',(1222.139358615,298.485110384,358.861089916));
#1056=CARTESIAN_POINT('',(1222.183186231,298.485110384,358.96691013));
#1057=CARTESIAN_POINT('',(1222.227013847,298.485110384,359.072730344));
#1058=CARTESIAN_POINT('',(1222.281262503,298.485110384,359.174231404));
#1059=CARTESIAN_POINT('',(1222.344892484,298.485110384,359.269467969));
#1060=CARTESIAN_POINT('',(1222.408522464,298.485110384,359.364704533));
#1061=CARTESIAN_POINT('',(1222.481530622,298.485110384,359.453671891));
#1062=CARTESIAN_POINT('',(1222.562517702,298.485110384,359.534664918));
#1063=CARTESIAN_POINT('',(1222.643504782,298.485110384,359.615657945));
#1064=CARTESIAN_POINT('',(1222.732466779,298.485110384,359.688672635));
#1065=CARTESIAN_POINT('',(1222.82769867,298.485110384,359.752309609));
#1066=CARTESIAN_POINT('',(1222.922930562,298.485110384,359.815946582));
#1067=CARTESIAN_POINT('',(1223.024427639,298.485110384,359.870202691));
#1068=CARTESIAN_POINT('',(1223.130244634,298.485110384,359.914038077));
#1069=CARTESIAN_POINT('',(1223.236061629,298.485110384,359.957873463));
#1070=CARTESIAN_POINT('',(1223.34619331,298.485110384,359.991285959));
#1071=CARTESIAN_POINT('',(1223.45852892,298.485110384,360.013635189));
#1072=CARTESIAN_POINT('',(1223.570864531,298.485110384,360.035984419));
#1073=CARTESIAN_POINT('',(1223.685398517,298.485110384,360.047269278));
#1074=CARTESIAN_POINT('',(1223.799935749,298.485110384,360.047273483));
#1075=CARTESIAN_POINT('',(1223.914472981,298.485110384,360.047277688));
#1076=CARTESIAN_POINT('',(1224.029007795,298.485110384,360.036001239));
#1077=CARTESIAN_POINT('',(1224.141345047,298.485110384,360.013660258));
#1078=CARTESIAN_POINT('',(1224.253682299,298.485110384,359.991319277));
#1079=CARTESIAN_POINT('',(1224.363816432,298.485110384,359.957914869));
#1080=CARTESIAN_POINT('',(1224.469636646,298.485110384,359.914087253));
#1081=CARTESIAN_POINT('',(1224.57545686,298.485110384,359.870259637));
#1082=CARTESIAN_POINT('',(1224.67695792,298.485110384,359.816010981));
#1083=CARTESIAN_POINT('',(1224.772194484,298.485110384,359.752381));
#1084=CARTESIAN_POINT('',(1224.867431049,298.485110384,359.68875102));
#1085=CARTESIAN_POINT('',(1224.956398407,298.485110384,359.615742862));
#1086=CARTESIAN_POINT('',(1225.037391434,298.485110384,359.534755782));
#1087=CARTESIAN_POINT('',(1225.118384461,298.485110384,359.453768703));
#1088=CARTESIAN_POINT('',(1225.191399151,298.485110384,359.364806705));
#1089=CARTESIAN_POINT('',(1225.255036125,298.485110384,359.269574814));
#1090=CARTESIAN_POINT('',(1225.318673098,298.485110384,359.174342922));
#1091=CARTESIAN_POINT('',(1225.372929207,298.485110384,359.072845845));
#1092=CARTESIAN_POINT('',(1225.416764593,298.485110384,358.96702885));
#1093=CARTESIAN_POINT('',(1225.460599979,298.485110384,358.861211855));
#1094=CARTESIAN_POINT('',(1225.494012475,298.485110384,358.751080175));
#1095=CARTESIAN_POINT('',(1225.516361705,298.485110384,358.638744564));
#1096=CARTESIAN_POINT('',(1225.538710935,298.485110384,358.526408953));
#1097=CARTESIAN_POINT('',(1225.549995794,298.485110384,358.411874967));
#1098=CARTESIAN_POINT('',(1225.549999999,298.485110384,358.297337735));
#1099=CARTESIAN_POINT('',(1225.550004204,298.485110384,358.182800503));
#1100=CARTESIAN_POINT('',(1225.538727755,298.485110384,358.068265689));
#1101=CARTESIAN_POINT('',(1225.516386774,298.485110384,357.955928437));
#1102=CARTESIAN_POINT('',(1225.494045793,298.485110384,357.843591185));
#1103=CARTESIAN_POINT('',(1225.460641385,298.485110384,357.733457052));
#1104=CARTESIAN_POINT('',(1225.416813769,298.485110384,357.627636838));
#1105=CARTESIAN_POINT('',(1225.372986153,298.485110384,357.521816624));
#1106=CARTESIAN_POINT('',(1225.318737497,298.485110384,357.420315564));
#1107=CARTESIAN_POINT('',(1225.255107516,298.485110384,357.325079));
#1108=CARTESIAN_POINT('',(1225.191477536,298.485110384,357.229842435));
#1109=CARTESIAN_POINT('',(1225.118469378,298.485110384,357.140875077));
#1110=CARTESIAN_POINT('',(1225.037482298,298.485110384,357.05988205));
#1111=CARTESIAN_POINT('',(1224.956495218,298.485110384,356.978889023));
#1112=CARTESIAN_POINT('',(1224.867533221,298.485110384,356.905874333));
#1113=CARTESIAN_POINT('',(1224.77230133,298.485110384,356.842237359));
#1114=CARTESIAN_POINT('',(1224.677069438,298.485110384,356.778600386));
#1115=CARTESIAN_POINT('',(1224.575572361,298.485110384,356.724344277));
#1116=CARTESIAN_POINT('',(1224.469755366,298.485110384,356.680508891));
#1117=CARTESIAN_POINT('',(1224.363938371,298.485110384,356.636673505));
#1118=CARTESIAN_POINT('',(1224.25380669,298.485110384,356.603261009));
#1119=CARTESIAN_POINT('',(1224.14147108,298.485110384,356.580911779));
#1120=CARTESIAN_POINT('',(1224.029135469,298.485110384,356.558562549));
#1121=CARTESIAN_POINT('',(1223.914601483,298.485110384,356.54727769));
#1122=CARTESIAN_POINT('',(1223.800064251,298.485110384,356.547273485));
#1123=B_SPLINE_CURVE_WITH_KNOTS('',3,(#1026,#1027,#1028,#1029,#1030,#1031,#1032,#1033,#1034,#1035,#1036,#1037,#1038,#1039,#1040,#1041,#1042,#1043,#1044,#1045,#1046,#1047,#1048,#1049,#1050,#1051,
#1052,#1053,#1054,#1055,#1056,#1057,#1058,#1059,#1060,#1061,#1062,#1063,#1064,#1065,#1066,#1067,#1068,#1069,#1070,#1071,#1072,#1073,#1074,#1075,#1076,
#1077,#1078,#1079,#1080,#1081,#1082,#1083,#1084,#1085,#1086,#1087,#1088,#1089,#1090,#1091,#1092,#1093,#1094,#1095,#1096,#1097,#1098,#1099,#1100,#1101,
#1102,#1103,#1104,#1105,#1106,#1107,#1108,#1109,#1110,#1111,#1112,#1113,#1114,#1115,#1116,#1117,#1118,#1119,#1120,#1121,#1122),.UNSPECIFIED.,.T.,.F.,(4,3,3,3,3,3,3,3,3,3,3,3,3,3,3,3,3,3,3,3,3,3,3,3,3,3,
3,3,3,3,3,3,4),(0.,0.03125,0.0625,0.09375,0.125,0.15625,0.1875,0.21875,0.25,0.28125,0.3125,0.34375,0.375,0.40625,0.4375,0.46875,0.5,0.53125,0.5625,0.59375,0.625,0.65625,0.6875,0.71875,0.75,0.78125,
0.8125,0.84375,0.875,0.90625,0.9375,0.96875,1.),.UNSPECIFIED.);
#1124=EDGE_CURVE('',#1017,#1025,#1123,.T.);
#1125=ORIENTED_EDGE('',*,*,#1124,.T.);
#1126=CARTESIAN_POINT('',(1223.800064251,298.485110384,356.547273485));
#1127=CARTESIAN_POINT('',(1223.685527019,298.485110384,356.54726928));
#1128=CARTESIAN_POINT('',(1223.570992205,298.485110384,356.558545729));
#1129=CARTESIAN_POINT('',(1223.458654953,298.485110384,356.58088671));
#1130=CARTESIAN_POINT('',(1223.346317701,298.485110384,356.603227691));
#1131=CARTESIAN_POINT('',(1223.236183568,298.485110384,356.636632099));
#1132=CARTESIAN_POINT('',(1223.130363354,298.485110384,356.680459715));
#1133=CARTESIAN_POINT('',(1223.02454314,298.485110384,356.724287331));
#1134=CARTESIAN_POINT('',(1222.92304208,298.485110384,356.778535987));
#1135=CARTESIAN_POINT('',(1222.827805516,298.485110384,356.842165968));
#1136=CARTESIAN_POINT('',(1222.732568951,298.485110384,356.905795948));
#1137=CARTESIAN_POINT('',(1222.643601593,298.485110384,356.978804106));
#1138=CARTESIAN_POINT('',(1222.562608566,298.485110384,357.059791186));
#1139=CARTESIAN_POINT('',(1222.481615539,298.485110384,357.140778266));
#1140=CARTESIAN_POINT('',(1222.408600849,298.485110384,357.229740263));
#1141=CARTESIAN_POINT('',(1222.344963875,298.485110384,357.324972154));
#1142=CARTESIAN_POINT('',(1222.281326902,298.485110384,357.420204046));
#1143=CARTESIAN_POINT('',(1222.227070793,298.485110384,357.521701123));
#1144=CARTESIAN_POINT('',(1222.183235407,298.485110384,357.627518118));
#1145=CARTESIAN_POINT('',(1222.139400021,298.485110384,357.733335113));
#1146=CARTESIAN_POINT('',(1222.105987525,298.485110384,357.843466794));
#1147=CARTESIAN_POINT('',(1222.083638295,298.485110384,357.955802404));
#1148=CARTESIAN_POINT('',(1222.061289065,298.485110384,358.068138015));
#1149=CARTESIAN_POINT('',(1222.050004206,298.485110384,358.182672001));
#1150=CARTESIAN_POINT('',(1222.050000001,298.485110384,358.297209233));
#1151=CARTESIAN_POINT('',(1222.049995796,298.485110384,358.411746465));
#1152=CARTESIAN_POINT('',(1222.061272245,298.485110384,358.526281279));
#1153=CARTESIAN_POINT('',(1222.083613226,298.485110384,358.638618531));
#1154=CARTESIAN_POINT('',(1222.105954207,298.485110384,358.750955783));
#1155=CARTESIAN_POINT('',(1222.139358615,298.485110384,358.861089916));
#1156=CARTESIAN_POINT('',(1222.183186231,298.485110384,358.96691013));
#1157=CARTESIAN_POINT('',(1222.227013847,298.485110384,359.072730344));
#1158=CARTESIAN_POINT('',(1222.281262503,298.485110384,359.174231404));
#1159=CARTESIAN_POINT('',(1222.344892484,298.485110384,359.269467969));
#1160=CARTESIAN_POINT('',(1222.408522464,298.485110384,359.364704533));
#1161=CARTESIAN_POINT('',(1222.481530622,298.485110384,359.453671891));
#1162=CARTESIAN_POINT('',(1222.562517702,298.485110384,359.534664918));
#1163=CARTESIAN_POINT('',(1222.643504782,298.485110384,359.615657945));
#1164=CARTESIAN_POINT('',(1222.732466779,298.485110384,359.688672635));
#1165=CARTESIAN_POINT('',(1222.82769867,298.485110384,359.752309609));
#1166=CARTESIAN_POINT('',(1222.922930562,298.485110384,359.815946582));
#1167=CARTESIAN_POINT('',(1223.024427639,298.485110384,359.870202691));
#1168=CARTESIAN_POINT('',(1223.130244634,298.485110384,359.914038077));
#1169=CARTESIAN_POINT('',(1223.236061629,298.485110384,359.957873463));
#1170=CARTESIAN_POINT('',(1223.34619331,298.485110384,359.991285959));
#1171=CARTESIAN_POINT('',(1223.45852892,298.485110384,360.013635189));
#1172=CARTESIAN_POINT('',(1223.570864531,298.485110384,360.035984419));
#1173=CARTESIAN_POINT('',(1223.685398517,298.485110384,360.047269278));
#1174=CARTESIAN_POINT('',(1223.799935749,298.485110384,360.047273483));
#1175=CARTESIAN_POINT('',(1223.914472981,298.485110384,360.047277688));
#1176=CARTESIAN_POINT('',(1224.029007795,298.485110384,360.036001239));
#1177=CARTESIAN_POINT('',(1224.141345047,298.485110384,360.013660258));
#1178=CARTESIAN_POINT('',(1224.253682299,298.485110384,359.991319277));
#1179=CARTESIAN_POINT('',(1224.363816432,298.485110384,359.957914869));
#1180=CARTESIAN_POINT('',(1224.469636646,298.485110384,359.914087253));
#1181=CARTESIAN_POINT('',(1224.57545686,298.485110384,359.870259637));
#1182=CARTESIAN_POINT('',(1224.67695792,298.485110384,359.816010981));
#1183=CARTESIAN_POINT('',(1224.772194484,298.485110384,359.752381));
#1184=CARTESIAN_POINT('',(1224.867431049,298.485110384,359.68875102));
#1185=CARTESIAN_POINT('',(1224.956398407,298.485110384,359.615742862));
#1186=CARTESIAN_POINT('',(1225.037391434,298.485110384,359.534755782));
#1187=CARTESIAN_POINT('',(1225.118384461,298.485110384,359.453768703));
#1188=CARTESIAN_POINT('',(1225.191399151,298.485110384,359.364806705));
#1189=CARTESIAN_POINT('',(1225.255036125,298.485110384,359.269574814));
#1190=CARTESIAN_POINT('',(1225.318673098,298.485110384,359.174342922));
#1191=CARTESIAN_POINT('',(1225.372929207,298.485110384,359.072845845));
#1192=CARTESIAN_POINT('',(1225.416764593,298.485110384,358.96702885));
#1193=CARTESIAN_POINT('',(1225.460599979,298.485110384,358.861211855));
#1194=CARTESIAN_POINT('',(1225.494012475,298.485110384,358.751080175));
#1195=CARTESIAN_POINT('',(1225.516361705,298.485110384,358.638744564));
#1196=CARTESIAN_POINT('',(1225.538710935,298.485110384,358.526408953));
#1197=CARTESIAN_POINT('',(1225.549995794,298.485110384,358.411874967));
#1198=CARTESIAN_POINT('',(1225.549999999,298.485110384,358.297337735));
#1199=CARTESIAN_POINT('',(1225.550004204,298.485110384,358.182800503));
#1200=CARTESIAN_POINT('',(1225.538727755,298.485110384,358.068265689));
#1201=CARTESIAN_POINT('',(1225.516386774,298.485110384,357.955928437));
#1202=CARTESIAN_POINT('',(1225.494045793,298.485110384,357.843591185));
#1203=CARTESIAN_POINT('',(1225.460641385,298.485110384,357.733457052));
#1204=CARTESIAN_POINT('',(1225.416813769,298.485110384,357.627636838));
#1205=CARTESIAN_POINT('',(1225.372986153,298.485110384,357.521816624));
#1206=CARTESIAN_POINT('',(1225.318737497,298.485110384,357.420315564));
#1207=CARTESIAN_POINT('',(1225.255107516,298.485110384,357.325079));
#1208=CARTESIAN_POINT('',(1225.191477536,298.485110384,357.229842435));
#1209=CARTESIAN_POINT('',(1225.118469378,298.485110384,357.140875077));
#1210=CARTESIAN_POINT('',(1225.037482298,298.485110384,357.05988205));
#1211=CARTESIAN_POINT('',(1224.956495218,298.485110384,356.978889023));
#1212=CARTESIAN_POINT('',(1224.867533221,298.485110384,356.905874333));
#1213=CARTESIAN_POINT('',(1224.77230133,298.485110384,356.842237359));
#1214=CARTESIAN_POINT('',(1224.677069438,298.485110384,356.778600386));
#1215=CARTESIAN_POINT('',(1224.575572361,298.485110384,356.724344277));
#1216=CARTESIAN_POINT('',(1224.469755366,298.485110384,356.680508891));
#1217=CARTESIAN_POINT('',(1224.363938371,298.485110384,356.636673505));
#1218=CARTESIAN_POINT('',(1224.25380669,298.485110384,356.603261009));
#1219=CARTESIAN_POINT('',(1224.14147108,298.485110384,356.580911779));
#1220=CARTESIAN_POINT('',(1224.029135469,298.485110384,356.558562549));
#1221=CARTESIAN_POINT('',(1223.914601483,298.485110384,356.54727769));
#1222=CARTESIAN_POINT('',(1223.800064251,298.485110384,356.547273485));
#1223=B_SPLINE_CURVE_WITH_KNOTS('',3,(#1126,#1127,#1128,#1129,#1130,#1131,#1132,#1133,#1134,#1135,#1136,#1137,#1138,#1139,#1140,#1141,#1142,#1143,#1144,#1145,#1146,#1147,#1148,#1149,#1150,#1151,
#1152,#1153,#1154,#1155,#1156,#1157,#1158,#1159,#1160,#1161,#1162,#1163,#1164,#1165,#1166,#1167,#1168,#1169,#1170,#1171,#1172,#1173,#1174,#1175,#1176,
#1177,#1178,#1179,#1180,#1181,#1182,#1183,#1184,#1185,#1186,#1187,#1188,#1189,#1190,#1191,#1192,#1193,#1194,#1195,#1196,#1197,#1198,#1199,#1200,#1201,
#1202,#1203,#1204,#1205,#1206,#1207,#1208,#1209,#1210,#1211,#1212,#1213,#1214,#1215,#1216,#1217,#1218,#1219,#1220,#1221,#1222),.UNSPECIFIED.,.T.,.F.,(4,3,3,3,3,3,3,3,3,3,3,3,3,3,3,3,3,3,3,3,3,3,3,3,3,3,
3,3,3,3,3,3,4),(0.,0.03125,0.0625,0.09375,0.125,0.15625,0.1875,0.21875,0.25,0.28125,0.3125,0.34375,0.375,0.40625,0.4375,0.46875,0.5,0.53125,0.5625,0.59375,0.625,0.65625,0.6875,0.71875,0.75,0.78125,
0.8125,0.84375,0.875,0.90625,0.9375,0.96875,1.),.UNSPECIFIED.);
#1224=EDGE_CURVE('',#1025,#1017,#1223,.T.);
#1225=ORIENTED_EDGE('',*,*,#1224,.T.);
#1226=ORIENTED_EDGE('',*,*,#1022,.F.);
#1227=CARTESIAN_POINT('',(1223.8,298.990135637,356.547273484));
#1228=VERTEX_POINT('',#1227);
#1229=CARTESIAN_POINT('',(1223.8,298.990135637,358.297273484));
#1230=DIRECTION('',(0.,-1.,0.));
#1231=DIRECTION('',(0.,0.,-1.));
#1232=AXIS2_PLACEMENT_3D('',#1229,#1230,#1231);
#1233=CIRCLE('',#1232,1.75);
#1234=EDGE_CURVE('',#1015,#1228,#1233,.T.);
#1235=ORIENTED_EDGE('',*,*,#1234,.T.);
#1236=CARTESIAN_POINT('',(1223.8,298.990135637,358.297273484));
#1237=DIRECTION('',(0.,-1.,0.));
#1238=DIRECTION('',(0.,0.,-1.));
#1239=AXIS2_PLACEMENT_3D('',#1236,#1237,#1238);
#1240=CIRCLE('',#1239,1.75);
#1241=EDGE_CURVE('',#1228,#1015,#1240,.T.);
#1242=ORIENTED_EDGE('',*,*,#1241,.T.);
#1243=EDGE_LOOP('',(#1023,#1125,#1225,#1226,#1235,#1242));
#1244=FACE_BOUND('',#1243,.T.);
#1245=ADVANCED_FACE('',(#1244),#1013,.T.);
#1246=CARTESIAN_POINT('',(-538.2,297.990135637,-1674.452726516));
#1247=DIRECTION('',(0.,-1.,0.));
#1248=DIRECTION('',(1.,0.,0.));
#1249=AXIS2_PLACEMENT_3D('',#1246,#1247,#1248);
#1250=PLANE('',#1249);
#1251=CARTESIAN_POINT('',(1223.800046078,297.990135637,357.042248232));
#1252=VERTEX_POINT('',#1251);
#1253=CARTESIAN_POINT('',(1223.800046078,297.990135637,357.042248232));
#1254=CARTESIAN_POINT('',(1223.923342896,297.990135637,357.042252758));
#1255=CARTESIAN_POINT('',(1224.044820406,297.990135637,357.066358639));
#1256=CARTESIAN_POINT('',(1224.165539979,297.990135637,357.090314116));
#1257=CARTESIAN_POINT('',(1224.280278957,297.990135637,357.137781996));
#1258=CARTESIAN_POINT('',(1224.393971292,297.990135637,357.184816878));
#1259=CARTESIAN_POINT('',(1224.497217555,297.990135637,357.253733323));
#1260=CARTESIAN_POINT('',(1224.599592123,297.990135637,357.322067916));
#1261=CARTESIAN_POINT('',(1224.687440697,297.990135637,357.409840447));
#1262=CARTESIAN_POINT('',(1224.774504078,297.990135637,357.496828464));
#1263=CARTESIAN_POINT('',(1224.843532602,297.990135637,357.600044615));
#1264=CARTESIAN_POINT('',(1224.91193297,297.990135637,357.702321505));
#1265=CARTESIAN_POINT('',(1224.959489366,297.990135637,357.816989405));
#1266=CARTESIAN_POINT('',(1225.006625641,297.990135637,357.93064431));
#1267=CARTESIAN_POINT('',(1225.030901137,297.990135637,358.052384168));
#1268=CARTESIAN_POINT('',(1225.05496913,297.990135637,358.173083415));
#1269=CARTESIAN_POINT('',(1225.055025253,297.990135637,358.297255151));
#1270=CARTESIAN_POINT('',(1225.055080889,297.990135637,358.420349468));
#1271=CARTESIAN_POINT('',(1225.030900564,297.990135637,358.542165682));
#1272=CARTESIAN_POINT('',(1225.006945755,297.990135637,358.66284578));
#1273=CARTESIAN_POINT('',(1224.959492715,297.990135637,358.777549478));
#1274=CARTESIAN_POINT('',(1224.91245296,297.990135637,358.89125418));
#1275=CARTESIAN_POINT('',(1224.843527577,297.990135637,358.994509873));
#1276=CARTESIAN_POINT('',(1224.775200464,297.990135637,359.09686931));
#1277=CARTESIAN_POINT('',(1224.68744033,297.990135637,359.184706888));
#1278=CARTESIAN_POINT('',(1224.600471649,297.990135637,359.271752315));
#1279=CARTESIAN_POINT('',(1224.497281059,297.990135637,359.340771213));
#1280=CARTESIAN_POINT('',(1224.394965318,297.990135637,359.40920497));
#1281=CARTESIAN_POINT('',(1224.280248523,297.990135637,359.456777577));
#1282=CARTESIAN_POINT('',(1224.166595308,297.990135637,359.503909122));
#1283=CARTESIAN_POINT('',(1224.04485787,297.990135637,359.528180877));
#1284=CARTESIAN_POINT('',(1223.924171384,297.990135637,359.552243095));
#1285=CARTESIAN_POINT('',(1223.800013583,297.990135637,359.552298737));
#1286=CARTESIAN_POINT('',(1223.676921637,297.990135637,359.552353901));
#1287=CARTESIAN_POINT('',(1223.555107796,297.990135637,359.528174046));
#1288=CARTESIAN_POINT('',(1223.434434553,297.990135637,359.504220598));
#1289=CARTESIAN_POINT('',(1223.319736907,297.990135637,359.456771542));
#1290=CARTESIAN_POINT('',(1223.206020693,297.990135637,359.409728493));
#1291=CARTESIAN_POINT('',(1223.102755732,297.990135637,359.340795796));
#1292=CARTESIAN_POINT('',(1223.000399164,297.990135637,359.272469481));
#1293=CARTESIAN_POINT('',(1222.912563892,297.990135637,359.18471111));
#1294=CARTESIAN_POINT('',(1222.825500993,297.990135637,359.097724436));
#1295=CARTESIAN_POINT('',(1222.756472443,297.990135637,358.994509904));
#1296=CARTESIAN_POINT('',(1222.688065024,297.990135637,358.892224112));
#1297=CARTESIAN_POINT('',(1222.64050533,297.990135637,358.777544757));
#1298=CARTESIAN_POINT('',(1222.593371649,297.990135637,358.663892635));
#1299=CARTESIAN_POINT('',(1222.569097293,297.990135637,358.542154909));
#1300=CARTESIAN_POINT('',(1222.545027106,297.990135637,358.421441105));
#1301=CARTESIAN_POINT('',(1222.544974747,297.990135637,358.297253807));
#1302=CARTESIAN_POINT('',(1222.544922863,297.990135637,358.174192611));
#1303=CARTESIAN_POINT('',(1222.569093992,297.990135637,358.052408651));
#1304=CARTESIAN_POINT('',(1222.593050386,297.990135637,357.93170662));
#1305=CARTESIAN_POINT('',(1222.640513105,297.990135637,357.816983439));
#1306=CARTESIAN_POINT('',(1222.687550506,297.990135637,357.703288307));
#1307=CARTESIAN_POINT('',(1222.756469522,297.990135637,357.600041437));
#1308=CARTESIAN_POINT('',(1222.824801308,297.990135637,357.49767429));
#1309=CARTESIAN_POINT('',(1222.912568,297.990135637,357.40983175));
#1310=CARTESIAN_POINT('',(1222.999555362,297.990135637,357.322769213));
#1311=CARTESIAN_POINT('',(1223.102770393,297.990135637,357.253741376));
#1312=CARTESIAN_POINT('',(1223.205053944,297.990135637,357.185336491));
#1313=CARTESIAN_POINT('',(1223.319729876,297.990135637,357.137778338));
#1314=CARTESIAN_POINT('',(1223.433367528,297.990135637,357.090650778));
#1315=CARTESIAN_POINT('',(1223.555088912,297.990135637,357.066376679));
#1316=CARTESIAN_POINT('',(1223.676102747,297.990135637,357.042243681));
#1317=CARTESIAN_POINT('',(1223.800046078,297.990135637,357.042248232));
#1318=B_SPLINE_CURVE_WITH_KNOTS('',2,(#1253,#1254,#1255,#1256,#1257,#1258,#1259,#1260,#1261,#1262,#1263,#1264,#1265,#1266,#1267,#1268,#1269,#1270,#1271,#1272,#1273,#1274,#1275,#1276,#1277,#1278,
#1279,#1280,#1281,#1282,#1283,#1284,#1285,#1286,#1287,#1288,#1289,#1290,#1291,#1292,#1293,#1294,#1295,#1296,#1297,#1298,#1299,#1300,#1301,#1302,#1303,
#1304,#1305,#1306,#1307,#1308,#1309,#1310,#1311,#1312,#1313,#1314,#1315,#1316,#1317),.UNSPECIFIED.,.T.,.F.,(3,2,2,2,2,2,2,2,2,2,2,2,2,2,2,2,2,2,2,2,2,2,2,2,2,2,
2,2,2,2,2,2,3),(0.,0.03125,0.0625,0.09375,0.125,0.15625,0.1875,0.21875,0.25,0.28125,0.3125,0.34375,0.375,0.40625,0.4375,0.46875,0.5,0.53125,0.5625,0.59375,0.625,0.65625,0.6875,0.71875,0.75,0.78125,
0.8125,0.84375,0.875,0.90625,0.9375,0.96875,1.),.UNSPECIFIED.);
#1319=EDGE_CURVE('',#1252,#1252,#1318,.T.);
#1320=ORIENTED_EDGE('',*,*,#1319,.T.);
#1321=EDGE_LOOP('',(#1320));
#1322=FACE_BOUND('',#1321,.T.);
#1323=ADVANCED_FACE('',(#1322),#1250,.T.);
#1324=CARTESIAN_POINT('',(-538.2,298.990135637,-1674.452726516));
#1325=DIRECTION('',(0.,-1.,0.));
#1326=DIRECTION('',(1.,0.,0.));
#1327=AXIS2_PLACEMENT_3D('',#1324,#1325,#1326);
#1328=PLANE('',#1327);
#1329=ORIENTED_EDGE('',*,*,#1234,.F.);
#1330=ORIENTED_EDGE('',*,*,#1241,.F.);
#1331=EDGE_LOOP('',(#1329,#1330));
#1332=FACE_BOUND('',#1331,.T.);
#1333=ADVANCED_FACE('',(#1332),#1328,.F.);
#1334=CARTESIAN_POINT('',(1223.800046078,297.990135637,357.042248232));
#1335=CARTESIAN_POINT('',(1223.882142505,297.990135637,357.042251246));
#1336=CARTESIAN_POINT('',(1223.964248867,297.990135637,357.05033352));
#1337=CARTESIAN_POINT('',(1224.125391946,297.990135637,357.082383759));
#1338=CARTESIAN_POINT('',(1224.20441867,297.990135637,357.106359515));
#1339=CARTESIAN_POINT('',(1224.356139243,297.990135637,357.169204477));
#1340=CARTESIAN_POINT('',(1224.428892405,297.990135637,357.208083433));
#1341=CARTESIAN_POINT('',(1224.565542705,297.990135637,357.299383214));
#1342=CARTESIAN_POINT('',(1224.629418818,297.990135637,357.351818067));
#1343=CARTESIAN_POINT('',(1224.745462575,297.990135637,357.467862826));
#1344=CARTESIAN_POINT('',(1224.797893582,297.990135637,357.53173734));
#1345=CARTESIAN_POINT('',(1224.889171621,297.990135637,357.668351891));
#1346=CARTESIAN_POINT('',(1224.928040874,297.990135637,357.741067271));
#1347=CARTESIAN_POINT('',(1224.990937858,297.990135637,357.892911539));
#1348=CARTESIAN_POINT('',(1225.014871311,297.990135637,357.971812539));
#1349=CARTESIAN_POINT('',(1225.046930963,297.990135637,358.132955797));
#1350=CARTESIAN_POINT('',(1225.055024054,297.990135637,358.215196802));
#1351=CARTESIAN_POINT('',(1225.055026452,297.990135637,358.379313501));
#1352=CARTESIAN_POINT('',(1225.046936474,297.990135637,358.461564454));
#1353=CARTESIAN_POINT('',(1225.014864653,297.990135637,358.622766909));
#1354=CARTESIAN_POINT('',(1224.990905637,297.990135637,358.70171172));
#1355=CARTESIAN_POINT('',(1224.928079792,297.990135637,358.853387237));
#1356=CARTESIAN_POINT('',(1224.889188523,297.990135637,358.926170846));
#1357=CARTESIAN_POINT('',(1224.79786663,297.990135637,359.062848901));
#1358=CARTESIAN_POINT('',(1224.745431089,297.990135637,359.126715677));
#1359=CARTESIAN_POINT('',(1224.629449571,297.990135637,359.2426981));
#1360=CARTESIAN_POINT('',(1224.565600598,297.990135637,359.295119057));
#1361=CARTESIAN_POINT('',(1224.428961521,297.990135637,359.386423368));
#1362=CARTESIAN_POINT('',(1224.356192045,297.990135637,359.425322954));
#1363=CARTESIAN_POINT('',(1224.204305001,297.990135637,359.4882322));
#1364=CARTESIAN_POINT('',(1224.125414858,297.990135637,359.512156103));
#1365=CARTESIAN_POINT('',(1223.964300883,297.990135637,359.54420565));
#1366=CARTESIAN_POINT('',(1223.882073218,297.990135637,359.552297849));
#1367=CARTESIAN_POINT('',(1223.717953948,297.990135637,359.552299625));
#1368=CARTESIAN_POINT('',(1223.635700598,297.990135637,359.544208281));
#1369=CARTESIAN_POINT('',(1223.474514994,297.990135637,359.512139812));
#1370=CARTESIAN_POINT('',(1223.395590971,297.990135637,359.48819023));
#1371=CARTESIAN_POINT('',(1223.243882842,297.990135637,359.425352854));
#1372=CARTESIAN_POINT('',(1223.171092453,297.990135637,359.386455948));
#1373=CARTESIAN_POINT('',(1223.034419011,297.990135637,359.295135645));
#1374=CARTESIAN_POINT('',(1222.970557754,297.990135637,359.242704873));
#1375=CARTESIAN_POINT('',(1222.85457003,297.990135637,359.126717347));
#1376=CARTESIAN_POINT('',(1222.802134502,297.990135637,359.062850591));
#1377=CARTESIAN_POINT('',(1222.710810385,297.990135637,358.926169216));
#1378=CARTESIAN_POINT('',(1222.671916964,297.990135637,358.853380278));
#1379=CARTESIAN_POINT('',(1222.609093696,297.990135637,358.701709236));
#1380=CARTESIAN_POINT('',(1222.585133353,297.990135637,358.62276057));
#1381=CARTESIAN_POINT('',(1222.553061234,297.990135637,358.461549248));
#1382=CARTESIAN_POINT('',(1222.544973461,297.990135637,358.379298084));
#1383=CARTESIAN_POINT('',(1222.544976033,297.990135637,358.21520953));
#1384=CARTESIAN_POINT('',(1222.553065454,297.990135637,358.132982182));
#1385=CARTESIAN_POINT('',(1222.585122531,297.990135637,357.97183512));
#1386=CARTESIAN_POINT('',(1222.609060518,297.990135637,357.892914355));
#1387=CARTESIAN_POINT('',(1222.671965693,297.990135637,357.741052523));
#1388=CARTESIAN_POINT('',(1222.7108341,297.990135637,357.668342878));
#1389=CARTESIAN_POINT('',(1222.802104945,297.990135637,357.531739995));
#1390=CARTESIAN_POINT('',(1222.854533275,297.990135637,357.467865838));
#1391=CARTESIAN_POINT('',(1222.970602724,297.990135637,357.351797662));
#1392=CARTESIAN_POINT('',(1223.034449351,297.990135637,357.299389663));
#1393=CARTESIAN_POINT('',(1223.171091434,297.990135637,357.208093089));
#1394=CARTESIAN_POINT('',(1223.243873946,297.990135637,357.169198337));
#1395=CARTESIAN_POINT('',(1223.395585805,297.990135637,357.106358339));
#1396=CARTESIAN_POINT('',(1223.47449783,297.990135637,357.082411857));
#1397=CARTESIAN_POINT('',(1223.635679993,297.990135637,357.050341501));
#1398=CARTESIAN_POINT('',(1223.717949651,297.990135637,357.042245218));
#1399=CARTESIAN_POINT('',(1223.800046078,297.990135637,357.042248232));
#1400=CARTESIAN_POINT('',(1223.800064251,297.990135637,356.547273485));
#1401=CARTESIAN_POINT('',(1223.914539037,297.990135637,356.547277688));
#1402=CARTESIAN_POINT('',(1224.029027676,297.990135637,356.558547565));
#1403=CARTESIAN_POINT('',(1224.253724659,297.990135637,356.603238233));
#1404=CARTESIAN_POINT('',(1224.363919069,297.990135637,356.636669891));
#1405=CARTESIAN_POINT('',(1224.575477364,297.990135637,356.724300544));
#1406=CARTESIAN_POINT('',(1224.676923955,297.990135637,356.778513136));
#1407=CARTESIAN_POINT('',(1224.867468348,297.990135637,356.905821027));
#1408=CARTESIAN_POINT('',(1224.956536833,297.990135637,356.978935885));
#1409=CARTESIAN_POINT('',(1225.118347581,297.990135637,357.140748029));
#1410=CARTESIAN_POINT('',(1225.191457076,297.990135637,357.229814284));
#1411=CARTESIAN_POINT('',(1225.318734648,297.990135637,357.420308829));
#1412=CARTESIAN_POINT('',(1225.372933711,297.990135637,357.521702738));
#1413=CARTESIAN_POINT('',(1225.460636904,297.990135637,357.733433511));
#1414=CARTESIAN_POINT('',(1225.494009574,297.990135637,357.843452613));
#1415=CARTESIAN_POINT('',(1225.538713368,297.990135637,358.068149846));
#1416=CARTESIAN_POINT('',(1225.549998328,297.990135637,358.18282623));
#1417=CARTESIAN_POINT('',(1225.550001671,297.990135637,358.411669612));
#1418=CARTESIAN_POINT('',(1225.538721053,297.990135637,358.526359869));
#1419=CARTESIAN_POINT('',(1225.49400029,297.990135637,358.751139646));
#1420=CARTESIAN_POINT('',(1225.460591976,297.990135637,358.861219835));
#1421=CARTESIAN_POINT('',(1225.372987978,297.990135637,359.072715305));
#1422=CARTESIAN_POINT('',(1225.318758217,297.990135637,359.174204351));
#1423=CARTESIAN_POINT('',(1225.191419494,297.990135637,359.364787445));
#1424=CARTESIAN_POINT('',(1225.118303677,297.990135637,359.45384291));
#1425=CARTESIAN_POINT('',(1224.956579715,297.990135637,359.615568134));
#1426=CARTESIAN_POINT('',(1224.867549074,297.990135637,359.688663617));
#1427=CARTESIAN_POINT('',(1224.677020329,297.990135637,359.815977823));
#1428=CARTESIAN_POINT('',(1224.575550991,297.990135637,359.870219182));
#1429=CARTESIAN_POINT('',(1224.36376057,297.990135637,359.957939473));
#1430=CARTESIAN_POINT('',(1224.253756608,297.990135637,359.991298826));
#1431=CARTESIAN_POINT('',(1224.029100207,297.990135637,360.03598853));
#1432=CARTESIAN_POINT('',(1223.914442423,297.990135637,360.047272246));
#1433=CARTESIAN_POINT('',(1223.685595457,297.990135637,360.047274722));
#1434=CARTESIAN_POINT('',(1223.570901858,297.990135637,360.035992199));
#1435=CARTESIAN_POINT('',(1223.346145579,297.990135637,359.991276109));
#1436=CARTESIAN_POINT('',(1223.236094374,297.990135637,359.95788095));
#1437=CARTESIAN_POINT('',(1223.024553431,297.990135637,359.870260875));
#1438=CARTESIAN_POINT('',(1222.923054931,297.990135637,359.816023252));
#1439=CARTESIAN_POINT('',(1222.732478268,297.990135637,359.688686746));
#1440=CARTESIAN_POINT('',(1222.6434305,297.990135637,359.61557758));
#1441=CARTESIAN_POINT('',(1222.481697883,297.990135637,359.45384524));
#1442=CARTESIAN_POINT('',(1222.408582084,297.990135637,359.364789802));
#1443=CARTESIAN_POINT('',(1222.281240261,297.990135637,359.174202078));
#1444=CARTESIAN_POINT('',(1222.227007498,297.990135637,359.072705602));
#1445=CARTESIAN_POINT('',(1222.139407094,297.990135637,358.861216372));
#1446=CARTESIAN_POINT('',(1222.105996929,297.990135637,358.751130806));
#1447=CARTESIAN_POINT('',(1222.061275751,297.990135637,358.526338664));
#1448=CARTESIAN_POINT('',(1222.049998207,297.990135637,358.411648115));
#1449=CARTESIAN_POINT('',(1222.050001794,297.990135637,358.182843978));
#1450=CARTESIAN_POINT('',(1222.061281636,297.990135637,358.068186636));
#1451=CARTESIAN_POINT('',(1222.105981839,297.990135637,357.843484099));
#1452=CARTESIAN_POINT('',(1222.139360831,297.990135637,357.733437438));
#1453=CARTESIAN_POINT('',(1222.227075445,297.990135637,357.521682173));
#1454=CARTESIAN_POINT('',(1222.281273329,297.990135637,357.420296262));
#1455=CARTESIAN_POINT('',(1222.40854087,297.990135637,357.229817987));
#1456=CARTESIAN_POINT('',(1222.481646633,297.990135637,357.14075223));
#1457=CARTESIAN_POINT('',(1222.643493205,297.990135637,356.978907432));
#1458=CARTESIAN_POINT('',(1222.732520575,297.990135637,356.905830019));
#1459=CARTESIAN_POINT('',(1222.92305351,297.990135637,356.778526601));
#1460=CARTESIAN_POINT('',(1223.024541027,297.990135637,356.724291983));
#1461=CARTESIAN_POINT('',(1223.236087171,297.990135637,356.63666825));
#1462=CARTESIAN_POINT('',(1223.346121645,297.990135637,356.603277413));
#1463=CARTESIAN_POINT('',(1223.570873127,297.990135637,356.558558693));
#1464=CARTESIAN_POINT('',(1223.685589465,297.990135637,356.547269282));
#1465=CARTESIAN_POINT('',(1223.800064251,297.990135637,356.547273485));
#1466=CARTESIAN_POINT('',(1223.800064251,298.485110384,356.547273485));
#1467=CARTESIAN_POINT('',(1223.914539037,298.485110384,356.547277688));
#1468=CARTESIAN_POINT('',(1224.029027676,298.485110384,356.558547565));
#1469=CARTESIAN_POINT('',(1224.253724659,298.485110384,356.603238233));
#1470=CARTESIAN_POINT('',(1224.36391907,298.485110384,356.636669891));
#1471=CARTESIAN_POINT('',(1224.575477364,298.485110384,356.724300544));
#1472=CARTESIAN_POINT('',(1224.676923955,298.485110384,356.778513136));
#1473=CARTESIAN_POINT('',(1224.867468348,298.485110384,356.905821026));
#1474=CARTESIAN_POINT('',(1224.956536833,298.485110384,356.978935885));
#1475=CARTESIAN_POINT('',(1225.118347581,298.485110384,357.140748029));
#1476=CARTESIAN_POINT('',(1225.191457076,298.485110384,357.229814284));
#1477=CARTESIAN_POINT('',(1225.318734648,298.485110384,357.420308829));
#1478=CARTESIAN_POINT('',(1225.372933711,298.485110384,357.521702738));
#1479=CARTESIAN_POINT('',(1225.460636904,298.485110384,357.733433511));
#1480=CARTESIAN_POINT('',(1225.494009574,298.485110384,357.843452613));
#1481=CARTESIAN_POINT('',(1225.538713368,298.485110384,358.068149846));
#1482=CARTESIAN_POINT('',(1225.549998328,298.485110384,358.18282623));
#1483=CARTESIAN_POINT('',(1225.550001671,298.485110384,358.411669612));
#1484=CARTESIAN_POINT('',(1225.538721054,298.485110384,358.526359869));
#1485=CARTESIAN_POINT('',(1225.49400029,298.485110384,358.751139646));
#1486=CARTESIAN_POINT('',(1225.460591976,298.485110384,358.861219835));
#1487=CARTESIAN_POINT('',(1225.372987978,298.485110384,359.072715305));
#1488=CARTESIAN_POINT('',(1225.318758217,298.485110384,359.174204351));
#1489=CARTESIAN_POINT('',(1225.191419494,298.485110384,359.364787445));
#1490=CARTESIAN_POINT('',(1225.118303677,298.485110384,359.45384291));
#1491=CARTESIAN_POINT('',(1224.956579715,298.485110384,359.615568134));
#1492=CARTESIAN_POINT('',(1224.867549074,298.485110384,359.688663617));
#1493=CARTESIAN_POINT('',(1224.677020329,298.485110384,359.815977823));
#1494=CARTESIAN_POINT('',(1224.575550991,298.485110384,359.870219182));
#1495=CARTESIAN_POINT('',(1224.36376057,298.485110384,359.957939473));
#1496=CARTESIAN_POINT('',(1224.253756608,298.485110384,359.991298826));
#1497=CARTESIAN_POINT('',(1224.029100207,298.485110384,360.03598853));
#1498=CARTESIAN_POINT('',(1223.914442423,298.485110384,360.047272246));
#1499=CARTESIAN_POINT('',(1223.685595457,298.485110384,360.047274722));
#1500=CARTESIAN_POINT('',(1223.570901858,298.485110384,360.035992199));
#1501=CARTESIAN_POINT('',(1223.346145579,298.485110384,359.991276109));
#1502=CARTESIAN_POINT('',(1223.236094374,298.485110384,359.95788095));
#1503=CARTESIAN_POINT('',(1223.024553431,298.485110384,359.870260875));
#1504=CARTESIAN_POINT('',(1222.923054931,298.485110384,359.816023252));
#1505=CARTESIAN_POINT('',(1222.732478268,298.485110384,359.688686746));
#1506=CARTESIAN_POINT('',(1222.6434305,298.485110384,359.61557758));
#1507=CARTESIAN_POINT('',(1222.481697883,298.485110384,359.45384524));
#1508=CARTESIAN_POINT('',(1222.408582084,298.485110384,359.364789802));
#1509=CARTESIAN_POINT('',(1222.281240261,298.485110384,359.174202078));
#1510=CARTESIAN_POINT('',(1222.227007498,298.485110384,359.072705602));
#1511=CARTESIAN_POINT('',(1222.139407094,298.485110384,358.861216372));
#1512=CARTESIAN_POINT('',(1222.105996929,298.485110384,358.751130806));
#1513=CARTESIAN_POINT('',(1222.061275751,298.485110384,358.526338665));
#1514=CARTESIAN_POINT('',(1222.049998207,298.485110384,358.411648115));
#1515=CARTESIAN_POINT('',(1222.050001794,298.485110384,358.182843978));
#1516=CARTESIAN_POINT('',(1222.061281636,298.485110384,358.068186636));
#1517=CARTESIAN_POINT('',(1222.105981839,298.485110384,357.843484099));
#1518=CARTESIAN_POINT('',(1222.139360831,298.485110384,357.733437438));
#1519=CARTESIAN_POINT('',(1222.227075445,298.485110384,357.521682173));
#1520=CARTESIAN_POINT('',(1222.281273329,298.485110384,357.420296262));
#1521=CARTESIAN_POINT('',(1222.40854087,298.485110384,357.229817987));
#1522=CARTESIAN_POINT('',(1222.481646633,298.485110384,357.14075223));
#1523=CARTESIAN_POINT('',(1222.643493205,298.485110384,356.978907432));
#1524=CARTESIAN_POINT('',(1222.732520575,298.485110384,356.905830019));
#1525=CARTESIAN_POINT('',(1222.92305351,298.485110384,356.778526601));
#1526=CARTESIAN_POINT('',(1223.024541027,298.485110384,356.724291983));
#1527=CARTESIAN_POINT('',(1223.236087171,298.485110384,356.63666825));
#1528=CARTESIAN_POINT('',(1223.346121645,298.485110384,356.603277413));
#1529=CARTESIAN_POINT('',(1223.570873127,298.485110384,356.558558693));
#1530=CARTESIAN_POINT('',(1223.685589465,298.485110384,356.547269282));
#1531=CARTESIAN_POINT('',(1223.800064251,298.485110384,356.547273485));
#1532=(BOUNDED_SURFACE()
B_SPLINE_SURFACE(2,3,((#1334,#1335,#1336,#1337,#1338,#1339,#1340,#1341,#1342,#1343,#1344,#1345,#1346,#1347,#1348,#1349,#1350,#1351,#1352,#1353,#1354,#1355,#1356,#1357,#1358,#1359,
#1360,#1361,#1362,#1363,#1364,#1365,#1366,#1367,#1368,#1369,#1370,#1371,#1372,#1373,#1374,#1375,#1376,#1377,#1378,#1379,#1380,#1381,#1382,#1383,#1384,
#1385,#1386,#1387,#1388,#1389,#1390,#1391,#1392,#1393,#1394,#1395,#1396,#1397,#1398,#1399),(#1400,#1401,#1402,#1403,#1404,#1405,#1406,#1407,#1408,#1409,#1410,#1411,#1412,#1413,#1414,#1415,#1416,#1417,#1418,#1419,#1420,#1421,#1422,#1423,#1424,#1425,
#1426,#1427,#1428,#1429,#1430,#1431,#1432,#1433,#1434,#1435,#1436,#1437,#1438,#1439,#1440,#1441,#1442,#1443,#1444,#1445,#1446,#1447,#1448,#1449,#1450,
#1451,#1452,#1453,#1454,#1455,#1456,#1457,#1458,#1459,#1460,#1461,#1462,#1463,#1464,#1465),(#1466,#1467,#1468,#1469,#1470,#1471,#1472,#1473,#1474,#1475,#1476,#1477,#1478,#1479,#1480,#1481,#1482,#1483,#1484,#1485,#1486,#1487,#1488,#1489,#1490,#1491,
#1492,#1493,#1494,#1495,#1496,#1497,#1498,#1499,#1500,#1501,#1502,#1503,#1504,#1505,#1506,#1507,#1508,#1509,#1510,#1511,#1512,#1513,#1514,#1515,#1516,
#1517,#1518,#1519,#1520,#1521,#1522,#1523,#1524,#1525,#1526,#1527,#1528,#1529,#1530,#1531)),.UNSPECIFIED.,.F.,.T.,.U.)
B_SPLINE_SURFACE_WITH_KNOTS((3,3),(4,2,2,2,2,2,2,2,2,2,2,2,2,2,2,2,2,2,2,2,2,2,2,2,2,2,
2,2,2,2,2,2,4),(0.,1.),(0.99999865,1.03124865,1.06249865,1.09374865,1.12499865,1.15624865,1.18749865,1.21874865,1.24999865,1.28124865,1.31249865,1.34374865,1.37499865,1.40624865,1.43749865,1.46874865,1.49999865,1.53124865,1.56249865,1.59374865,1.62499865,1.65624865,1.68749865,1.71874865,1.74999865,1.78124865,
1.81249865,1.84374865,1.87499865,1.90624865,1.93749865,1.96874865,1.99999865),.UNSPECIFIED.)
GEOMETRIC_REPRESENTATION_ITEM()
RATIONAL_B_SPLINE_SURFACE(((1.,1.,1.,1.,1.,1.,1.,1.,1.,1.,1.,1.,1.,1.,1.,1.,1.,1.,1.,1.,1.,1.,1.,1.,1.,1.,
1.,1.,1.,1.,1.,1.,1.,1.,1.,1.,1.,1.,1.,1.,1.,1.,1.,1.,1.,1.,1.,1.,1.,1.,1.,
1.,1.,1.,1.,1.,1.,1.,1.,1.,1.,1.,1.,1.,1.,1.),(0.438933383,0.438933383,0.438933383,0.438933383,0.438933383,0.438933383,0.438933383,0.438933383,0.438933383,0.438933383,0.438933383,0.438933383,0.438933383,0.438933383,0.438933383,0.438933383,0.438933383,0.438933383,0.438933383,0.438933383,0.438933383,0.438933383,0.438933383,0.438933383,0.438933383,0.438933383,
0.438933383,0.438933383,0.438933383,0.438933383,0.438933383,0.438933383,0.438933383,0.438933383,0.438933383,0.438933383,0.438933383,0.438933383,0.438933383,0.438933383,0.438933383,0.438933383,0.438933383,0.438933383,0.438933383,0.438933383,0.438933383,0.438933383,0.438933383,0.438933383,0.438933383,
0.438933383,0.438933383,0.438933383,0.438933383,0.438933383,0.438933383,0.438933383,0.438933383,0.438933383,0.438933383,0.438933383,0.438933383,0.438933383,0.438933383,0.438933383),(1.,1.,1.,1.,1.,1.,1.,1.,1.,1.,1.,1.,1.,1.,1.,1.,1.,1.,1.,1.,1.,1.,1.,1.,1.,1.,
1.,1.,1.,1.,1.,1.,1.,1.,1.,1.,1.,1.,1.,1.,1.,1.,1.,1.,1.,1.,1.,1.,1.,1.,1.,
1.,1.,1.,1.,1.,1.,1.,1.,1.,1.,1.,1.,1.,1.,1.)))
REPRESENTATION_ITEM('')
SURFACE()
);
#1533=CARTESIAN_POINT('',(1223.800064251,298.485110384,356.547273485));
#1534=CARTESIAN_POINT('',(1223.800064251,297.990135637,356.547273485));
#1535=CARTESIAN_POINT('',(1223.800046078,297.990135637,357.042248232));
#1536=(BOUNDED_CURVE()
B_SPLINE_CURVE(2,(#1533,#1534,#1535),.UNSPECIFIED.,.F.,.F.)
B_SPLINE_CURVE_WITH_KNOTS((3,3),(0.,1.),.UNSPECIFIED.)
CURVE()
GEOMETRIC_REPRESENTATION_ITEM()
RATIONAL_B_SPLINE_CURVE((1.,0.438933383,1.))
REPRESENTATION_ITEM(''));
#1537=EDGE_CURVE('',#1025,#1252,#1536,.T.);
#1538=ORIENTED_EDGE('',*,*,#1537,.T.);
#1539=ORIENTED_EDGE('',*,*,#1319,.F.);
#1540=ORIENTED_EDGE('',*,*,#1537,.F.);
#1541=ORIENTED_EDGE('',*,*,#1124,.F.);
#1542=ORIENTED_EDGE('',*,*,#1224,.F.);
#1543=EDGE_LOOP('',(#1538,#1539,#1540,#1541,#1542));
#1544=FACE_BOUND('',#1543,.T.);
#1545=ADVANCED_FACE('',(#1544),#1532,.T.);
#1546=CLOSED_SHELL('',(#1245,#1323,#1333,#1545));
#1547=MANIFOLD_SOLID_BREP('Body 10 (6)',#1546);
#1548=COLOUR_RGB('',0.627451003,0.627451003,0.643137276);
#1549=FILL_AREA_STYLE_COLOUR('',#1548);
#1550=FILL_AREA_STYLE('',(#1549));
#1551=SURFACE_STYLE_FILL_AREA(#1550);
#1552=SURFACE_SIDE_STYLE('',(#1551));
#1553=SURFACE_STYLE_USAGE(.BOTH.,#1552);
#1554=PRESENTATION_STYLE_ASSIGNMENT((#1553));
#1008=STYLED_ITEM('',(#1554),#1547);
#1556=CARTESIAN_POINT('',(1223.8,297.490135637,401.297273484));
#1557=DIRECTION('',(0.,1.,0.));
#1558=DIRECTION('',(0.,-0.,1.));
#1559=AXIS2_PLACEMENT_3D('',#1556,#1557,#1558);
#1560=CYLINDRICAL_SURFACE('',#1559,1.75);
#1561=CARTESIAN_POINT('',(1223.8,298.990135637,403.047273484));
#1562=VERTEX_POINT('',#1561);
#1563=CARTESIAN_POINT('',(1223.8,298.485110384,403.047273484));
#1564=VERTEX_POINT('',#1563);
#1565=CARTESIAN_POINT('',(1223.8,298.990135637,403.047273484));
#1566=DIRECTION('',(-0.,-1.,-0.));
#1567=VECTOR('',#1566,0.505025253);
#1568=LINE('',#1565,#1567);
#1569=EDGE_CURVE('',#1562,#1564,#1568,.T.);
#1570=ORIENTED_EDGE('',*,*,#1569,.T.);
#1571=CARTESIAN_POINT('',(1223.800064251,298.485110384,399.547273485));
#1572=VERTEX_POINT('',#1571);
#1573=CARTESIAN_POINT('',(1223.800064251,298.485110384,399.547273485));
#1574=CARTESIAN_POINT('',(1223.685527019,298.485110384,399.54726928));
#1575=CARTESIAN_POINT('',(1223.570992205,298.485110384,399.558545729));
#1576=CARTESIAN_POINT('',(1223.458654953,298.485110384,399.58088671));
#1577=CARTESIAN_POINT('',(1223.346317701,298.485110384,399.603227691));
#1578=CARTESIAN_POINT('',(1223.236183568,298.485110384,399.636632099));
#1579=CARTESIAN_POINT('',(1223.130363354,298.485110384,399.680459715));
#1580=CARTESIAN_POINT('',(1223.02454314,298.485110384,399.724287331));
#1581=CARTESIAN_POINT('',(1222.92304208,298.485110384,399.778535987));
#1582=CARTESIAN_POINT('',(1222.827805516,298.485110384,399.842165968));
#1583=CARTESIAN_POINT('',(1222.732568951,298.485110384,399.905795948));
#1584=CARTESIAN_POINT('',(1222.643601593,298.485110384,399.978804106));
#1585=CARTESIAN_POINT('',(1222.562608566,298.485110384,400.059791186));
#1586=CARTESIAN_POINT('',(1222.481615539,298.485110384,400.140778266));
#1587=CARTESIAN_POINT('',(1222.408600849,298.485110384,400.229740263));
#1588=CARTESIAN_POINT('',(1222.344963875,298.485110384,400.324972154));
#1589=CARTESIAN_POINT('',(1222.281326902,298.485110384,400.420204046));
#1590=CARTESIAN_POINT('',(1222.227070793,298.485110384,400.521701123));
#1591=CARTESIAN_POINT('',(1222.183235407,298.485110384,400.627518118));
#1592=CARTESIAN_POINT('',(1222.139400021,298.485110384,400.733335113));
#1593=CARTESIAN_POINT('',(1222.105987525,298.485110384,400.843466794));
#1594=CARTESIAN_POINT('',(1222.083638295,298.485110384,400.955802404));
#1595=CARTESIAN_POINT('',(1222.061289065,298.485110384,401.068138015));
#1596=CARTESIAN_POINT('',(1222.050004206,298.485110384,401.182672001));
#1597=CARTESIAN_POINT('',(1222.050000001,298.485110384,401.297209233));
#1598=CARTESIAN_POINT('',(1222.049995796,298.485110384,401.411746465));
#1599=CARTESIAN_POINT('',(1222.061272245,298.485110384,401.526281279));
#1600=CARTESIAN_POINT('',(1222.083613226,298.485110384,401.638618531));
#1601=CARTESIAN_POINT('',(1222.105954207,298.485110384,401.750955783));
#1602=CARTESIAN_POINT('',(1222.139358615,298.485110384,401.861089916));
#1603=CARTESIAN_POINT('',(1222.183186231,298.485110384,401.96691013));
#1604=CARTESIAN_POINT('',(1222.227013847,298.485110384,402.072730344));
#1605=CARTESIAN_POINT('',(1222.281262503,298.485110384,402.174231404));
#1606=CARTESIAN_POINT('',(1222.344892484,298.485110384,402.269467969));
#1607=CARTESIAN_POINT('',(1222.408522464,298.485110384,402.364704533));
#1608=CARTESIAN_POINT('',(1222.481530622,298.485110384,402.453671891));
#1609=CARTESIAN_POINT('',(1222.562517702,298.485110384,402.534664918));
#1610=CARTESIAN_POINT('',(1222.643504782,298.485110384,402.615657945));
#1611=CARTESIAN_POINT('',(1222.732466779,298.485110384,402.688672635));
#1612=CARTESIAN_POINT('',(1222.82769867,298.485110384,402.752309609));
#1613=CARTESIAN_POINT('',(1222.922930562,298.485110384,402.815946582));
#1614=CARTESIAN_POINT('',(1223.024427639,298.485110384,402.870202691));
#1615=CARTESIAN_POINT('',(1223.130244634,298.485110384,402.914038077));
#1616=CARTESIAN_POINT('',(1223.236061629,298.485110384,402.957873463));
#1617=CARTESIAN_POINT('',(1223.34619331,298.485110384,402.991285959));
#1618=CARTESIAN_POINT('',(1223.45852892,298.485110384,403.013635189));
#1619=CARTESIAN_POINT('',(1223.570864531,298.485110384,403.035984419));
#1620=CARTESIAN_POINT('',(1223.685398517,298.485110384,403.047269278));
#1621=CARTESIAN_POINT('',(1223.799935749,298.485110384,403.047273483));
#1622=CARTESIAN_POINT('',(1223.914472981,298.485110384,403.047277688));
#1623=CARTESIAN_POINT('',(1224.029007795,298.485110384,403.036001239));
#1624=CARTESIAN_POINT('',(1224.141345047,298.485110384,403.013660258));
#1625=CARTESIAN_POINT('',(1224.253682299,298.485110384,402.991319277));
#1626=CARTESIAN_POINT('',(1224.363816432,298.485110384,402.957914869));
#1627=CARTESIAN_POINT('',(1224.469636646,298.485110384,402.914087253));
#1628=CARTESIAN_POINT('',(1224.57545686,298.485110384,402.870259637));
#1629=CARTESIAN_POINT('',(1224.67695792,298.485110384,402.816010981));
#1630=CARTESIAN_POINT('',(1224.772194484,298.485110384,402.752381));
#1631=CARTESIAN_POINT('',(1224.867431049,298.485110384,402.68875102));
#1632=CARTESIAN_POINT('',(1224.956398407,298.485110384,402.615742862));
#1633=CARTESIAN_POINT('',(1225.037391434,298.485110384,402.534755782));
#1634=CARTESIAN_POINT('',(1225.118384461,298.485110384,402.453768703));
#1635=CARTESIAN_POINT('',(1225.191399151,298.485110384,402.364806705));
#1636=CARTESIAN_POINT('',(1225.255036125,298.485110384,402.269574814));
#1637=CARTESIAN_POINT('',(1225.318673098,298.485110384,402.174342922));
#1638=CARTESIAN_POINT('',(1225.372929207,298.485110384,402.072845845));
#1639=CARTESIAN_POINT('',(1225.416764593,298.485110384,401.96702885));
#1640=CARTESIAN_POINT('',(1225.460599979,298.485110384,401.861211855));
#1641=CARTESIAN_POINT('',(1225.494012475,298.485110384,401.751080175));
#1642=CARTESIAN_POINT('',(1225.516361705,298.485110384,401.638744564));
#1643=CARTESIAN_POINT('',(1225.538710935,298.485110384,401.526408953));
#1644=CARTESIAN_POINT('',(1225.549995794,298.485110384,401.411874967));
#1645=CARTESIAN_POINT('',(1225.549999999,298.485110384,401.297337735));
#1646=CARTESIAN_POINT('',(1225.550004204,298.485110384,401.182800503));
#1647=CARTESIAN_POINT('',(1225.538727755,298.485110384,401.068265689));
#1648=CARTESIAN_POINT('',(1225.516386774,298.485110384,400.955928437));
#1649=CARTESIAN_POINT('',(1225.494045793,298.485110384,400.843591185));
#1650=CARTESIAN_POINT('',(1225.460641385,298.485110384,400.733457052));
#1651=CARTESIAN_POINT('',(1225.416813769,298.485110384,400.627636838));
#1652=CARTESIAN_POINT('',(1225.372986153,298.485110384,400.521816624));
#1653=CARTESIAN_POINT('',(1225.318737497,298.485110384,400.420315564));
#1654=CARTESIAN_POINT('',(1225.255107516,298.485110384,400.325079));
#1655=CARTESIAN_POINT('',(1225.191477536,298.485110384,400.229842435));
#1656=CARTESIAN_POINT('',(1225.118469378,298.485110384,400.140875077));
#1657=CARTESIAN_POINT('',(1225.037482298,298.485110384,400.05988205));
#1658=CARTESIAN_POINT('',(1224.956495218,298.485110384,399.978889023));
#1659=CARTESIAN_POINT('',(1224.867533221,298.485110384,399.905874333));
#1660=CARTESIAN_POINT('',(1224.77230133,298.485110384,399.842237359));
#1661=CARTESIAN_POINT('',(1224.677069438,298.485110384,399.778600386));
#1662=CARTESIAN_POINT('',(1224.575572361,298.485110384,399.724344277));
#1663=CARTESIAN_POINT('',(1224.469755366,298.485110384,399.680508891));
#1664=CARTESIAN_POINT('',(1224.363938371,298.485110384,399.636673505));
#1665=CARTESIAN_POINT('',(1224.25380669,298.485110384,399.603261009));
#1666=CARTESIAN_POINT('',(1224.14147108,298.485110384,399.580911779));
#1667=CARTESIAN_POINT('',(1224.029135469,298.485110384,399.558562549));
#1668=CARTESIAN_POINT('',(1223.914601483,298.485110384,399.54727769));
#1669=CARTESIAN_POINT('',(1223.800064251,298.485110384,399.547273485));
#1670=B_SPLINE_CURVE_WITH_KNOTS('',3,(#1573,#1574,#1575,#1576,#1577,#1578,#1579,#1580,#1581,#1582,#1583,#1584,#1585,#1586,#1587,#1588,#1589,#1590,#1591,#1592,#1593,#1594,#1595,#1596,#1597,#1598,
#1599,#1600,#1601,#1602,#1603,#1604,#1605,#1606,#1607,#1608,#1609,#1610,#1611,#1612,#1613,#1614,#1615,#1616,#1617,#1618,#1619,#1620,#1621,#1622,#1623,
#1624,#1625,#1626,#1627,#1628,#1629,#1630,#1631,#1632,#1633,#1634,#1635,#1636,#1637,#1638,#1639,#1640,#1641,#1642,#1643,#1644,#1645,#1646,#1647,#1648,
#1649,#1650,#1651,#1652,#1653,#1654,#1655,#1656,#1657,#1658,#1659,#1660,#1661,#1662,#1663,#1664,#1665,#1666,#1667,#1668,#1669),.UNSPECIFIED.,.T.,.F.,(4,3,3,3,3,3,3,3,3,3,3,3,3,3,3,3,3,3,3,3,3,3,3,3,3,3,
3,3,3,3,3,3,4),(0.,0.03125,0.0625,0.09375,0.125,0.15625,0.1875,0.21875,0.25,0.28125,0.3125,0.34375,0.375,0.40625,0.4375,0.46875,0.5,0.53125,0.5625,0.59375,0.625,0.65625,0.6875,0.71875,0.75,0.78125,
0.8125,0.84375,0.875,0.90625,0.9375,0.96875,1.),.UNSPECIFIED.);
#1671=EDGE_CURVE('',#1564,#1572,#1670,.T.);
#1672=ORIENTED_EDGE('',*,*,#1671,.T.);
#1673=CARTESIAN_POINT('',(1223.800064251,298.485110384,399.547273485));
#1674=CARTESIAN_POINT('',(1223.685527019,298.485110384,399.54726928));
#1675=CARTESIAN_POINT('',(1223.570992205,298.485110384,399.558545729));
#1676=CARTESIAN_POINT('',(1223.458654953,298.485110384,399.58088671));
#1677=CARTESIAN_POINT('',(1223.346317701,298.485110384,399.603227691));
#1678=CARTESIAN_POINT('',(1223.236183568,298.485110384,399.636632099));
#1679=CARTESIAN_POINT('',(1223.130363354,298.485110384,399.680459715));
#1680=CARTESIAN_POINT('',(1223.02454314,298.485110384,399.724287331));
#1681=CARTESIAN_POINT('',(1222.92304208,298.485110384,399.778535987));
#1682=CARTESIAN_POINT('',(1222.827805516,298.485110384,399.842165968));
#1683=CARTESIAN_POINT('',(1222.732568951,298.485110384,399.905795948));
#1684=CARTESIAN_POINT('',(1222.643601593,298.485110384,399.978804106));
#1685=CARTESIAN_POINT('',(1222.562608566,298.485110384,400.059791186));
#1686=CARTESIAN_POINT('',(1222.481615539,298.485110384,400.140778266));
#1687=CARTESIAN_POINT('',(1222.408600849,298.485110384,400.229740263));
#1688=CARTESIAN_POINT('',(1222.344963875,298.485110384,400.324972154));
#1689=CARTESIAN_POINT('',(1222.281326902,298.485110384,400.420204046));
#1690=CARTESIAN_POINT('',(1222.227070793,298.485110384,400.521701123));
#1691=CARTESIAN_POINT('',(1222.183235407,298.485110384,400.627518118));
#1692=CARTESIAN_POINT('',(1222.139400021,298.485110384,400.733335113));
#1693=CARTESIAN_POINT('',(1222.105987525,298.485110384,400.843466794));
#1694=CARTESIAN_POINT('',(1222.083638295,298.485110384,400.955802404));
#1695=CARTESIAN_POINT('',(1222.061289065,298.485110384,401.068138015));
#1696=CARTESIAN_POINT('',(1222.050004206,298.485110384,401.182672001));
#1697=CARTESIAN_POINT('',(1222.050000001,298.485110384,401.297209233));
#1698=CARTESIAN_POINT('',(1222.049995796,298.485110384,401.411746465));
#1699=CARTESIAN_POINT('',(1222.061272245,298.485110384,401.526281279));
#1700=CARTESIAN_POINT('',(1222.083613226,298.485110384,401.638618531));
#1701=CARTESIAN_POINT('',(1222.105954207,298.485110384,401.750955783));
#1702=CARTESIAN_POINT('',(1222.139358615,298.485110384,401.861089916));
#1703=CARTESIAN_POINT('',(1222.183186231,298.485110384,401.96691013));
#1704=CARTESIAN_POINT('',(1222.227013847,298.485110384,402.072730344));
#1705=CARTESIAN_POINT('',(1222.281262503,298.485110384,402.174231404));
#1706=CARTESIAN_POINT('',(1222.344892484,298.485110384,402.269467969));
#1707=CARTESIAN_POINT('',(1222.408522464,298.485110384,402.364704533));
#1708=CARTESIAN_POINT('',(1222.481530622,298.485110384,402.453671891));
#1709=CARTESIAN_POINT('',(1222.562517702,298.485110384,402.534664918));
#1710=CARTESIAN_POINT('',(1222.643504782,298.485110384,402.615657945));
#1711=CARTESIAN_POINT('',(1222.732466779,298.485110384,402.688672635));
#1712=CARTESIAN_POINT('',(1222.82769867,298.485110384,402.752309609));
#1713=CARTESIAN_POINT('',(1222.922930562,298.485110384,402.815946582));
#1714=CARTESIAN_POINT('',(1223.024427639,298.485110384,402.870202691));
#1715=CARTESIAN_POINT('',(1223.130244634,298.485110384,402.914038077));
#1716=CARTESIAN_POINT('',(1223.236061629,298.485110384,402.957873463));
#1717=CARTESIAN_POINT('',(1223.34619331,298.485110384,402.991285959));
#1718=CARTESIAN_POINT('',(1223.45852892,298.485110384,403.013635189));
#1719=CARTESIAN_POINT('',(1223.570864531,298.485110384,403.035984419));
#1720=CARTESIAN_POINT('',(1223.685398517,298.485110384,403.047269278));
#1721=CARTESIAN_POINT('',(1223.799935749,298.485110384,403.047273483));
#1722=CARTESIAN_POINT('',(1223.914472981,298.485110384,403.047277688));
#1723=CARTESIAN_POINT('',(1224.029007795,298.485110384,403.036001239));
#1724=CARTESIAN_POINT('',(1224.141345047,298.485110384,403.013660258));
#1725=CARTESIAN_POINT('',(1224.253682299,298.485110384,402.991319277));
#1726=CARTESIAN_POINT('',(1224.363816432,298.485110384,402.957914869));
#1727=CARTESIAN_POINT('',(1224.469636646,298.485110384,402.914087253));
#1728=CARTESIAN_POINT('',(1224.57545686,298.485110384,402.870259637));
#1729=CARTESIAN_POINT('',(1224.67695792,298.485110384,402.816010981));
#1730=CARTESIAN_POINT('',(1224.772194484,298.485110384,402.752381));
#1731=CARTESIAN_POINT('',(1224.867431049,298.485110384,402.68875102));
#1732=CARTESIAN_POINT('',(1224.956398407,298.485110384,402.615742862));
#1733=CARTESIAN_POINT('',(1225.037391434,298.485110384,402.534755782));
#1734=CARTESIAN_POINT('',(1225.118384461,298.485110384,402.453768703));
#1735=CARTESIAN_POINT('',(1225.191399151,298.485110384,402.364806705));
#1736=CARTESIAN_POINT('',(1225.255036125,298.485110384,402.269574814));
#1737=CARTESIAN_POINT('',(1225.318673098,298.485110384,402.174342922));
#1738=CARTESIAN_POINT('',(1225.372929207,298.485110384,402.072845845));
#1739=CARTESIAN_POINT('',(1225.416764593,298.485110384,401.96702885));
#1740=CARTESIAN_POINT('',(1225.460599979,298.485110384,401.861211855));
#1741=CARTESIAN_POINT('',(1225.494012475,298.485110384,401.751080175));
#1742=CARTESIAN_POINT('',(1225.516361705,298.485110384,401.638744564));
#1743=CARTESIAN_POINT('',(1225.538710935,298.485110384,401.526408953));
#1744=CARTESIAN_POINT('',(1225.549995794,298.485110384,401.411874967));
#1745=CARTESIAN_POINT('',(1225.549999999,298.485110384,401.297337735));
#1746=CARTESIAN_POINT('',(1225.550004204,298.485110384,401.182800503));
#1747=CARTESIAN_POINT('',(1225.538727755,298.485110384,401.068265689));
#1748=CARTESIAN_POINT('',(1225.516386774,298.485110384,400.955928437));
#1749=CARTESIAN_POINT('',(1225.494045793,298.485110384,400.843591185));
#1750=CARTESIAN_POINT('',(1225.460641385,298.485110384,400.733457052));
#1751=CARTESIAN_POINT('',(1225.416813769,298.485110384,400.627636838));
#1752=CARTESIAN_POINT('',(1225.372986153,298.485110384,400.521816624));
#1753=CARTESIAN_POINT('',(1225.318737497,298.485110384,400.420315564));
#1754=CARTESIAN_POINT('',(1225.255107516,298.485110384,400.325079));
#1755=CARTESIAN_POINT('',(1225.191477536,298.485110384,400.229842435));
#1756=CARTESIAN_POINT('',(1225.118469378,298.485110384,400.140875077));
#1757=CARTESIAN_POINT('',(1225.037482298,298.485110384,400.05988205));
#1758=CARTESIAN_POINT('',(1224.956495218,298.485110384,399.978889023));
#1759=CARTESIAN_POINT('',(1224.867533221,298.485110384,399.905874333));
#1760=CARTESIAN_POINT('',(1224.77230133,298.485110384,399.842237359));
#1761=CARTESIAN_POINT('',(1224.677069438,298.485110384,399.778600386));
#1762=CARTESIAN_POINT('',(1224.575572361,298.485110384,399.724344277));
#1763=CARTESIAN_POINT('',(1224.469755366,298.485110384,399.680508891));
#1764=CARTESIAN_POINT('',(1224.363938371,298.485110384,399.636673505));
#1765=CARTESIAN_POINT('',(1224.25380669,298.485110384,399.603261009));
#1766=CARTESIAN_POINT('',(1224.14147108,298.485110384,399.580911779));
#1767=CARTESIAN_POINT('',(1224.029135469,298.485110384,399.558562549));
#1768=CARTESIAN_POINT('',(1223.914601483,298.485110384,399.54727769));
#1769=CARTESIAN_POINT('',(1223.800064251,298.485110384,399.547273485));
#1770=B_SPLINE_CURVE_WITH_KNOTS('',3,(#1673,#1674,#1675,#1676,#1677,#1678,#1679,#1680,#1681,#1682,#1683,#1684,#1685,#1686,#1687,#1688,#1689,#1690,#1691,#1692,#1693,#1694,#1695,#1696,#1697,#1698,
#1699,#1700,#1701,#1702,#1703,#1704,#1705,#1706,#1707,#1708,#1709,#1710,#1711,#1712,#1713,#1714,#1715,#1716,#1717,#1718,#1719,#1720,#1721,#1722,#1723,
#1724,#1725,#1726,#1727,#1728,#1729,#1730,#1731,#1732,#1733,#1734,#1735,#1736,#1737,#1738,#1739,#1740,#1741,#1742,#1743,#1744,#1745,#1746,#1747,#1748,
#1749,#1750,#1751,#1752,#1753,#1754,#1755,#1756,#1757,#1758,#1759,#1760,#1761,#1762,#1763,#1764,#1765,#1766,#1767,#1768,#1769),.UNSPECIFIED.,.T.,.F.,(4,3,3,3,3,3,3,3,3,3,3,3,3,3,3,3,3,3,3,3,3,3,3,3,3,3,
3,3,3,3,3,3,4),(0.,0.03125,0.0625,0.09375,0.125,0.15625,0.1875,0.21875,0.25,0.28125,0.3125,0.34375,0.375,0.40625,0.4375,0.46875,0.5,0.53125,0.5625,0.59375,0.625,0.65625,0.6875,0.71875,0.75,0.78125,
0.8125,0.84375,0.875,0.90625,0.9375,0.96875,1.),.UNSPECIFIED.);
#1771=EDGE_CURVE('',#1572,#1564,#1770,.T.);
#1772=ORIENTED_EDGE('',*,*,#1771,.T.);
#1773=ORIENTED_EDGE('',*,*,#1569,.F.);
#1774=CARTESIAN_POINT('',(1223.8,298.990135637,399.547273484));
#1775=VERTEX_POINT('',#1774);
#1776=CARTESIAN_POINT('',(1223.8,298.990135637,401.297273484));
#1777=DIRECTION('',(0.,-1.,0.));
#1778=DIRECTION('',(0.,0.,-1.));
#1779=AXIS2_PLACEMENT_3D('',#1776,#1777,#1778);
#1780=CIRCLE('',#1779,1.75);
#1781=EDGE_CURVE('',#1562,#1775,#1780,.T.);
#1782=ORIENTED_EDGE('',*,*,#1781,.T.);
#1783=CARTESIAN_POINT('',(1223.8,298.990135637,401.297273484));
#1784=DIRECTION('',(0.,-1.,0.));
#1785=DIRECTION('',(0.,0.,-1.));
#1786=AXIS2_PLACEMENT_3D('',#1783,#1784,#1785);
#1787=CIRCLE('',#1786,1.75);
#1788=EDGE_CURVE('',#1775,#1562,#1787,.T.);
#1789=ORIENTED_EDGE('',*,*,#1788,.T.);
#1790=EDGE_LOOP('',(#1570,#1672,#1772,#1773,#1782,#1789));
#1791=FACE_BOUND('',#1790,.T.);
#1792=ADVANCED_FACE('',(#1791),#1560,.T.);
#1793=CARTESIAN_POINT('',(-538.2,297.990135637,-1631.452726516));
#1794=DIRECTION('',(0.,-1.,0.));
#1795=DIRECTION('',(1.,0.,0.));
#1796=AXIS2_PLACEMENT_3D('',#1793,#1794,#1795);
#1797=PLANE('',#1796);
#1798=CARTESIAN_POINT('',(1223.800046078,297.990135637,400.042248232));
#1799=VERTEX_POINT('',#1798);
#1800=CARTESIAN_POINT('',(1223.800046078,297.990135637,400.042248232));
#1801=CARTESIAN_POINT('',(1223.923342896,297.990135637,400.042252758));
#1802=CARTESIAN_POINT('',(1224.044820406,297.990135637,400.066358639));
#1803=CARTESIAN_POINT('',(1224.165539979,297.990135637,400.090314116));
#1804=CARTESIAN_POINT('',(1224.280278957,297.990135637,400.137781996));
#1805=CARTESIAN_POINT('',(1224.393971292,297.990135637,400.184816878));
#1806=CARTESIAN_POINT('',(1224.497217555,297.990135637,400.253733323));
#1807=CARTESIAN_POINT('',(1224.599592123,297.990135637,400.322067916));
#1808=CARTESIAN_POINT('',(1224.687440697,297.990135637,400.409840447));
#1809=CARTESIAN_POINT('',(1224.774504078,297.990135637,400.496828464));
#1810=CARTESIAN_POINT('',(1224.843532602,297.990135637,400.600044615));
#1811=CARTESIAN_POINT('',(1224.91193297,297.990135637,400.702321505));
#1812=CARTESIAN_POINT('',(1224.959489366,297.990135637,400.816989405));
#1813=CARTESIAN_POINT('',(1225.006625641,297.990135637,400.93064431));
#1814=CARTESIAN_POINT('',(1225.030901137,297.990135637,401.052384168));
#1815=CARTESIAN_POINT('',(1225.05496913,297.990135637,401.173083415));
#1816=CARTESIAN_POINT('',(1225.055025253,297.990135637,401.297255151));
#1817=CARTESIAN_POINT('',(1225.055080889,297.990135637,401.420349468));
#1818=CARTESIAN_POINT('',(1225.030900564,297.990135637,401.542165682));
#1819=CARTESIAN_POINT('',(1225.006945755,297.990135637,401.66284578));
#1820=CARTESIAN_POINT('',(1224.959492715,297.990135637,401.777549478));
#1821=CARTESIAN_POINT('',(1224.91245296,297.990135637,401.89125418));
#1822=CARTESIAN_POINT('',(1224.843527577,297.990135637,401.994509873));
#1823=CARTESIAN_POINT('',(1224.775200464,297.990135637,402.09686931));
#1824=CARTESIAN_POINT('',(1224.68744033,297.990135637,402.184706888));
#1825=CARTESIAN_POINT('',(1224.600471649,297.990135637,402.271752315));
#1826=CARTESIAN_POINT('',(1224.497281059,297.990135637,402.340771213));
#1827=CARTESIAN_POINT('',(1224.394965318,297.990135637,402.40920497));
#1828=CARTESIAN_POINT('',(1224.280248523,297.990135637,402.456777577));
#1829=CARTESIAN_POINT('',(1224.166595308,297.990135637,402.503909122));
#1830=CARTESIAN_POINT('',(1224.04485787,297.990135637,402.528180877));
#1831=CARTESIAN_POINT('',(1223.924171384,297.990135637,402.552243095));
#1832=CARTESIAN_POINT('',(1223.800013583,297.990135637,402.552298737));
#1833=CARTESIAN_POINT('',(1223.676921637,297.990135637,402.552353901));
#1834=CARTESIAN_POINT('',(1223.555107796,297.990135637,402.528174046));
#1835=CARTESIAN_POINT('',(1223.434434553,297.990135637,402.504220598));
#1836=CARTESIAN_POINT('',(1223.319736907,297.990135637,402.456771542));
#1837=CARTESIAN_POINT('',(1223.206020693,297.990135637,402.409728493));
#1838=CARTESIAN_POINT('',(1223.102755732,297.990135637,402.340795796));
#1839=CARTESIAN_POINT('',(1223.000399164,297.990135637,402.272469481));
#1840=CARTESIAN_POINT('',(1222.912563892,297.990135637,402.18471111));
#1841=CARTESIAN_POINT('',(1222.825500993,297.990135637,402.097724436));
#1842=CARTESIAN_POINT('',(1222.756472443,297.990135637,401.994509904));
#1843=CARTESIAN_POINT('',(1222.688065024,297.990135637,401.892224112));
#1844=CARTESIAN_POINT('',(1222.64050533,297.990135637,401.777544757));
#1845=CARTESIAN_POINT('',(1222.593371649,297.990135637,401.663892635));
#1846=CARTESIAN_POINT('',(1222.569097293,297.990135637,401.542154909));
#1847=CARTESIAN_POINT('',(1222.545027106,297.990135637,401.421441105));
#1848=CARTESIAN_POINT('',(1222.544974747,297.990135637,401.297253807));
#1849=CARTESIAN_POINT('',(1222.544922863,297.990135637,401.174192611));
#1850=CARTESIAN_POINT('',(1222.569093992,297.990135637,401.052408651));
#1851=CARTESIAN_POINT('',(1222.593050386,297.990135637,400.93170662));
#1852=CARTESIAN_POINT('',(1222.640513105,297.990135637,400.816983439));
#1853=CARTESIAN_POINT('',(1222.687550506,297.990135637,400.703288307));
#1854=CARTESIAN_POINT('',(1222.756469522,297.990135637,400.600041437));
#1855=CARTESIAN_POINT('',(1222.824801308,297.990135637,400.49767429));
#1856=CARTESIAN_POINT('',(1222.912568,297.990135637,400.40983175));
#1857=CARTESIAN_POINT('',(1222.999555362,297.990135637,400.322769213));
#1858=CARTESIAN_POINT('',(1223.102770393,297.990135637,400.253741376));
#1859=CARTESIAN_POINT('',(1223.205053944,297.990135637,400.185336491));
#1860=CARTESIAN_POINT('',(1223.319729876,297.990135637,400.137778338));
#1861=CARTESIAN_POINT('',(1223.433367528,297.990135637,400.090650778));
#1862=CARTESIAN_POINT('',(1223.555088912,297.990135637,400.066376679));
#1863=CARTESIAN_POINT('',(1223.676102747,297.990135637,400.042243681));
#1864=CARTESIAN_POINT('',(1223.800046078,297.990135637,400.042248232));
#1865=B_SPLINE_CURVE_WITH_KNOTS('',2,(#1800,#1801,#1802,#1803,#1804,#1805,#1806,#1807,#1808,#1809,#1810,#1811,#1812,#1813,#1814,#1815,#1816,#1817,#1818,#1819,#1820,#1821,#1822,#1823,#1824,#1825,
#1826,#1827,#1828,#1829,#1830,#1831,#1832,#1833,#1834,#1835,#1836,#1837,#1838,#1839,#1840,#1841,#1842,#1843,#1844,#1845,#1846,#1847,#1848,#1849,#1850,
#1851,#1852,#1853,#1854,#1855,#1856,#1857,#1858,#1859,#1860,#1861,#1862,#1863,#1864),.UNSPECIFIED.,.T.,.F.,(3,2,2,2,2,2,2,2,2,2,2,2,2,2,2,2,2,2,2,2,2,2,2,2,2,2,
2,2,2,2,2,2,3),(0.,0.03125,0.0625,0.09375,0.125,0.15625,0.1875,0.21875,0.25,0.28125,0.3125,0.34375,0.375,0.40625,0.4375,0.46875,0.5,0.53125,0.5625,0.59375,0.625,0.65625,0.6875,0.71875,0.75,0.78125,
0.8125,0.84375,0.875,0.90625,0.9375,0.96875,1.),.UNSPECIFIED.);
#1866=EDGE_CURVE('',#1799,#1799,#1865,.T.);
#1867=ORIENTED_EDGE('',*,*,#1866,.T.);
#1868=EDGE_LOOP('',(#1867));
#1869=FACE_BOUND('',#1868,.T.);
#1870=ADVANCED_FACE('',(#1869),#1797,.T.);
#1871=CARTESIAN_POINT('',(-538.2,298.990135637,-1631.452726516));
#1872=DIRECTION('',(0.,-1.,0.));
#1873=DIRECTION('',(1.,0.,0.));
#1874=AXIS2_PLACEMENT_3D('',#1871,#1872,#1873);
#1875=PLANE('',#1874);
#1876=ORIENTED_EDGE('',*,*,#1781,.F.);
#1877=ORIENTED_EDGE('',*,*,#1788,.F.);
#1878=EDGE_LOOP('',(#1876,#1877));
#1879=FACE_BOUND('',#1878,.T.);
#1880=ADVANCED_FACE('',(#1879),#1875,.F.);
#1881=CARTESIAN_POINT('',(1223.800046078,297.990135637,400.042248232));
#1882=CARTESIAN_POINT('',(1223.882142505,297.990135637,400.042251246));
#1883=CARTESIAN_POINT('',(1223.964248867,297.990135637,400.05033352));
#1884=CARTESIAN_POINT('',(1224.125391946,297.990135637,400.082383759));
#1885=CARTESIAN_POINT('',(1224.20441867,297.990135637,400.106359515));
#1886=CARTESIAN_POINT('',(1224.356139243,297.990135637,400.169204477));
#1887=CARTESIAN_POINT('',(1224.428892405,297.990135637,400.208083433));
#1888=CARTESIAN_POINT('',(1224.565542705,297.990135637,400.299383214));
#1889=CARTESIAN_POINT('',(1224.629418818,297.990135637,400.351818067));
#1890=CARTESIAN_POINT('',(1224.745462575,297.990135637,400.467862826));
#1891=CARTESIAN_POINT('',(1224.797893582,297.990135637,400.53173734));
#1892=CARTESIAN_POINT('',(1224.889171621,297.990135637,400.668351891));
#1893=CARTESIAN_POINT('',(1224.928040874,297.990135637,400.741067271));
#1894=CARTESIAN_POINT('',(1224.990937858,297.990135637,400.892911539));
#1895=CARTESIAN_POINT('',(1225.014871311,297.990135637,400.971812539));
#1896=CARTESIAN_POINT('',(1225.046930963,297.990135637,401.132955797));
#1897=CARTESIAN_POINT('',(1225.055024054,297.990135637,401.215196802));
#1898=CARTESIAN_POINT('',(1225.055026452,297.990135637,401.379313501));
#1899=CARTESIAN_POINT('',(1225.046936474,297.990135637,401.461564454));
#1900=CARTESIAN_POINT('',(1225.014864653,297.990135637,401.622766909));
#1901=CARTESIAN_POINT('',(1224.990905637,297.990135637,401.70171172));
#1902=CARTESIAN_POINT('',(1224.928079792,297.990135637,401.853387237));
#1903=CARTESIAN_POINT('',(1224.889188523,297.990135637,401.926170846));
#1904=CARTESIAN_POINT('',(1224.79786663,297.990135637,402.062848901));
#1905=CARTESIAN_POINT('',(1224.745431089,297.990135637,402.126715677));
#1906=CARTESIAN_POINT('',(1224.629449571,297.990135637,402.2426981));
#1907=CARTESIAN_POINT('',(1224.565600598,297.990135637,402.295119057));
#1908=CARTESIAN_POINT('',(1224.428961521,297.990135637,402.386423368));
#1909=CARTESIAN_POINT('',(1224.356192045,297.990135637,402.425322954));
#1910=CARTESIAN_POINT('',(1224.204305001,297.990135637,402.4882322));
#1911=CARTESIAN_POINT('',(1224.125414858,297.990135637,402.512156103));
#1912=CARTESIAN_POINT('',(1223.964300883,297.990135637,402.54420565));
#1913=CARTESIAN_POINT('',(1223.882073218,297.990135637,402.552297849));
#1914=CARTESIAN_POINT('',(1223.717953948,297.990135637,402.552299625));
#1915=CARTESIAN_POINT('',(1223.635700598,297.990135637,402.544208281));
#1916=CARTESIAN_POINT('',(1223.474514994,297.990135637,402.512139812));
#1917=CARTESIAN_POINT('',(1223.395590971,297.990135637,402.48819023));
#1918=CARTESIAN_POINT('',(1223.243882842,297.990135637,402.425352854));
#1919=CARTESIAN_POINT('',(1223.171092453,297.990135637,402.386455948));
#1920=CARTESIAN_POINT('',(1223.034419011,297.990135637,402.295135645));
#1921=CARTESIAN_POINT('',(1222.970557754,297.990135637,402.242704873));
#1922=CARTESIAN_POINT('',(1222.85457003,297.990135637,402.126717347));
#1923=CARTESIAN_POINT('',(1222.802134502,297.990135637,402.062850591));
#1924=CARTESIAN_POINT('',(1222.710810385,297.990135637,401.926169216));
#1925=CARTESIAN_POINT('',(1222.671916964,297.990135637,401.853380278));
#1926=CARTESIAN_POINT('',(1222.609093696,297.990135637,401.701709236));
#1927=CARTESIAN_POINT('',(1222.585133353,297.990135637,401.62276057));
#1928=CARTESIAN_POINT('',(1222.553061234,297.990135637,401.461549248));
#1929=CARTESIAN_POINT('',(1222.544973461,297.990135637,401.379298084));
#1930=CARTESIAN_POINT('',(1222.544976033,297.990135637,401.21520953));
#1931=CARTESIAN_POINT('',(1222.553065454,297.990135637,401.132982182));
#1932=CARTESIAN_POINT('',(1222.585122531,297.990135637,400.97183512));
#1933=CARTESIAN_POINT('',(1222.609060518,297.990135637,400.892914355));
#1934=CARTESIAN_POINT('',(1222.671965693,297.990135637,400.741052523));
#1935=CARTESIAN_POINT('',(1222.7108341,297.990135637,400.668342878));
#1936=CARTESIAN_POINT('',(1222.802104945,297.990135637,400.531739995));
#1937=CARTESIAN_POINT('',(1222.854533275,297.990135637,400.467865838));
#1938=CARTESIAN_POINT('',(1222.970602724,297.990135637,400.351797662));
#1939=CARTESIAN_POINT('',(1223.034449351,297.990135637,400.299389663));
#1940=CARTESIAN_POINT('',(1223.171091434,297.990135637,400.208093089));
#1941=CARTESIAN_POINT('',(1223.243873946,297.990135637,400.169198337));
#1942=CARTESIAN_POINT('',(1223.395585805,297.990135637,400.106358339));
#1943=CARTESIAN_POINT('',(1223.47449783,297.990135637,400.082411857));
#1944=CARTESIAN_POINT('',(1223.635679993,297.990135637,400.050341501));
#1945=CARTESIAN_POINT('',(1223.717949651,297.990135637,400.042245218));
#1946=CARTESIAN_POINT('',(1223.800046078,297.990135637,400.042248232));
#1947=CARTESIAN_POINT('',(1223.800064251,297.990135637,399.547273485));
#1948=CARTESIAN_POINT('',(1223.914539037,297.990135637,399.547277688));
#1949=CARTESIAN_POINT('',(1224.029027676,297.990135637,399.558547565));
#1950=CARTESIAN_POINT('',(1224.253724659,297.990135637,399.603238233));
#1951=CARTESIAN_POINT('',(1224.363919069,297.990135637,399.636669891));
#1952=CARTESIAN_POINT('',(1224.575477364,297.990135637,399.724300544));
#1953=CARTESIAN_POINT('',(1224.676923955,297.990135637,399.778513136));
#1954=CARTESIAN_POINT('',(1224.867468348,297.990135637,399.905821027));
#1955=CARTESIAN_POINT('',(1224.956536833,297.990135637,399.978935885));
#1956=CARTESIAN_POINT('',(1225.118347581,297.990135637,400.140748029));
#1957=CARTESIAN_POINT('',(1225.191457076,297.990135637,400.229814284));
#1958=CARTESIAN_POINT('',(1225.318734648,297.990135637,400.420308829));
#1959=CARTESIAN_POINT('',(1225.372933711,297.990135637,400.521702738));
#1960=CARTESIAN_POINT('',(1225.460636904,297.990135637,400.733433511));
#1961=CARTESIAN_POINT('',(1225.494009574,297.990135637,400.843452613));
#1962=CARTESIAN_POINT('',(1225.538713368,297.990135637,401.068149846));
#1963=CARTESIAN_POINT('',(1225.549998328,297.990135637,401.18282623));
#1964=CARTESIAN_POINT('',(1225.550001671,297.990135637,401.411669612));
#1965=CARTESIAN_POINT('',(1225.538721053,297.990135637,401.526359869));
#1966=CARTESIAN_POINT('',(1225.49400029,297.990135637,401.751139646));
#1967=CARTESIAN_POINT('',(1225.460591976,297.990135637,401.861219835));
#1968=CARTESIAN_POINT('',(1225.372987978,297.990135637,402.072715305));
#1969=CARTESIAN_POINT('',(1225.318758217,297.990135637,402.174204351));
#1970=CARTESIAN_POINT('',(1225.191419494,297.990135637,402.364787445));
#1971=CARTESIAN_POINT('',(1225.118303677,297.990135637,402.45384291));
#1972=CARTESIAN_POINT('',(1224.956579715,297.990135637,402.615568134));
#1973=CARTESIAN_POINT('',(1224.867549074,297.990135637,402.688663617));
#1974=CARTESIAN_POINT('',(1224.677020329,297.990135637,402.815977823));
#1975=CARTESIAN_POINT('',(1224.575550991,297.990135637,402.870219182));
#1976=CARTESIAN_POINT('',(1224.36376057,297.990135637,402.957939473));
#1977=CARTESIAN_POINT('',(1224.253756608,297.990135637,402.991298826));
#1978=CARTESIAN_POINT('',(1224.029100207,297.990135637,403.03598853));
#1979=CARTESIAN_POINT('',(1223.914442423,297.990135637,403.047272246));
#1980=CARTESIAN_POINT('',(1223.685595457,297.990135637,403.047274722));
#1981=CARTESIAN_POINT('',(1223.570901858,297.990135637,403.035992199));
#1982=CARTESIAN_POINT('',(1223.346145579,297.990135637,402.991276109));
#1983=CARTESIAN_POINT('',(1223.236094374,297.990135637,402.95788095));
#1984=CARTESIAN_POINT('',(1223.024553431,297.990135637,402.870260875));
#1985=CARTESIAN_POINT('',(1222.923054931,297.990135637,402.816023252));
#1986=CARTESIAN_POINT('',(1222.732478268,297.990135637,402.688686746));
#1987=CARTESIAN_POINT('',(1222.6434305,297.990135637,402.61557758));
#1988=CARTESIAN_POINT('',(1222.481697883,297.990135637,402.45384524));
#1989=CARTESIAN_POINT('',(1222.408582084,297.990135637,402.364789802));
#1990=CARTESIAN_POINT('',(1222.281240261,297.990135637,402.174202078));
#1991=CARTESIAN_POINT('',(1222.227007498,297.990135637,402.072705602));
#1992=CARTESIAN_POINT('',(1222.139407094,297.990135637,401.861216372));
#1993=CARTESIAN_POINT('',(1222.105996929,297.990135637,401.751130806));
#1994=CARTESIAN_POINT('',(1222.061275751,297.990135637,401.526338664));
#1995=CARTESIAN_POINT('',(1222.049998207,297.990135637,401.411648115));
#1996=CARTESIAN_POINT('',(1222.050001794,297.990135637,401.182843978));
#1997=CARTESIAN_POINT('',(1222.061281636,297.990135637,401.068186636));
#1998=CARTESIAN_POINT('',(1222.105981839,297.990135637,400.843484099));
#1999=CARTESIAN_POINT('',(1222.139360831,297.990135637,400.733437438));
#2000=CARTESIAN_POINT('',(1222.227075445,297.990135637,400.521682173));
#2001=CARTESIAN_POINT('',(1222.281273329,297.990135637,400.420296262));
#2002=CARTESIAN_POINT('',(1222.40854087,297.990135637,400.229817987));
#2003=CARTESIAN_POINT('',(1222.481646633,297.990135637,400.14075223));
#2004=CARTESIAN_POINT('',(1222.643493205,297.990135637,399.978907432));
#2005=CARTESIAN_POINT('',(1222.732520575,297.990135637,399.905830019));
#2006=CARTESIAN_POINT('',(1222.92305351,297.990135637,399.778526601));
#2007=CARTESIAN_POINT('',(1223.024541027,297.990135637,399.724291983));
#2008=CARTESIAN_POINT('',(1223.236087171,297.990135637,399.63666825));
#2009=CARTESIAN_POINT('',(1223.346121645,297.990135637,399.603277413));
#2010=CARTESIAN_POINT('',(1223.570873127,297.990135637,399.558558693));
#2011=CARTESIAN_POINT('',(1223.685589465,297.990135637,399.547269282));
#2012=CARTESIAN_POINT('',(1223.800064251,297.990135637,399.547273485));
#2013=CARTESIAN_POINT('',(1223.800064251,298.485110384,399.547273485));
#2014=CARTESIAN_POINT('',(1223.914539037,298.485110384,399.547277688));
#2015=CARTESIAN_POINT('',(1224.029027676,298.485110384,399.558547565));
#2016=CARTESIAN_POINT('',(1224.253724659,298.485110384,399.603238233));
#2017=CARTESIAN_POINT('',(1224.36391907,298.485110384,399.636669891));
#2018=CARTESIAN_POINT('',(1224.575477364,298.485110384,399.724300544));
#2019=CARTESIAN_POINT('',(1224.676923955,298.485110384,399.778513136));
#2020=CARTESIAN_POINT('',(1224.867468348,298.485110384,399.905821026));
#2021=CARTESIAN_POINT('',(1224.956536833,298.485110384,399.978935885));
#2022=CARTESIAN_POINT('',(1225.118347581,298.485110384,400.140748029));
#2023=CARTESIAN_POINT('',(1225.191457076,298.485110384,400.229814284));
#2024=CARTESIAN_POINT('',(1225.318734648,298.485110384,400.420308829));
#2025=CARTESIAN_POINT('',(1225.372933711,298.485110384,400.521702738));
#2026=CARTESIAN_POINT('',(1225.460636904,298.485110384,400.733433511));
#2027=CARTESIAN_POINT('',(1225.494009574,298.485110384,400.843452613));
#2028=CARTESIAN_POINT('',(1225.538713368,298.485110384,401.068149846));
#2029=CARTESIAN_POINT('',(1225.549998328,298.485110384,401.18282623));
#2030=CARTESIAN_POINT('',(1225.550001671,298.485110384,401.411669612));
#2031=CARTESIAN_POINT('',(1225.538721054,298.485110384,401.526359869));
#2032=CARTESIAN_POINT('',(1225.49400029,298.485110384,401.751139646));
#2033=CARTESIAN_POINT('',(1225.460591976,298.485110384,401.861219835));
#2034=CARTESIAN_POINT('',(1225.372987978,298.485110384,402.072715305));
#2035=CARTESIAN_POINT('',(1225.318758217,298.485110384,402.174204351));
#2036=CARTESIAN_POINT('',(1225.191419494,298.485110384,402.364787445));
#2037=CARTESIAN_POINT('',(1225.118303677,298.485110384,402.45384291));
#2038=CARTESIAN_POINT('',(1224.956579715,298.485110384,402.615568134));
#2039=CARTESIAN_POINT('',(1224.867549074,298.485110384,402.688663617));
#2040=CARTESIAN_POINT('',(1224.677020329,298.485110384,402.815977823));
#2041=CARTESIAN_POINT('',(1224.575550991,298.485110384,402.870219182));
#2042=CARTESIAN_POINT('',(1224.36376057,298.485110384,402.957939473));
#2043=CARTESIAN_POINT('',(1224.253756608,298.485110384,402.991298826));
#2044=CARTESIAN_POINT('',(1224.029100207,298.485110384,403.03598853));
#2045=CARTESIAN_POINT('',(1223.914442423,298.485110384,403.047272246));
#2046=CARTESIAN_POINT('',(1223.685595457,298.485110384,403.047274722));
#2047=CARTESIAN_POINT('',(1223.570901858,298.485110384,403.035992199));
#2048=CARTESIAN_POINT('',(1223.346145579,298.485110384,402.991276109));
#2049=CARTESIAN_POINT('',(1223.236094374,298.485110384,402.95788095));
#2050=CARTESIAN_POINT('',(1223.024553431,298.485110384,402.870260875));
#2051=CARTESIAN_POINT('',(1222.923054931,298.485110384,402.816023252));
#2052=CARTESIAN_POINT('',(1222.732478268,298.485110384,402.688686746));
#2053=CARTESIAN_POINT('',(1222.6434305,298.485110384,402.61557758));
#2054=CARTESIAN_POINT('',(1222.481697883,298.485110384,402.45384524));
#2055=CARTESIAN_POINT('',(1222.408582084,298.485110384,402.364789802));
#2056=CARTESIAN_POINT('',(1222.281240261,298.485110384,402.174202078));
#2057=CARTESIAN_POINT('',(1222.227007498,298.485110384,402.072705602));
#2058=CARTESIAN_POINT('',(1222.139407094,298.485110384,401.861216372));
#2059=CARTESIAN_POINT('',(1222.105996929,298.485110384,401.751130806));
#2060=CARTESIAN_POINT('',(1222.061275751,298.485110384,401.526338665));
#2061=CARTESIAN_POINT('',(1222.049998207,298.485110384,401.411648115));
#2062=CARTESIAN_POINT('',(1222.050001794,298.485110384,401.182843978));
#2063=CARTESIAN_POINT('',(1222.061281636,298.485110384,401.068186636));
#2064=CARTESIAN_POINT('',(1222.105981839,298.485110384,400.843484099));
#2065=CARTESIAN_POINT('',(1222.139360831,298.485110384,400.733437438));
#2066=CARTESIAN_POINT('',(1222.227075445,298.485110384,400.521682173));
#2067=CARTESIAN_POINT('',(1222.281273329,298.485110384,400.420296262));
#2068=CARTESIAN_POINT('',(1222.40854087,298.485110384,400.229817987));
#2069=CARTESIAN_POINT('',(1222.481646633,298.485110384,400.14075223));
#2070=CARTESIAN_POINT('',(1222.643493205,298.485110384,399.978907432));
#2071=CARTESIAN_POINT('',(1222.732520575,298.485110384,399.905830019));
#2072=CARTESIAN_POINT('',(1222.92305351,298.485110384,399.778526601));
#2073=CARTESIAN_POINT('',(1223.024541027,298.485110384,399.724291983));
#2074=CARTESIAN_POINT('',(1223.236087171,298.485110384,399.63666825));
#2075=CARTESIAN_POINT('',(1223.346121645,298.485110384,399.603277413));
#2076=CARTESIAN_POINT('',(1223.570873127,298.485110384,399.558558693));
#2077=CARTESIAN_POINT('',(1223.685589465,298.485110384,399.547269282));
#2078=CARTESIAN_POINT('',(1223.800064251,298.485110384,399.547273485));
#2079=(BOUNDED_SURFACE()
B_SPLINE_SURFACE(2,3,((#1881,#1882,#1883,#1884,#1885,#1886,#1887,#1888,#1889,#1890,#1891,#1892,#1893,#1894,#1895,#1896,#1897,#1898,#1899,#1900,#1901,#1902,#1903,#1904,#1905,#1906,
#1907,#1908,#1909,#1910,#1911,#1912,#1913,#1914,#1915,#1916,#1917,#1918,#1919,#1920,#1921,#1922,#1923,#1924,#1925,#1926,#1927,#1928,#1929,#1930,#1931,
#1932,#1933,#1934,#1935,#1936,#1937,#1938,#1939,#1940,#1941,#1942,#1943,#1944,#1945,#1946),(#1947,#1948,#1949,#1950,#1951,#1952,#1953,#1954,#1955,#1956,#1957,#1958,#1959,#1960,#1961,#1962,#1963,#1964,#1965,#1966,#1967,#1968,#1969,#1970,#1971,#1972,
#1973,#1974,#1975,#1976,#1977,#1978,#1979,#1980,#1981,#1982,#1983,#1984,#1985,#1986,#1987,#1988,#1989,#1990,#1991,#1992,#1993,#1994,#1995,#1996,#1997,
#1998,#1999,#2000,#2001,#2002,#2003,#2004,#2005,#2006,#2007,#2008,#2009,#2010,#2011,#2012),(#2013,#2014,#2015,#2016,#2017,#2018,#2019,#2020,#2021,#2022,#2023,#2024,#2025,#2026,#2027,#2028,#2029,#2030,#2031,#2032,#2033,#2034,#2035,#2036,#2037,#2038,
#2039,#2040,#2041,#2042,#2043,#2044,#2045,#2046,#2047,#2048,#2049,#2050,#2051,#2052,#2053,#2054,#2055,#2056,#2057,#2058,#2059,#2060,#2061,#2062,#2063,
#2064,#2065,#2066,#2067,#2068,#2069,#2070,#2071,#2072,#2073,#2074,#2075,#2076,#2077,#2078)),.UNSPECIFIED.,.F.,.T.,.U.)
B_SPLINE_SURFACE_WITH_KNOTS((3,3),(4,2,2,2,2,2,2,2,2,2,2,2,2,2,2,2,2,2,2,2,2,2,2,2,2,2,
2,2,2,2,2,2,4),(0.,1.),(0.99999865,1.03124865,1.06249865,1.09374865,1.12499865,1.15624865,1.18749865,1.21874865,1.24999865,1.28124865,1.31249865,1.34374865,1.37499865,1.40624865,1.43749865,1.46874865,1.49999865,1.53124865,1.56249865,1.59374865,1.62499865,1.65624865,1.68749865,1.71874865,1.74999865,1.78124865,
1.81249865,1.84374865,1.87499865,1.90624865,1.93749865,1.96874865,1.99999865),.UNSPECIFIED.)
GEOMETRIC_REPRESENTATION_ITEM()
RATIONAL_B_SPLINE_SURFACE(((1.,1.,1.,1.,1.,1.,1.,1.,1.,1.,1.,1.,1.,1.,1.,1.,1.,1.,1.,1.,1.,1.,1.,1.,1.,1.,
1.,1.,1.,1.,1.,1.,1.,1.,1.,1.,1.,1.,1.,1.,1.,1.,1.,1.,1.,1.,1.,1.,1.,1.,1.,
1.,1.,1.,1.,1.,1.,1.,1.,1.,1.,1.,1.,1.,1.,1.),(0.438933383,0.438933383,0.438933383,0.438933383,0.438933383,0.438933383,0.438933383,0.438933383,0.438933383,0.438933383,0.438933383,0.438933383,0.438933383,0.438933383,0.438933383,0.438933383,0.438933383,0.438933383,0.438933383,0.438933383,0.438933383,0.438933383,0.438933383,0.438933383,0.438933383,0.438933383,
0.438933383,0.438933383,0.438933383,0.438933383,0.438933383,0.438933383,0.438933383,0.438933383,0.438933383,0.438933383,0.438933383,0.438933383,0.438933383,0.438933383,0.438933383,0.438933383,0.438933383,0.438933383,0.438933383,0.438933383,0.438933383,0.438933383,0.438933383,0.438933383,0.438933383,
0.438933383,0.438933383,0.438933383,0.438933383,0.438933383,0.438933383,0.438933383,0.438933383,0.438933383,0.438933383,0.438933383,0.438933383,0.438933383,0.438933383,0.438933383),(1.,1.,1.,1.,1.,1.,1.,1.,1.,1.,1.,1.,1.,1.,1.,1.,1.,1.,1.,1.,1.,1.,1.,1.,1.,1.,
1.,1.,1.,1.,1.,1.,1.,1.,1.,1.,1.,1.,1.,1.,1.,1.,1.,1.,1.,1.,1.,1.,1.,1.,1.,
1.,1.,1.,1.,1.,1.,1.,1.,1.,1.,1.,1.,1.,1.,1.)))
REPRESENTATION_ITEM('')
SURFACE()
);
#2080=CARTESIAN_POINT('',(1223.800064251,298.485110384,399.547273485));
#2081=CARTESIAN_POINT('',(1223.800064251,297.990135637,399.547273485));
#2082=CARTESIAN_POINT('',(1223.800046078,297.990135637,400.042248232));
#2083=(BOUNDED_CURVE()
B_SPLINE_CURVE(2,(#2080,#2081,#2082),.UNSPECIFIED.,.F.,.F.)
B_SPLINE_CURVE_WITH_KNOTS((3,3),(0.,1.),.UNSPECIFIED.)
CURVE()
GEOMETRIC_REPRESENTATION_ITEM()
RATIONAL_B_SPLINE_CURVE((1.,0.438933383,1.))
REPRESENTATION_ITEM(''));
#2084=EDGE_CURVE('',#1572,#1799,#2083,.T.);
#2085=ORIENTED_EDGE('',*,*,#2084,.T.);
#2086=ORIENTED_EDGE('',*,*,#1866,.F.);
#2087=ORIENTED_EDGE('',*,*,#2084,.F.);
#2088=ORIENTED_EDGE('',*,*,#1671,.F.);
#2089=ORIENTED_EDGE('',*,*,#1771,.F.);
#2090=EDGE_LOOP('',(#2085,#2086,#2087,#2088,#2089));
#2091=FACE_BOUND('',#2090,.T.);
#2092=ADVANCED_FACE('',(#2091),#2079,.T.);
#2093=CLOSED_SHELL('',(#1792,#1870,#1880,#2092));
#2094=MANIFOLD_SOLID_BREP('Body 10 (5)',#2093);
#1555=STYLED_ITEM('',(#1554),#2094);
#2096=CARTESIAN_POINT('',(1181.8,297.490135637,358.297273484));
#2097=DIRECTION('',(0.,1.,0.));
#2098=DIRECTION('',(0.,-0.,1.));
#2099=AXIS2_PLACEMENT_3D('',#2096,#2097,#2098);
#2100=CYLINDRICAL_SURFACE('',#2099,1.75);
#2101=CARTESIAN_POINT('',(1181.8,298.990135637,360.047273484));
#2102=VERTEX_POINT('',#2101);
#2103=CARTESIAN_POINT('',(1181.8,298.485110384,360.047273484));
#2104=VERTEX_POINT('',#2103);
#2105=CARTESIAN_POINT('',(1181.8,298.990135637,360.047273484));
#2106=DIRECTION('',(-0.,-1.,-0.));
#2107=VECTOR('',#2106,0.505025253);
#2108=LINE('',#2105,#2107);
#2109=EDGE_CURVE('',#2102,#2104,#2108,.T.);
#2110=ORIENTED_EDGE('',*,*,#2109,.T.);
#2111=CARTESIAN_POINT('',(1181.800064251,298.485110384,356.547273485));
#2112=VERTEX_POINT('',#2111);
#2113=CARTESIAN_POINT('',(1181.800064251,298.485110384,356.547273485));
#2114=CARTESIAN_POINT('',(1181.685527019,298.485110384,356.54726928));
#2115=CARTESIAN_POINT('',(1181.570992205,298.485110384,356.558545729));
#2116=CARTESIAN_POINT('',(1181.458654953,298.485110384,356.58088671));
#2117=CARTESIAN_POINT('',(1181.346317701,298.485110384,356.603227691));
#2118=CARTESIAN_POINT('',(1181.236183568,298.485110384,356.636632099));
#2119=CARTESIAN_POINT('',(1181.130363354,298.485110384,356.680459715));
#2120=CARTESIAN_POINT('',(1181.02454314,298.485110384,356.724287331));
#2121=CARTESIAN_POINT('',(1180.92304208,298.485110384,356.778535987));
#2122=CARTESIAN_POINT('',(1180.827805516,298.485110384,356.842165968));
#2123=CARTESIAN_POINT('',(1180.732568951,298.485110384,356.905795948));
#2124=CARTESIAN_POINT('',(1180.643601593,298.485110384,356.978804106));
#2125=CARTESIAN_POINT('',(1180.562608566,298.485110384,357.059791186));
#2126=CARTESIAN_POINT('',(1180.481615539,298.485110384,357.140778266));
#2127=CARTESIAN_POINT('',(1180.408600849,298.485110384,357.229740263));
#2128=CARTESIAN_POINT('',(1180.344963875,298.485110384,357.324972154));
#2129=CARTESIAN_POINT('',(1180.281326902,298.485110384,357.420204046));
#2130=CARTESIAN_POINT('',(1180.227070793,298.485110384,357.521701123));
#2131=CARTESIAN_POINT('',(1180.183235407,298.485110384,357.627518118));
#2132=CARTESIAN_POINT('',(1180.139400021,298.485110384,357.733335113));
#2133=CARTESIAN_POINT('',(1180.105987525,298.485110384,357.843466794));
#2134=CARTESIAN_POINT('',(1180.083638295,298.485110384,357.955802404));
#2135=CARTESIAN_POINT('',(1180.061289065,298.485110384,358.068138015));
#2136=CARTESIAN_POINT('',(1180.050004206,298.485110384,358.182672001));
#2137=CARTESIAN_POINT('',(1180.050000001,298.485110384,358.297209233));
#2138=CARTESIAN_POINT('',(1180.049995796,298.485110384,358.411746465));
#2139=CARTESIAN_POINT('',(1180.061272245,298.485110384,358.526281279));
#2140=CARTESIAN_POINT('',(1180.083613226,298.485110384,358.638618531));
#2141=CARTESIAN_POINT('',(1180.105954207,298.485110384,358.750955783));
#2142=CARTESIAN_POINT('',(1180.139358615,298.485110384,358.861089916));
#2143=CARTESIAN_POINT('',(1180.183186231,298.485110384,358.96691013));
#2144=CARTESIAN_POINT('',(1180.227013847,298.485110384,359.072730344));
#2145=CARTESIAN_POINT('',(1180.281262503,298.485110384,359.174231404));
#2146=CARTESIAN_POINT('',(1180.344892484,298.485110384,359.269467969));
#2147=CARTESIAN_POINT('',(1180.408522464,298.485110384,359.364704533));
#2148=CARTESIAN_POINT('',(1180.481530622,298.485110384,359.453671891));
#2149=CARTESIAN_POINT('',(1180.562517702,298.485110384,359.534664918));
#2150=CARTESIAN_POINT('',(1180.643504782,298.485110384,359.615657945));
#2151=CARTESIAN_POINT('',(1180.732466779,298.485110384,359.688672635));
#2152=CARTESIAN_POINT('',(1180.82769867,298.485110384,359.752309609));
#2153=CARTESIAN_POINT('',(1180.922930562,298.485110384,359.815946582));
#2154=CARTESIAN_POINT('',(1181.024427639,298.485110384,359.870202691));
#2155=CARTESIAN_POINT('',(1181.130244634,298.485110384,359.914038077));
#2156=CARTESIAN_POINT('',(1181.236061629,298.485110384,359.957873463));
#2157=CARTESIAN_POINT('',(1181.34619331,298.485110384,359.991285959));
#2158=CARTESIAN_POINT('',(1181.45852892,298.485110384,360.013635189));
#2159=CARTESIAN_POINT('',(1181.570864531,298.485110384,360.035984419));
#2160=CARTESIAN_POINT('',(1181.685398517,298.485110384,360.047269278));
#2161=CARTESIAN_POINT('',(1181.799935749,298.485110384,360.047273483));
#2162=CARTESIAN_POINT('',(1181.914472981,298.485110384,360.047277688));
#2163=CARTESIAN_POINT('',(1182.029007795,298.485110384,360.036001239));
#2164=CARTESIAN_POINT('',(1182.141345047,298.485110384,360.013660258));
#2165=CARTESIAN_POINT('',(1182.253682299,298.485110384,359.991319277));
#2166=CARTESIAN_POINT('',(1182.363816432,298.485110384,359.957914869));
#2167=CARTESIAN_POINT('',(1182.469636646,298.485110384,359.914087253));
#2168=CARTESIAN_POINT('',(1182.57545686,298.485110384,359.870259637));
#2169=CARTESIAN_POINT('',(1182.67695792,298.485110384,359.816010981));
#2170=CARTESIAN_POINT('',(1182.772194484,298.485110384,359.752381));
#2171=CARTESIAN_POINT('',(1182.867431049,298.485110384,359.68875102));
#2172=CARTESIAN_POINT('',(1182.956398407,298.485110384,359.615742862));
#2173=CARTESIAN_POINT('',(1183.037391434,298.485110384,359.534755782));
#2174=CARTESIAN_POINT('',(1183.118384461,298.485110384,359.453768703));
#2175=CARTESIAN_POINT('',(1183.191399151,298.485110384,359.364806705));
#2176=CARTESIAN_POINT('',(1183.255036125,298.485110384,359.269574814));
#2177=CARTESIAN_POINT('',(1183.318673098,298.485110384,359.174342922));
#2178=CARTESIAN_POINT('',(1183.372929207,298.485110384,359.072845845));
#2179=CARTESIAN_POINT('',(1183.416764593,298.485110384,358.96702885));
#2180=CARTESIAN_POINT('',(1183.460599979,298.485110384,358.861211855));
#2181=CARTESIAN_POINT('',(1183.494012475,298.485110384,358.751080175));
#2182=CARTESIAN_POINT('',(1183.516361705,298.485110384,358.638744564));
#2183=CARTESIAN_POINT('',(1183.538710935,298.485110384,358.526408953));
#2184=CARTESIAN_POINT('',(1183.549995794,298.485110384,358.411874967));
#2185=CARTESIAN_POINT('',(1183.549999999,298.485110384,358.297337735));
#2186=CARTESIAN_POINT('',(1183.550004204,298.485110384,358.182800503));
#2187=CARTESIAN_POINT('',(1183.538727755,298.485110384,358.068265689));
#2188=CARTESIAN_POINT('',(1183.516386774,298.485110384,357.955928437));
#2189=CARTESIAN_POINT('',(1183.494045793,298.485110384,357.843591185));
#2190=CARTESIAN_POINT('',(1183.460641385,298.485110384,357.733457052));
#2191=CARTESIAN_POINT('',(1183.416813769,298.485110384,357.627636838));
#2192=CARTESIAN_POINT('',(1183.372986153,298.485110384,357.521816624));
#2193=CARTESIAN_POINT('',(1183.318737497,298.485110384,357.420315564));
#2194=CARTESIAN_POINT('',(1183.255107516,298.485110384,357.325079));
#2195=CARTESIAN_POINT('',(1183.191477536,298.485110384,357.229842435));
#2196=CARTESIAN_POINT('',(1183.118469378,298.485110384,357.140875077));
#2197=CARTESIAN_POINT('',(1183.037482298,298.485110384,357.05988205));
#2198=CARTESIAN_POINT('',(1182.956495218,298.485110384,356.978889023));
#2199=CARTESIAN_POINT('',(1182.867533221,298.485110384,356.905874333));
#2200=CARTESIAN_POINT('',(1182.77230133,298.485110384,356.842237359));
#2201=CARTESIAN_POINT('',(1182.677069438,298.485110384,356.778600386));
#2202=CARTESIAN_POINT('',(1182.575572361,298.485110384,356.724344277));
#2203=CARTESIAN_POINT('',(1182.469755366,298.485110384,356.680508891));
#2204=CARTESIAN_POINT('',(1182.363938371,298.485110384,356.636673505));
#2205=CARTESIAN_POINT('',(1182.25380669,298.485110384,356.603261009));
#2206=CARTESIAN_POINT('',(1182.14147108,298.485110384,356.580911779));
#2207=CARTESIAN_POINT('',(1182.029135469,298.485110384,356.558562549));
#2208=CARTESIAN_POINT('',(1181.914601483,298.485110384,356.54727769));
#2209=CARTESIAN_POINT('',(1181.800064251,298.485110384,356.547273485));
#2210=B_SPLINE_CURVE_WITH_KNOTS('',3,(#2113,#2114,#2115,#2116,#2117,#2118,#2119,#2120,#2121,#2122,#2123,#2124,#2125,#2126,#2127,#2128,#2129,#2130,#2131,#2132,#2133,#2134,#2135,#2136,#2137,#2138,
#2139,#2140,#2141,#2142,#2143,#2144,#2145,#2146,#2147,#2148,#2149,#2150,#2151,#2152,#2153,#2154,#2155,#2156,#2157,#2158,#2159,#2160,#2161,#2162,#2163,
#2164,#2165,#2166,#2167,#2168,#2169,#2170,#2171,#2172,#2173,#2174,#2175,#2176,#2177,#2178,#2179,#2180,#2181,#2182,#2183,#2184,#2185,#2186,#2187,#2188,
#2189,#2190,#2191,#2192,#2193,#2194,#2195,#2196,#2197,#2198,#2199,#2200,#2201,#2202,#2203,#2204,#2205,#2206,#2207,#2208,#2209),.UNSPECIFIED.,.T.,.F.,(4,3,3,3,3,3,3,3,3,3,3,3,3,3,3,3,3,3,3,3,3,3,3,3,3,3,
3,3,3,3,3,3,4),(0.,0.03125,0.0625,0.09375,0.125,0.15625,0.1875,0.21875,0.25,0.28125,0.3125,0.34375,0.375,0.40625,0.4375,0.46875,0.5,0.53125,0.5625,0.59375,0.625,0.65625,0.6875,0.71875,0.75,0.78125,
0.8125,0.84375,0.875,0.90625,0.9375,0.96875,1.),.UNSPECIFIED.);
#2211=EDGE_CURVE('',#2104,#2112,#2210,.T.);
#2212=ORIENTED_EDGE('',*,*,#2211,.T.);
#2213=CARTESIAN_POINT('',(1181.800064251,298.485110384,356.547273485));
#2214=CARTESIAN_POINT('',(1181.685527019,298.485110384,356.54726928));
#2215=CARTESIAN_POINT('',(1181.570992205,298.485110384,356.558545729));
#2216=CARTESIAN_POINT('',(1181.458654953,298.485110384,356.58088671));
#2217=CARTESIAN_POINT('',(1181.346317701,298.485110384,356.603227691));
#2218=CARTESIAN_POINT('',(1181.236183568,298.485110384,356.636632099));
#2219=CARTESIAN_POINT('',(1181.130363354,298.485110384,356.680459715));
#2220=CARTESIAN_POINT('',(1181.02454314,298.485110384,356.724287331));
#2221=CARTESIAN_POINT('',(1180.92304208,298.485110384,356.778535987));
#2222=CARTESIAN_POINT('',(1180.827805516,298.485110384,356.842165968));
#2223=CARTESIAN_POINT('',(1180.732568951,298.485110384,356.905795948));
#2224=CARTESIAN_POINT('',(1180.643601593,298.485110384,356.978804106));
#2225=CARTESIAN_POINT('',(1180.562608566,298.485110384,357.059791186));
#2226=CARTESIAN_POINT('',(1180.481615539,298.485110384,357.140778266));
#2227=CARTESIAN_POINT('',(1180.408600849,298.485110384,357.229740263));
#2228=CARTESIAN_POINT('',(1180.344963875,298.485110384,357.324972154));
#2229=CARTESIAN_POINT('',(1180.281326902,298.485110384,357.420204046));
#2230=CARTESIAN_POINT('',(1180.227070793,298.485110384,357.521701123));
#2231=CARTESIAN_POINT('',(1180.183235407,298.485110384,357.627518118));
#2232=CARTESIAN_POINT('',(1180.139400021,298.485110384,357.733335113));
#2233=CARTESIAN_POINT('',(1180.105987525,298.485110384,357.843466794));
#2234=CARTESIAN_POINT('',(1180.083638295,298.485110384,357.955802404));
#2235=CARTESIAN_POINT('',(1180.061289065,298.485110384,358.068138015));
#2236=CARTESIAN_POINT('',(1180.050004206,298.485110384,358.182672001));
#2237=CARTESIAN_POINT('',(1180.050000001,298.485110384,358.297209233));
#2238=CARTESIAN_POINT('',(1180.049995796,298.485110384,358.411746465));
#2239=CARTESIAN_POINT('',(1180.061272245,298.485110384,358.526281279));
#2240=CARTESIAN_POINT('',(1180.083613226,298.485110384,358.638618531));
#2241=CARTESIAN_POINT('',(1180.105954207,298.485110384,358.750955783));
#2242=CARTESIAN_POINT('',(1180.139358615,298.485110384,358.861089916));
#2243=CARTESIAN_POINT('',(1180.183186231,298.485110384,358.96691013));
#2244=CARTESIAN_POINT('',(1180.227013847,298.485110384,359.072730344));
#2245=CARTESIAN_POINT('',(1180.281262503,298.485110384,359.174231404));
#2246=CARTESIAN_POINT('',(1180.344892484,298.485110384,359.269467969));
#2247=CARTESIAN_POINT('',(1180.408522464,298.485110384,359.364704533));
#2248=CARTESIAN_POINT('',(1180.481530622,298.485110384,359.453671891));
#2249=CARTESIAN_POINT('',(1180.562517702,298.485110384,359.534664918));
#2250=CARTESIAN_POINT('',(1180.643504782,298.485110384,359.615657945));
#2251=CARTESIAN_POINT('',(1180.732466779,298.485110384,359.688672635));
#2252=CARTESIAN_POINT('',(1180.82769867,298.485110384,359.752309609));
#2253=CARTESIAN_POINT('',(1180.922930562,298.485110384,359.815946582));
#2254=CARTESIAN_POINT('',(1181.024427639,298.485110384,359.870202691));
#2255=CARTESIAN_POINT('',(1181.130244634,298.485110384,359.914038077));
#2256=CARTESIAN_POINT('',(1181.236061629,298.485110384,359.957873463));
#2257=CARTESIAN_POINT('',(1181.34619331,298.485110384,359.991285959));
#2258=CARTESIAN_POINT('',(1181.45852892,298.485110384,360.013635189));
#2259=CARTESIAN_POINT('',(1181.570864531,298.485110384,360.035984419));
#2260=CARTESIAN_POINT('',(1181.685398517,298.485110384,360.047269278));
#2261=CARTESIAN_POINT('',(1181.799935749,298.485110384,360.047273483));
#2262=CARTESIAN_POINT('',(1181.914472981,298.485110384,360.047277688));
#2263=CARTESIAN_POINT('',(1182.029007795,298.485110384,360.036001239));
#2264=CARTESIAN_POINT('',(1182.141345047,298.485110384,360.013660258));
#2265=CARTESIAN_POINT('',(1182.253682299,298.485110384,359.991319277));
#2266=CARTESIAN_POINT('',(1182.363816432,298.485110384,359.957914869));
#2267=CARTESIAN_POINT('',(1182.469636646,298.485110384,359.914087253));
#2268=CARTESIAN_POINT('',(1182.57545686,298.485110384,359.870259637));
#2269=CARTESIAN_POINT('',(1182.67695792,298.485110384,359.816010981));
#2270=CARTESIAN_POINT('',(1182.772194484,298.485110384,359.752381));
#2271=CARTESIAN_POINT('',(1182.867431049,298.485110384,359.68875102));
#2272=CARTESIAN_POINT('',(1182.956398407,298.485110384,359.615742862));
#2273=CARTESIAN_POINT('',(1183.037391434,298.485110384,359.534755782));
#2274=CARTESIAN_POINT('',(1183.118384461,298.485110384,359.453768703));
#2275=CARTESIAN_POINT('',(1183.191399151,298.485110384,359.364806705));
#2276=CARTESIAN_POINT('',(1183.255036125,298.485110384,359.269574814));
#2277=CARTESIAN_POINT('',(1183.318673098,298.485110384,359.174342922));
#2278=CARTESIAN_POINT('',(1183.372929207,298.485110384,359.072845845));
#2279=CARTESIAN_POINT('',(1183.416764593,298.485110384,358.96702885));
#2280=CARTESIAN_POINT('',(1183.460599979,298.485110384,358.861211855));
#2281=CARTESIAN_POINT('',(1183.494012475,298.485110384,358.751080175));
#2282=CARTESIAN_POINT('',(1183.516361705,298.485110384,358.638744564));
#2283=CARTESIAN_POINT('',(1183.538710935,298.485110384,358.526408953));
#2284=CARTESIAN_POINT('',(1183.549995794,298.485110384,358.411874967));
#2285=CARTESIAN_POINT('',(1183.549999999,298.485110384,358.297337735));
#2286=CARTESIAN_POINT('',(1183.550004204,298.485110384,358.182800503));
#2287=CARTESIAN_POINT('',(1183.538727755,298.485110384,358.068265689));
#2288=CARTESIAN_POINT('',(1183.516386774,298.485110384,357.955928437));
#2289=CARTESIAN_POINT('',(1183.494045793,298.485110384,357.843591185));
#2290=CARTESIAN_POINT('',(1183.460641385,298.485110384,357.733457052));
#2291=CARTESIAN_POINT('',(1183.416813769,298.485110384,357.627636838));
#2292=CARTESIAN_POINT('',(1183.372986153,298.485110384,357.521816624));
#2293=CARTESIAN_POINT('',(1183.318737497,298.485110384,357.420315564));
#2294=CARTESIAN_POINT('',(1183.255107516,298.485110384,357.325079));
#2295=CARTESIAN_POINT('',(1183.191477536,298.485110384,357.229842435));
#2296=CARTESIAN_POINT('',(1183.118469378,298.485110384,357.140875077));
#2297=CARTESIAN_POINT('',(1183.037482298,298.485110384,357.05988205));
#2298=CARTESIAN_POINT('',(1182.956495218,298.485110384,356.978889023));
#2299=CARTESIAN_POINT('',(1182.867533221,298.485110384,356.905874333));
#2300=CARTESIAN_POINT('',(1182.77230133,298.485110384,356.842237359));
#2301=CARTESIAN_POINT('',(1182.677069438,298.485110384,356.778600386));
#2302=CARTESIAN_POINT('',(1182.575572361,298.485110384,356.724344277));
#2303=CARTESIAN_POINT('',(1182.469755366,298.485110384,356.680508891));
#2304=CARTESIAN_POINT('',(1182.363938371,298.485110384,356.636673505));
#2305=CARTESIAN_POINT('',(1182.25380669,298.485110384,356.603261009));
#2306=CARTESIAN_POINT('',(1182.14147108,298.485110384,356.580911779));
#2307=CARTESIAN_POINT('',(1182.029135469,298.485110384,356.558562549));
#2308=CARTESIAN_POINT('',(1181.914601483,298.485110384,356.54727769));
#2309=CARTESIAN_POINT('',(1181.800064251,298.485110384,356.547273485));
#2310=B_SPLINE_CURVE_WITH_KNOTS('',3,(#2213,#2214,#2215,#2216,#2217,#2218,#2219,#2220,#2221,#2222,#2223,#2224,#2225,#2226,#2227,#2228,#2229,#2230,#2231,#2232,#2233,#2234,#2235,#2236,#2237,#2238,
#2239,#2240,#2241,#2242,#2243,#2244,#2245,#2246,#2247,#2248,#2249,#2250,#2251,#2252,#2253,#2254,#2255,#2256,#2257,#2258,#2259,#2260,#2261,#2262,#2263,
#2264,#2265,#2266,#2267,#2268,#2269,#2270,#2271,#2272,#2273,#2274,#2275,#2276,#2277,#2278,#2279,#2280,#2281,#2282,#2283,#2284,#2285,#2286,#2287,#2288,
#2289,#2290,#2291,#2292,#2293,#2294,#2295,#2296,#2297,#2298,#2299,#2300,#2301,#2302,#2303,#2304,#2305,#2306,#2307,#2308,#2309),.UNSPECIFIED.,.T.,.F.,(4,3,3,3,3,3,3,3,3,3,3,3,3,3,3,3,3,3,3,3,3,3,3,3,3,3,
3,3,3,3,3,3,4),(0.,0.03125,0.0625,0.09375,0.125,0.15625,0.1875,0.21875,0.25,0.28125,0.3125,0.34375,0.375,0.40625,0.4375,0.46875,0.5,0.53125,0.5625,0.59375,0.625,0.65625,0.6875,0.71875,0.75,0.78125,
0.8125,0.84375,0.875,0.90625,0.9375,0.96875,1.),.UNSPECIFIED.);
#2311=EDGE_CURVE('',#2112,#2104,#2310,.T.);
#2312=ORIENTED_EDGE('',*,*,#2311,.T.);
#2313=ORIENTED_EDGE('',*,*,#2109,.F.);
#2314=CARTESIAN_POINT('',(1181.8,298.990135637,356.547273484));
#2315=VERTEX_POINT('',#2314);
#2316=CARTESIAN_POINT('',(1181.8,298.990135637,358.297273484));
#2317=DIRECTION('',(0.,-1.,0.));
#2318=DIRECTION('',(0.,0.,-1.));
#2319=AXIS2_PLACEMENT_3D('',#2316,#2317,#2318);
#2320=CIRCLE('',#2319,1.75);
#2321=EDGE_CURVE('',#2102,#2315,#2320,.T.);
#2322=ORIENTED_EDGE('',*,*,#2321,.T.);
#2323=CARTESIAN_POINT('',(1181.8,298.990135637,358.297273484));
#2324=DIRECTION('',(0.,-1.,0.));
#2325=DIRECTION('',(0.,0.,-1.));
#2326=AXIS2_PLACEMENT_3D('',#2323,#2324,#2325);
#2327=CIRCLE('',#2326,1.75);
#2328=EDGE_CURVE('',#2315,#2102,#2327,.T.);
#2329=ORIENTED_EDGE('',*,*,#2328,.T.);
#2330=EDGE_LOOP('',(#2110,#2212,#2312,#2313,#2322,#2329));
#2331=FACE_BOUND('',#2330,.T.);
#2332=ADVANCED_FACE('',(#2331),#2100,.T.);
#2333=CARTESIAN_POINT('',(-580.2,297.990135637,-1674.452726516));
#2334=DIRECTION('',(0.,-1.,0.));
#2335=DIRECTION('',(1.,0.,0.));
#2336=AXIS2_PLACEMENT_3D('',#2333,#2334,#2335);
#2337=PLANE('',#2336);
#2338=CARTESIAN_POINT('',(1181.800046078,297.990135637,357.042248232));
#2339=VERTEX_POINT('',#2338);
#2340=CARTESIAN_POINT('',(1181.800046078,297.990135637,357.042248232));
#2341=CARTESIAN_POINT('',(1181.923342896,297.990135637,357.042252758));
#2342=CARTESIAN_POINT('',(1182.044820406,297.990135637,357.066358639));
#2343=CARTESIAN_POINT('',(1182.165539979,297.990135637,357.090314116));
#2344=CARTESIAN_POINT('',(1182.280278957,297.990135637,357.137781996));
#2345=CARTESIAN_POINT('',(1182.393971292,297.990135637,357.184816878));
#2346=CARTESIAN_POINT('',(1182.497217555,297.990135637,357.253733323));
#2347=CARTESIAN_POINT('',(1182.599592123,297.990135637,357.322067916));
#2348=CARTESIAN_POINT('',(1182.687440697,297.990135637,357.409840447));
#2349=CARTESIAN_POINT('',(1182.774504078,297.990135637,357.496828464));
#2350=CARTESIAN_POINT('',(1182.843532602,297.990135637,357.600044615));
#2351=CARTESIAN_POINT('',(1182.91193297,297.990135637,357.702321505));
#2352=CARTESIAN_POINT('',(1182.959489366,297.990135637,357.816989405));
#2353=CARTESIAN_POINT('',(1183.006625641,297.990135637,357.93064431));
#2354=CARTESIAN_POINT('',(1183.030901137,297.990135637,358.052384168));
#2355=CARTESIAN_POINT('',(1183.05496913,297.990135637,358.173083415));
#2356=CARTESIAN_POINT('',(1183.055025253,297.990135637,358.297255151));
#2357=CARTESIAN_POINT('',(1183.055080889,297.990135637,358.420349468));
#2358=CARTESIAN_POINT('',(1183.030900564,297.990135637,358.542165682));
#2359=CARTESIAN_POINT('',(1183.006945755,297.990135637,358.66284578));
#2360=CARTESIAN_POINT('',(1182.959492715,297.990135637,358.777549478));
#2361=CARTESIAN_POINT('',(1182.91245296,297.990135637,358.89125418));
#2362=CARTESIAN_POINT('',(1182.843527577,297.990135637,358.994509873));
#2363=CARTESIAN_POINT('',(1182.775200464,297.990135637,359.09686931));
#2364=CARTESIAN_POINT('',(1182.68744033,297.990135637,359.184706888));
#2365=CARTESIAN_POINT('',(1182.600471649,297.990135637,359.271752315));
#2366=CARTESIAN_POINT('',(1182.497281059,297.990135637,359.340771213));
#2367=CARTESIAN_POINT('',(1182.394965318,297.990135637,359.40920497));
#2368=CARTESIAN_POINT('',(1182.280248523,297.990135637,359.456777577));
#2369=CARTESIAN_POINT('',(1182.166595308,297.990135637,359.503909122));
#2370=CARTESIAN_POINT('',(1182.04485787,297.990135637,359.528180877));
#2371=CARTESIAN_POINT('',(1181.924171384,297.990135637,359.552243095));
#2372=CARTESIAN_POINT('',(1181.800013583,297.990135637,359.552298737));
#2373=CARTESIAN_POINT('',(1181.676921637,297.990135637,359.552353901));
#2374=CARTESIAN_POINT('',(1181.555107796,297.990135637,359.528174046));
#2375=CARTESIAN_POINT('',(1181.434434553,297.990135637,359.504220598));
#2376=CARTESIAN_POINT('',(1181.319736907,297.990135637,359.456771542));
#2377=CARTESIAN_POINT('',(1181.206020693,297.990135637,359.409728493));
#2378=CARTESIAN_POINT('',(1181.102755732,297.990135637,359.340795796));
#2379=CARTESIAN_POINT('',(1181.000399164,297.990135637,359.272469481));
#2380=CARTESIAN_POINT('',(1180.912563892,297.990135637,359.18471111));
#2381=CARTESIAN_POINT('',(1180.825500993,297.990135637,359.097724436));
#2382=CARTESIAN_POINT('',(1180.756472443,297.990135637,358.994509904));
#2383=CARTESIAN_POINT('',(1180.688065024,297.990135637,358.892224112));
#2384=CARTESIAN_POINT('',(1180.64050533,297.990135637,358.777544757));
#2385=CARTESIAN_POINT('',(1180.593371649,297.990135637,358.663892635));
#2386=CARTESIAN_POINT('',(1180.569097293,297.990135637,358.542154909));
#2387=CARTESIAN_POINT('',(1180.545027106,297.990135637,358.421441105));
#2388=CARTESIAN_POINT('',(1180.544974747,297.990135637,358.297253807));
#2389=CARTESIAN_POINT('',(1180.544922863,297.990135637,358.174192611));
#2390=CARTESIAN_POINT('',(1180.569093992,297.990135637,358.052408651));
#2391=CARTESIAN_POINT('',(1180.593050386,297.990135637,357.93170662));
#2392=CARTESIAN_POINT('',(1180.640513105,297.990135637,357.816983439));
#2393=CARTESIAN_POINT('',(1180.687550506,297.990135637,357.703288307));
#2394=CARTESIAN_POINT('',(1180.756469522,297.990135637,357.600041437));
#2395=CARTESIAN_POINT('',(1180.824801308,297.990135637,357.49767429));
#2396=CARTESIAN_POINT('',(1180.912568,297.990135637,357.40983175));
#2397=CARTESIAN_POINT('',(1180.999555362,297.990135637,357.322769213));
#2398=CARTESIAN_POINT('',(1181.102770393,297.990135637,357.253741376));
#2399=CARTESIAN_POINT('',(1181.205053944,297.990135637,357.185336491));
#2400=CARTESIAN_POINT('',(1181.319729876,297.990135637,357.137778338));
#2401=CARTESIAN_POINT('',(1181.433367528,297.990135637,357.090650778));
#2402=CARTESIAN_POINT('',(1181.555088912,297.990135637,357.066376679));
#2403=CARTESIAN_POINT('',(1181.676102747,297.990135637,357.042243681));
#2404=CARTESIAN_POINT('',(1181.800046078,297.990135637,357.042248232));
#2405=B_SPLINE_CURVE_WITH_KNOTS('',2,(#2340,#2341,#2342,#2343,#2344,#2345,#2346,#2347,#2348,#2349,#2350,#2351,#2352,#2353,#2354,#2355,#2356,#2357,#2358,#2359,#2360,#2361,#2362,#2363,#2364,#2365,
#2366,#2367,#2368,#2369,#2370,#2371,#2372,#2373,#2374,#2375,#2376,#2377,#2378,#2379,#2380,#2381,#2382,#2383,#2384,#2385,#2386,#2387,#2388,#2389,#2390,
#2391,#2392,#2393,#2394,#2395,#2396,#2397,#2398,#2399,#2400,#2401,#2402,#2403,#2404),.UNSPECIFIED.,.T.,.F.,(3,2,2,2,2,2,2,2,2,2,2,2,2,2,2,2,2,2,2,2,2,2,2,2,2,2,
2,2,2,2,2,2,3),(0.,0.03125,0.0625,0.09375,0.125,0.15625,0.1875,0.21875,0.25,0.28125,0.3125,0.34375,0.375,0.40625,0.4375,0.46875,0.5,0.53125,0.5625,0.59375,0.625,0.65625,0.6875,0.71875,0.75,0.78125,
0.8125,0.84375,0.875,0.90625,0.9375,0.96875,1.),.UNSPECIFIED.);
#2406=EDGE_CURVE('',#2339,#2339,#2405,.T.);
#2407=ORIENTED_EDGE('',*,*,#2406,.T.);
#2408=EDGE_LOOP('',(#2407));
#2409=FACE_BOUND('',#2408,.T.);
#2410=ADVANCED_FACE('',(#2409),#2337,.T.);
#2411=CARTESIAN_POINT('',(-580.2,298.990135637,-1674.452726516));
#2412=DIRECTION('',(0.,-1.,0.));
#2413=DIRECTION('',(1.,0.,0.));
#2414=AXIS2_PLACEMENT_3D('',#2411,#2412,#2413);
#2415=PLANE('',#2414);
#2416=ORIENTED_EDGE('',*,*,#2321,.F.);
#2417=ORIENTED_EDGE('',*,*,#2328,.F.);
#2418=EDGE_LOOP('',(#2416,#2417));
#2419=FACE_BOUND('',#2418,.T.);
#2420=ADVANCED_FACE('',(#2419),#2415,.F.);
#2421=CARTESIAN_POINT('',(1181.800046078,297.990135637,357.042248232));
#2422=CARTESIAN_POINT('',(1181.882142505,297.990135637,357.042251246));
#2423=CARTESIAN_POINT('',(1181.964248867,297.990135637,357.05033352));
#2424=CARTESIAN_POINT('',(1182.125391946,297.990135637,357.082383759));
#2425=CARTESIAN_POINT('',(1182.20441867,297.990135637,357.106359515));
#2426=CARTESIAN_POINT('',(1182.356139243,297.990135637,357.169204477));
#2427=CARTESIAN_POINT('',(1182.428892405,297.990135637,357.208083433));
#2428=CARTESIAN_POINT('',(1182.565542705,297.990135637,357.299383214));
#2429=CARTESIAN_POINT('',(1182.629418818,297.990135637,357.351818067));
#2430=CARTESIAN_POINT('',(1182.745462575,297.990135637,357.467862826));
#2431=CARTESIAN_POINT('',(1182.797893582,297.990135637,357.53173734));
#2432=CARTESIAN_POINT('',(1182.889171621,297.990135637,357.668351891));
#2433=CARTESIAN_POINT('',(1182.928040874,297.990135637,357.741067271));
#2434=CARTESIAN_POINT('',(1182.990937858,297.990135637,357.892911539));
#2435=CARTESIAN_POINT('',(1183.014871311,297.990135637,357.971812539));
#2436=CARTESIAN_POINT('',(1183.046930963,297.990135637,358.132955797));
#2437=CARTESIAN_POINT('',(1183.055024054,297.990135637,358.215196802));
#2438=CARTESIAN_POINT('',(1183.055026452,297.990135637,358.379313501));
#2439=CARTESIAN_POINT('',(1183.046936474,297.990135637,358.461564454));
#2440=CARTESIAN_POINT('',(1183.014864653,297.990135637,358.622766909));
#2441=CARTESIAN_POINT('',(1182.990905637,297.990135637,358.70171172));
#2442=CARTESIAN_POINT('',(1182.928079792,297.990135637,358.853387237));
#2443=CARTESIAN_POINT('',(1182.889188523,297.990135637,358.926170846));
#2444=CARTESIAN_POINT('',(1182.79786663,297.990135637,359.062848901));
#2445=CARTESIAN_POINT('',(1182.745431089,297.990135637,359.126715677));
#2446=CARTESIAN_POINT('',(1182.629449571,297.990135637,359.2426981));
#2447=CARTESIAN_POINT('',(1182.565600598,297.990135637,359.295119057));
#2448=CARTESIAN_POINT('',(1182.428961521,297.990135637,359.386423368));
#2449=CARTESIAN_POINT('',(1182.356192045,297.990135637,359.425322954));
#2450=CARTESIAN_POINT('',(1182.204305001,297.990135637,359.4882322));
#2451=CARTESIAN_POINT('',(1182.125414858,297.990135637,359.512156103));
#2452=CARTESIAN_POINT('',(1181.964300883,297.990135637,359.54420565));
#2453=CARTESIAN_POINT('',(1181.882073218,297.990135637,359.552297849));
#2454=CARTESIAN_POINT('',(1181.717953948,297.990135637,359.552299625));
#2455=CARTESIAN_POINT('',(1181.635700598,297.990135637,359.544208281));
#2456=CARTESIAN_POINT('',(1181.474514994,297.990135637,359.512139812));
#2457=CARTESIAN_POINT('',(1181.395590971,297.990135637,359.48819023));
#2458=CARTESIAN_POINT('',(1181.243882842,297.990135637,359.425352854));
#2459=CARTESIAN_POINT('',(1181.171092453,297.990135637,359.386455948));
#2460=CARTESIAN_POINT('',(1181.034419011,297.990135637,359.295135645));
#2461=CARTESIAN_POINT('',(1180.970557754,297.990135637,359.242704873));
#2462=CARTESIAN_POINT('',(1180.85457003,297.990135637,359.126717347));
#2463=CARTESIAN_POINT('',(1180.802134502,297.990135637,359.062850591));
#2464=CARTESIAN_POINT('',(1180.710810385,297.990135637,358.926169216));
#2465=CARTESIAN_POINT('',(1180.671916964,297.990135637,358.853380278));
#2466=CARTESIAN_POINT('',(1180.609093696,297.990135637,358.701709236));
#2467=CARTESIAN_POINT('',(1180.585133353,297.990135637,358.62276057));
#2468=CARTESIAN_POINT('',(1180.553061234,297.990135637,358.461549248));
#2469=CARTESIAN_POINT('',(1180.544973461,297.990135637,358.379298084));
#2470=CARTESIAN_POINT('',(1180.544976033,297.990135637,358.21520953));
#2471=CARTESIAN_POINT('',(1180.553065454,297.990135637,358.132982182));
#2472=CARTESIAN_POINT('',(1180.585122531,297.990135637,357.97183512));
#2473=CARTESIAN_POINT('',(1180.609060518,297.990135637,357.892914355));
#2474=CARTESIAN_POINT('',(1180.671965693,297.990135637,357.741052523));
#2475=CARTESIAN_POINT('',(1180.7108341,297.990135637,357.668342878));
#2476=CARTESIAN_POINT('',(1180.802104945,297.990135637,357.531739995));
#2477=CARTESIAN_POINT('',(1180.854533275,297.990135637,357.467865838));
#2478=CARTESIAN_POINT('',(1180.970602724,297.990135637,357.351797662));
#2479=CARTESIAN_POINT('',(1181.034449351,297.990135637,357.299389663));
#2480=CARTESIAN_POINT('',(1181.171091434,297.990135637,357.208093089));
#2481=CARTESIAN_POINT('',(1181.243873946,297.990135637,357.169198337));
#2482=CARTESIAN_POINT('',(1181.395585805,297.990135637,357.106358339));
#2483=CARTESIAN_POINT('',(1181.47449783,297.990135637,357.082411857));
#2484=CARTESIAN_POINT('',(1181.635679993,297.990135637,357.050341501));
#2485=CARTESIAN_POINT('',(1181.717949651,297.990135637,357.042245218));
#2486=CARTESIAN_POINT('',(1181.800046078,297.990135637,357.042248232));
#2487=CARTESIAN_POINT('',(1181.800064251,297.990135637,356.547273485));
#2488=CARTESIAN_POINT('',(1181.914539037,297.990135637,356.547277688));
#2489=CARTESIAN_POINT('',(1182.029027676,297.990135637,356.558547565));
#2490=CARTESIAN_POINT('',(1182.253724659,297.990135637,356.603238233));
#2491=CARTESIAN_POINT('',(1182.363919069,297.990135637,356.636669891));
#2492=CARTESIAN_POINT('',(1182.575477364,297.990135637,356.724300544));
#2493=CARTESIAN_POINT('',(1182.676923955,297.990135637,356.778513136));
#2494=CARTESIAN_POINT('',(1182.867468348,297.990135637,356.905821027));
#2495=CARTESIAN_POINT('',(1182.956536833,297.990135637,356.978935885));
#2496=CARTESIAN_POINT('',(1183.118347581,297.990135637,357.140748029));
#2497=CARTESIAN_POINT('',(1183.191457076,297.990135637,357.229814284));
#2498=CARTESIAN_POINT('',(1183.318734648,297.990135637,357.420308829));
#2499=CARTESIAN_POINT('',(1183.372933711,297.990135637,357.521702738));
#2500=CARTESIAN_POINT('',(1183.460636904,297.990135637,357.733433511));
#2501=CARTESIAN_POINT('',(1183.494009574,297.990135637,357.843452613));
#2502=CARTESIAN_POINT('',(1183.538713368,297.990135637,358.068149846));
#2503=CARTESIAN_POINT('',(1183.549998328,297.990135637,358.18282623));
#2504=CARTESIAN_POINT('',(1183.550001671,297.990135637,358.411669612));
#2505=CARTESIAN_POINT('',(1183.538721053,297.990135637,358.526359869));
#2506=CARTESIAN_POINT('',(1183.49400029,297.990135637,358.751139646));
#2507=CARTESIAN_POINT('',(1183.460591976,297.990135637,358.861219835));
#2508=CARTESIAN_POINT('',(1183.372987978,297.990135637,359.072715305));
#2509=CARTESIAN_POINT('',(1183.318758217,297.990135637,359.174204351));
#2510=CARTESIAN_POINT('',(1183.191419494,297.990135637,359.364787445));
#2511=CARTESIAN_POINT('',(1183.118303677,297.990135637,359.45384291));
#2512=CARTESIAN_POINT('',(1182.956579715,297.990135637,359.615568134));
#2513=CARTESIAN_POINT('',(1182.867549074,297.990135637,359.688663617));
#2514=CARTESIAN_POINT('',(1182.677020329,297.990135637,359.815977823));
#2515=CARTESIAN_POINT('',(1182.575550991,297.990135637,359.870219182));
#2516=CARTESIAN_POINT('',(1182.36376057,297.990135637,359.957939473));
#2517=CARTESIAN_POINT('',(1182.253756608,297.990135637,359.991298826));
#2518=CARTESIAN_POINT('',(1182.029100207,297.990135637,360.03598853));
#2519=CARTESIAN_POINT('',(1181.914442423,297.990135637,360.047272246));
#2520=CARTESIAN_POINT('',(1181.685595457,297.990135637,360.047274722));
#2521=CARTESIAN_POINT('',(1181.570901858,297.990135637,360.035992199));
#2522=CARTESIAN_POINT('',(1181.346145579,297.990135637,359.991276109));
#2523=CARTESIAN_POINT('',(1181.236094374,297.990135637,359.95788095));
#2524=CARTESIAN_POINT('',(1181.024553431,297.990135637,359.870260875));
#2525=CARTESIAN_POINT('',(1180.923054931,297.990135637,359.816023252));
#2526=CARTESIAN_POINT('',(1180.732478268,297.990135637,359.688686746));
#2527=CARTESIAN_POINT('',(1180.6434305,297.990135637,359.61557758));
#2528=CARTESIAN_POINT('',(1180.481697883,297.990135637,359.45384524));
#2529=CARTESIAN_POINT('',(1180.408582084,297.990135637,359.364789802));
#2530=CARTESIAN_POINT('',(1180.281240261,297.990135637,359.174202078));
#2531=CARTESIAN_POINT('',(1180.227007498,297.990135637,359.072705602));
#2532=CARTESIAN_POINT('',(1180.139407094,297.990135637,358.861216372));
#2533=CARTESIAN_POINT('',(1180.105996929,297.990135637,358.751130806));
#2534=CARTESIAN_POINT('',(1180.061275751,297.990135637,358.526338664));
#2535=CARTESIAN_POINT('',(1180.049998207,297.990135637,358.411648115));
#2536=CARTESIAN_POINT('',(1180.050001794,297.990135637,358.182843978));
#2537=CARTESIAN_POINT('',(1180.061281636,297.990135637,358.068186636));
#2538=CARTESIAN_POINT('',(1180.105981839,297.990135637,357.843484099));
#2539=CARTESIAN_POINT('',(1180.139360831,297.990135637,357.733437438));
#2540=CARTESIAN_POINT('',(1180.227075445,297.990135637,357.521682173));
#2541=CARTESIAN_POINT('',(1180.281273329,297.990135637,357.420296262));
#2542=CARTESIAN_POINT('',(1180.40854087,297.990135637,357.229817987));
#2543=CARTESIAN_POINT('',(1180.481646633,297.990135637,357.14075223));
#2544=CARTESIAN_POINT('',(1180.643493205,297.990135637,356.978907432));
#2545=CARTESIAN_POINT('',(1180.732520575,297.990135637,356.905830019));
#2546=CARTESIAN_POINT('',(1180.92305351,297.990135637,356.778526601));
#2547=CARTESIAN_POINT('',(1181.024541027,297.990135637,356.724291983));
#2548=CARTESIAN_POINT('',(1181.236087171,297.990135637,356.63666825));
#2549=CARTESIAN_POINT('',(1181.346121645,297.990135637,356.603277413));
#2550=CARTESIAN_POINT('',(1181.570873127,297.990135637,356.558558693));
#2551=CARTESIAN_POINT('',(1181.685589465,297.990135637,356.547269282));
#2552=CARTESIAN_POINT('',(1181.800064251,297.990135637,356.547273485));
#2553=CARTESIAN_POINT('',(1181.800064251,298.485110384,356.547273485));
#2554=CARTESIAN_POINT('',(1181.914539037,298.485110384,356.547277688));
#2555=CARTESIAN_POINT('',(1182.029027676,298.485110384,356.558547565));
#2556=CARTESIAN_POINT('',(1182.253724659,298.485110384,356.603238233));
#2557=CARTESIAN_POINT('',(1182.36391907,298.485110384,356.636669891));
#2558=CARTESIAN_POINT('',(1182.575477364,298.485110384,356.724300544));
#2559=CARTESIAN_POINT('',(1182.676923955,298.485110384,356.778513136));
#2560=CARTESIAN_POINT('',(1182.867468348,298.485110384,356.905821026));
#2561=CARTESIAN_POINT('',(1182.956536833,298.485110384,356.978935885));
#2562=CARTESIAN_POINT('',(1183.118347581,298.485110384,357.140748029));
#2563=CARTESIAN_POINT('',(1183.191457076,298.485110384,357.229814284));
#2564=CARTESIAN_POINT('',(1183.318734648,298.485110384,357.420308829));
#2565=CARTESIAN_POINT('',(1183.372933711,298.485110384,357.521702738));
#2566=CARTESIAN_POINT('',(1183.460636904,298.485110384,357.733433511));
#2567=CARTESIAN_POINT('',(1183.494009574,298.485110384,357.843452613));
#2568=CARTESIAN_POINT('',(1183.538713368,298.485110384,358.068149846));
#2569=CARTESIAN_POINT('',(1183.549998328,298.485110384,358.18282623));
#2570=CARTESIAN_POINT('',(1183.550001671,298.485110384,358.411669612));
#2571=CARTESIAN_POINT('',(1183.538721054,298.485110384,358.526359869));
#2572=CARTESIAN_POINT('',(1183.49400029,298.485110384,358.751139646));
#2573=CARTESIAN_POINT('',(1183.460591976,298.485110384,358.861219835));
#2574=CARTESIAN_POINT('',(1183.372987978,298.485110384,359.072715305));
#2575=CARTESIAN_POINT('',(1183.318758217,298.485110384,359.174204351));
#2576=CARTESIAN_POINT('',(1183.191419494,298.485110384,359.364787445));
#2577=CARTESIAN_POINT('',(1183.118303677,298.485110384,359.45384291));
#2578=CARTESIAN_POINT('',(1182.956579715,298.485110384,359.615568134));
#2579=CARTESIAN_POINT('',(1182.867549074,298.485110384,359.688663617));
#2580=CARTESIAN_POINT('',(1182.677020329,298.485110384,359.815977823));
#2581=CARTESIAN_POINT('',(1182.575550991,298.485110384,359.870219182));
#2582=CARTESIAN_POINT('',(1182.36376057,298.485110384,359.957939473));
#2583=CARTESIAN_POINT('',(1182.253756608,298.485110384,359.991298826));
#2584=CARTESIAN_POINT('',(1182.029100207,298.485110384,360.03598853));
#2585=CARTESIAN_POINT('',(1181.914442423,298.485110384,360.047272246));
#2586=CARTESIAN_POINT('',(1181.685595457,298.485110384,360.047274722));
#2587=CARTESIAN_POINT('',(1181.570901858,298.485110384,360.035992199));
#2588=CARTESIAN_POINT('',(1181.346145579,298.485110384,359.991276109));
#2589=CARTESIAN_POINT('',(1181.236094374,298.485110384,359.95788095));
#2590=CARTESIAN_POINT('',(1181.024553431,298.485110384,359.870260875));
#2591=CARTESIAN_POINT('',(1180.923054931,298.485110384,359.816023252));
#2592=CARTESIAN_POINT('',(1180.732478268,298.485110384,359.688686746));
#2593=CARTESIAN_POINT('',(1180.6434305,298.485110384,359.61557758));
#2594=CARTESIAN_POINT('',(1180.481697883,298.485110384,359.45384524));
#2595=CARTESIAN_POINT('',(1180.408582084,298.485110384,359.364789802));
#2596=CARTESIAN_POINT('',(1180.281240261,298.485110384,359.174202078));
#2597=CARTESIAN_POINT('',(1180.227007498,298.485110384,359.072705602));
#2598=CARTESIAN_POINT('',(1180.139407094,298.485110384,358.861216372));
#2599=CARTESIAN_POINT('',(1180.105996929,298.485110384,358.751130806));
#2600=CARTESIAN_POINT('',(1180.061275751,298.485110384,358.526338665));
#2601=CARTESIAN_POINT('',(1180.049998207,298.485110384,358.411648115));
#2602=CARTESIAN_POINT('',(1180.050001794,298.485110384,358.182843978));
#2603=CARTESIAN_POINT('',(1180.061281636,298.485110384,358.068186636));
#2604=CARTESIAN_POINT('',(1180.105981839,298.485110384,357.843484099));
#2605=CARTESIAN_POINT('',(1180.139360831,298.485110384,357.733437438));
#2606=CARTESIAN_POINT('',(1180.227075445,298.485110384,357.521682173));
#2607=CARTESIAN_POINT('',(1180.281273329,298.485110384,357.420296262));
#2608=CARTESIAN_POINT('',(1180.40854087,298.485110384,357.229817987));
#2609=CARTESIAN_POINT('',(1180.481646633,298.485110384,357.14075223));
#2610=CARTESIAN_POINT('',(1180.643493205,298.485110384,356.978907432));
#2611=CARTESIAN_POINT('',(1180.732520575,298.485110384,356.905830019));
#2612=CARTESIAN_POINT('',(1180.92305351,298.485110384,356.778526601));
#2613=CARTESIAN_POINT('',(1181.024541027,298.485110384,356.724291983));
#2614=CARTESIAN_POINT('',(1181.236087171,298.485110384,356.63666825));
#2615=CARTESIAN_POINT('',(1181.346121645,298.485110384,356.603277413));
#2616=CARTESIAN_POINT('',(1181.570873127,298.485110384,356.558558693));
#2617=CARTESIAN_POINT('',(1181.685589465,298.485110384,356.547269282));
#2618=CARTESIAN_POINT('',(1181.800064251,298.485110384,356.547273485));
#2619=(BOUNDED_SURFACE()
B_SPLINE_SURFACE(2,3,((#2421,#2422,#2423,#2424,#2425,#2426,#2427,#2428,#2429,#2430,#2431,#2432,#2433,#2434,#2435,#2436,#2437,#2438,#2439,#2440,#2441,#2442,#2443,#2444,#2445,#2446,
#2447,#2448,#2449,#2450,#2451,#2452,#2453,#2454,#2455,#2456,#2457,#2458,#2459,#2460,#2461,#2462,#2463,#2464,#2465,#2466,#2467,#2468,#2469,#2470,#2471,
#2472,#2473,#2474,#2475,#2476,#2477,#2478,#2479,#2480,#2481,#2482,#2483,#2484,#2485,#2486),(#2487,#2488,#2489,#2490,#2491,#2492,#2493,#2494,#2495,#2496,#2497,#2498,#2499,#2500,#2501,#2502,#2503,#2504,#2505,#2506,#2507,#2508,#2509,#2510,#2511,#2512,
#2513,#2514,#2515,#2516,#2517,#2518,#2519,#2520,#2521,#2522,#2523,#2524,#2525,#2526,#2527,#2528,#2529,#2530,#2531,#2532,#2533,#2534,#2535,#2536,#2537,
#2538,#2539,#2540,#2541,#2542,#2543,#2544,#2545,#2546,#2547,#2548,#2549,#2550,#2551,#2552),(#2553,#2554,#2555,#2556,#2557,#2558,#2559,#2560,#2561,#2562,#2563,#2564,#2565,#2566,#2567,#2568,#2569,#2570,#2571,#2572,#2573,#2574,#2575,#2576,#2577,#2578,
#2579,#2580,#2581,#2582,#2583,#2584,#2585,#2586,#2587,#2588,#2589,#2590,#2591,#2592,#2593,#2594,#2595,#2596,#2597,#2598,#2599,#2600,#2601,#2602,#2603,
#2604,#2605,#2606,#2607,#2608,#2609,#2610,#2611,#2612,#2613,#2614,#2615,#2616,#2617,#2618)),.UNSPECIFIED.,.F.,.T.,.U.)
B_SPLINE_SURFACE_WITH_KNOTS((3,3),(4,2,2,2,2,2,2,2,2,2,2,2,2,2,2,2,2,2,2,2,2,2,2,2,2,2,
2,2,2,2,2,2,4),(0.,1.),(0.99999865,1.03124865,1.06249865,1.09374865,1.12499865,1.15624865,1.18749865,1.21874865,1.24999865,1.28124865,1.31249865,1.34374865,1.37499865,1.40624865,1.43749865,1.46874865,1.49999865,1.53124865,1.56249865,1.59374865,1.62499865,1.65624865,1.68749865,1.71874865,1.74999865,1.78124865,
1.81249865,1.84374865,1.87499865,1.90624865,1.93749865,1.96874865,1.99999865),.UNSPECIFIED.)
GEOMETRIC_REPRESENTATION_ITEM()
RATIONAL_B_SPLINE_SURFACE(((1.,1.,1.,1.,1.,1.,1.,1.,1.,1.,1.,1.,1.,1.,1.,1.,1.,1.,1.,1.,1.,1.,1.,1.,1.,1.,
1.,1.,1.,1.,1.,1.,1.,1.,1.,1.,1.,1.,1.,1.,1.,1.,1.,1.,1.,1.,1.,1.,1.,1.,1.,
1.,1.,1.,1.,1.,1.,1.,1.,1.,1.,1.,1.,1.,1.,1.),(0.438933383,0.438933383,0.438933383,0.438933383,0.438933383,0.438933383,0.438933383,0.438933383,0.438933383,0.438933383,0.438933383,0.438933383,0.438933383,0.438933383,0.438933383,0.438933383,0.438933383,0.438933383,0.438933383,0.438933383,0.438933383,0.438933383,0.438933383,0.438933383,0.438933383,0.438933383,
0.438933383,0.438933383,0.438933383,0.438933383,0.438933383,0.438933383,0.438933383,0.438933383,0.438933383,0.438933383,0.438933383,0.438933383,0.438933383,0.438933383,0.438933383,0.438933383,0.438933383,0.438933383,0.438933383,0.438933383,0.438933383,0.438933383,0.438933383,0.438933383,0.438933383,
0.438933383,0.438933383,0.438933383,0.438933383,0.438933383,0.438933383,0.438933383,0.438933383,0.438933383,0.438933383,0.438933383,0.438933383,0.438933383,0.438933383,0.438933383),(1.,1.,1.,1.,1.,1.,1.,1.,1.,1.,1.,1.,1.,1.,1.,1.,1.,1.,1.,1.,1.,1.,1.,1.,1.,1.,
1.,1.,1.,1.,1.,1.,1.,1.,1.,1.,1.,1.,1.,1.,1.,1.,1.,1.,1.,1.,1.,1.,1.,1.,1.,
1.,1.,1.,1.,1.,1.,1.,1.,1.,1.,1.,1.,1.,1.,1.)))
REPRESENTATION_ITEM('')
SURFACE()
);
#2620=CARTESIAN_POINT('',(1181.800064251,298.485110384,356.547273485));
#2621=CARTESIAN_POINT('',(1181.800064251,297.990135637,356.547273485));
#2622=CARTESIAN_POINT('',(1181.800046078,297.990135637,357.042248232));
#2623=(BOUNDED_CURVE()
B_SPLINE_CURVE(2,(#2620,#2621,#2622),.UNSPECIFIED.,.F.,.F.)
B_SPLINE_CURVE_WITH_KNOTS((3,3),(0.,1.),.UNSPECIFIED.)
CURVE()
GEOMETRIC_REPRESENTATION_ITEM()
RATIONAL_B_SPLINE_CURVE((1.,0.438933383,1.))
REPRESENTATION_ITEM(''));
#2624=EDGE_CURVE('',#2112,#2339,#2623,.T.);
#2625=ORIENTED_EDGE('',*,*,#2624,.T.);
#2626=ORIENTED_EDGE('',*,*,#2406,.F.);
#2627=ORIENTED_EDGE('',*,*,#2624,.F.);
#2628=ORIENTED_EDGE('',*,*,#2211,.F.);
#2629=ORIENTED_EDGE('',*,*,#2311,.F.);
#2630=EDGE_LOOP('',(#2625,#2626,#2627,#2628,#2629));
#2631=FACE_BOUND('',#2630,.T.);
#2632=ADVANCED_FACE('',(#2631),#2619,.T.);
#2633=CLOSED_SHELL('',(#2332,#2410,#2420,#2632));
#2634=MANIFOLD_SOLID_BREP('Body 10 (5)',#2633);
#2095=STYLED_ITEM('',(#1554),#2634);
#2636=CARTESIAN_POINT('',(1181.8,297.490135637,401.297273484));
#2637=DIRECTION('',(0.,1.,0.));
#2638=DIRECTION('',(0.,-0.,1.));
#2639=AXIS2_PLACEMENT_3D('',#2636,#2637,#2638);
#2640=CYLINDRICAL_SURFACE('',#2639,1.75);
#2641=CARTESIAN_POINT('',(1181.8,298.990135637,403.047273484));
#2642=VERTEX_POINT('',#2641);
#2643=CARTESIAN_POINT('',(1181.8,298.485110384,403.047273484));
#2644=VERTEX_POINT('',#2643);
#2645=CARTESIAN_POINT('',(1181.8,298.990135637,403.047273484));
#2646=DIRECTION('',(-0.,-1.,-0.));
#2647=VECTOR('',#2646,0.505025253);
#2648=LINE('',#2645,#2647);
#2649=EDGE_CURVE('',#2642,#2644,#2648,.T.);
#2650=ORIENTED_EDGE('',*,*,#2649,.T.);
#2651=CARTESIAN_POINT('',(1181.800064251,298.485110384,399.547273485));
#2652=VERTEX_POINT('',#2651);
#2653=CARTESIAN_POINT('',(1181.800064251,298.485110384,399.547273485));
#2654=CARTESIAN_POINT('',(1181.685527019,298.485110384,399.54726928));
#2655=CARTESIAN_POINT('',(1181.570992205,298.485110384,399.558545729));
#2656=CARTESIAN_POINT('',(1181.458654953,298.485110384,399.58088671));
#2657=CARTESIAN_POINT('',(1181.346317701,298.485110384,399.603227691));
#2658=CARTESIAN_POINT('',(1181.236183568,298.485110384,399.636632099));
#2659=CARTESIAN_POINT('',(1181.130363354,298.485110384,399.680459715));
#2660=CARTESIAN_POINT('',(1181.02454314,298.485110384,399.724287331));
#2661=CARTESIAN_POINT('',(1180.92304208,298.485110384,399.778535987));
#2662=CARTESIAN_POINT('',(1180.827805516,298.485110384,399.842165968));
#2663=CARTESIAN_POINT('',(1180.732568951,298.485110384,399.905795948));
#2664=CARTESIAN_POINT('',(1180.643601593,298.485110384,399.978804106));
#2665=CARTESIAN_POINT('',(1180.562608566,298.485110384,400.059791186));
#2666=CARTESIAN_POINT('',(1180.481615539,298.485110384,400.140778266));
#2667=CARTESIAN_POINT('',(1180.408600849,298.485110384,400.229740263));
#2668=CARTESIAN_POINT('',(1180.344963875,298.485110384,400.324972154));
#2669=CARTESIAN_POINT('',(1180.281326902,298.485110384,400.420204046));
#2670=CARTESIAN_POINT('',(1180.227070793,298.485110384,400.521701123));
#2671=CARTESIAN_POINT('',(1180.183235407,298.485110384,400.627518118));
#2672=CARTESIAN_POINT('',(1180.139400021,298.485110384,400.733335113));
#2673=CARTESIAN_POINT('',(1180.105987525,298.485110384,400.843466794));
#2674=CARTESIAN_POINT('',(1180.083638295,298.485110384,400.955802404));
#2675=CARTESIAN_POINT('',(1180.061289065,298.485110384,401.068138015));
#2676=CARTESIAN_POINT('',(1180.050004206,298.485110384,401.182672001));
#2677=CARTESIAN_POINT('',(1180.050000001,298.485110384,401.297209233));
#2678=CARTESIAN_POINT('',(1180.049995796,298.485110384,401.411746465));
#2679=CARTESIAN_POINT('',(1180.061272245,298.485110384,401.526281279));
#2680=CARTESIAN_POINT('',(1180.083613226,298.485110384,401.638618531));
#2681=CARTESIAN_POINT('',(1180.105954207,298.485110384,401.750955783));
#2682=CARTESIAN_POINT('',(1180.139358615,298.485110384,401.861089916));
#2683=CARTESIAN_POINT('',(1180.183186231,298.485110384,401.96691013));
#2684=CARTESIAN_POINT('',(1180.227013847,298.485110384,402.072730344));
#2685=CARTESIAN_POINT('',(1180.281262503,298.485110384,402.174231404));
#2686=CARTESIAN_POINT('',(1180.344892484,298.485110384,402.269467969));
#2687=CARTESIAN_POINT('',(1180.408522464,298.485110384,402.364704533));
#2688=CARTESIAN_POINT('',(1180.481530622,298.485110384,402.453671891));
#2689=CARTESIAN_POINT('',(1180.562517702,298.485110384,402.534664918));
#2690=CARTESIAN_POINT('',(1180.643504782,298.485110384,402.615657945));
#2691=CARTESIAN_POINT('',(1180.732466779,298.485110384,402.688672635));
#2692=CARTESIAN_POINT('',(1180.82769867,298.485110384,402.752309609));
#2693=CARTESIAN_POINT('',(1180.922930562,298.485110384,402.815946582));
#2694=CARTESIAN_POINT('',(1181.024427639,298.485110384,402.870202691));
#2695=CARTESIAN_POINT('',(1181.130244634,298.485110384,402.914038077));
#2696=CARTESIAN_POINT('',(1181.236061629,298.485110384,402.957873463));
#2697=CARTESIAN_POINT('',(1181.34619331,298.485110384,402.991285959));
#2698=CARTESIAN_POINT('',(1181.45852892,298.485110384,403.013635189));
#2699=CARTESIAN_POINT('',(1181.570864531,298.485110384,403.035984419));
#2700=CARTESIAN_POINT('',(1181.685398517,298.485110384,403.047269278));
#2701=CARTESIAN_POINT('',(1181.799935749,298.485110384,403.047273483));
#2702=CARTESIAN_POINT('',(1181.914472981,298.485110384,403.047277688));
#2703=CARTESIAN_POINT('',(1182.029007795,298.485110384,403.036001239));
#2704=CARTESIAN_POINT('',(1182.141345047,298.485110384,403.013660258));
#2705=CARTESIAN_POINT('',(1182.253682299,298.485110384,402.991319277));
#2706=CARTESIAN_POINT('',(1182.363816432,298.485110384,402.957914869));
#2707=CARTESIAN_POINT('',(1182.469636646,298.485110384,402.914087253));
#2708=CARTESIAN_POINT('',(1182.57545686,298.485110384,402.870259637));
#2709=CARTESIAN_POINT('',(1182.67695792,298.485110384,402.816010981));
#2710=CARTESIAN_POINT('',(1182.772194484,298.485110384,402.752381));
#2711=CARTESIAN_POINT('',(1182.867431049,298.485110384,402.68875102));
#2712=CARTESIAN_POINT('',(1182.956398407,298.485110384,402.615742862));
#2713=CARTESIAN_POINT('',(1183.037391434,298.485110384,402.534755782));
#2714=CARTESIAN_POINT('',(1183.118384461,298.485110384,402.453768703));
#2715=CARTESIAN_POINT('',(1183.191399151,298.485110384,402.364806705));
#2716=CARTESIAN_POINT('',(1183.255036125,298.485110384,402.269574814));
#2717=CARTESIAN_POINT('',(1183.318673098,298.485110384,402.174342922));
#2718=CARTESIAN_POINT('',(1183.372929207,298.485110384,402.072845845));
#2719=CARTESIAN_POINT('',(1183.416764593,298.485110384,401.96702885));
#2720=CARTESIAN_POINT('',(1183.460599979,298.485110384,401.861211855));
#2721=CARTESIAN_POINT('',(1183.494012475,298.485110384,401.751080175));
#2722=CARTESIAN_POINT('',(1183.516361705,298.485110384,401.638744564));
#2723=CARTESIAN_POINT('',(1183.538710935,298.485110384,401.526408953));
#2724=CARTESIAN_POINT('',(1183.549995794,298.485110384,401.411874967));
#2725=CARTESIAN_POINT('',(1183.549999999,298.485110384,401.297337735));
#2726=CARTESIAN_POINT('',(1183.550004204,298.485110384,401.182800503));
#2727=CARTESIAN_POINT('',(1183.538727755,298.485110384,401.068265689));
#2728=CARTESIAN_POINT('',(1183.516386774,298.485110384,400.955928437));
#2729=CARTESIAN_POINT('',(1183.494045793,298.485110384,400.843591185));
#2730=CARTESIAN_POINT('',(1183.460641385,298.485110384,400.733457052));
#2731=CARTESIAN_POINT('',(1183.416813769,298.485110384,400.627636838));
#2732=CARTESIAN_POINT('',(1183.372986153,298.485110384,400.521816624));
#2733=CARTESIAN_POINT('',(1183.318737497,298.485110384,400.420315564));
#2734=CARTESIAN_POINT('',(1183.255107516,298.485110384,400.325079));
#2735=CARTESIAN_POINT('',(1183.191477536,298.485110384,400.229842435));
#2736=CARTESIAN_POINT('',(1183.118469378,298.485110384,400.140875077));
#2737=CARTESIAN_POINT('',(1183.037482298,298.485110384,400.05988205));
#2738=CARTESIAN_POINT('',(1182.956495218,298.485110384,399.978889023));
#2739=CARTESIAN_POINT('',(1182.867533221,298.485110384,399.905874333));
#2740=CARTESIAN_POINT('',(1182.77230133,298.485110384,399.842237359));
#2741=CARTESIAN_POINT('',(1182.677069438,298.485110384,399.778600386));
#2742=CARTESIAN_POINT('',(1182.575572361,298.485110384,399.724344277));
#2743=CARTESIAN_POINT('',(1182.469755366,298.485110384,399.680508891));
#2744=CARTESIAN_POINT('',(1182.363938371,298.485110384,399.636673505));
#2745=CARTESIAN_POINT('',(1182.25380669,298.485110384,399.603261009));
#2746=CARTESIAN_POINT('',(1182.14147108,298.485110384,399.580911779));
#2747=CARTESIAN_POINT('',(1182.029135469,298.485110384,399.558562549));
#2748=CARTESIAN_POINT('',(1181.914601483,298.485110384,399.54727769));
#2749=CARTESIAN_POINT('',(1181.800064251,298.485110384,399.547273485));
#2750=B_SPLINE_CURVE_WITH_KNOTS('',3,(#2653,#2654,#2655,#2656,#2657,#2658,#2659,#2660,#2661,#2662,#2663,#2664,#2665,#2666,#2667,#2668,#2669,#2670,#2671,#2672,#2673,#2674,#2675,#2676,#2677,#2678,
#2679,#2680,#2681,#2682,#2683,#2684,#2685,#2686,#2687,#2688,#2689,#2690,#2691,#2692,#2693,#2694,#2695,#2696,#2697,#2698,#2699,#2700,#2701,#2702,#2703,
#2704,#2705,#2706,#2707,#2708,#2709,#2710,#2711,#2712,#2713,#2714,#2715,#2716,#2717,#2718,#2719,#2720,#2721,#2722,#2723,#2724,#2725,#2726,#2727,#2728,
#2729,#2730,#2731,#2732,#2733,#2734,#2735,#2736,#2737,#2738,#2739,#2740,#2741,#2742,#2743,#2744,#2745,#2746,#2747,#2748,#2749),.UNSPECIFIED.,.T.,.F.,(4,3,3,3,3,3,3,3,3,3,3,3,3,3,3,3,3,3,3,3,3,3,3,3,3,3,
3,3,3,3,3,3,4),(0.,0.03125,0.0625,0.09375,0.125,0.15625,0.1875,0.21875,0.25,0.28125,0.3125,0.34375,0.375,0.40625,0.4375,0.46875,0.5,0.53125,0.5625,0.59375,0.625,0.65625,0.6875,0.71875,0.75,0.78125,
0.8125,0.84375,0.875,0.90625,0.9375,0.96875,1.),.UNSPECIFIED.);
#2751=EDGE_CURVE('',#2644,#2652,#2750,.T.);
#2752=ORIENTED_EDGE('',*,*,#2751,.T.);
#2753=CARTESIAN_POINT('',(1181.800064251,298.485110384,399.547273485));
#2754=CARTESIAN_POINT('',(1181.685527019,298.485110384,399.54726928));
#2755=CARTESIAN_POINT('',(1181.570992205,298.485110384,399.558545729));
#2756=CARTESIAN_POINT('',(1181.458654953,298.485110384,399.58088671));
#2757=CARTESIAN_POINT('',(1181.346317701,298.485110384,399.603227691));
#2758=CARTESIAN_POINT('',(1181.236183568,298.485110384,399.636632099));
#2759=CARTESIAN_POINT('',(1181.130363354,298.485110384,399.680459715));
#2760=CARTESIAN_POINT('',(1181.02454314,298.485110384,399.724287331));
#2761=CARTESIAN_POINT('',(1180.92304208,298.485110384,399.778535987));
#2762=CARTESIAN_POINT('',(1180.827805516,298.485110384,399.842165968));
#2763=CARTESIAN_POINT('',(1180.732568951,298.485110384,399.905795948));
#2764=CARTESIAN_POINT('',(1180.643601593,298.485110384,399.978804106));
#2765=CARTESIAN_POINT('',(1180.562608566,298.485110384,400.059791186));
#2766=CARTESIAN_POINT('',(1180.481615539,298.485110384,400.140778266));
#2767=CARTESIAN_POINT('',(1180.408600849,298.485110384,400.229740263));
#2768=CARTESIAN_POINT('',(1180.344963875,298.485110384,400.324972154));
#2769=CARTESIAN_POINT('',(1180.281326902,298.485110384,400.420204046));
#2770=CARTESIAN_POINT('',(1180.227070793,298.485110384,400.521701123));
#2771=CARTESIAN_POINT('',(1180.183235407,298.485110384,400.627518118));
#2772=CARTESIAN_POINT('',(1180.139400021,298.485110384,400.733335113));
#2773=CARTESIAN_POINT('',(1180.105987525,298.485110384,400.843466794));
#2774=CARTESIAN_POINT('',(1180.083638295,298.485110384,400.955802404));
#2775=CARTESIAN_POINT('',(1180.061289065,298.485110384,401.068138015));
#2776=CARTESIAN_POINT('',(1180.050004206,298.485110384,401.182672001));
#2777=CARTESIAN_POINT('',(1180.050000001,298.485110384,401.297209233));
#2778=CARTESIAN_POINT('',(1180.049995796,298.485110384,401.411746465));
#2779=CARTESIAN_POINT('',(1180.061272245,298.485110384,401.526281279));
#2780=CARTESIAN_POINT('',(1180.083613226,298.485110384,401.638618531));
#2781=CARTESIAN_POINT('',(1180.105954207,298.485110384,401.750955783));
#2782=CARTESIAN_POINT('',(1180.139358615,298.485110384,401.861089916));
#2783=CARTESIAN_POINT('',(1180.183186231,298.485110384,401.96691013));
#2784=CARTESIAN_POINT('',(1180.227013847,298.485110384,402.072730344));
#2785=CARTESIAN_POINT('',(1180.281262503,298.485110384,402.174231404));
#2786=CARTESIAN_POINT('',(1180.344892484,298.485110384,402.269467969));
#2787=CARTESIAN_POINT('',(1180.408522464,298.485110384,402.364704533));
#2788=CARTESIAN_POINT('',(1180.481530622,298.485110384,402.453671891));
#2789=CARTESIAN_POINT('',(1180.562517702,298.485110384,402.534664918));
#2790=CARTESIAN_POINT('',(1180.643504782,298.485110384,402.615657945));
#2791=CARTESIAN_POINT('',(1180.732466779,298.485110384,402.688672635));
#2792=CARTESIAN_POINT('',(1180.82769867,298.485110384,402.752309609));
#2793=CARTESIAN_POINT('',(1180.922930562,298.485110384,402.815946582));
#2794=CARTESIAN_POINT('',(1181.024427639,298.485110384,402.870202691));
#2795=CARTESIAN_POINT('',(1181.130244634,298.485110384,402.914038077));
#2796=CARTESIAN_POINT('',(1181.236061629,298.485110384,402.957873463));
#2797=CARTESIAN_POINT('',(1181.34619331,298.485110384,402.991285959));
#2798=CARTESIAN_POINT('',(1181.45852892,298.485110384,403.013635189));
#2799=CARTESIAN_POINT('',(1181.570864531,298.485110384,403.035984419));
#2800=CARTESIAN_POINT('',(1181.685398517,298.485110384,403.047269278));
#2801=CARTESIAN_POINT('',(1181.799935749,298.485110384,403.047273483));
#2802=CARTESIAN_POINT('',(1181.914472981,298.485110384,403.047277688));
#2803=CARTESIAN_POINT('',(1182.029007795,298.485110384,403.036001239));
#2804=CARTESIAN_POINT('',(1182.141345047,298.485110384,403.013660258));
#2805=CARTESIAN_POINT('',(1182.253682299,298.485110384,402.991319277));
#2806=CARTESIAN_POINT('',(1182.363816432,298.485110384,402.957914869));
#2807=CARTESIAN_POINT('',(1182.469636646,298.485110384,402.914087253));
#2808=CARTESIAN_POINT('',(1182.57545686,298.485110384,402.870259637));
#2809=CARTESIAN_POINT('',(1182.67695792,298.485110384,402.816010981));
#2810=CARTESIAN_POINT('',(1182.772194484,298.485110384,402.752381));
#2811=CARTESIAN_POINT('',(1182.867431049,298.485110384,402.68875102));
#2812=CARTESIAN_POINT('',(1182.956398407,298.485110384,402.615742862));
#2813=CARTESIAN_POINT('',(1183.037391434,298.485110384,402.534755782));
#2814=CARTESIAN_POINT('',(1183.118384461,298.485110384,402.453768703));
#2815=CARTESIAN_POINT('',(1183.191399151,298.485110384,402.364806705));
#2816=CARTESIAN_POINT('',(1183.255036125,298.485110384,402.269574814));
#2817=CARTESIAN_POINT('',(1183.318673098,298.485110384,402.174342922));
#2818=CARTESIAN_POINT('',(1183.372929207,298.485110384,402.072845845));
#2819=CARTESIAN_POINT('',(1183.416764593,298.485110384,401.96702885));
#2820=CARTESIAN_POINT('',(1183.460599979,298.485110384,401.861211855));
#2821=CARTESIAN_POINT('',(1183.494012475,298.485110384,401.751080175));
#2822=CARTESIAN_POINT('',(1183.516361705,298.485110384,401.638744564));
#2823=CARTESIAN_POINT('',(1183.538710935,298.485110384,401.526408953));
#2824=CARTESIAN_POINT('',(1183.549995794,298.485110384,401.411874967));
#2825=CARTESIAN_POINT('',(1183.549999999,298.485110384,401.297337735));
#2826=CARTESIAN_POINT('',(1183.550004204,298.485110384,401.182800503));
#2827=CARTESIAN_POINT('',(1183.538727755,298.485110384,401.068265689));
#2828=CARTESIAN_POINT('',(1183.516386774,298.485110384,400.955928437));
#2829=CARTESIAN_POINT('',(1183.494045793,298.485110384,400.843591185));
#2830=CARTESIAN_POINT('',(1183.460641385,298.485110384,400.733457052));
#2831=CARTESIAN_POINT('',(1183.416813769,298.485110384,400.627636838));
#2832=CARTESIAN_POINT('',(1183.372986153,298.485110384,400.521816624));
#2833=CARTESIAN_POINT('',(1183.318737497,298.485110384,400.420315564));
#2834=CARTESIAN_POINT('',(1183.255107516,298.485110384,400.325079));
#2835=CARTESIAN_POINT('',(1183.191477536,298.485110384,400.229842435));
#2836=CARTESIAN_POINT('',(1183.118469378,298.485110384,400.140875077));
#2837=CARTESIAN_POINT('',(1183.037482298,298.485110384,400.05988205));
#2838=CARTESIAN_POINT('',(1182.956495218,298.485110384,399.978889023));
#2839=CARTESIAN_POINT('',(1182.867533221,298.485110384,399.905874333));
#2840=CARTESIAN_POINT('',(1182.77230133,298.485110384,399.842237359));
#2841=CARTESIAN_POINT('',(1182.677069438,298.485110384,399.778600386));
#2842=CARTESIAN_POINT('',(1182.575572361,298.485110384,399.724344277));
#2843=CARTESIAN_POINT('',(1182.469755366,298.485110384,399.680508891));
#2844=CARTESIAN_POINT('',(1182.363938371,298.485110384,399.636673505));
#2845=CARTESIAN_POINT('',(1182.25380669,298.485110384,399.603261009));
#2846=CARTESIAN_POINT('',(1182.14147108,298.485110384,399.580911779));
#2847=CARTESIAN_POINT('',(1182.029135469,298.485110384,399.558562549));
#2848=CARTESIAN_POINT('',(1181.914601483,298.485110384,399.54727769));
#2849=CARTESIAN_POINT('',(1181.800064251,298.485110384,399.547273485));
#2850=B_SPLINE_CURVE_WITH_KNOTS('',3,(#2753,#2754,#2755,#2756,#2757,#2758,#2759,#2760,#2761,#2762,#2763,#2764,#2765,#2766,#2767,#2768,#2769,#2770,#2771,#2772,#2773,#2774,#2775,#2776,#2777,#2778,
#2779,#2780,#2781,#2782,#2783,#2784,#2785,#2786,#2787,#2788,#2789,#2790,#2791,#2792,#2793,#2794,#2795,#2796,#2797,#2798,#2799,#2800,#2801,#2802,#2803,
#2804,#2805,#2806,#2807,#2808,#2809,#2810,#2811,#2812,#2813,#2814,#2815,#2816,#2817,#2818,#2819,#2820,#2821,#2822,#2823,#2824,#2825,#2826,#2827,#2828,
#2829,#2830,#2831,#2832,#2833,#2834,#2835,#2836,#2837,#2838,#2839,#2840,#2841,#2842,#2843,#2844,#2845,#2846,#2847,#2848,#2849),.UNSPECIFIED.,.T.,.F.,(4,3,3,3,3,3,3,3,3,3,3,3,3,3,3,3,3,3,3,3,3,3,3,3,3,3,
3,3,3,3,3,3,4),(0.,0.03125,0.0625,0.09375,0.125,0.15625,0.1875,0.21875,0.25,0.28125,0.3125,0.34375,0.375,0.40625,0.4375,0.46875,0.5,0.53125,0.5625,0.59375,0.625,0.65625,0.6875,0.71875,0.75,0.78125,
0.8125,0.84375,0.875,0.90625,0.9375,0.96875,1.),.UNSPECIFIED.);
#2851=EDGE_CURVE('',#2652,#2644,#2850,.T.);
#2852=ORIENTED_EDGE('',*,*,#2851,.T.);
#2853=ORIENTED_EDGE('',*,*,#2649,.F.);
#2854=CARTESIAN_POINT('',(1181.8,298.990135637,399.547273484));
#2855=VERTEX_POINT('',#2854);
#2856=CARTESIAN_POINT('',(1181.8,298.990135637,401.297273484));
#2857=DIRECTION('',(0.,-1.,0.));
#2858=DIRECTION('',(0.,0.,-1.));
#2859=AXIS2_PLACEMENT_3D('',#2856,#2857,#2858);
#2860=CIRCLE('',#2859,1.75);
#2861=EDGE_CURVE('',#2642,#2855,#2860,.T.);
#2862=ORIENTED_EDGE('',*,*,#2861,.T.);
#2863=CARTESIAN_POINT('',(1181.8,298.990135637,401.297273484));
#2864=DIRECTION('',(0.,-1.,0.));
#2865=DIRECTION('',(0.,0.,-1.));
#2866=AXIS2_PLACEMENT_3D('',#2863,#2864,#2865);
#2867=CIRCLE('',#2866,1.75);
#2868=EDGE_CURVE('',#2855,#2642,#2867,.T.);
#2869=ORIENTED_EDGE('',*,*,#2868,.T.);
#2870=EDGE_LOOP('',(#2650,#2752,#2852,#2853,#2862,#2869));
#2871=FACE_BOUND('',#2870,.T.);
#2872=ADVANCED_FACE('',(#2871),#2640,.T.);
#2873=CARTESIAN_POINT('',(-580.2,297.990135637,-1631.452726516));
#2874=DIRECTION('',(0.,-1.,0.));
#2875=DIRECTION('',(1.,0.,0.));
#2876=AXIS2_PLACEMENT_3D('',#2873,#2874,#2875);
#2877=PLANE('',#2876);
#2878=CARTESIAN_POINT('',(1181.800046078,297.990135637,400.042248232));
#2879=VERTEX_POINT('',#2878);
#2880=CARTESIAN_POINT('',(1181.800046078,297.990135637,400.042248232));
#2881=CARTESIAN_POINT('',(1181.923342896,297.990135637,400.042252758));
#2882=CARTESIAN_POINT('',(1182.044820406,297.990135637,400.066358639));
#2883=CARTESIAN_POINT('',(1182.165539979,297.990135637,400.090314116));
#2884=CARTESIAN_POINT('',(1182.280278957,297.990135637,400.137781996));
#2885=CARTESIAN_POINT('',(1182.393971292,297.990135637,400.184816878));
#2886=CARTESIAN_POINT('',(1182.497217555,297.990135637,400.253733323));
#2887=CARTESIAN_POINT('',(1182.599592123,297.990135637,400.322067916));
#2888=CARTESIAN_POINT('',(1182.687440697,297.990135637,400.409840447));
#2889=CARTESIAN_POINT('',(1182.774504078,297.990135637,400.496828464));
#2890=CARTESIAN_POINT('',(1182.843532602,297.990135637,400.600044615));
#2891=CARTESIAN_POINT('',(1182.91193297,297.990135637,400.702321505));
#2892=CARTESIAN_POINT('',(1182.959489366,297.990135637,400.816989405));
#2893=CARTESIAN_POINT('',(1183.006625641,297.990135637,400.93064431));
#2894=CARTESIAN_POINT('',(1183.030901137,297.990135637,401.052384168));
#2895=CARTESIAN_POINT('',(1183.05496913,297.990135637,401.173083415));
#2896=CARTESIAN_POINT('',(1183.055025253,297.990135637,401.297255151));
#2897=CARTESIAN_POINT('',(1183.055080889,297.990135637,401.420349468));
#2898=CARTESIAN_POINT('',(1183.030900564,297.990135637,401.542165682));
#2899=CARTESIAN_POINT('',(1183.006945755,297.990135637,401.66284578));
#2900=CARTESIAN_POINT('',(1182.959492715,297.990135637,401.777549478));
#2901=CARTESIAN_POINT('',(1182.91245296,297.990135637,401.89125418));
#2902=CARTESIAN_POINT('',(1182.843527577,297.990135637,401.994509873));
#2903=CARTESIAN_POINT('',(1182.775200464,297.990135637,402.09686931));
#2904=CARTESIAN_POINT('',(1182.68744033,297.990135637,402.184706888));
#2905=CARTESIAN_POINT('',(1182.600471649,297.990135637,402.271752315));
#2906=CARTESIAN_POINT('',(1182.497281059,297.990135637,402.340771213));
#2907=CARTESIAN_POINT('',(1182.394965318,297.990135637,402.40920497));
#2908=CARTESIAN_POINT('',(1182.280248523,297.990135637,402.456777577));
#2909=CARTESIAN_POINT('',(1182.166595308,297.990135637,402.503909122));
#2910=CARTESIAN_POINT('',(1182.04485787,297.990135637,402.528180877));
#2911=CARTESIAN_POINT('',(1181.924171384,297.990135637,402.552243095));
#2912=CARTESIAN_POINT('',(1181.800013583,297.990135637,402.552298737));
#2913=CARTESIAN_POINT('',(1181.676921637,297.990135637,402.552353901));
#2914=CARTESIAN_POINT('',(1181.555107796,297.990135637,402.528174046));
#2915=CARTESIAN_POINT('',(1181.434434553,297.990135637,402.504220598));
#2916=CARTESIAN_POINT('',(1181.319736907,297.990135637,402.456771542));
#2917=CARTESIAN_POINT('',(1181.206020693,297.990135637,402.409728493));
#2918=CARTESIAN_POINT('',(1181.102755732,297.990135637,402.340795796));
#2919=CARTESIAN_POINT('',(1181.000399164,297.990135637,402.272469481));
#2920=CARTESIAN_POINT('',(1180.912563892,297.990135637,402.18471111));
#2921=CARTESIAN_POINT('',(1180.825500993,297.990135637,402.097724436));
#2922=CARTESIAN_POINT('',(1180.756472443,297.990135637,401.994509904));
#2923=CARTESIAN_POINT('',(1180.688065024,297.990135637,401.892224112));
#2924=CARTESIAN_POINT('',(1180.64050533,297.990135637,401.777544757));
#2925=CARTESIAN_POINT('',(1180.593371649,297.990135637,401.663892635));
#2926=CARTESIAN_POINT('',(1180.569097293,297.990135637,401.542154909));
#2927=CARTESIAN_POINT('',(1180.545027106,297.990135637,401.421441105));
#2928=CARTESIAN_POINT('',(1180.544974747,297.990135637,401.297253807));
#2929=CARTESIAN_POINT('',(1180.544922863,297.990135637,401.174192611));
#2930=CARTESIAN_POINT('',(1180.569093992,297.990135637,401.052408651));
#2931=CARTESIAN_POINT('',(1180.593050386,297.990135637,400.93170662));
#2932=CARTESIAN_POINT('',(1180.640513105,297.990135637,400.816983439));
#2933=CARTESIAN_POINT('',(1180.687550506,297.990135637,400.703288307));
#2934=CARTESIAN_POINT('',(1180.756469522,297.990135637,400.600041437));
#2935=CARTESIAN_POINT('',(1180.824801308,297.990135637,400.49767429));
#2936=CARTESIAN_POINT('',(1180.912568,297.990135637,400.40983175));
#2937=CARTESIAN_POINT('',(1180.999555362,297.990135637,400.322769213));
#2938=CARTESIAN_POINT('',(1181.102770393,297.990135637,400.253741376));
#2939=CARTESIAN_POINT('',(1181.205053944,297.990135637,400.185336491));
#2940=CARTESIAN_POINT('',(1181.319729876,297.990135637,400.137778338));
#2941=CARTESIAN_POINT('',(1181.433367528,297.990135637,400.090650778));
#2942=CARTESIAN_POINT('',(1181.555088912,297.990135637,400.066376679));
#2943=CARTESIAN_POINT('',(1181.676102747,297.990135637,400.042243681));
#2944=CARTESIAN_POINT('',(1181.800046078,297.990135637,400.042248232));
#2945=B_SPLINE_CURVE_WITH_KNOTS('',2,(#2880,#2881,#2882,#2883,#2884,#2885,#2886,#2887,#2888,#2889,#2890,#2891,#2892,#2893,#2894,#2895,#2896,#2897,#2898,#2899,#2900,#2901,#2902,#2903,#2904,#2905,
#2906,#2907,#2908,#2909,#2910,#2911,#2912,#2913,#2914,#2915,#2916,#2917,#2918,#2919,#2920,#2921,#2922,#2923,#2924,#2925,#2926,#2927,#2928,#2929,#2930,
#2931,#2932,#2933,#2934,#2935,#2936,#2937,#2938,#2939,#2940,#2941,#2942,#2943,#2944),.UNSPECIFIED.,.T.,.F.,(3,2,2,2,2,2,2,2,2,2,2,2,2,2,2,2,2,2,2,2,2,2,2,2,2,2,
2,2,2,2,2,2,3),(0.,0.03125,0.0625,0.09375,0.125,0.15625,0.1875,0.21875,0.25,0.28125,0.3125,0.34375,0.375,0.40625,0.4375,0.46875,0.5,0.53125,0.5625,0.59375,0.625,0.65625,0.6875,0.71875,0.75,0.78125,
0.8125,0.84375,0.875,0.90625,0.9375,0.96875,1.),.UNSPECIFIED.);
#2946=EDGE_CURVE('',#2879,#2879,#2945,.T.);
#2947=ORIENTED_EDGE('',*,*,#2946,.T.);
#2948=EDGE_LOOP('',(#2947));
#2949=FACE_BOUND('',#2948,.T.);
#2950=ADVANCED_FACE('',(#2949),#2877,.T.);
#2951=CARTESIAN_POINT('',(-580.2,298.990135637,-1631.452726516));
#2952=DIRECTION('',(0.,-1.,0.));
#2953=DIRECTION('',(1.,0.,0.));
#2954=AXIS2_PLACEMENT_3D('',#2951,#2952,#2953);
#2955=PLANE('',#2954);
#2956=ORIENTED_EDGE('',*,*,#2861,.F.);
#2957=ORIENTED_EDGE('',*,*,#2868,.F.);
#2958=EDGE_LOOP('',(#2956,#2957));
#2959=FACE_BOUND('',#2958,.T.);
#2960=ADVANCED_FACE('',(#2959),#2955,.F.);
#2961=CARTESIAN_POINT('',(1181.800046078,297.990135637,400.042248232));
#2962=CARTESIAN_POINT('',(1181.882142505,297.990135637,400.042251246));
#2963=CARTESIAN_POINT('',(1181.964248867,297.990135637,400.05033352));
#2964=CARTESIAN_POINT('',(1182.125391946,297.990135637,400.082383759));
#2965=CARTESIAN_POINT('',(1182.20441867,297.990135637,400.106359515));
#2966=CARTESIAN_POINT('',(1182.356139243,297.990135637,400.169204477));
#2967=CARTESIAN_POINT('',(1182.428892405,297.990135637,400.208083433));
#2968=CARTESIAN_POINT('',(1182.565542705,297.990135637,400.299383214));
#2969=CARTESIAN_POINT('',(1182.629418818,297.990135637,400.351818067));
#2970=CARTESIAN_POINT('',(1182.745462575,297.990135637,400.467862826));
#2971=CARTESIAN_POINT('',(1182.797893582,297.990135637,400.53173734));
#2972=CARTESIAN_POINT('',(1182.889171621,297.990135637,400.668351891));
#2973=CARTESIAN_POINT('',(1182.928040874,297.990135637,400.741067271));
#2974=CARTESIAN_POINT('',(1182.990937858,297.990135637,400.892911539));
#2975=CARTESIAN_POINT('',(1183.014871311,297.990135637,400.971812539));
#2976=CARTESIAN_POINT('',(1183.046930963,297.990135637,401.132955797));
#2977=CARTESIAN_POINT('',(1183.055024054,297.990135637,401.215196802));
#2978=CARTESIAN_POINT('',(1183.055026452,297.990135637,401.379313501));
#2979=CARTESIAN_POINT('',(1183.046936474,297.990135637,401.461564454));
#2980=CARTESIAN_POINT('',(1183.014864653,297.990135637,401.622766909));
#2981=CARTESIAN_POINT('',(1182.990905637,297.990135637,401.70171172));
#2982=CARTESIAN_POINT('',(1182.928079792,297.990135637,401.853387237));
#2983=CARTESIAN_POINT('',(1182.889188523,297.990135637,401.926170846));
#2984=CARTESIAN_POINT('',(1182.79786663,297.990135637,402.062848901));
#2985=CARTESIAN_POINT('',(1182.745431089,297.990135637,402.126715677));
#2986=CARTESIAN_POINT('',(1182.629449571,297.990135637,402.2426981));
#2987=CARTESIAN_POINT('',(1182.565600598,297.990135637,402.295119057));
#2988=CARTESIAN_POINT('',(1182.428961521,297.990135637,402.386423368));
#2989=CARTESIAN_POINT('',(1182.356192045,297.990135637,402.425322954));
#2990=CARTESIAN_POINT('',(1182.204305001,297.990135637,402.4882322));
#2991=CARTESIAN_POINT('',(1182.125414858,297.990135637,402.512156103));
#2992=CARTESIAN_POINT('',(1181.964300883,297.990135637,402.54420565));
#2993=CARTESIAN_POINT('',(1181.882073218,297.990135637,402.552297849));
#2994=CARTESIAN_POINT('',(1181.717953948,297.990135637,402.552299625));
#2995=CARTESIAN_POINT('',(1181.635700598,297.990135637,402.544208281));
#2996=CARTESIAN_POINT('',(1181.474514994,297.990135637,402.512139812));
#2997=CARTESIAN_POINT('',(1181.395590971,297.990135637,402.48819023));
#2998=CARTESIAN_POINT('',(1181.243882842,297.990135637,402.425352854));
#2999=CARTESIAN_POINT('',(1181.171092453,297.990135637,402.386455948));
#3000=CARTESIAN_POINT('',(1181.034419011,297.990135637,402.295135645));
#3001=CARTESIAN_POINT('',(1180.970557754,297.990135637,402.242704873));
#3002=CARTESIAN_POINT('',(1180.85457003,297.990135637,402.126717347));
#3003=CARTESIAN_POINT('',(1180.802134502,297.990135637,402.062850591));
#3004=CARTESIAN_POINT('',(1180.710810385,297.990135637,401.926169216));
#3005=CARTESIAN_POINT('',(1180.671916964,297.990135637,401.853380278));
#3006=CARTESIAN_POINT('',(1180.609093696,297.990135637,401.701709236));
#3007=CARTESIAN_POINT('',(1180.585133353,297.990135637,401.62276057));
#3008=CARTESIAN_POINT('',(1180.553061234,297.990135637,401.461549248));
#3009=CARTESIAN_POINT('',(1180.544973461,297.990135637,401.379298084));
#3010=CARTESIAN_POINT('',(1180.544976033,297.990135637,401.21520953));
#3011=CARTESIAN_POINT('',(1180.553065454,297.990135637,401.132982182));
#3012=CARTESIAN_POINT('',(1180.585122531,297.990135637,400.97183512));
#3013=CARTESIAN_POINT('',(1180.609060518,297.990135637,400.892914355));
#3014=CARTESIAN_POINT('',(1180.671965693,297.990135637,400.741052523));
#3015=CARTESIAN_POINT('',(1180.7108341,297.990135637,400.668342878));
#3016=CARTESIAN_POINT('',(1180.802104945,297.990135637,400.531739995));
#3017=CARTESIAN_POINT('',(1180.854533275,297.990135637,400.467865838));
#3018=CARTESIAN_POINT('',(1180.970602724,297.990135637,400.351797662));
#3019=CARTESIAN_POINT('',(1181.034449351,297.990135637,400.299389663));
#3020=CARTESIAN_POINT('',(1181.171091434,297.990135637,400.208093089));
#3021=CARTESIAN_POINT('',(1181.243873946,297.990135637,400.169198337));
#3022=CARTESIAN_POINT('',(1181.395585805,297.990135637,400.106358339));
#3023=CARTESIAN_POINT('',(1181.47449783,297.990135637,400.082411857));
#3024=CARTESIAN_POINT('',(1181.635679993,297.990135637,400.050341501));
#3025=CARTESIAN_POINT('',(1181.717949651,297.990135637,400.042245218));
#3026=CARTESIAN_POINT('',(1181.800046078,297.990135637,400.042248232));
#3027=CARTESIAN_POINT('',(1181.800064251,297.990135637,399.547273485));
#3028=CARTESIAN_POINT('',(1181.914539037,297.990135637,399.547277688));
#3029=CARTESIAN_POINT('',(1182.029027676,297.990135637,399.558547565));
#3030=CARTESIAN_POINT('',(1182.253724659,297.990135637,399.603238233));
#3031=CARTESIAN_POINT('',(1182.363919069,297.990135637,399.636669891));
#3032=CARTESIAN_POINT('',(1182.575477364,297.990135637,399.724300544));
#3033=CARTESIAN_POINT('',(1182.676923955,297.990135637,399.778513136));
#3034=CARTESIAN_POINT('',(1182.867468348,297.990135637,399.905821027));
#3035=CARTESIAN_POINT('',(1182.956536833,297.990135637,399.978935885));
#3036=CARTESIAN_POINT('',(1183.118347581,297.990135637,400.140748029));
#3037=CARTESIAN_POINT('',(1183.191457076,297.990135637,400.229814284));
#3038=CARTESIAN_POINT('',(1183.318734648,297.990135637,400.420308829));
#3039=CARTESIAN_POINT('',(1183.372933711,297.990135637,400.521702738));
#3040=CARTESIAN_POINT('',(1183.460636904,297.990135637,400.733433511));
#3041=CARTESIAN_POINT('',(1183.494009574,297.990135637,400.843452613));
#3042=CARTESIAN_POINT('',(1183.538713368,297.990135637,401.068149846));
#3043=CARTESIAN_POINT('',(1183.549998328,297.990135637,401.18282623));
#3044=CARTESIAN_POINT('',(1183.550001671,297.990135637,401.411669612));
#3045=CARTESIAN_POINT('',(1183.538721053,297.990135637,401.526359869));
#3046=CARTESIAN_POINT('',(1183.49400029,297.990135637,401.751139646));
#3047=CARTESIAN_POINT('',(1183.460591976,297.990135637,401.861219835));
#3048=CARTESIAN_POINT('',(1183.372987978,297.990135637,402.072715305));
#3049=CARTESIAN_POINT('',(1183.318758217,297.990135637,402.174204351));
#3050=CARTESIAN_POINT('',(1183.191419494,297.990135637,402.364787445));
#3051=CARTESIAN_POINT('',(1183.118303677,297.990135637,402.45384291));
#3052=CARTESIAN_POINT('',(1182.956579715,297.990135637,402.615568134));
#3053=CARTESIAN_POINT('',(1182.867549074,297.990135637,402.688663617));
#3054=CARTESIAN_POINT('',(1182.677020329,297.990135637,402.815977823));
#3055=CARTESIAN_POINT('',(1182.575550991,297.990135637,402.870219182));
#3056=CARTESIAN_POINT('',(1182.36376057,297.990135637,402.957939473));
#3057=CARTESIAN_POINT('',(1182.253756608,297.990135637,402.991298826));
#3058=CARTESIAN_POINT('',(1182.029100207,297.990135637,403.03598853));
#3059=CARTESIAN_POINT('',(1181.914442423,297.990135637,403.047272246));
#3060=CARTESIAN_POINT('',(1181.685595457,297.990135637,403.047274722));
#3061=CARTESIAN_POINT('',(1181.570901858,297.990135637,403.035992199));
#3062=CARTESIAN_POINT('',(1181.346145579,297.990135637,402.991276109));
#3063=CARTESIAN_POINT('',(1181.236094374,297.990135637,402.95788095));
#3064=CARTESIAN_POINT('',(1181.024553431,297.990135637,402.870260875));
#3065=CARTESIAN_POINT('',(1180.923054931,297.990135637,402.816023252));
#3066=CARTESIAN_POINT('',(1180.732478268,297.990135637,402.688686746));
#3067=CARTESIAN_POINT('',(1180.6434305,297.990135637,402.61557758));
#3068=CARTESIAN_POINT('',(1180.481697883,297.990135637,402.45384524));
#3069=CARTESIAN_POINT('',(1180.408582084,297.990135637,402.364789802));
#3070=CARTESIAN_POINT('',(1180.281240261,297.990135637,402.174202078));
#3071=CARTESIAN_POINT('',(1180.227007498,297.990135637,402.072705602));
#3072=CARTESIAN_POINT('',(1180.139407094,297.990135637,401.861216372));
#3073=CARTESIAN_POINT('',(1180.105996929,297.990135637,401.751130806));
#3074=CARTESIAN_POINT('',(1180.061275751,297.990135637,401.526338664));
#3075=CARTESIAN_POINT('',(1180.049998207,297.990135637,401.411648115));
#3076=CARTESIAN_POINT('',(1180.050001794,297.990135637,401.182843978));
#3077=CARTESIAN_POINT('',(1180.061281636,297.990135637,401.068186636));
#3078=CARTESIAN_POINT('',(1180.105981839,297.990135637,400.843484099));
#3079=CARTESIAN_POINT('',(1180.139360831,297.990135637,400.733437438));
#3080=CARTESIAN_POINT('',(1180.227075445,297.990135637,400.521682173));
#3081=CARTESIAN_POINT('',(1180.281273329,297.990135637,400.420296262));
#3082=CARTESIAN_POINT('',(1180.40854087,297.990135637,400.229817987));
#3083=CARTESIAN_POINT('',(1180.481646633,297.990135637,400.14075223));
#3084=CARTESIAN_POINT('',(1180.643493205,297.990135637,399.978907432));
#3085=CARTESIAN_POINT('',(1180.732520575,297.990135637,399.905830019));
#3086=CARTESIAN_POINT('',(1180.92305351,297.990135637,399.778526601));
#3087=CARTESIAN_POINT('',(1181.024541027,297.990135637,399.724291983));
#3088=CARTESIAN_POINT('',(1181.236087171,297.990135637,399.63666825));
#3089=CARTESIAN_POINT('',(1181.346121645,297.990135637,399.603277413));
#3090=CARTESIAN_POINT('',(1181.570873127,297.990135637,399.558558693));
#3091=CARTESIAN_POINT('',(1181.685589465,297.990135637,399.547269282));
#3092=CARTESIAN_POINT('',(1181.800064251,297.990135637,399.547273485));
#3093=CARTESIAN_POINT('',(1181.800064251,298.485110384,399.547273485));
#3094=CARTESIAN_POINT('',(1181.914539037,298.485110384,399.547277688));
#3095=CARTESIAN_POINT('',(1182.029027676,298.485110384,399.558547565));
#3096=CARTESIAN_POINT('',(1182.253724659,298.485110384,399.603238233));
#3097=CARTESIAN_POINT('',(1182.36391907,298.485110384,399.636669891));
#3098=CARTESIAN_POINT('',(1182.575477364,298.485110384,399.724300544));
#3099=CARTESIAN_POINT('',(1182.676923955,298.485110384,399.778513136));
#3100=CARTESIAN_POINT('',(1182.867468348,298.485110384,399.905821026));
#3101=CARTESIAN_POINT('',(1182.956536833,298.485110384,399.978935885));
#3102=CARTESIAN_POINT('',(1183.118347581,298.485110384,400.140748029));
#3103=CARTESIAN_POINT('',(1183.191457076,298.485110384,400.229814284));
#3104=CARTESIAN_POINT('',(1183.318734648,298.485110384,400.420308829));
#3105=CARTESIAN_POINT('',(1183.372933711,298.485110384,400.521702738));
#3106=CARTESIAN_POINT('',(1183.460636904,298.485110384,400.733433511));
#3107=CARTESIAN_POINT('',(1183.494009574,298.485110384,400.843452613));
#3108=CARTESIAN_POINT('',(1183.538713368,298.485110384,401.068149846));
#3109=CARTESIAN_POINT('',(1183.549998328,298.485110384,401.18282623));
#3110=CARTESIAN_POINT('',(1183.550001671,298.485110384,401.411669612));
#3111=CARTESIAN_POINT('',(1183.538721054,298.485110384,401.526359869));
#3112=CARTESIAN_POINT('',(1183.49400029,298.485110384,401.751139646));
#3113=CARTESIAN_POINT('',(1183.460591976,298.485110384,401.861219835));
#3114=CARTESIAN_POINT('',(1183.372987978,298.485110384,402.072715305));
#3115=CARTESIAN_POINT('',(1183.318758217,298.485110384,402.174204351));
#3116=CARTESIAN_POINT('',(1183.191419494,298.485110384,402.364787445));
#3117=CARTESIAN_POINT('',(1183.118303677,298.485110384,402.45384291));
#3118=CARTESIAN_POINT('',(1182.956579715,298.485110384,402.615568134));
#3119=CARTESIAN_POINT('',(1182.867549074,298.485110384,402.688663617));
#3120=CARTESIAN_POINT('',(1182.677020329,298.485110384,402.815977823));
#3121=CARTESIAN_POINT('',(1182.575550991,298.485110384,402.870219182));
#3122=CARTESIAN_POINT('',(1182.36376057,298.485110384,402.957939473));
#3123=CARTESIAN_POINT('',(1182.253756608,298.485110384,402.991298826));
#3124=CARTESIAN_POINT('',(1182.029100207,298.485110384,403.03598853));
#3125=CARTESIAN_POINT('',(1181.914442423,298.485110384,403.047272246));
#3126=CARTESIAN_POINT('',(1181.685595457,298.485110384,403.047274722));
#3127=CARTESIAN_POINT('',(1181.570901858,298.485110384,403.035992199));
#3128=CARTESIAN_POINT('',(1181.346145579,298.485110384,402.991276109));
#3129=CARTESIAN_POINT('',(1181.236094374,298.485110384,402.95788095));
#3130=CARTESIAN_POINT('',(1181.024553431,298.485110384,402.870260875));
#3131=CARTESIAN_POINT('',(1180.923054931,298.485110384,402.816023252));
#3132=CARTESIAN_POINT('',(1180.732478268,298.485110384,402.688686746));
#3133=CARTESIAN_POINT('',(1180.6434305,298.485110384,402.61557758));
#3134=CARTESIAN_POINT('',(1180.481697883,298.485110384,402.45384524));
#3135=CARTESIAN_POINT('',(1180.408582084,298.485110384,402.364789802));
#3136=CARTESIAN_POINT('',(1180.281240261,298.485110384,402.174202078));
#3137=CARTESIAN_POINT('',(1180.227007498,298.485110384,402.072705602));
#3138=CARTESIAN_POINT('',(1180.139407094,298.485110384,401.861216372));
#3139=CARTESIAN_POINT('',(1180.105996929,298.485110384,401.751130806));
#3140=CARTESIAN_POINT('',(1180.061275751,298.485110384,401.526338665));
#3141=CARTESIAN_POINT('',(1180.049998207,298.485110384,401.411648115));
#3142=CARTESIAN_POINT('',(1180.050001794,298.485110384,401.182843978));
#3143=CARTESIAN_POINT('',(1180.061281636,298.485110384,401.068186636));
#3144=CARTESIAN_POINT('',(1180.105981839,298.485110384,400.843484099));
#3145=CARTESIAN_POINT('',(1180.139360831,298.485110384,400.733437438));
#3146=CARTESIAN_POINT('',(1180.227075445,298.485110384,400.521682173));
#3147=CARTESIAN_POINT('',(1180.281273329,298.485110384,400.420296262));
#3148=CARTESIAN_POINT('',(1180.40854087,298.485110384,400.229817987));
#3149=CARTESIAN_POINT('',(1180.481646633,298.485110384,400.14075223));
#3150=CARTESIAN_POINT('',(1180.643493205,298.485110384,399.978907432));
#3151=CARTESIAN_POINT('',(1180.732520575,298.485110384,399.905830019));
#3152=CARTESIAN_POINT('',(1180.92305351,298.485110384,399.778526601));
#3153=CARTESIAN_POINT('',(1181.024541027,298.485110384,399.724291983));
#3154=CARTESIAN_POINT('',(1181.236087171,298.485110384,399.63666825));
#3155=CARTESIAN_POINT('',(1181.346121645,298.485110384,399.603277413));
#3156=CARTESIAN_POINT('',(1181.570873127,298.485110384,399.558558693));
#3157=CARTESIAN_POINT('',(1181.685589465,298.485110384,399.547269282));
#3158=CARTESIAN_POINT('',(1181.800064251,298.485110384,399.547273485));
#3159=(BOUNDED_SURFACE()
B_SPLINE_SURFACE(2,3,((#2961,#2962,#2963,#2964,#2965,#2966,#2967,#2968,#2969,#2970,#2971,#2972,#2973,#2974,#2975,#2976,#2977,#2978,#2979,#2980,#2981,#2982,#2983,#2984,#2985,#2986,
#2987,#2988,#2989,#2990,#2991,#2992,#2993,#2994,#2995,#2996,#2997,#2998,#2999,#3000,#3001,#3002,#3003,#3004,#3005,#3006,#3007,#3008,#3009,#3010,#3011,
#3012,#3013,#3014,#3015,#3016,#3017,#3018,#3019,#3020,#3021,#3022,#3023,#3024,#3025,#3026),(#3027,#3028,#3029,#3030,#3031,#3032,#3033,#3034,#3035,#3036,#3037,#3038,#3039,#3040,#3041,#3042,#3043,#3044,#3045,#3046,#3047,#3048,#3049,#3050,#3051,#3052,
#3053,#3054,#3055,#3056,#3057,#3058,#3059,#3060,#3061,#3062,#3063,#3064,#3065,#3066,#3067,#3068,#3069,#3070,#3071,#3072,#3073,#3074,#3075,#3076,#3077,
#3078,#3079,#3080,#3081,#3082,#3083,#3084,#3085,#3086,#3087,#3088,#3089,#3090,#3091,#3092),(#3093,#3094,#3095,#3096,#3097,#3098,#3099,#3100,#3101,#3102,#3103,#3104,#3105,#3106,#3107,#3108,#3109,#3110,#3111,#3112,#3113,#3114,#3115,#3116,#3117,#3118,
#3119,#3120,#3121,#3122,#3123,#3124,#3125,#3126,#3127,#3128,#3129,#3130,#3131,#3132,#3133,#3134,#3135,#3136,#3137,#3138,#3139,#3140,#3141,#3142,#3143,
#3144,#3145,#3146,#3147,#3148,#3149,#3150,#3151,#3152,#3153,#3154,#3155,#3156,#3157,#3158)),.UNSPECIFIED.,.F.,.T.,.U.)
B_SPLINE_SURFACE_WITH_KNOTS((3,3),(4,2,2,2,2,2,2,2,2,2,2,2,2,2,2,2,2,2,2,2,2,2,2,2,2,2,
2,2,2,2,2,2,4),(0.,1.),(0.99999865,1.03124865,1.06249865,1.09374865,1.12499865,1.15624865,1.18749865,1.21874865,1.24999865,1.28124865,1.31249865,1.34374865,1.37499865,1.40624865,1.43749865,1.46874865,1.49999865,1.53124865,1.56249865,1.59374865,1.62499865,1.65624865,1.68749865,1.71874865,1.74999865,1.78124865,
1.81249865,1.84374865,1.87499865,1.90624865,1.93749865,1.96874865,1.99999865),.UNSPECIFIED.)
GEOMETRIC_REPRESENTATION_ITEM()
RATIONAL_B_SPLINE_SURFACE(((1.,1.,1.,1.,1.,1.,1.,1.,1.,1.,1.,1.,1.,1.,1.,1.,1.,1.,1.,1.,1.,1.,1.,1.,1.,1.,
1.,1.,1.,1.,1.,1.,1.,1.,1.,1.,1.,1.,1.,1.,1.,1.,1.,1.,1.,1.,1.,1.,1.,1.,1.,
1.,1.,1.,1.,1.,1.,1.,1.,1.,1.,1.,1.,1.,1.,1.),(0.438933383,0.438933383,0.438933383,0.438933383,0.438933383,0.438933383,0.438933383,0.438933383,0.438933383,0.438933383,0.438933383,0.438933383,0.438933383,0.438933383,0.438933383,0.438933383,0.438933383,0.438933383,0.438933383,0.438933383,0.438933383,0.438933383,0.438933383,0.438933383,0.438933383,0.438933383,
0.438933383,0.438933383,0.438933383,0.438933383,0.438933383,0.438933383,0.438933383,0.438933383,0.438933383,0.438933383,0.438933383,0.438933383,0.438933383,0.438933383,0.438933383,0.438933383,0.438933383,0.438933383,0.438933383,0.438933383,0.438933383,0.438933383,0.438933383,0.438933383,0.438933383,
0.438933383,0.438933383,0.438933383,0.438933383,0.438933383,0.438933383,0.438933383,0.438933383,0.438933383,0.438933383,0.438933383,0.438933383,0.438933383,0.438933383,0.438933383),(1.,1.,1.,1.,1.,1.,1.,1.,1.,1.,1.,1.,1.,1.,1.,1.,1.,1.,1.,1.,1.,1.,1.,1.,1.,1.,
1.,1.,1.,1.,1.,1.,1.,1.,1.,1.,1.,1.,1.,1.,1.,1.,1.,1.,1.,1.,1.,1.,1.,1.,1.,
1.,1.,1.,1.,1.,1.,1.,1.,1.,1.,1.,1.,1.,1.,1.)))
REPRESENTATION_ITEM('')
SURFACE()
);
#3160=CARTESIAN_POINT('',(1181.800064251,298.485110384,399.547273485));
#3161=CARTESIAN_POINT('',(1181.800064251,297.990135637,399.547273485));
#3162=CARTESIAN_POINT('',(1181.800046078,297.990135637,400.042248232));
#3163=(BOUNDED_CURVE()
B_SPLINE_CURVE(2,(#3160,#3161,#3162),.UNSPECIFIED.,.F.,.F.)
B_SPLINE_CURVE_WITH_KNOTS((3,3),(0.,1.),.UNSPECIFIED.)
CURVE()
GEOMETRIC_REPRESENTATION_ITEM()
RATIONAL_B_SPLINE_CURVE((1.,0.438933383,1.))
REPRESENTATION_ITEM(''));
#3164=EDGE_CURVE('',#2652,#2879,#3163,.T.);
#3165=ORIENTED_EDGE('',*,*,#3164,.T.);
#3166=ORIENTED_EDGE('',*,*,#2946,.F.);
#3167=ORIENTED_EDGE('',*,*,#3164,.F.);
#3168=ORIENTED_EDGE('',*,*,#2751,.F.);
#3169=ORIENTED_EDGE('',*,*,#2851,.F.);
#3170=EDGE_LOOP('',(#3165,#3166,#3167,#3168,#3169));
#3171=FACE_BOUND('',#3170,.T.);
#3172=ADVANCED_FACE('',(#3171),#3159,.T.);
#3173=CLOSED_SHELL('',(#2872,#2950,#2960,#3172));
#3174=MANIFOLD_SOLID_BREP('Body 10 (4)',#3173);
#2635=STYLED_ITEM('',(#1554),#3174);
#165=SHAPE_REPRESENTATION('Folder 31',(#15),#163);
#166=ADVANCED_BREP_SHAPE_REPRESENTATION('Folder 31',(#856,#1007,#1547,#2094,#2634,#3174),#163);
#3182=SHAPE_REPRESENTATION_RELATIONSHIP('','',#165,#166);
#3183=CARTESIAN_POINT('',(0.,0.,0.));
#3184=DIRECTION('',(0.,0.,1.));
#3185=DIRECTION('',(1.,0.,0.));
#3186=AXIS2_PLACEMENT_3D('',#3183,#3184,#3185);
#3188=MAPPED_ITEM('',#3187,#3186);
#3187=REPRESENTATION_MAP(#3186,#165);
#3189=APPLICATION_CONTEXT('Managed model based 3d engineering');
#3190=APPLICATION_PROTOCOL_DEFINITION('international standard','ap242_managed_model_based_3d_engineering',2014,#3189);
#3191=PRODUCT_CONTEXT('',#3189,'mechanical');
#3192=PRODUCT_DEFINITION_CONTEXT('part definition',#3189,'design');
#173=PRODUCT('Folder 31','Folder 31','',(#3191));
#3193=PRODUCT_RELATED_PRODUCT_CATEGORY('part','',(#173));
#3194=PRODUCT_DEFINITION_FORMATION_WITH_SPECIFIED_SOURCE('','',#173,.NOT_KNOWN.);
#174=PRODUCT_DEFINITION('design','',#3194,#3192);
#172=PRODUCT_DEFINITION_SHAPE('','',#174);
#3195=SHAPE_DEFINITION_REPRESENTATION(#172,#165);
#164=DRAUGHTING_MODEL('',(#3188),#163);
#16=SHAPE_REPRESENTATION('root',(#15,#178),#10);
#17=ADVANCED_BREP_SHAPE_REPRESENTATION('root',(#148),#10);
#3203=SHAPE_REPRESENTATION_RELATIONSHIP('','',#16,#17);
#3204=CARTESIAN_POINT('',(0.,0.,0.));
#3205=DIRECTION('',(0.,0.,1.));
#3206=DIRECTION('',(1.,0.,0.));
#3207=AXIS2_PLACEMENT_3D('',#3204,#3205,#3206);
#3209=MAPPED_ITEM('',#3208,#3207);
#3208=REPRESENTATION_MAP(#3207,#16);
#24=PRODUCT('root','root','',(#3191));
#3210=PRODUCT_RELATED_PRODUCT_CATEGORY('part','',(#24));
#3211=PRODUCT_DEFINITION_FORMATION_WITH_SPECIFIED_SOURCE('','',#24,.NOT_KNOWN.);
#25=PRODUCT_DEFINITION('design','',#3211,#3192);
#23=PRODUCT_DEFINITION_SHAPE('','',#25);
#3212=SHAPE_DEFINITION_REPRESENTATION(#23,#16);
#11=DRAUGHTING_MODEL('',(#3209),#10);
#3213=DESCRIPTIVE_REPRESENTATION_ITEM('KEY','/private/var/mobile/Containers/Data/Application/5F2095C5-6E5A-4F28-9900-660682EC0850/tmp/6EA9DC8D-FCC4-41C1-8E4B-AE8E4AC84996.tmp');
#3214=PROPERTY_DEFINITION('KEY','',#25);
#3215=REPRESENTATION('',(#3213),#10);
#3216=PROPERTY_DEFINITION_REPRESENTATION(#3214,#3215);
#3217=GENERAL_PROPERTY('','KEY','');
#3218=GENERAL_PROPERTY_ASSOCIATION('','',#3217,#3214);
#1=MECHANICAL_DESIGN_GEOMETRIC_PRESENTATION_REPRESENTATION('',(#26,#184,#857,#1008,#1555,#2095,#2635),#10);
ENDSEC;
END-ISO-10303-21;
