ISO-10303-21;
HEADER;

/* File generated by Shapr3D Version 26.50.0.10685 */

FILE_DESCRIPTION(('HOOPS Exchange Step'),'2;1');

FILE_NAME('/private/var/mobile/Containers/Data/Application/5F2095C5-6E5A-4F28-9900-660682EC0850/tmp/export/temp_export',
'2026-05-03T21:31:19+02:00',
('mobile'),
('Shapr3D Limited'),
'HOOPS Exchange 2025.9',
'Shapr3D',
'Authorized');

FILE_SCHEMA( ('AP242_MANAGED_MODEL_BASED_3D_ENGINEERING_MIM_LF {1 0 10303 442 1 1 4}') );

ENDSEC;

DATA;
#3=(NAMED_UNIT(*)PLANE_ANGLE_UNIT()SI_UNIT($,.RADIAN.));
#4=PLANE_ANGLE_MEASURE_WITH_UNIT(PLANE_ANGLE_MEASURE(0.0174532925),#3);
#5=(CONVERSION_BASED_UNIT('DEGREE',#4)NAMED_UNIT(#6)PLANE_ANGLE_UNIT());
#6=DIMENSIONAL_EXPONENTS(0.,0.,0.,0.,0.,0.,0.);
#7=(NAMED_UNIT(*)SI_UNIT($,.STERADIAN.)SOLID_ANGLE_UNIT());
#8=(LENGTH_UNIT()NAMED_UNIT(*)SI_UNIT(.MILLI.,.METRE.));
#9=UNCERTAINTY_MEASURE_WITH_UNIT(LENGTH_MEASURE(1.000000E-05),#8,'DISTANCE_ACCURACY_VALUE','Maximum Tolerance applied to model');
#10=(GEOMETRIC_REPRESENTATION_CONTEXT(3)GLOBAL_UNCERTAINTY_ASSIGNED_CONTEXT((#9))GLOBAL_UNIT_ASSIGNED_CONTEXT((#8,#5,#7))REPRESENTATION_CONTEXT('','root'));
#12=CARTESIAN_POINT('',(0.,0.,0.));
#13=DIRECTION('',(0.,0.,1.));
#14=DIRECTION('',(1.,0.,0.));
#15=AXIS2_PLACEMENT_3D('TS3D_PRODUCT_CSYS',#12,#13,#14);
#27=CARTESIAN_POINT('',(10.5,226.999981872,3.000018128));
#28=DIRECTION('',(0.,0.,-1.));
#29=DIRECTION('',(0.,1.,0.));
#30=AXIS2_PLACEMENT_3D('',#27,#28,#29);
#31=PLANE('',#30);
#32=CARTESIAN_POINT('',(197.202533526,39.099981872,3.000018128));
#33=VERTEX_POINT('',#32);
#34=CARTESIAN_POINT('',(116.797711896,39.099981872,3.000018128));
#35=VERTEX_POINT('',#34);
#36=CARTESIAN_POINT('',(197.202533526,39.099981872,3.000018128));
#37=DIRECTION('',(-1.,0.,0.));
#38=VECTOR('',#37,80.40482163);
#39=LINE('',#36,#38);
#40=EDGE_CURVE('',#33,#35,#39,.T.);
#41=ORIENTED_EDGE('',*,*,#40,.T.);
#42=CARTESIAN_POINT('',(116.797711896,-137.000018128,3.000018128));
#43=VERTEX_POINT('',#42);
#44=CARTESIAN_POINT('',(116.797711896,39.099981872,3.000018128));
#45=DIRECTION('',(-0.,-1.,0.));
#46=VECTOR('',#45,176.1);
#47=LINE('',#44,#46);
#48=EDGE_CURVE('',#35,#43,#47,.T.);
#49=ORIENTED_EDGE('',*,*,#48,.T.);
#50=CARTESIAN_POINT('',(197.202533526,-137.000018128,3.000018128));
#51=VERTEX_POINT('',#50);
#52=CARTESIAN_POINT('',(116.797711896,-137.000018128,3.000018128));
#53=DIRECTION('',(1.,0.,-0.));
#54=VECTOR('',#53,80.40482163);
#55=LINE('',#52,#54);
#56=EDGE_CURVE('',#43,#51,#55,.T.);
#57=ORIENTED_EDGE('',*,*,#56,.T.);
#58=CARTESIAN_POINT('',(197.202533526,-137.000018128,3.000018128));
#59=DIRECTION('',(-0.,1.,0.));
#60=VECTOR('',#59,176.1);
#61=LINE('',#58,#60);
#62=EDGE_CURVE('',#51,#33,#61,.T.);
#63=ORIENTED_EDGE('',*,*,#62,.T.);
#64=EDGE_LOOP('',(#41,#49,#57,#63));
#65=FACE_BOUND('',#64,.T.);
#66=CARTESIAN_POINT('',(194.933116744,30.999999833,3.000018128));
#67=VERTEX_POINT('',#66);
#68=CARTESIAN_POINT('',(194.909640307,31.00038953,3.000018128));
#69=VERTEX_POINT('',#68);
#70=CARTESIAN_POINT('',(194.933116744,30.999999833,3.000018128));
#71=CARTESIAN_POINT('',(194.925282807,30.999999833,3.000018128));
#72=CARTESIAN_POINT('',(194.917456479,31.000130009,3.000018128));
#73=CARTESIAN_POINT('',(194.909641099,31.000389504,3.000018128));
#74=B_SPLINE_CURVE_WITH_KNOTS('',3,(#70,#71,#72,#73),.UNSPECIFIED.,.F.,.F.,(4,4),(0.,0.000023229),.UNSPECIFIED.);
#75=EDGE_CURVE('',#67,#69,#74,.T.);
#76=ORIENTED_EDGE('',*,*,#75,.T.);
#77=CARTESIAN_POINT('',(194.909640307,-129.000391656,3.000018128));
#78=VERTEX_POINT('',#77);
#79=CARTESIAN_POINT('',(194.909640307,31.00038953,3.000018128));
#80=DIRECTION('',(0.,-1.,-0.));
#81=VECTOR('',#80,160.000781186);
#82=LINE('',#79,#81);
#83=EDGE_CURVE('',#69,#78,#82,.T.);
#84=ORIENTED_EDGE('',*,*,#83,.T.);
#85=CARTESIAN_POINT('',(194.933116744,-129.000000167,3.000018128));
#86=VERTEX_POINT('',#85);
#87=CARTESIAN_POINT('',(194.909640836,-129.000391638,3.000018128));
#88=CARTESIAN_POINT('',(194.917458647,-129.000130955,3.000018128));
#89=CARTESIAN_POINT('',(194.925285164,-129.000000167,3.000018128));
#90=CARTESIAN_POINT('',(194.933116744,-129.000000167,3.000018128));
#91=B_SPLINE_CURVE_WITH_KNOTS('',3,(#87,#88,#89,#90),.UNSPECIFIED.,.F.,.F.,(4,4),(0.0010817,0.00110497),.UNSPECIFIED.);
#92=EDGE_CURVE('',#78,#86,#91,.T.);
#93=ORIENTED_EDGE('',*,*,#92,.T.);
#94=CARTESIAN_POINT('',(197.000000335,-129.000000167,3.000018128));
#95=VERTEX_POINT('',#94);
#96=CARTESIAN_POINT('',(194.933116744,-129.000000167,3.000018128));
#97=DIRECTION('',(1.,0.,-0.));
#98=VECTOR('',#97,2.066883591);
#99=LINE('',#96,#98);
#100=EDGE_CURVE('',#86,#95,#99,.T.);
#101=ORIENTED_EDGE('',*,*,#100,.T.);
#102=CARTESIAN_POINT('',(197.000000335,-137.000000167,3.000018128));
#103=VERTEX_POINT('',#102);
#104=CARTESIAN_POINT('',(197.000000335,-129.000000167,3.000018128));
#105=DIRECTION('',(0.,-1.,0.));
#106=VECTOR('',#105,8.);
#107=LINE('',#104,#106);
#108=EDGE_CURVE('',#95,#103,#107,.T.);
#109=ORIENTED_EDGE('',*,*,#108,.T.);
#110=CARTESIAN_POINT('',(116.999999665,-137.000000167,3.000018128));
#111=VERTEX_POINT('',#110);
#112=CARTESIAN_POINT('',(197.000000335,-137.000000167,3.000018128));
#113=DIRECTION('',(-1.,0.,0.));
#114=VECTOR('',#113,80.00000067);
#115=LINE('',#112,#114);
#116=EDGE_CURVE('',#103,#111,#115,.T.);
#117=ORIENTED_EDGE('',*,*,#116,.T.);
#118=CARTESIAN_POINT('',(117.001463313,-129.000000167,3.000018128));
#119=VERTEX_POINT('',#118);
#120=CARTESIAN_POINT('',(117.001463313,-129.000000167,3.000018128));
#121=DIRECTION('',(-0.000182956,-0.999999983,0.));
#122=VECTOR('',#121,8.000000134);
#123=LINE('',#120,#122);
#124=EDGE_CURVE('',#119,#111,#123,.T.);
#125=ORIENTED_EDGE('',*,*,#124,.F.);
#126=CARTESIAN_POINT('',(119.067128678,-129.000000167,3.000018128));
#127=VERTEX_POINT('',#126);
#128=CARTESIAN_POINT('',(117.001463313,-129.000000167,3.000018128));
#129=DIRECTION('',(1.,0.,-0.));
#130=VECTOR('',#129,2.065665365);
#131=LINE('',#128,#130);
#132=EDGE_CURVE('',#119,#127,#131,.T.);
#133=ORIENTED_EDGE('',*,*,#132,.T.);
#134=CARTESIAN_POINT('',(119.090605115,-129.000389864,3.000018128));
#135=VERTEX_POINT('',#134);
#136=CARTESIAN_POINT('',(119.067128678,-129.000000167,3.000018128));
#137=CARTESIAN_POINT('',(119.074962615,-129.000000167,3.000018128));
#138=CARTESIAN_POINT('',(119.082788943,-129.000130343,3.000018128));
#139=CARTESIAN_POINT('',(119.090604323,-129.000389838,3.000018128));
#140=B_SPLINE_CURVE_WITH_KNOTS('',3,(#136,#137,#138,#139),.UNSPECIFIED.,.F.,.F.,(4,4),(0.,0.000023229),.UNSPECIFIED.);
#141=EDGE_CURVE('',#127,#135,#140,.T.);
#142=ORIENTED_EDGE('',*,*,#141,.T.);
#143=CARTESIAN_POINT('',(119.090605115,31.000391322,3.000018128));
#144=VERTEX_POINT('',#143);
#145=CARTESIAN_POINT('',(119.090605115,-129.000389864,3.000018128));
#146=DIRECTION('',(0.,1.,-0.));
#147=VECTOR('',#146,160.000781186);
#148=LINE('',#145,#147);
#149=EDGE_CURVE('',#135,#144,#148,.T.);
#150=ORIENTED_EDGE('',*,*,#149,.T.);
#151=CARTESIAN_POINT('',(119.067128678,30.999999833,3.000018128));
#152=VERTEX_POINT('',#151);
#153=CARTESIAN_POINT('',(119.090604586,31.000391304,3.000018128));
#154=CARTESIAN_POINT('',(119.082786775,31.000130621,3.000018128));
#155=CARTESIAN_POINT('',(119.074960258,30.999999833,3.000018128));
#156=CARTESIAN_POINT('',(119.067128678,30.999999833,3.000018128));
#157=B_SPLINE_CURVE_WITH_KNOTS('',3,(#153,#154,#155,#156),.UNSPECIFIED.,.F.,.F.,(4,4),(0.0010817,0.00110497),.UNSPECIFIED.);
#158=EDGE_CURVE('',#144,#152,#157,.T.);
#159=ORIENTED_EDGE('',*,*,#158,.T.);
#160=CARTESIAN_POINT('',(116.999999665,30.999999833,3.000018128));
#161=VERTEX_POINT('',#160);
#162=CARTESIAN_POINT('',(119.067128678,30.999999833,3.000018128));
#163=DIRECTION('',(-1.,0.,0.));
#164=VECTOR('',#163,2.067129013);
#165=LINE('',#162,#164);
#166=EDGE_CURVE('',#152,#161,#165,.T.);
#167=ORIENTED_EDGE('',*,*,#166,.T.);
#168=CARTESIAN_POINT('',(117.001463313,38.999999833,3.000018128));
#169=VERTEX_POINT('',#168);
#170=CARTESIAN_POINT('',(117.001463313,38.999999833,3.000018128));
#171=DIRECTION('',(-0.000182956,-0.999999983,0.));
#172=VECTOR('',#171,8.000000134);
#173=LINE('',#170,#172);
#174=EDGE_CURVE('',#169,#161,#173,.T.);
#175=ORIENTED_EDGE('',*,*,#174,.F.);
#176=CARTESIAN_POINT('',(197.000000335,38.999999833,3.000018128));
#177=VERTEX_POINT('',#176);
#178=CARTESIAN_POINT('',(117.001463313,38.999999833,3.000018128));
#179=DIRECTION('',(1.,0.,-0.));
#180=VECTOR('',#179,79.998537022);
#181=LINE('',#178,#180);
#182=EDGE_CURVE('',#169,#177,#181,.T.);
#183=ORIENTED_EDGE('',*,*,#182,.T.);
#184=CARTESIAN_POINT('',(197.000000335,30.999999833,3.000018128));
#185=VERTEX_POINT('',#184);
#186=CARTESIAN_POINT('',(197.000000335,38.999999833,3.000018128));
#187=DIRECTION('',(0.,-1.,0.));
#188=VECTOR('',#187,8.);
#189=LINE('',#186,#188);
#190=EDGE_CURVE('',#177,#185,#189,.T.);
#191=ORIENTED_EDGE('',*,*,#190,.T.);
#192=CARTESIAN_POINT('',(197.000000335,30.999999833,3.000018128));
#193=DIRECTION('',(-1.,0.,0.));
#194=VECTOR('',#193,2.066883591);
#195=LINE('',#192,#194);
#196=EDGE_CURVE('',#185,#67,#195,.T.);
#197=ORIENTED_EDGE('',*,*,#196,.T.);
#198=EDGE_LOOP('',(#76,#84,#93,#101,#109,#117,#125,#133,#142,#150,#159,#167,#175,#183,#191,#197));
#199=FACE_BOUND('',#198,.T.);
#200=ADVANCED_FACE('',(#65,#199),#31,.F.);
#201=CARTESIAN_POINT('',(193.725212797,31.999981872,0.000018128));
#202=DIRECTION('',(0.,1.,0.));
#203=DIRECTION('',(0.,0.,1.));
#204=AXIS2_PLACEMENT_3D('',#201,#202,#203);
#205=PLANE('',#204);
#206=CARTESIAN_POINT('',(194.202533526,31.999981872,2.000018128));
#207=VERTEX_POINT('',#206);
#208=CARTESIAN_POINT('',(194.202533526,31.999981872,2.292911347));
#209=VERTEX_POINT('',#208);
#210=CARTESIAN_POINT('',(194.202533526,31.999981872,2.000018128));
#211=DIRECTION('',(0.,0.,1.));
#212=VECTOR('',#211,0.292893219);
#213=LINE('',#210,#212);
#214=EDGE_CURVE('',#207,#209,#213,.T.);
#215=ORIENTED_EDGE('',*,*,#214,.T.);
#216=CARTESIAN_POINT('',(194.225551938,31.999981872,2.471861347));
#217=VERTEX_POINT('',#216);
#218=CARTESIAN_POINT('',(194.909640307,31.999981872,2.292911347));
#219=DIRECTION('',(0.,1.,0.));
#220=DIRECTION('',(0.,-0.,1.));
#221=AXIS2_PLACEMENT_3D('',#218,#219,#220);
#222=CIRCLE('',#221,0.707106781);
#223=EDGE_CURVE('',#209,#217,#222,.T.);
#224=ORIENTED_EDGE('',*,*,#223,.T.);
#225=CARTESIAN_POINT('',(194.225551938,31.999981872,0.000018128));
#226=VERTEX_POINT('',#225);
#227=CARTESIAN_POINT('',(194.225551938,31.999981872,0.000018128));
#228=DIRECTION('',(0.,0.,1.));
#229=VECTOR('',#228,2.471843219);
#230=LINE('',#227,#229);
#231=EDGE_CURVE('',#226,#217,#230,.T.);
#232=ORIENTED_EDGE('',*,*,#231,.F.);
#233=CARTESIAN_POINT('',(193.224873657,31.999981872,0.000018128));
#234=VERTEX_POINT('',#233);
#235=CARTESIAN_POINT('',(194.225551938,31.999981872,0.000018128));
#236=DIRECTION('',(-1.,0.,0.));
#237=VECTOR('',#236,1.000678281);
#238=LINE('',#235,#237);
#239=EDGE_CURVE('',#226,#234,#238,.T.);
#240=ORIENTED_EDGE('',*,*,#239,.T.);
#241=CARTESIAN_POINT('',(193.224873657,31.999981872,2.000018128));
#242=VERTEX_POINT('',#241);
#243=CARTESIAN_POINT('',(193.224873657,31.999981872,0.000018128));
#244=DIRECTION('',(0.,0.,1.));
#245=VECTOR('',#244,2.);
#246=LINE('',#243,#245);
#247=EDGE_CURVE('',#234,#242,#246,.T.);
#248=ORIENTED_EDGE('',*,*,#247,.T.);
#249=CARTESIAN_POINT('',(194.202533526,31.999981872,2.000018128));
#250=DIRECTION('',(-1.,0.,0.));
#251=VECTOR('',#250,0.977659869);
#252=LINE('',#249,#251);
#253=EDGE_CURVE('',#207,#242,#252,.T.);
#254=ORIENTED_EDGE('',*,*,#253,.F.);
#255=EDGE_LOOP('',(#215,#224,#232,#240,#248,#254));
#256=FACE_BOUND('',#255,.T.);
#257=ADVANCED_FACE('',(#256),#205,.T.);
#258=CARTESIAN_POINT('',(192.517264199,-129.000000167,0.000018128));
#259=CARTESIAN_POINT('',(192.517264199,-129.000000167,2.999680846));
#260=CARTESIAN_POINT('',(192.610429945,-129.000000167,0.000018128));
#261=CARTESIAN_POINT('',(192.610429945,-129.000000167,2.999680846));
#262=CARTESIAN_POINT('',(192.794528823,-129.036799817,0.000018128));
#263=CARTESIAN_POINT('',(192.794528823,-129.036799817,2.999680846));
#264=CARTESIAN_POINT('',(193.030503651,-129.193659964,0.000018128));
#265=CARTESIAN_POINT('',(193.030503651,-129.193659964,2.999680846));
#266=CARTESIAN_POINT('',(193.187832063,-129.429327735,0.000018128));
#267=CARTESIAN_POINT('',(193.187832063,-129.429327735,2.999680846));
#268=CARTESIAN_POINT('',(193.224873657,-129.613927504,0.000018128));
#269=CARTESIAN_POINT('',(193.224873657,-129.613927504,2.999680846));
#270=CARTESIAN_POINT('',(193.224873657,-129.707106948,0.000018128));
#271=CARTESIAN_POINT('',(193.224873657,-129.707106948,2.999680846));
#272=B_SPLINE_SURFACE_WITH_KNOTS('',3,1,((#258,#259),(#260,#261),(#262,#263),(#264,#265),(#266,#267),(#268,#269),(#270,#271)),.UNSPECIFIED.,.F.,.F.,.U.,(4,1,1,1,4),(2,2),(0.,0.000276248,0.000552253,0.000828133,0.001105008),(0.,0.999887573),.UNSPECIFIED.);
#273=CARTESIAN_POINT('',(193.202533526,-129.530930951,2.000018128));
#274=VERTEX_POINT('',#273);
#275=CARTESIAN_POINT('',(193.202533526,-129.530930961,2.292911347));
#276=VERTEX_POINT('',#275);
#277=CARTESIAN_POINT('',(193.202533526,-129.530930961,2.000018128));
#278=DIRECTION('',(0.,0.,1.));
#279=VECTOR('',#278,0.292893219);
#280=LINE('',#277,#279);
#281=EDGE_CURVE('',#274,#276,#280,.T.);
#282=ORIENTED_EDGE('',*,*,#281,.T.);
#283=CARTESIAN_POINT('',(192.517264199,-129.000000167,2.999680846));
#284=VERTEX_POINT('',#283);
#285=CARTESIAN_POINT('',(193.202533526,-129.530930961,2.292911347));
#286=CARTESIAN_POINT('',(193.202533526,-129.530930961,2.345238572));
#287=CARTESIAN_POINT('',(193.196759827,-129.507865627,2.393283716));
#288=CARTESIAN_POINT('',(193.18781182,-129.481316914,2.436448479));
#289=CARTESIAN_POINT('',(193.178863813,-129.454768202,2.479613241));
#290=CARTESIAN_POINT('',(193.166510912,-129.423844963,2.519444241));
#291=CARTESIAN_POINT('',(193.151216171,-129.393039194,2.557373498));
#292=CARTESIAN_POINT('',(193.120626688,-129.331427657,2.633232012));
#293=CARTESIAN_POINT('',(193.077355542,-129.267413403,2.703408769));
#294=CARTESIAN_POINT('',(193.020754904,-129.210150065,2.766229766));
#295=CARTESIAN_POINT('',(192.964154265,-129.152886728,2.829050763));
#296=CARTESIAN_POINT('',(192.892569708,-129.100499084,2.88562434));
#297=CARTESIAN_POINT('',(192.807276929,-129.062141707,2.927536797));
#298=CARTESIAN_POINT('',(192.721984151,-129.023784331,2.969449255));
#299=CARTESIAN_POINT('',(192.621194033,-129.000000167,2.996469668));
#300=CARTESIAN_POINT('',(192.517264199,-129.000000167,2.999680846));
#301=B_SPLINE_CURVE_WITH_KNOTS('',3,(#285,#286,#287,#288,#289,#290,#291,#292,#293,#294,#295,#296,#297,#298,#299,#300),.UNSPECIFIED.,.F.,.F.,(4,3,3,3,3,4),(0.,0.000154035,0.00030807,0.000616139,0.000924209,0.001232279),.UNSPECIFIED.);
#302=EDGE_CURVE('',#276,#284,#301,.T.);
#303=ORIENTED_EDGE('',*,*,#302,.T.);
#304=CARTESIAN_POINT('',(192.517264199,-129.000000167,0.000018128));
#305=VERTEX_POINT('',#304);
#306=CARTESIAN_POINT('',(192.517264199,-129.000000167,0.000018128));
#307=DIRECTION('',(0.,0.,1.));
#308=VECTOR('',#307,2.999662718);
#309=LINE('',#306,#308);
#310=EDGE_CURVE('',#305,#284,#309,.T.);
#311=ORIENTED_EDGE('',*,*,#310,.F.);
#312=CARTESIAN_POINT('',(193.224873657,-129.707106948,0.000018128));
#313=VERTEX_POINT('',#312);
#314=CARTESIAN_POINT('',(192.517264199,-129.000000167,0.000018128));
#315=CARTESIAN_POINT('',(192.610429945,-129.000000167,0.000018128));
#316=CARTESIAN_POINT('',(192.794528823,-129.036799817,0.000018128));
#317=CARTESIAN_POINT('',(193.030503651,-129.193659964,0.000018128));
#318=CARTESIAN_POINT('',(193.187832063,-129.429327735,0.000018128));
#319=CARTESIAN_POINT('',(193.224873657,-129.613927504,0.000018128));
#320=CARTESIAN_POINT('',(193.224873657,-129.707106948,0.000018128));
#321=B_SPLINE_CURVE_WITH_KNOTS('',3,(#314,#315,#316,#317,#318,#319,#320),.UNSPECIFIED.,.F.,.F.,(4,1,1,1,4),(0.,0.000276248,0.000552253,0.000828133,0.001105008),.UNSPECIFIED.);
#322=EDGE_CURVE('',#305,#313,#321,.T.);
#323=ORIENTED_EDGE('',*,*,#322,.T.);
#324=CARTESIAN_POINT('',(193.224873657,-129.707106948,2.000018128));
#325=VERTEX_POINT('',#324);
#326=CARTESIAN_POINT('',(193.224873657,-129.707106948,0.000018128));
#327=DIRECTION('',(0.,0.,1.));
#328=VECTOR('',#327,2.);
#329=LINE('',#326,#328);
#330=EDGE_CURVE('',#313,#325,#329,.T.);
#331=ORIENTED_EDGE('',*,*,#330,.T.);
#332=CARTESIAN_POINT('',(193.202533619,-129.53093131,2.000018128));
#333=CARTESIAN_POINT('',(193.217294685,-129.588291975,2.000018128));
#334=CARTESIAN_POINT('',(193.224873657,-129.647553721,2.000018128));
#335=CARTESIAN_POINT('',(193.224873657,-129.707106948,2.000018128));
#336=B_SPLINE_CURVE_WITH_KNOTS('',3,(#332,#333,#334,#335),.UNSPECIFIED.,.F.,.F.,(4,4),(0.00092805,0.001105008),.UNSPECIFIED.);
#337=EDGE_CURVE('',#274,#325,#336,.T.);
#338=ORIENTED_EDGE('',*,*,#337,.F.);
#339=EDGE_LOOP('',(#282,#303,#311,#323,#331,#338));
#340=FACE_BOUND('',#339,.T.);
#341=ADVANCED_FACE('',(#340),#272,.T.);
#342=CARTESIAN_POINT('',(120.275032625,-131.000018128,0.000018128));
#343=DIRECTION('',(0.,-1.,0.));
#344=DIRECTION('',(0.,0.,-1.));
#345=AXIS2_PLACEMENT_3D('',#342,#343,#344);
#346=PLANE('',#345);
#347=CARTESIAN_POINT('',(119.797711896,-131.000018128,2.000018128));
#348=VERTEX_POINT('',#347);
#349=CARTESIAN_POINT('',(119.797711896,-131.000018128,2.292911347));
#350=VERTEX_POINT('',#349);
#351=CARTESIAN_POINT('',(119.797711896,-131.000018128,2.000018128));
#352=DIRECTION('',(0.,0.,1.));
#353=VECTOR('',#352,0.292893219);
#354=LINE('',#351,#353);
#355=EDGE_CURVE('',#348,#350,#354,.T.);
#356=ORIENTED_EDGE('',*,*,#355,.T.);
#357=CARTESIAN_POINT('',(119.774693484,-131.000018128,2.471861347));
#358=VERTEX_POINT('',#357);
#359=CARTESIAN_POINT('',(119.090605115,-131.000018128,2.292911347));
#360=DIRECTION('',(0.,-1.,0.));
#361=DIRECTION('',(0.,0.,-1.));
#362=AXIS2_PLACEMENT_3D('',#359,#360,#361);
#363=CIRCLE('',#362,0.707106781);
#364=EDGE_CURVE('',#350,#358,#363,.T.);
#365=ORIENTED_EDGE('',*,*,#364,.T.);
#366=CARTESIAN_POINT('',(119.774693484,-131.000018128,0.000018128));
#367=VERTEX_POINT('',#366);
#368=CARTESIAN_POINT('',(119.774693484,-131.000018128,0.000018128));
#369=DIRECTION('',(0.,0.,1.));
#370=VECTOR('',#369,2.471843219);
#371=LINE('',#368,#370);
#372=EDGE_CURVE('',#367,#358,#371,.T.);
#373=ORIENTED_EDGE('',*,*,#372,.F.);
#374=CARTESIAN_POINT('',(120.775371765,-131.000018128,0.000018128));
#375=VERTEX_POINT('',#374);
#376=CARTESIAN_POINT('',(119.774693484,-131.000018128,0.000018128));
#377=DIRECTION('',(1.,0.,-0.));
#378=VECTOR('',#377,1.000678281);
#379=LINE('',#376,#378);
#380=EDGE_CURVE('',#367,#375,#379,.T.);
#381=ORIENTED_EDGE('',*,*,#380,.T.);
#382=CARTESIAN_POINT('',(120.775371765,-131.000018128,2.000018128));
#383=VERTEX_POINT('',#382);
#384=CARTESIAN_POINT('',(120.775371765,-131.000018128,0.000018128));
#385=DIRECTION('',(0.,0.,1.));
#386=VECTOR('',#385,2.);
#387=LINE('',#384,#386);
#388=EDGE_CURVE('',#375,#383,#387,.T.);
#389=ORIENTED_EDGE('',*,*,#388,.T.);
#390=CARTESIAN_POINT('',(119.797711896,-131.000018128,2.000018128));
#391=DIRECTION('',(1.,0.,-0.));
#392=VECTOR('',#391,0.977659869);
#393=LINE('',#390,#392);
#394=EDGE_CURVE('',#348,#383,#393,.T.);
#395=ORIENTED_EDGE('',*,*,#394,.F.);
#396=EDGE_LOOP('',(#356,#365,#373,#381,#389,#395));
#397=FACE_BOUND('',#396,.T.);
#398=ADVANCED_FACE('',(#397),#346,.T.);
#399=CARTESIAN_POINT('',(10.5,226.999981872,3.000018128));
#400=DIRECTION('',(0.,0.,-1.));
#401=DIRECTION('',(0.,1.,0.));
#402=AXIS2_PLACEMENT_3D('',#399,#400,#401);
#403=PLANE('',#402);
#404=CARTESIAN_POINT('',(176.202533526,-129.000009148,3.000018128));
#405=VERTEX_POINT('',#404);
#406=CARTESIAN_POINT('',(192.495426745,-129.000000167,3.000018128));
#407=VERTEX_POINT('',#406);
#408=CARTESIAN_POINT('',(176.202533526,-129.000000167,3.000018128));
#409=DIRECTION('',(1.,0.,-0.));
#410=VECTOR('',#409,16.292893219);
#411=LINE('',#408,#410);
#412=EDGE_CURVE('',#405,#407,#411,.T.);
#413=ORIENTED_EDGE('',*,*,#412,.T.);
#414=CARTESIAN_POINT('',(192.495426745,30.999999833,3.000018128));
#415=VERTEX_POINT('',#414);
#416=CARTESIAN_POINT('',(192.495426745,-129.000000167,3.000018128));
#417=DIRECTION('',(-0.,1.,0.));
#418=VECTOR('',#417,160.);
#419=LINE('',#416,#418);
#420=EDGE_CURVE('',#407,#415,#419,.T.);
#421=ORIENTED_EDGE('',*,*,#420,.T.);
#422=CARTESIAN_POINT('',(121.504818677,30.999999833,3.000018128));
#423=VERTEX_POINT('',#422);
#424=CARTESIAN_POINT('',(192.495426745,30.999999833,3.000018128));
#425=DIRECTION('',(-1.,0.,0.));
#426=VECTOR('',#425,70.990608068);
#427=LINE('',#424,#426);
#428=EDGE_CURVE('',#415,#423,#427,.T.);
#429=ORIENTED_EDGE('',*,*,#428,.T.);
#430=CARTESIAN_POINT('',(121.504818677,-129.000000167,3.000018128));
#431=VERTEX_POINT('',#430);
#432=CARTESIAN_POINT('',(121.504818677,30.999999833,3.000018128));
#433=DIRECTION('',(-0.,-1.,0.));
#434=VECTOR('',#433,160.);
#435=LINE('',#432,#434);
#436=EDGE_CURVE('',#423,#431,#435,.T.);
#437=ORIENTED_EDGE('',*,*,#436,.T.);
#438=CARTESIAN_POINT('',(137.797711896,-129.000009148,3.000018128));
#439=VERTEX_POINT('',#438);
#440=CARTESIAN_POINT('',(121.504818677,-129.000000167,3.000018128));
#441=DIRECTION('',(1.,0.,-0.));
#442=VECTOR('',#441,16.292893219);
#443=LINE('',#440,#442);
#444=EDGE_CURVE('',#431,#439,#443,.T.);
#445=ORIENTED_EDGE('',*,*,#444,.T.);
#446=CARTESIAN_POINT('',(137.797711896,30.999981872,3.000018128));
#447=VERTEX_POINT('',#446);
#448=CARTESIAN_POINT('',(137.797711896,30.999981872,3.000018128));
#449=DIRECTION('',(0.,-1.,0.));
#450=VECTOR('',#449,159.999982039);
#451=LINE('',#448,#450);
#452=EDGE_CURVE('',#447,#439,#451,.T.);
#453=ORIENTED_EDGE('',*,*,#452,.F.);
#454=CARTESIAN_POINT('',(176.202533526,30.999981872,3.000018128));
#455=VERTEX_POINT('',#454);
#456=CARTESIAN_POINT('',(176.202533526,30.999981872,3.000018128));
#457=DIRECTION('',(-1.,0.,0.));
#458=VECTOR('',#457,38.40482163);
#459=LINE('',#456,#458);
#460=EDGE_CURVE('',#455,#447,#459,.T.);
#461=ORIENTED_EDGE('',*,*,#460,.F.);
#462=CARTESIAN_POINT('',(176.202533526,-129.000000167,3.000018128));
#463=DIRECTION('',(0.,1.,0.));
#464=VECTOR('',#463,159.999982039);
#465=LINE('',#462,#464);
#466=EDGE_CURVE('',#405,#455,#465,.T.);
#467=ORIENTED_EDGE('',*,*,#466,.F.);
#468=EDGE_LOOP('',(#413,#421,#429,#437,#445,#453,#461,#467));
#469=FACE_BOUND('',#468,.T.);
#470=ADVANCED_FACE('',(#469),#403,.F.);
#471=CARTESIAN_POINT('',(121.482981223,30.999999833,0.000018128));
#472=CARTESIAN_POINT('',(121.482981223,30.999999833,2.999680846));
#473=CARTESIAN_POINT('',(121.389815477,30.999999833,0.000018128));
#474=CARTESIAN_POINT('',(121.389815477,30.999999833,2.999680846));
#475=CARTESIAN_POINT('',(121.205716599,31.036799483,0.000018128));
#476=CARTESIAN_POINT('',(121.205716599,31.036799483,2.999680846));
#477=CARTESIAN_POINT('',(120.969741771,31.19365963,0.000018128));
#478=CARTESIAN_POINT('',(120.969741771,31.19365963,2.999680846));
#479=CARTESIAN_POINT('',(120.812413359,31.429327401,0.000018128));
#480=CARTESIAN_POINT('',(120.812413359,31.429327401,2.999680846));
#481=CARTESIAN_POINT('',(120.775371765,31.61392717,0.000018128));
#482=CARTESIAN_POINT('',(120.775371765,31.61392717,2.999680846));
#483=CARTESIAN_POINT('',(120.775371765,31.707106614,0.000018128));
#484=CARTESIAN_POINT('',(120.775371765,31.707106614,2.999680846));
#485=B_SPLINE_SURFACE_WITH_KNOTS('',3,1,((#471,#472),(#473,#474),(#475,#476),(#477,#478),(#479,#480),(#481,#482),(#483,#484)),.UNSPECIFIED.,.F.,.F.,.U.,(4,1,1,1,4),(2,2),(0.,0.000276248,0.000552253,0.000828133,0.001105008),(0.,0.999887573),.UNSPECIFIED.);
#486=CARTESIAN_POINT('',(120.797711896,31.530930617,2.000018128));
#487=VERTEX_POINT('',#486);
#488=CARTESIAN_POINT('',(120.797711896,31.530930627,2.292911347));
#489=VERTEX_POINT('',#488);
#490=CARTESIAN_POINT('',(120.797711896,31.530930627,2.000018128));
#491=DIRECTION('',(0.,0.,1.));
#492=VECTOR('',#491,0.292893219);
#493=LINE('',#490,#492);
#494=EDGE_CURVE('',#487,#489,#493,.T.);
#495=ORIENTED_EDGE('',*,*,#494,.T.);
#496=CARTESIAN_POINT('',(121.482981223,30.999999833,2.999680846));
#497=VERTEX_POINT('',#496);
#498=CARTESIAN_POINT('',(120.797711896,31.530930627,2.292911347));
#499=CARTESIAN_POINT('',(120.797711896,31.530930627,2.345238572));
#500=CARTESIAN_POINT('',(120.803485595,31.507865293,2.393283716));
#501=CARTESIAN_POINT('',(120.812433602,31.48131658,2.436448479));
#502=CARTESIAN_POINT('',(120.821381609,31.454767868,2.479613241));
#503=CARTESIAN_POINT('',(120.83373451,31.423844629,2.519444241));
#504=CARTESIAN_POINT('',(120.849029251,31.39303886,2.557373498));
#505=CARTESIAN_POINT('',(120.879618734,31.331427323,2.633232012));
#506=CARTESIAN_POINT('',(120.92288988,31.267413069,2.703408769));
#507=CARTESIAN_POINT('',(120.979490518,31.210149731,2.766229766));
#508=CARTESIAN_POINT('',(121.036091157,31.152886394,2.829050763));
#509=CARTESIAN_POINT('',(121.107675714,31.10049875,2.88562434));
#510=CARTESIAN_POINT('',(121.192968493,31.062141373,2.927536797));
#511=CARTESIAN_POINT('',(121.278261271,31.023783997,2.969449255));
#512=CARTESIAN_POINT('',(121.379051389,30.999999833,2.996469668));
#513=CARTESIAN_POINT('',(121.482981223,30.999999833,2.999680846));
#514=B_SPLINE_CURVE_WITH_KNOTS('',3,(#498,#499,#500,#501,#502,#503,#504,#505,#506,#507,#508,#509,#510,#511,#512,#513),.UNSPECIFIED.,.F.,.F.,(4,3,3,3,3,4),(0.,0.000154035,0.00030807,0.000616139,0.000924209,0.001232279),.UNSPECIFIED.);
#515=EDGE_CURVE('',#489,#497,#514,.T.);
#516=ORIENTED_EDGE('',*,*,#515,.T.);
#517=CARTESIAN_POINT('',(121.482981223,30.999999833,0.000018128));
#518=VERTEX_POINT('',#517);
#519=CARTESIAN_POINT('',(121.482981223,30.999999833,0.000018128));
#520=DIRECTION('',(0.,0.,1.));
#521=VECTOR('',#520,2.999662718);
#522=LINE('',#519,#521);
#523=EDGE_CURVE('',#518,#497,#522,.T.);
#524=ORIENTED_EDGE('',*,*,#523,.F.);
#525=CARTESIAN_POINT('',(120.775371765,31.707106614,0.000018128));
#526=VERTEX_POINT('',#525);
#527=CARTESIAN_POINT('',(121.482981223,30.999999833,0.000018128));
#528=CARTESIAN_POINT('',(121.389815477,30.999999833,0.000018128));
#529=CARTESIAN_POINT('',(121.205716599,31.036799483,0.000018128));
#530=CARTESIAN_POINT('',(120.969741771,31.19365963,0.000018128));
#531=CARTESIAN_POINT('',(120.812413359,31.429327401,0.000018128));
#532=CARTESIAN_POINT('',(120.775371765,31.61392717,0.000018128));
#533=CARTESIAN_POINT('',(120.775371765,31.707106614,0.000018128));
#534=B_SPLINE_CURVE_WITH_KNOTS('',3,(#527,#528,#529,#530,#531,#532,#533),.UNSPECIFIED.,.F.,.F.,(4,1,1,1,4),(0.,0.000276248,0.000552253,0.000828133,0.001105008),.UNSPECIFIED.);
#535=EDGE_CURVE('',#518,#526,#534,.T.);
#536=ORIENTED_EDGE('',*,*,#535,.T.);
#537=CARTESIAN_POINT('',(120.775371765,31.707106614,2.000018128));
#538=VERTEX_POINT('',#537);
#539=CARTESIAN_POINT('',(120.775371765,31.707106614,0.000018128));
#540=DIRECTION('',(0.,0.,1.));
#541=VECTOR('',#540,2.);
#542=LINE('',#539,#541);
#543=EDGE_CURVE('',#526,#538,#542,.T.);
#544=ORIENTED_EDGE('',*,*,#543,.T.);
#545=CARTESIAN_POINT('',(120.797711803,31.530930976,2.000018128));
#546=CARTESIAN_POINT('',(120.782950737,31.588291641,2.000018128));
#547=CARTESIAN_POINT('',(120.775371765,31.647553387,2.000018128));
#548=CARTESIAN_POINT('',(120.775371765,31.707106614,2.000018128));
#549=B_SPLINE_CURVE_WITH_KNOTS('',3,(#545,#546,#547,#548),.UNSPECIFIED.,.F.,.F.,(4,4),(0.00092805,0.001105008),.UNSPECIFIED.);
#550=EDGE_CURVE('',#487,#538,#549,.T.);
#551=ORIENTED_EDGE('',*,*,#550,.F.);
#552=EDGE_LOOP('',(#495,#516,#524,#536,#544,#551));
#553=FACE_BOUND('',#552,.T.);
#554=ADVANCED_FACE('',(#553),#485,.T.);
#555=CARTESIAN_POINT('',(184.359898863,-129.000000167,0.000018128));
#556=DIRECTION('',(0.,-1.,0.));
#557=DIRECTION('',(0.,0.,-1.));
#558=AXIS2_PLACEMENT_3D('',#555,#556,#557);
#559=PLANE('',#558);
#560=ORIENTED_EDGE('',*,*,#310,.T.);
#561=CARTESIAN_POINT('',(192.495426745,-129.000000167,2.292911347));
#562=DIRECTION('',(0.,-1.,0.));
#563=DIRECTION('',(0.,0.,-1.));
#564=AXIS2_PLACEMENT_3D('',#561,#562,#563);
#565=CIRCLE('',#564,0.707106781);
#566=EDGE_CURVE('',#284,#407,#565,.T.);
#567=ORIENTED_EDGE('',*,*,#566,.T.);
#568=ORIENTED_EDGE('',*,*,#412,.F.);
#569=CARTESIAN_POINT('',(176.202533526,-129.000009148,0.000018128));
#570=VERTEX_POINT('',#569);
#571=CARTESIAN_POINT('',(176.202533526,-129.000000167,0.000018128));
#572=DIRECTION('',(-0.,-0.,1.));
#573=VECTOR('',#572,3.);
#574=LINE('',#571,#573);
#575=EDGE_CURVE('',#570,#405,#574,.T.);
#576=ORIENTED_EDGE('',*,*,#575,.F.);
#577=CARTESIAN_POINT('',(176.202533526,-129.000000167,0.000018128));
#578=DIRECTION('',(1.,0.,-0.));
#579=VECTOR('',#578,16.314730673);
#580=LINE('',#577,#579);
#581=EDGE_CURVE('',#570,#305,#580,.T.);
#582=ORIENTED_EDGE('',*,*,#581,.T.);
#583=EDGE_LOOP('',(#560,#567,#568,#576,#582));
#584=FACE_BOUND('',#583,.T.);
#585=ADVANCED_FACE('',(#584),#559,.T.);
#586=CARTESIAN_POINT('',(176.202533526,-49.000009148,0.000018128));
#587=DIRECTION('',(1.,0.,0.));
#588=DIRECTION('',(0.,0.,-1.));
#589=AXIS2_PLACEMENT_3D('',#586,#587,#588);
#590=PLANE('',#589);
#591=ORIENTED_EDGE('',*,*,#466,.T.);
#592=CARTESIAN_POINT('',(176.202533526,30.999981872,0.000018128));
#593=VERTEX_POINT('',#592);
#594=CARTESIAN_POINT('',(176.202533526,30.999981872,0.000018128));
#595=DIRECTION('',(0.,0.,1.));
#596=VECTOR('',#595,3.);
#597=LINE('',#594,#596);
#598=EDGE_CURVE('',#593,#455,#597,.T.);
#599=ORIENTED_EDGE('',*,*,#598,.F.);
#600=CARTESIAN_POINT('',(176.202533526,-129.000000167,0.000018128));
#601=DIRECTION('',(0.,1.,0.));
#602=VECTOR('',#601,159.999982039);
#603=LINE('',#600,#602);
#604=EDGE_CURVE('',#570,#593,#603,.T.);
#605=ORIENTED_EDGE('',*,*,#604,.F.);
#606=ORIENTED_EDGE('',*,*,#575,.T.);
#607=EDGE_LOOP('',(#591,#599,#605,#606));
#608=FACE_BOUND('',#607,.T.);
#609=ADVANCED_FACE('',(#608),#590,.F.);
#610=CARTESIAN_POINT('',(157.000122711,30.999981872,0.000018128));
#611=DIRECTION('',(0.,1.,0.));
#612=DIRECTION('',(0.,0.,1.));
#613=AXIS2_PLACEMENT_3D('',#610,#611,#612);
#614=PLANE('',#613);
#615=ORIENTED_EDGE('',*,*,#460,.T.);
#616=CARTESIAN_POINT('',(137.797711896,30.999981872,0.000018128));
#617=VERTEX_POINT('',#616);
#618=CARTESIAN_POINT('',(137.797711896,30.999981872,0.000018128));
#619=DIRECTION('',(0.,0.,1.));
#620=VECTOR('',#619,3.);
#621=LINE('',#618,#620);
#622=EDGE_CURVE('',#617,#447,#621,.T.);
#623=ORIENTED_EDGE('',*,*,#622,.F.);
#624=CARTESIAN_POINT('',(176.202533526,30.999981872,0.000018128));
#625=DIRECTION('',(-1.,0.,0.));
#626=VECTOR('',#625,38.40482163);
#627=LINE('',#624,#626);
#628=EDGE_CURVE('',#593,#617,#627,.T.);
#629=ORIENTED_EDGE('',*,*,#628,.F.);
#630=ORIENTED_EDGE('',*,*,#598,.T.);
#631=EDGE_LOOP('',(#615,#623,#629,#630));
#632=FACE_BOUND('',#631,.T.);
#633=ADVANCED_FACE('',(#632),#614,.F.);
#634=CARTESIAN_POINT('',(137.797711896,-49.000009148,0.000018128));
#635=DIRECTION('',(-1.,0.,0.));
#636=DIRECTION('',(0.,0.,1.));
#637=AXIS2_PLACEMENT_3D('',#634,#635,#636);
#638=PLANE('',#637);
#639=ORIENTED_EDGE('',*,*,#452,.T.);
#640=CARTESIAN_POINT('',(137.797711896,-129.000009148,0.000018128));
#641=VERTEX_POINT('',#640);
#642=CARTESIAN_POINT('',(137.797711896,-129.000009148,0.000018128));
#643=DIRECTION('',(0.,0.,1.));
#644=VECTOR('',#643,3.);
#645=LINE('',#642,#644);
#646=EDGE_CURVE('',#641,#439,#645,.T.);
#647=ORIENTED_EDGE('',*,*,#646,.F.);
#648=CARTESIAN_POINT('',(137.797711896,30.999981872,0.000018128));
#649=DIRECTION('',(0.,-1.,0.));
#650=VECTOR('',#649,159.999982039);
#651=LINE('',#648,#650);
#652=EDGE_CURVE('',#617,#641,#651,.T.);
#653=ORIENTED_EDGE('',*,*,#652,.F.);
#654=ORIENTED_EDGE('',*,*,#622,.T.);
#655=EDGE_LOOP('',(#639,#647,#653,#654));
#656=FACE_BOUND('',#655,.T.);
#657=ADVANCED_FACE('',(#656),#638,.F.);
#658=CARTESIAN_POINT('',(129.640346559,-129.000000167,0.000018128));
#659=DIRECTION('',(0.,-1.,0.));
#660=DIRECTION('',(0.,0.,-1.));
#661=AXIS2_PLACEMENT_3D('',#658,#659,#660);
#662=PLANE('',#661);
#663=ORIENTED_EDGE('',*,*,#444,.F.);
#664=CARTESIAN_POINT('',(121.482981223,-129.000000167,2.999680846));
#665=VERTEX_POINT('',#664);
#666=CARTESIAN_POINT('',(121.504818677,-129.000000167,2.292911347));
#667=DIRECTION('',(0.,-1.,0.));
#668=DIRECTION('',(0.,0.,-1.));
#669=AXIS2_PLACEMENT_3D('',#666,#667,#668);
#670=CIRCLE('',#669,0.707106781);
#671=EDGE_CURVE('',#431,#665,#670,.T.);
#672=ORIENTED_EDGE('',*,*,#671,.T.);
#673=CARTESIAN_POINT('',(121.482981223,-129.000000167,0.000018128));
#674=VERTEX_POINT('',#673);
#675=CARTESIAN_POINT('',(121.482981223,-129.000000167,0.000018128));
#676=DIRECTION('',(0.,0.,1.));
#677=VECTOR('',#676,2.999662718);
#678=LINE('',#675,#677);
#679=EDGE_CURVE('',#674,#665,#678,.T.);
#680=ORIENTED_EDGE('',*,*,#679,.F.);
#681=CARTESIAN_POINT('',(121.482981223,-129.000000167,0.000018128));
#682=DIRECTION('',(1.,0.,-0.));
#683=VECTOR('',#682,16.314730673);
#684=LINE('',#681,#683);
#685=EDGE_CURVE('',#674,#641,#684,.T.);
#686=ORIENTED_EDGE('',*,*,#685,.T.);
#687=ORIENTED_EDGE('',*,*,#646,.T.);
#688=EDGE_LOOP('',(#663,#672,#680,#686,#687));
#689=FACE_BOUND('',#688,.T.);
#690=ADVANCED_FACE('',(#689),#662,.T.);
#691=CARTESIAN_POINT('',(120.775371765,-129.707106948,0.000018128));
#692=CARTESIAN_POINT('',(120.775371765,-129.707106948,2.999680846));
#693=CARTESIAN_POINT('',(120.775371765,-129.613939667,0.000018128));
#694=CARTESIAN_POINT('',(120.775371765,-129.613939667,2.999680846));
#695=CARTESIAN_POINT('',(120.812256508,-129.42984438,0.000018128));
#696=CARTESIAN_POINT('',(120.812256508,-129.42984438,2.999680846));
#697=CARTESIAN_POINT('',(120.969372962,-129.194027206,0.000018128));
#698=CARTESIAN_POINT('',(120.969372962,-129.194027206,2.999680846));
#699=CARTESIAN_POINT('',(121.205202018,-129.036957106,0.000018128));
#700=CARTESIAN_POINT('',(121.205202018,-129.036957106,2.999680846));
#701=CARTESIAN_POINT('',(121.389799714,-129.000000167,0.000018128));
#702=CARTESIAN_POINT('',(121.389799714,-129.000000167,2.999680846));
#703=CARTESIAN_POINT('',(121.482981223,-129.000000167,0.000018128));
#704=CARTESIAN_POINT('',(121.482981223,-129.000000167,2.999680846));
#705=B_SPLINE_SURFACE_WITH_KNOTS('',3,1,((#691,#692),(#693,#694),(#695,#696),(#697,#698),(#699,#700),(#701,#702),(#703,#704)),.UNSPECIFIED.,.F.,.F.,.U.,(4,1,1,1,4),(2,2),(0.,0.000276248,0.000552252,0.000828133,0.001105007),(0.,0.999887573),.UNSPECIFIED.);
#706=ORIENTED_EDGE('',*,*,#679,.T.);
#707=CARTESIAN_POINT('',(120.797711896,-129.53082863,2.292911347));
#708=VERTEX_POINT('',#707);
#709=CARTESIAN_POINT('',(121.482981223,-129.000000167,2.999680846));
#710=CARTESIAN_POINT('',(121.430954442,-129.000000167,2.998073346));
#711=CARTESIAN_POINT('',(121.380619799,-129.005683751,2.990844141));
#712=CARTESIAN_POINT('',(121.331796306,-129.016354131,2.978522942));
#713=CARTESIAN_POINT('',(121.282972813,-129.027024511,2.966201743));
#714=CARTESIAN_POINT('',(121.236275334,-129.0427194,2.948773927));
#715=CARTESIAN_POINT('',(121.193486215,-129.061905248,2.92779094));
#716=CARTESIAN_POINT('',(121.150697097,-129.081091097,2.906807954));
#717=CARTESIAN_POINT('',(121.11090781,-129.104123809,2.881837623));
#718=CARTESIAN_POINT('',(121.075381982,-129.129101685,2.854680093));
#719=CARTESIAN_POINT('',(121.039856153,-129.154079561,2.827522563));
#720=CARTESIAN_POINT('',(121.008099116,-129.181200993,2.797972373));
#721=CARTESIAN_POINT('',(120.979562141,-129.210078989,2.766309246));
#722=CARTESIAN_POINT('',(120.922488189,-129.267834981,2.702982993));
#723=CARTESIAN_POINT('',(120.879839565,-129.331135138,2.633626979));
#724=CARTESIAN_POINT('',(120.8492145,-129.392692562,2.557832399));
#725=CARTESIAN_POINT('',(120.833901967,-129.423471274,2.519935108));
#726=CARTESIAN_POINT('',(120.821491103,-129.454446299,2.480032181));
#727=CARTESIAN_POINT('',(120.812504923,-129.481052419,2.436792082));
#728=CARTESIAN_POINT('',(120.803518743,-129.507658538,2.393551982));
#729=CARTESIAN_POINT('',(120.797711896,-129.530828619,2.345079044));
#730=CARTESIAN_POINT('',(120.797711896,-129.530828619,2.292911345));
#731=B_SPLINE_CURVE_WITH_KNOTS('',3,(#709,#710,#711,#712,#713,#714,#715,#716,#717,#718,#719,#720,#721,#722,#723,#724,#725,#726,#727,#728,#729,#730),.UNSPECIFIED.,.F.,.F.,(4,3,3,3,3,3,3,4),(0.,0.000153438,0.000306875,0.000460313,0.00061375,0.000920625,0.001074063,0.0012275),.UNSPECIFIED.);
#732=EDGE_CURVE('',#665,#708,#731,.T.);
#733=ORIENTED_EDGE('',*,*,#732,.T.);
#734=CARTESIAN_POINT('',(120.797711896,-129.53082863,2.000018128));
#735=VERTEX_POINT('',#734);
#736=CARTESIAN_POINT('',(120.797711896,-129.53082863,2.000018128));
#737=DIRECTION('',(0.,0.,1.));
#738=VECTOR('',#737,0.292893219);
#739=LINE('',#736,#738);
#740=EDGE_CURVE('',#735,#708,#739,.T.);
#741=ORIENTED_EDGE('',*,*,#740,.F.);
#742=CARTESIAN_POINT('',(120.775371765,-129.707106948,2.000018128));
#743=VERTEX_POINT('',#742);
#744=CARTESIAN_POINT('',(120.775371765,-129.707106948,2.000018128));
#745=CARTESIAN_POINT('',(120.775371765,-129.647410458,2.000018128));
#746=CARTESIAN_POINT('',(120.782946714,-129.58815691,2.000018128));
#747=CARTESIAN_POINT('',(120.797711796,-129.530829008,2.000018128));
#748=B_SPLINE_CURVE_WITH_KNOTS('',3,(#744,#745,#746,#747),.UNSPECIFIED.,.F.,.F.,(4,4),(0.,0.000177005),.UNSPECIFIED.);
#749=EDGE_CURVE('',#743,#735,#748,.T.);
#750=ORIENTED_EDGE('',*,*,#749,.F.);
#751=CARTESIAN_POINT('',(120.775371765,-129.707106948,0.000018128));
#752=VERTEX_POINT('',#751);
#753=CARTESIAN_POINT('',(120.775371765,-129.707106948,0.000018128));
#754=DIRECTION('',(0.,0.,1.));
#755=VECTOR('',#754,2.);
#756=LINE('',#753,#755);
#757=EDGE_CURVE('',#752,#743,#756,.T.);
#758=ORIENTED_EDGE('',*,*,#757,.F.);
#759=CARTESIAN_POINT('',(120.775371765,-129.707106948,0.000018128));
#760=CARTESIAN_POINT('',(120.775371765,-129.613939667,0.000018128));
#761=CARTESIAN_POINT('',(120.812256508,-129.42984438,0.000018128));
#762=CARTESIAN_POINT('',(120.969372962,-129.194027206,0.000018128));
#763=CARTESIAN_POINT('',(121.205202018,-129.036957106,0.000018128));
#764=CARTESIAN_POINT('',(121.389799714,-129.000000167,0.000018128));
#765=CARTESIAN_POINT('',(121.482981223,-129.000000167,0.000018128));
#766=B_SPLINE_CURVE_WITH_KNOTS('',3,(#759,#760,#761,#762,#763,#764,#765),.UNSPECIFIED.,.F.,.F.,(4,1,1,1,4),(0.,0.000276248,0.000552252,0.000828133,0.001105007),.UNSPECIFIED.);
#767=EDGE_CURVE('',#752,#674,#766,.T.);
#768=ORIENTED_EDGE('',*,*,#767,.T.);
#769=EDGE_LOOP('',(#706,#733,#741,#750,#758,#768));
#770=FACE_BOUND('',#769,.T.);
#771=ADVANCED_FACE('',(#770),#705,.T.);
#772=CARTESIAN_POINT('',(120.775371765,-130.353562538,0.000018128));
#773=DIRECTION('',(1.,0.,0.));
#774=DIRECTION('',(0.,0.,-1.));
#775=AXIS2_PLACEMENT_3D('',#772,#773,#774);
#776=PLANE('',#775);
#777=CARTESIAN_POINT('',(120.775371765,-131.000018128,2.000018128));
#778=DIRECTION('',(0.,1.,0.));
#779=VECTOR('',#778,1.29291118);
#780=LINE('',#777,#779);
#781=EDGE_CURVE('',#383,#743,#780,.T.);
#782=ORIENTED_EDGE('',*,*,#781,.F.);
#783=ORIENTED_EDGE('',*,*,#388,.F.);
#784=CARTESIAN_POINT('',(120.775371765,-131.000018128,0.000018128));
#785=DIRECTION('',(0.,1.,0.));
#786=VECTOR('',#785,1.29291118);
#787=LINE('',#784,#786);
#788=EDGE_CURVE('',#375,#752,#787,.T.);
#789=ORIENTED_EDGE('',*,*,#788,.T.);
#790=ORIENTED_EDGE('',*,*,#757,.T.);
#791=EDGE_LOOP('',(#782,#783,#789,#790));
#792=FACE_BOUND('',#791,.T.);
#793=ADVANCED_FACE('',(#792),#776,.T.);
#794=CARTESIAN_POINT('',(119.774693484,-130.353562538,0.000018128));
#795=DIRECTION('',(1.,0.,0.));
#796=DIRECTION('',(0.,0.,-1.));
#797=AXIS2_PLACEMENT_3D('',#794,#795,#796);
#798=PLANE('',#797);
#799=ORIENTED_EDGE('',*,*,#372,.T.);
#800=CARTESIAN_POINT('',(119.774693484,-129.707106948,2.471861347));
#801=VERTEX_POINT('',#800);
#802=CARTESIAN_POINT('',(119.774693484,-131.000018128,2.471861347));
#803=DIRECTION('',(0.,1.,-0.));
#804=VECTOR('',#803,1.29291118);
#805=LINE('',#802,#804);
#806=EDGE_CURVE('',#358,#801,#805,.T.);
#807=ORIENTED_EDGE('',*,*,#806,.T.);
#808=CARTESIAN_POINT('',(119.774693484,-129.707106948,0.000018128));
#809=VERTEX_POINT('',#808);
#810=CARTESIAN_POINT('',(119.774693484,-129.707106948,0.000018128));
#811=DIRECTION('',(0.,0.,1.));
#812=VECTOR('',#811,2.471843219);
#813=LINE('',#810,#812);
#814=EDGE_CURVE('',#809,#801,#813,.T.);
#815=ORIENTED_EDGE('',*,*,#814,.F.);
#816=CARTESIAN_POINT('',(119.774693484,-131.000018128,0.000018128));
#817=DIRECTION('',(0.,1.,0.));
#818=VECTOR('',#817,1.29291118);
#819=LINE('',#816,#818);
#820=EDGE_CURVE('',#367,#809,#819,.T.);
#821=ORIENTED_EDGE('',*,*,#820,.F.);
#822=EDGE_LOOP('',(#799,#807,#815,#821));
#823=FACE_BOUND('',#822,.T.);
#824=ADVANCED_FACE('',(#823),#798,.F.);
#825=CARTESIAN_POINT('',(119.067128678,-129.000000167,0.000018128));
#826=CARTESIAN_POINT('',(119.067128678,-129.000000167,3.000018128));
#827=CARTESIAN_POINT('',(119.160291408,-129.000000167,0.000018128));
#828=CARTESIAN_POINT('',(119.160291408,-129.000000167,3.000018128));
#829=CARTESIAN_POINT('',(119.344383682,-129.036804216,0.000018128));
#830=CARTESIAN_POINT('',(119.344383682,-129.036804216,3.000018128));
#831=CARTESIAN_POINT('',(119.580342555,-129.193671438,0.000018128));
#832=CARTESIAN_POINT('',(119.580342555,-129.193671438,3.000018128));
#833=CARTESIAN_POINT('',(119.737655821,-129.429337159,0.000018128));
#834=CARTESIAN_POINT('',(119.737655821,-129.429337159,3.000018128));
#835=CARTESIAN_POINT('',(119.774693484,-129.613930549,0.000018128));
#836=CARTESIAN_POINT('',(119.774693484,-129.613930549,3.000018128));
#837=CARTESIAN_POINT('',(119.774693484,-129.707106948,0.000018128));
#838=CARTESIAN_POINT('',(119.774693484,-129.707106948,3.000018128));
#839=B_SPLINE_SURFACE_WITH_KNOTS('',3,1,((#825,#826),(#827,#828),(#829,#830),(#831,#832),(#833,#834),(#835,#836),(#837,#838)),.UNSPECIFIED.,.F.,.F.,.U.,(4,1,1,1,4),(2,2),(0.,0.000276239,0.000552234,0.000828105,0.00110497),(0.,1.),.UNSPECIFIED.);
#840=ORIENTED_EDGE('',*,*,#814,.T.);
#841=CARTESIAN_POINT('',(119.774693484,-129.707106948,2.471861347));
#842=CARTESIAN_POINT('',(119.774693484,-129.654883792,2.471861347));
#843=CARTESIAN_POINT('',(119.768907283,-129.606842493,2.49459944));
#844=CARTESIAN_POINT('',(119.759952831,-129.563655539,2.520888614));
#845=CARTESIAN_POINT('',(119.750998379,-129.520468585,2.547177789));
#846=CARTESIAN_POINT('',(119.738640601,-129.480595753,2.577911315));
#847=CARTESIAN_POINT('',(119.723346284,-129.44269229,2.608567193));
#848=CARTESIAN_POINT('',(119.692757649,-129.366885365,2.669878948));
#849=CARTESIAN_POINT('',(119.649486901,-129.296692883,2.733479085));
#850=CARTESIAN_POINT('',(119.592974097,-129.233891735,2.790531086));
#851=CARTESIAN_POINT('',(119.536461294,-129.171090588,2.847583087));
#852=CARTESIAN_POINT('',(119.464975061,-129.114835811,2.8999869));
#853=CARTESIAN_POINT('',(119.379894821,-129.072876034,2.938133375));
#854=CARTESIAN_POINT('',(119.294814581,-129.030916256,2.976279851));
#855=CARTESIAN_POINT('',(119.19431529,-129.003833473,3.000018128));
#856=CARTESIAN_POINT('',(119.090605115,-129.000389864,3.000018128));
#857=B_SPLINE_CURVE_WITH_KNOTS('',3,(#841,#842,#843,#844,#845,#846,#847,#848,#849,#850,#851,#852,#853,#854,#855,#856),.UNSPECIFIED.,.F.,.F.,(4,3,3,3,3,4),(0.,0.000153731,0.000307461,0.000614923,0.000922384,0.001229845),.UNSPECIFIED.);
#858=EDGE_CURVE('',#801,#135,#857,.T.);
#859=ORIENTED_EDGE('',*,*,#858,.T.);
#860=ORIENTED_EDGE('',*,*,#141,.F.);
#861=CARTESIAN_POINT('',(119.067128678,-129.000000167,0.000018128));
#862=VERTEX_POINT('',#861);
#863=CARTESIAN_POINT('',(119.067128678,-129.000000167,0.000018128));
#864=DIRECTION('',(0.,0.,1.));
#865=VECTOR('',#864,3.);
#866=LINE('',#863,#865);
#867=EDGE_CURVE('',#862,#127,#866,.T.);
#868=ORIENTED_EDGE('',*,*,#867,.F.);
#869=CARTESIAN_POINT('',(119.067128678,-129.000000167,0.000018128));
#870=CARTESIAN_POINT('',(119.160291408,-129.000000167,0.000018128));
#871=CARTESIAN_POINT('',(119.344383682,-129.036804216,0.000018128));
#872=CARTESIAN_POINT('',(119.580342555,-129.193671438,0.000018128));
#873=CARTESIAN_POINT('',(119.737655821,-129.429337159,0.000018128));
#874=CARTESIAN_POINT('',(119.774693484,-129.613930549,0.000018128));
#875=CARTESIAN_POINT('',(119.774693484,-129.707106948,0.000018128));
#876=B_SPLINE_CURVE_WITH_KNOTS('',3,(#869,#870,#871,#872,#873,#874,#875),.UNSPECIFIED.,.F.,.F.,(4,1,1,1,4),(0.,0.000276239,0.000552234,0.000828105,0.00110497),.UNSPECIFIED.);
#877=EDGE_CURVE('',#862,#809,#876,.T.);
#878=ORIENTED_EDGE('',*,*,#877,.T.);
#879=EDGE_LOOP('',(#840,#859,#860,#868,#878));
#880=FACE_BOUND('',#879,.T.);
#881=ADVANCED_FACE('',(#880),#839,.T.);
#882=CARTESIAN_POINT('',(118.034295995,-129.000000167,0.000018128));
#883=DIRECTION('',(0.,-1.,0.));
#884=DIRECTION('',(0.,0.,-1.));
#885=AXIS2_PLACEMENT_3D('',#882,#883,#884);
#886=PLANE('',#885);
#887=ORIENTED_EDGE('',*,*,#132,.F.);
#888=CARTESIAN_POINT('',(117.001463313,-129.000000167,0.000018128));
#889=VERTEX_POINT('',#888);
#890=CARTESIAN_POINT('',(117.001463313,-129.000000167,0.000018128));
#891=DIRECTION('',(0.,0.,1.));
#892=VECTOR('',#891,3.);
#893=LINE('',#890,#892);
#894=EDGE_CURVE('',#889,#119,#893,.T.);
#895=ORIENTED_EDGE('',*,*,#894,.F.);
#896=CARTESIAN_POINT('',(117.001463313,-129.000000167,0.000018128));
#897=DIRECTION('',(1.,0.,-0.));
#898=VECTOR('',#897,2.065665365);
#899=LINE('',#896,#898);
#900=EDGE_CURVE('',#889,#862,#899,.T.);
#901=ORIENTED_EDGE('',*,*,#900,.T.);
#902=ORIENTED_EDGE('',*,*,#867,.T.);
#903=EDGE_LOOP('',(#887,#895,#901,#902));
#904=FACE_BOUND('',#903,.T.);
#905=ADVANCED_FACE('',(#904),#886,.T.);
#906=CARTESIAN_POINT('',(117.000731489,-133.000000167,0.000018128));
#907=DIRECTION('',(-0.999999983,0.000182956,0.));
#908=DIRECTION('',(-0.000182956,-0.999999983,0.));
#909=AXIS2_PLACEMENT_3D('',#906,#907,#908);
#910=PLANE('',#909);
#911=ORIENTED_EDGE('',*,*,#124,.T.);
#912=CARTESIAN_POINT('',(116.999999665,-137.000000167,0.000018128));
#913=VERTEX_POINT('',#912);
#914=CARTESIAN_POINT('',(116.999999665,-137.000000167,0.000018128));
#915=DIRECTION('',(0.,0.,1.));
#916=VECTOR('',#915,3.);
#917=LINE('',#914,#916);
#918=EDGE_CURVE('',#913,#111,#917,.T.);
#919=ORIENTED_EDGE('',*,*,#918,.F.);
#920=CARTESIAN_POINT('',(117.001463313,-129.000000167,0.000018128));
#921=DIRECTION('',(-0.000182956,-0.999999983,0.));
#922=VECTOR('',#921,8.000000134);
#923=LINE('',#920,#922);
#924=EDGE_CURVE('',#889,#913,#923,.T.);
#925=ORIENTED_EDGE('',*,*,#924,.F.);
#926=ORIENTED_EDGE('',*,*,#894,.T.);
#927=EDGE_LOOP('',(#911,#919,#925,#926));
#928=FACE_BOUND('',#927,.T.);
#929=ADVANCED_FACE('',(#928),#910,.F.);
#930=CARTESIAN_POINT('',(157.,-137.000000167,0.000018128));
#931=DIRECTION('',(0.,1.,0.));
#932=DIRECTION('',(0.,0.,1.));
#933=AXIS2_PLACEMENT_3D('',#930,#931,#932);
#934=PLANE('',#933);
#935=ORIENTED_EDGE('',*,*,#116,.F.);
#936=CARTESIAN_POINT('',(197.000000335,-137.000000167,0.000018128));
#937=VERTEX_POINT('',#936);
#938=CARTESIAN_POINT('',(197.000000335,-137.000000167,0.000018128));
#939=DIRECTION('',(0.,0.,1.));
#940=VECTOR('',#939,3.);
#941=LINE('',#938,#940);
#942=EDGE_CURVE('',#937,#103,#941,.T.);
#943=ORIENTED_EDGE('',*,*,#942,.F.);
#944=CARTESIAN_POINT('',(197.000000335,-137.000000167,0.000018128));
#945=DIRECTION('',(-1.,0.,0.));
#946=VECTOR('',#945,80.00000067);
#947=LINE('',#944,#946);
#948=EDGE_CURVE('',#937,#913,#947,.T.);
#949=ORIENTED_EDGE('',*,*,#948,.T.);
#950=ORIENTED_EDGE('',*,*,#918,.T.);
#951=EDGE_LOOP('',(#935,#943,#949,#950));
#952=FACE_BOUND('',#951,.T.);
#953=ADVANCED_FACE('',(#952),#934,.T.);
#954=CARTESIAN_POINT('',(197.000000335,-133.000000167,0.000018128));
#955=DIRECTION('',(-1.,0.,0.));
#956=DIRECTION('',(0.,0.,1.));
#957=AXIS2_PLACEMENT_3D('',#954,#955,#956);
#958=PLANE('',#957);
#959=ORIENTED_EDGE('',*,*,#108,.F.);
#960=CARTESIAN_POINT('',(197.000000335,-129.000000167,0.000018128));
#961=VERTEX_POINT('',#960);
#962=CARTESIAN_POINT('',(197.000000335,-129.000000167,0.000018128));
#963=DIRECTION('',(0.,0.,1.));
#964=VECTOR('',#963,3.);
#965=LINE('',#962,#964);
#966=EDGE_CURVE('',#961,#95,#965,.T.);
#967=ORIENTED_EDGE('',*,*,#966,.F.);
#968=CARTESIAN_POINT('',(197.000000335,-129.000000167,0.000018128));
#969=DIRECTION('',(0.,-1.,0.));
#970=VECTOR('',#969,8.);
#971=LINE('',#968,#970);
#972=EDGE_CURVE('',#961,#937,#971,.T.);
#973=ORIENTED_EDGE('',*,*,#972,.T.);
#974=ORIENTED_EDGE('',*,*,#942,.T.);
#975=EDGE_LOOP('',(#959,#967,#973,#974));
#976=FACE_BOUND('',#975,.T.);
#977=ADVANCED_FACE('',(#976),#958,.T.);
#978=CARTESIAN_POINT('',(195.96655854,-129.000000167,0.000018128));
#979=DIRECTION('',(0.,-1.,0.));
#980=DIRECTION('',(0.,0.,-1.));
#981=AXIS2_PLACEMENT_3D('',#978,#979,#980);
#982=PLANE('',#981);
#983=ORIENTED_EDGE('',*,*,#100,.F.);
#984=CARTESIAN_POINT('',(194.933116744,-129.000000167,0.000018128));
#985=VERTEX_POINT('',#984);
#986=CARTESIAN_POINT('',(194.933116744,-129.000000167,0.000018128));
#987=DIRECTION('',(0.,0.,1.));
#988=VECTOR('',#987,3.);
#989=LINE('',#986,#988);
#990=EDGE_CURVE('',#985,#86,#989,.T.);
#991=ORIENTED_EDGE('',*,*,#990,.F.);
#992=CARTESIAN_POINT('',(194.933116744,-129.000000167,0.000018128));
#993=DIRECTION('',(1.,0.,-0.));
#994=VECTOR('',#993,2.066883591);
#995=LINE('',#992,#994);
#996=EDGE_CURVE('',#985,#961,#995,.T.);
#997=ORIENTED_EDGE('',*,*,#996,.T.);
#998=ORIENTED_EDGE('',*,*,#966,.T.);
#999=EDGE_LOOP('',(#983,#991,#997,#998));
#1000=FACE_BOUND('',#999,.T.);
#1001=ADVANCED_FACE('',(#1000),#982,.T.);
#1002=CARTESIAN_POINT('',(194.225551938,-129.707106948,0.000018128));
#1003=CARTESIAN_POINT('',(194.225551938,-129.707106948,3.000018128));
#1004=CARTESIAN_POINT('',(194.225551938,-129.613942837,0.000018128));
#1005=CARTESIAN_POINT('',(194.225551938,-129.613942837,3.000018128));
#1006=CARTESIAN_POINT('',(194.26243275,-129.429853632,0.000018128));
#1007=CARTESIAN_POINT('',(194.26243275,-129.429853632,3.000018128));
#1008=CARTESIAN_POINT('',(194.419534211,-129.194038666,0.000018128));
#1009=CARTESIAN_POINT('',(194.419534211,-129.194038666,3.000018128));
#1010=CARTESIAN_POINT('',(194.65534715,-129.036961467,0.000018128));
#1011=CARTESIAN_POINT('',(194.65534715,-129.036961467,3.000018128));
#1012=CARTESIAN_POINT('',(194.839938442,-129.000000167,0.000018128));
#1013=CARTESIAN_POINT('',(194.839938442,-129.000000167,3.000018128));
#1014=CARTESIAN_POINT('',(194.933116744,-129.000000167,0.000018128));
#1015=CARTESIAN_POINT('',(194.933116744,-129.000000167,3.000018128));
#1016=B_SPLINE_SURFACE_WITH_KNOTS('',3,1,((#1002,#1003),(#1004,#1005),(#1006,#1007),(#1008,#1009),(#1010,#1011),(#1012,#1013),(#1014,#1015)),.UNSPECIFIED.,.F.,.F.,.U.,(4,1,1,1,4),(2,2),(0.,0.000276239,0.000552234,0.000828105,0.00110497),(0.,1.),.UNSPECIFIED.);
#1017=ORIENTED_EDGE('',*,*,#92,.F.);
#1018=CARTESIAN_POINT('',(194.225551938,-129.707106948,2.471861347));
#1019=VERTEX_POINT('',#1018);
#1020=CARTESIAN_POINT('',(194.909640307,-129.000391656,3.000018128));
#1021=CARTESIAN_POINT('',(194.857723855,-129.002122801,3.000018128));
#1022=CARTESIAN_POINT('',(194.807504589,-129.009452329,2.994376514));
#1023=CARTESIAN_POINT('',(194.758801381,-129.021820183,2.983742454));
#1024=CARTESIAN_POINT('',(194.710098173,-129.034188037,2.973108394));
#1025=CARTESIAN_POINT('',(194.663505975,-129.051634108,2.957445161));
#1026=CARTESIAN_POINT('',(194.620817086,-129.07263426,2.938342324));
#1027=CARTESIAN_POINT('',(194.578128196,-129.093634413,2.919239487));
#1028=CARTESIAN_POINT('',(194.538413318,-129.118579463,2.896293713));
#1029=CARTESIAN_POINT('',(194.502947308,-129.145667677,2.871358237));
#1030=CARTESIAN_POINT('',(194.467481298,-129.172755891,2.846422761));
#1031=CARTESIAN_POINT('',(194.435789347,-129.202204053,2.819316386));
#1032=CARTESIAN_POINT('',(194.407313549,-129.233858909,2.79057371));
#1033=CARTESIAN_POINT('',(194.350361955,-129.297168622,2.733088359));
#1034=CARTESIAN_POINT('',(194.30767574,-129.366607973,2.670180063));
#1035=CARTESIAN_POINT('',(194.277052653,-129.442299851,2.608874731));
#1036=CARTESIAN_POINT('',(194.26174111,-129.48014579,2.578222065));
#1037=CARTESIAN_POINT('',(194.249329711,-129.520040281,2.547403022));
#1038=CARTESIAN_POINT('',(194.24034035,-129.563300898,2.521028788));
#1039=CARTESIAN_POINT('',(194.231350989,-129.606561516,2.494654554));
#1040=CARTESIAN_POINT('',(194.225551938,-129.65503136,2.471861347));
#1041=CARTESIAN_POINT('',(194.225551938,-129.707106948,2.471861347));
#1042=B_SPLINE_CURVE_WITH_KNOTS('',3,(#1020,#1021,#1022,#1023,#1024,#1025,#1026,#1027,#1028,#1029,#1030,#1031,#1032,#1033,#1034,#1035,#1036,#1037,#1038,#1039,#1040,#1041),.UNSPECIFIED.,.F.,.F.,(4,3,3,3,3,3,3,4),(0.,0.000153124,0.000306247,0.000459371,0.000612495,0.000918742,0.001071866,0.001224989),.UNSPECIFIED.);
#1043=EDGE_CURVE('',#78,#1019,#1042,.T.);
#1044=ORIENTED_EDGE('',*,*,#1043,.T.);
#1045=CARTESIAN_POINT('',(194.225551938,-129.707106948,0.000018128));
#1046=VERTEX_POINT('',#1045);
#1047=CARTESIAN_POINT('',(194.225551938,-129.707106948,0.000018128));
#1048=DIRECTION('',(0.,0.,1.));
#1049=VECTOR('',#1048,2.471843219);
#1050=LINE('',#1047,#1049);
#1051=EDGE_CURVE('',#1046,#1019,#1050,.T.);
#1052=ORIENTED_EDGE('',*,*,#1051,.F.);
#1053=CARTESIAN_POINT('',(194.225551938,-129.707106948,0.000018128));
#1054=CARTESIAN_POINT('',(194.225551938,-129.613942837,0.000018128));
#1055=CARTESIAN_POINT('',(194.26243275,-129.429853632,0.000018128));
#1056=CARTESIAN_POINT('',(194.419534211,-129.194038666,0.000018128));
#1057=CARTESIAN_POINT('',(194.65534715,-129.036961467,0.000018128));
#1058=CARTESIAN_POINT('',(194.839938442,-129.000000167,0.000018128));
#1059=CARTESIAN_POINT('',(194.933116744,-129.000000167,0.000018128));
#1060=B_SPLINE_CURVE_WITH_KNOTS('',3,(#1053,#1054,#1055,#1056,#1057,#1058,#1059),.UNSPECIFIED.,.F.,.F.,(4,1,1,1,4),(0.,0.000276239,0.000552234,0.000828105,0.00110497),.UNSPECIFIED.);
#1061=EDGE_CURVE('',#1046,#985,#1060,.T.);
#1062=ORIENTED_EDGE('',*,*,#1061,.T.);
#1063=ORIENTED_EDGE('',*,*,#990,.T.);
#1064=EDGE_LOOP('',(#1017,#1044,#1052,#1062,#1063));
#1065=FACE_BOUND('',#1064,.T.);
#1066=ADVANCED_FACE('',(#1065),#1016,.T.);
#1067=CARTESIAN_POINT('',(194.225551938,-130.353562538,0.000018128));
#1068=DIRECTION('',(-1.,0.,0.));
#1069=DIRECTION('',(0.,0.,1.));
#1070=AXIS2_PLACEMENT_3D('',#1067,#1068,#1069);
#1071=PLANE('',#1070);
#1072=ORIENTED_EDGE('',*,*,#1051,.T.);
#1073=CARTESIAN_POINT('',(194.225551938,-131.000018128,2.471861347));
#1074=VERTEX_POINT('',#1073);
#1075=CARTESIAN_POINT('',(194.225551938,-129.707106948,2.471861347));
#1076=DIRECTION('',(0.,-1.,-0.));
#1077=VECTOR('',#1076,1.29291118);
#1078=LINE('',#1075,#1077);
#1079=EDGE_CURVE('',#1019,#1074,#1078,.T.);
#1080=ORIENTED_EDGE('',*,*,#1079,.T.);
#1081=CARTESIAN_POINT('',(194.225551938,-131.000018128,0.000018128));
#1082=VERTEX_POINT('',#1081);
#1083=CARTESIAN_POINT('',(194.225551938,-131.000018128,0.000018128));
#1084=DIRECTION('',(0.,0.,1.));
#1085=VECTOR('',#1084,2.471843219);
#1086=LINE('',#1083,#1085);
#1087=EDGE_CURVE('',#1082,#1074,#1086,.T.);
#1088=ORIENTED_EDGE('',*,*,#1087,.F.);
#1089=CARTESIAN_POINT('',(194.225551938,-129.707106948,0.000018128));
#1090=DIRECTION('',(0.,-1.,0.));
#1091=VECTOR('',#1090,1.29291118);
#1092=LINE('',#1089,#1091);
#1093=EDGE_CURVE('',#1046,#1082,#1092,.T.);
#1094=ORIENTED_EDGE('',*,*,#1093,.F.);
#1095=EDGE_LOOP('',(#1072,#1080,#1088,#1094));
#1096=FACE_BOUND('',#1095,.T.);
#1097=ADVANCED_FACE('',(#1096),#1071,.F.);
#1098=CARTESIAN_POINT('',(193.725212797,-131.000018128,0.000018128));
#1099=DIRECTION('',(0.,-1.,0.));
#1100=DIRECTION('',(0.,0.,-1.));
#1101=AXIS2_PLACEMENT_3D('',#1098,#1099,#1100);
#1102=PLANE('',#1101);
#1103=ORIENTED_EDGE('',*,*,#1087,.T.);
#1104=CARTESIAN_POINT('',(194.202533526,-131.000018128,2.292911347));
#1105=VERTEX_POINT('',#1104);
#1106=CARTESIAN_POINT('',(194.909640307,-131.000018128,2.292911347));
#1107=DIRECTION('',(0.,-1.,0.));
#1108=DIRECTION('',(0.,0.,-1.));
#1109=AXIS2_PLACEMENT_3D('',#1106,#1107,#1108);
#1110=CIRCLE('',#1109,0.707106781);
#1111=EDGE_CURVE('',#1074,#1105,#1110,.T.);
#1112=ORIENTED_EDGE('',*,*,#1111,.T.);
#1113=CARTESIAN_POINT('',(194.202533526,-131.000018128,2.000018128));
#1114=VERTEX_POINT('',#1113);
#1115=CARTESIAN_POINT('',(194.202533526,-131.000018128,2.000018128));
#1116=DIRECTION('',(0.,0.,1.));
#1117=VECTOR('',#1116,0.292893219);
#1118=LINE('',#1115,#1117);
#1119=EDGE_CURVE('',#1114,#1105,#1118,.T.);
#1120=ORIENTED_EDGE('',*,*,#1119,.F.);
#1121=CARTESIAN_POINT('',(193.224873657,-131.000018128,2.000018128));
#1122=VERTEX_POINT('',#1121);
#1123=CARTESIAN_POINT('',(193.224873657,-131.000018128,2.000018128));
#1124=DIRECTION('',(1.,0.,-0.));
#1125=VECTOR('',#1124,0.977659869);
#1126=LINE('',#1123,#1125);
#1127=EDGE_CURVE('',#1122,#1114,#1126,.T.);
#1128=ORIENTED_EDGE('',*,*,#1127,.F.);
#1129=CARTESIAN_POINT('',(193.224873657,-131.000018128,0.000018128));
#1130=VERTEX_POINT('',#1129);
#1131=CARTESIAN_POINT('',(193.224873657,-131.000018128,0.000018128));
#1132=DIRECTION('',(0.,0.,1.));
#1133=VECTOR('',#1132,2.);
#1134=LINE('',#1131,#1133);
#1135=EDGE_CURVE('',#1130,#1122,#1134,.T.);
#1136=ORIENTED_EDGE('',*,*,#1135,.F.);
#1137=CARTESIAN_POINT('',(193.224873657,-131.000018128,0.000018128));
#1138=DIRECTION('',(1.,0.,-0.));
#1139=VECTOR('',#1138,1.000678281);
#1140=LINE('',#1137,#1139);
#1141=EDGE_CURVE('',#1130,#1082,#1140,.T.);
#1142=ORIENTED_EDGE('',*,*,#1141,.T.);
#1143=EDGE_LOOP('',(#1103,#1112,#1120,#1128,#1136,#1142));
#1144=FACE_BOUND('',#1143,.T.);
#1145=ADVANCED_FACE('',(#1144),#1102,.T.);
#1146=CARTESIAN_POINT('',(193.224873657,-130.353562538,0.000018128));
#1147=DIRECTION('',(-1.,0.,0.));
#1148=DIRECTION('',(0.,0.,1.));
#1149=AXIS2_PLACEMENT_3D('',#1146,#1147,#1148);
#1150=PLANE('',#1149);
#1151=CARTESIAN_POINT('',(193.224873657,-129.707106948,2.000018128));
#1152=DIRECTION('',(0.,-1.,0.));
#1153=VECTOR('',#1152,1.29291118);
#1154=LINE('',#1151,#1153);
#1155=EDGE_CURVE('',#325,#1122,#1154,.T.);
#1156=ORIENTED_EDGE('',*,*,#1155,.F.);
#1157=ORIENTED_EDGE('',*,*,#330,.F.);
#1158=CARTESIAN_POINT('',(193.224873657,-129.707106948,0.000018128));
#1159=DIRECTION('',(0.,-1.,0.));
#1160=VECTOR('',#1159,1.29291118);
#1161=LINE('',#1158,#1160);
#1162=EDGE_CURVE('',#313,#1130,#1161,.T.);
#1163=ORIENTED_EDGE('',*,*,#1162,.T.);
#1164=ORIENTED_EDGE('',*,*,#1135,.T.);
#1165=EDGE_LOOP('',(#1156,#1157,#1163,#1164));
#1166=FACE_BOUND('',#1165,.T.);
#1167=ADVANCED_FACE('',(#1166),#1150,.T.);
#1168=CARTESIAN_POINT('',(157.000122711,39.099981872,0.000018128));
#1169=DIRECTION('',(0.,1.,0.));
#1170=DIRECTION('',(0.,0.,1.));
#1171=AXIS2_PLACEMENT_3D('',#1168,#1169,#1170);
#1172=PLANE('',#1171);
#1173=ORIENTED_EDGE('',*,*,#40,.F.);
#1174=CARTESIAN_POINT('',(197.202533526,39.099981872,0.000018128));
#1175=VERTEX_POINT('',#1174);
#1176=CARTESIAN_POINT('',(197.202533526,39.099981872,0.000018128));
#1177=DIRECTION('',(0.,0.,1.));
#1178=VECTOR('',#1177,3.);
#1179=LINE('',#1176,#1178);
#1180=EDGE_CURVE('',#1175,#33,#1179,.T.);
#1181=ORIENTED_EDGE('',*,*,#1180,.F.);
#1182=CARTESIAN_POINT('',(116.797711896,39.099981872,0.000018128));
#1183=VERTEX_POINT('',#1182);
#1184=CARTESIAN_POINT('',(197.202533526,39.099981872,0.000018128));
#1185=DIRECTION('',(-1.,0.,0.));
#1186=VECTOR('',#1185,80.40482163);
#1187=LINE('',#1184,#1186);
#1188=EDGE_CURVE('',#1175,#1183,#1187,.T.);
#1189=ORIENTED_EDGE('',*,*,#1188,.T.);
#1190=CARTESIAN_POINT('',(116.797711896,39.099981872,0.000018128));
#1191=DIRECTION('',(0.,0.,1.));
#1192=VECTOR('',#1191,3.);
#1193=LINE('',#1190,#1192);
#1194=EDGE_CURVE('',#1183,#35,#1193,.T.);
#1195=ORIENTED_EDGE('',*,*,#1194,.T.);
#1196=EDGE_LOOP('',(#1173,#1181,#1189,#1195));
#1197=FACE_BOUND('',#1196,.T.);
#1198=ADVANCED_FACE('',(#1197),#1172,.T.);
#1199=CARTESIAN_POINT('',(197.202533526,-49.000018128,0.000018128));
#1200=DIRECTION('',(1.,0.,0.));
#1201=DIRECTION('',(-0.,1.,0.));
#1202=AXIS2_PLACEMENT_3D('',#1199,#1200,#1201);
#1203=PLANE('',#1202);
#1204=ORIENTED_EDGE('',*,*,#62,.F.);
#1205=CARTESIAN_POINT('',(197.202533526,-137.000018128,0.000018128));
#1206=VERTEX_POINT('',#1205);
#1207=CARTESIAN_POINT('',(197.202533526,-137.000018128,0.000018128));
#1208=DIRECTION('',(0.,0.,1.));
#1209=VECTOR('',#1208,3.);
#1210=LINE('',#1207,#1209);
#1211=EDGE_CURVE('',#1206,#51,#1210,.T.);
#1212=ORIENTED_EDGE('',*,*,#1211,.F.);
#1213=CARTESIAN_POINT('',(197.202533526,-137.000018128,0.000018128));
#1214=DIRECTION('',(-0.,1.,0.));
#1215=VECTOR('',#1214,176.1);
#1216=LINE('',#1213,#1215);
#1217=EDGE_CURVE('',#1206,#1175,#1216,.T.);
#1218=ORIENTED_EDGE('',*,*,#1217,.T.);
#1219=ORIENTED_EDGE('',*,*,#1180,.T.);
#1220=EDGE_LOOP('',(#1204,#1212,#1218,#1219));
#1221=FACE_BOUND('',#1220,.T.);
#1222=ADVANCED_FACE('',(#1221),#1203,.T.);
#1223=CARTESIAN_POINT('',(157.000122711,-137.000018128,0.000018128));
#1224=DIRECTION('',(0.,-1.,0.));
#1225=DIRECTION('',(0.,0.,-1.));
#1226=AXIS2_PLACEMENT_3D('',#1223,#1224,#1225);
#1227=PLANE('',#1226);
#1228=ORIENTED_EDGE('',*,*,#56,.F.);
#1229=CARTESIAN_POINT('',(116.797711896,-137.000018128,0.000018128));
#1230=VERTEX_POINT('',#1229);
#1231=CARTESIAN_POINT('',(116.797711896,-137.000018128,0.000018128));
#1232=DIRECTION('',(0.,0.,1.));
#1233=VECTOR('',#1232,3.);
#1234=LINE('',#1231,#1233);
#1235=EDGE_CURVE('',#1230,#43,#1234,.T.);
#1236=ORIENTED_EDGE('',*,*,#1235,.F.);
#1237=CARTESIAN_POINT('',(116.797711896,-137.000018128,0.000018128));
#1238=DIRECTION('',(1.,0.,-0.));
#1239=VECTOR('',#1238,80.40482163);
#1240=LINE('',#1237,#1239);
#1241=EDGE_CURVE('',#1230,#1206,#1240,.T.);
#1242=ORIENTED_EDGE('',*,*,#1241,.T.);
#1243=ORIENTED_EDGE('',*,*,#1211,.T.);
#1244=EDGE_LOOP('',(#1228,#1236,#1242,#1243));
#1245=FACE_BOUND('',#1244,.T.);
#1246=ADVANCED_FACE('',(#1245),#1227,.T.);
#1247=CARTESIAN_POINT('',(193.224873657,31.853544243,0.000018128));
#1248=DIRECTION('',(-1.,0.,0.));
#1249=DIRECTION('',(0.,0.,1.));
#1250=AXIS2_PLACEMENT_3D('',#1247,#1248,#1249);
#1251=PLANE('',#1250);
#1252=CARTESIAN_POINT('',(193.224873657,31.707106614,2.000018128));
#1253=VERTEX_POINT('',#1252);
#1254=CARTESIAN_POINT('',(193.224873657,31.999981872,2.000018128));
#1255=DIRECTION('',(0.,-1.,0.));
#1256=VECTOR('',#1255,0.292875258);
#1257=LINE('',#1254,#1256);
#1258=EDGE_CURVE('',#242,#1253,#1257,.T.);
#1259=ORIENTED_EDGE('',*,*,#1258,.F.);
#1260=ORIENTED_EDGE('',*,*,#247,.F.);
#1261=CARTESIAN_POINT('',(193.224873657,31.707106614,0.000018128));
#1262=VERTEX_POINT('',#1261);
#1263=CARTESIAN_POINT('',(193.224873657,31.999981872,0.000018128));
#1264=DIRECTION('',(0.,-1.,0.));
#1265=VECTOR('',#1264,0.292875258);
#1266=LINE('',#1263,#1265);
#1267=EDGE_CURVE('',#234,#1262,#1266,.T.);
#1268=ORIENTED_EDGE('',*,*,#1267,.T.);
#1269=CARTESIAN_POINT('',(193.224873657,31.707106614,0.000018128));
#1270=DIRECTION('',(0.,0.,1.));
#1271=VECTOR('',#1270,2.);
#1272=LINE('',#1269,#1271);
#1273=EDGE_CURVE('',#1262,#1253,#1272,.T.);
#1274=ORIENTED_EDGE('',*,*,#1273,.T.);
#1275=EDGE_LOOP('',(#1259,#1260,#1268,#1274));
#1276=FACE_BOUND('',#1275,.T.);
#1277=ADVANCED_FACE('',(#1276),#1251,.T.);
#1278=CARTESIAN_POINT('',(194.225551938,31.853544243,0.000018128));
#1279=DIRECTION('',(-1.,0.,0.));
#1280=DIRECTION('',(0.,0.,1.));
#1281=AXIS2_PLACEMENT_3D('',#1278,#1279,#1280);
#1282=PLANE('',#1281);
#1283=ORIENTED_EDGE('',*,*,#231,.T.);
#1284=CARTESIAN_POINT('',(194.225551938,31.707106614,2.471861347));
#1285=VERTEX_POINT('',#1284);
#1286=CARTESIAN_POINT('',(194.225551938,31.999981872,2.471861347));
#1287=DIRECTION('',(0.,-1.,-0.));
#1288=VECTOR('',#1287,0.292875258);
#1289=LINE('',#1286,#1288);
#1290=EDGE_CURVE('',#217,#1285,#1289,.T.);
#1291=ORIENTED_EDGE('',*,*,#1290,.T.);
#1292=CARTESIAN_POINT('',(194.225551938,31.707106614,0.000018128));
#1293=VERTEX_POINT('',#1292);
#1294=CARTESIAN_POINT('',(194.225551938,31.707106614,0.000018128));
#1295=DIRECTION('',(0.,0.,1.));
#1296=VECTOR('',#1295,2.471843219);
#1297=LINE('',#1294,#1296);
#1298=EDGE_CURVE('',#1293,#1285,#1297,.T.);
#1299=ORIENTED_EDGE('',*,*,#1298,.F.);
#1300=CARTESIAN_POINT('',(194.225551938,31.999981872,0.000018128));
#1301=DIRECTION('',(0.,-1.,0.));
#1302=VECTOR('',#1301,0.292875258);
#1303=LINE('',#1300,#1302);
#1304=EDGE_CURVE('',#226,#1293,#1303,.T.);
#1305=ORIENTED_EDGE('',*,*,#1304,.F.);
#1306=EDGE_LOOP('',(#1283,#1291,#1299,#1305));
#1307=FACE_BOUND('',#1306,.T.);
#1308=ADVANCED_FACE('',(#1307),#1282,.F.);
#1309=CARTESIAN_POINT('',(194.933116744,30.999999833,0.000018128));
#1310=CARTESIAN_POINT('',(194.933116744,30.999999833,3.000018128));
#1311=CARTESIAN_POINT('',(194.839954014,30.999999833,0.000018128));
#1312=CARTESIAN_POINT('',(194.839954014,30.999999833,3.000018128));
#1313=CARTESIAN_POINT('',(194.65586174,31.036803882,0.000018128));
#1314=CARTESIAN_POINT('',(194.65586174,31.036803882,3.000018128));
#1315=CARTESIAN_POINT('',(194.419902867,31.193671104,0.000018128));
#1316=CARTESIAN_POINT('',(194.419902867,31.193671104,3.000018128));
#1317=CARTESIAN_POINT('',(194.262589601,31.429336825,0.000018128));
#1318=CARTESIAN_POINT('',(194.262589601,31.429336825,3.000018128));
#1319=CARTESIAN_POINT('',(194.225551938,31.613930215,0.000018128));
#1320=CARTESIAN_POINT('',(194.225551938,31.613930215,3.000018128));
#1321=CARTESIAN_POINT('',(194.225551938,31.707106614,0.000018128));
#1322=CARTESIAN_POINT('',(194.225551938,31.707106614,3.000018128));
#1323=B_SPLINE_SURFACE_WITH_KNOTS('',3,1,((#1309,#1310),(#1311,#1312),(#1313,#1314),(#1315,#1316),(#1317,#1318),(#1319,#1320),(#1321,#1322)),.UNSPECIFIED.,.F.,.F.,.U.,(4,1,1,1,4),(2,2),(0.,0.000276239,0.000552234,0.000828105,0.00110497),(0.,1.),.UNSPECIFIED.);
#1324=ORIENTED_EDGE('',*,*,#1298,.T.);
#1325=CARTESIAN_POINT('',(194.225551938,31.707106614,2.471861347));
#1326=CARTESIAN_POINT('',(194.225551938,31.654883458,2.471861347));
#1327=CARTESIAN_POINT('',(194.231338139,31.606842159,2.49459944));
#1328=CARTESIAN_POINT('',(194.240292591,31.563655205,2.520888614));
#1329=CARTESIAN_POINT('',(194.249247043,31.520468251,2.547177789));
#1330=CARTESIAN_POINT('',(194.261604821,31.480595419,2.577911315));
#1331=CARTESIAN_POINT('',(194.276899138,31.442691956,2.608567193));
#1332=CARTESIAN_POINT('',(194.307487773,31.366885031,2.669878948));
#1333=CARTESIAN_POINT('',(194.350758521,31.296692549,2.733479085));
#1334=CARTESIAN_POINT('',(194.407271325,31.233891401,2.790531086));
#1335=CARTESIAN_POINT('',(194.463784128,31.171090254,2.847583087));
#1336=CARTESIAN_POINT('',(194.535270361,31.114835477,2.8999869));
#1337=CARTESIAN_POINT('',(194.620350601,31.0728757,2.938133375));
#1338=CARTESIAN_POINT('',(194.705430841,31.030915922,2.976279851));
#1339=CARTESIAN_POINT('',(194.805930132,31.003833139,3.000018128));
#1340=CARTESIAN_POINT('',(194.909640307,31.00038953,3.000018128));
#1341=B_SPLINE_CURVE_WITH_KNOTS('',3,(#1325,#1326,#1327,#1328,#1329,#1330,#1331,#1332,#1333,#1334,#1335,#1336,#1337,#1338,#1339,#1340),.UNSPECIFIED.,.F.,.F.,(4,3,3,3,3,4),(0.,0.000153731,0.000307461,0.000614923,0.000922384,0.001229845),.UNSPECIFIED.);
#1342=EDGE_CURVE('',#1285,#69,#1341,.T.);
#1343=ORIENTED_EDGE('',*,*,#1342,.T.);
#1344=ORIENTED_EDGE('',*,*,#75,.F.);
#1345=CARTESIAN_POINT('',(194.933116744,30.999999833,0.000018128));
#1346=VERTEX_POINT('',#1345);
#1347=CARTESIAN_POINT('',(194.933116744,30.999999833,0.000018128));
#1348=DIRECTION('',(0.,0.,1.));
#1349=VECTOR('',#1348,3.);
#1350=LINE('',#1347,#1349);
#1351=EDGE_CURVE('',#1346,#67,#1350,.T.);
#1352=ORIENTED_EDGE('',*,*,#1351,.F.);
#1353=CARTESIAN_POINT('',(194.933116744,30.999999833,0.000018128));
#1354=CARTESIAN_POINT('',(194.839954014,30.999999833,0.000018128));
#1355=CARTESIAN_POINT('',(194.65586174,31.036803882,0.000018128));
#1356=CARTESIAN_POINT('',(194.419902867,31.193671104,0.000018128));
#1357=CARTESIAN_POINT('',(194.262589601,31.429336825,0.000018128));
#1358=CARTESIAN_POINT('',(194.225551938,31.613930215,0.000018128));
#1359=CARTESIAN_POINT('',(194.225551938,31.707106614,0.000018128));
#1360=B_SPLINE_CURVE_WITH_KNOTS('',3,(#1353,#1354,#1355,#1356,#1357,#1358,#1359),.UNSPECIFIED.,.F.,.F.,(4,1,1,1,4),(0.,0.000276239,0.000552234,0.000828105,0.00110497),.UNSPECIFIED.);
#1361=EDGE_CURVE('',#1346,#1293,#1360,.T.);
#1362=ORIENTED_EDGE('',*,*,#1361,.T.);
#1363=EDGE_LOOP('',(#1324,#1343,#1344,#1352,#1362));
#1364=FACE_BOUND('',#1363,.T.);
#1365=ADVANCED_FACE('',(#1364),#1323,.T.);
#1366=CARTESIAN_POINT('',(195.96655854,30.999999833,0.000018128));
#1367=DIRECTION('',(0.,1.,0.));
#1368=DIRECTION('',(0.,0.,1.));
#1369=AXIS2_PLACEMENT_3D('',#1366,#1367,#1368);
#1370=PLANE('',#1369);
#1371=ORIENTED_EDGE('',*,*,#196,.F.);
#1372=CARTESIAN_POINT('',(197.000000335,30.999999833,0.000018128));
#1373=VERTEX_POINT('',#1372);
#1374=CARTESIAN_POINT('',(197.000000335,30.999999833,0.000018128));
#1375=DIRECTION('',(0.,0.,1.));
#1376=VECTOR('',#1375,3.);
#1377=LINE('',#1374,#1376);
#1378=EDGE_CURVE('',#1373,#185,#1377,.T.);
#1379=ORIENTED_EDGE('',*,*,#1378,.F.);
#1380=CARTESIAN_POINT('',(197.000000335,30.999999833,0.000018128));
#1381=DIRECTION('',(-1.,0.,0.));
#1382=VECTOR('',#1381,2.066883591);
#1383=LINE('',#1380,#1382);
#1384=EDGE_CURVE('',#1373,#1346,#1383,.T.);
#1385=ORIENTED_EDGE('',*,*,#1384,.T.);
#1386=ORIENTED_EDGE('',*,*,#1351,.T.);
#1387=EDGE_LOOP('',(#1371,#1379,#1385,#1386));
#1388=FACE_BOUND('',#1387,.T.);
#1389=ADVANCED_FACE('',(#1388),#1370,.T.);
#1390=CARTESIAN_POINT('',(197.000000335,34.999999833,0.000018128));
#1391=DIRECTION('',(-1.,0.,0.));
#1392=DIRECTION('',(0.,0.,1.));
#1393=AXIS2_PLACEMENT_3D('',#1390,#1391,#1392);
#1394=PLANE('',#1393);
#1395=ORIENTED_EDGE('',*,*,#190,.F.);
#1396=CARTESIAN_POINT('',(197.000000335,38.999999833,0.000018128));
#1397=VERTEX_POINT('',#1396);
#1398=CARTESIAN_POINT('',(197.000000335,38.999999833,0.000018128));
#1399=DIRECTION('',(0.,0.,1.));
#1400=VECTOR('',#1399,3.);
#1401=LINE('',#1398,#1400);
#1402=EDGE_CURVE('',#1397,#177,#1401,.T.);
#1403=ORIENTED_EDGE('',*,*,#1402,.F.);
#1404=CARTESIAN_POINT('',(197.000000335,38.999999833,0.000018128));
#1405=DIRECTION('',(0.,-1.,0.));
#1406=VECTOR('',#1405,8.);
#1407=LINE('',#1404,#1406);
#1408=EDGE_CURVE('',#1397,#1373,#1407,.T.);
#1409=ORIENTED_EDGE('',*,*,#1408,.T.);
#1410=ORIENTED_EDGE('',*,*,#1378,.T.);
#1411=EDGE_LOOP('',(#1395,#1403,#1409,#1410));
#1412=FACE_BOUND('',#1411,.T.);
#1413=ADVANCED_FACE('',(#1412),#1394,.T.);
#1414=CARTESIAN_POINT('',(157.000731824,38.999999833,0.000018128));
#1415=DIRECTION('',(0.,-1.,0.));
#1416=DIRECTION('',(0.,0.,-1.));
#1417=AXIS2_PLACEMENT_3D('',#1414,#1415,#1416);
#1418=PLANE('',#1417);
#1419=ORIENTED_EDGE('',*,*,#182,.F.);
#1420=CARTESIAN_POINT('',(117.001463313,38.999999833,0.000018128));
#1421=VERTEX_POINT('',#1420);
#1422=CARTESIAN_POINT('',(117.001463313,38.999999833,0.000018128));
#1423=DIRECTION('',(0.,0.,1.));
#1424=VECTOR('',#1423,3.);
#1425=LINE('',#1422,#1424);
#1426=EDGE_CURVE('',#1421,#169,#1425,.T.);
#1427=ORIENTED_EDGE('',*,*,#1426,.F.);
#1428=CARTESIAN_POINT('',(117.001463313,38.999999833,0.000018128));
#1429=DIRECTION('',(1.,0.,-0.));
#1430=VECTOR('',#1429,79.998537022);
#1431=LINE('',#1428,#1430);
#1432=EDGE_CURVE('',#1421,#1397,#1431,.T.);
#1433=ORIENTED_EDGE('',*,*,#1432,.T.);
#1434=ORIENTED_EDGE('',*,*,#1402,.T.);
#1435=EDGE_LOOP('',(#1419,#1427,#1433,#1434));
#1436=FACE_BOUND('',#1435,.T.);
#1437=ADVANCED_FACE('',(#1436),#1418,.T.);
#1438=CARTESIAN_POINT('',(117.000731489,34.999999833,0.000018128));
#1439=DIRECTION('',(-0.999999983,0.000182956,0.));
#1440=DIRECTION('',(-0.000182956,-0.999999983,0.));
#1441=AXIS2_PLACEMENT_3D('',#1438,#1439,#1440);
#1442=PLANE('',#1441);
#1443=ORIENTED_EDGE('',*,*,#174,.T.);
#1444=CARTESIAN_POINT('',(116.999999665,30.999999833,0.000018128));
#1445=VERTEX_POINT('',#1444);
#1446=CARTESIAN_POINT('',(116.999999665,30.999999833,0.000018128));
#1447=DIRECTION('',(0.,0.,1.));
#1448=VECTOR('',#1447,3.);
#1449=LINE('',#1446,#1448);
#1450=EDGE_CURVE('',#1445,#161,#1449,.T.);
#1451=ORIENTED_EDGE('',*,*,#1450,.F.);
#1452=CARTESIAN_POINT('',(117.001463313,38.999999833,0.000018128));
#1453=DIRECTION('',(-0.000182956,-0.999999983,0.));
#1454=VECTOR('',#1453,8.000000134);
#1455=LINE('',#1452,#1454);
#1456=EDGE_CURVE('',#1421,#1445,#1455,.T.);
#1457=ORIENTED_EDGE('',*,*,#1456,.F.);
#1458=ORIENTED_EDGE('',*,*,#1426,.T.);
#1459=EDGE_LOOP('',(#1443,#1451,#1457,#1458));
#1460=FACE_BOUND('',#1459,.T.);
#1461=ADVANCED_FACE('',(#1460),#1442,.F.);
#1462=CARTESIAN_POINT('',(118.033564171,30.999999833,0.000018128));
#1463=DIRECTION('',(0.,1.,0.));
#1464=DIRECTION('',(0.,0.,1.));
#1465=AXIS2_PLACEMENT_3D('',#1462,#1463,#1464);
#1466=PLANE('',#1465);
#1467=ORIENTED_EDGE('',*,*,#166,.F.);
#1468=CARTESIAN_POINT('',(119.067128678,30.999999833,0.000018128));
#1469=VERTEX_POINT('',#1468);
#1470=CARTESIAN_POINT('',(119.067128678,30.999999833,0.000018128));
#1471=DIRECTION('',(0.,0.,1.));
#1472=VECTOR('',#1471,3.);
#1473=LINE('',#1470,#1472);
#1474=EDGE_CURVE('',#1469,#152,#1473,.T.);
#1475=ORIENTED_EDGE('',*,*,#1474,.F.);
#1476=CARTESIAN_POINT('',(119.067128678,30.999999833,0.000018128));
#1477=DIRECTION('',(-1.,0.,0.));
#1478=VECTOR('',#1477,2.067129013);
#1479=LINE('',#1476,#1478);
#1480=EDGE_CURVE('',#1469,#1445,#1479,.T.);
#1481=ORIENTED_EDGE('',*,*,#1480,.T.);
#1482=ORIENTED_EDGE('',*,*,#1450,.T.);
#1483=EDGE_LOOP('',(#1467,#1475,#1481,#1482));
#1484=FACE_BOUND('',#1483,.T.);
#1485=ADVANCED_FACE('',(#1484),#1466,.T.);
#1486=CARTESIAN_POINT('',(119.774693484,31.707106614,0.000018128));
#1487=CARTESIAN_POINT('',(119.774693484,31.707106614,3.000018128));
#1488=CARTESIAN_POINT('',(119.774693484,31.613942503,0.000018128));
#1489=CARTESIAN_POINT('',(119.774693484,31.613942503,3.000018128));
#1490=CARTESIAN_POINT('',(119.737812672,31.429853298,0.000018128));
#1491=CARTESIAN_POINT('',(119.737812672,31.429853298,3.000018128));
#1492=CARTESIAN_POINT('',(119.580711211,31.194038332,0.000018128));
#1493=CARTESIAN_POINT('',(119.580711211,31.194038332,3.000018128));
#1494=CARTESIAN_POINT('',(119.344898272,31.036961133,0.000018128));
#1495=CARTESIAN_POINT('',(119.344898272,31.036961133,3.000018128));
#1496=CARTESIAN_POINT('',(119.16030698,30.999999833,0.000018128));
#1497=CARTESIAN_POINT('',(119.16030698,30.999999833,3.000018128));
#1498=CARTESIAN_POINT('',(119.067128678,30.999999833,0.000018128));
#1499=CARTESIAN_POINT('',(119.067128678,30.999999833,3.000018128));
#1500=B_SPLINE_SURFACE_WITH_KNOTS('',3,1,((#1486,#1487),(#1488,#1489),(#1490,#1491),(#1492,#1493),(#1494,#1495),(#1496,#1497),(#1498,#1499)),.UNSPECIFIED.,.F.,.F.,.U.,(4,1,1,1,4),(2,2),(0.,0.000276239,0.000552234,0.000828105,0.00110497),(0.,1.),.UNSPECIFIED.);
#1501=ORIENTED_EDGE('',*,*,#158,.F.);
#1502=CARTESIAN_POINT('',(119.774693484,31.707106614,2.471861347));
#1503=VERTEX_POINT('',#1502);
#1504=CARTESIAN_POINT('',(119.090605115,31.000391322,3.000018128));
#1505=CARTESIAN_POINT('',(119.142521567,31.002122467,3.000018128));
#1506=CARTESIAN_POINT('',(119.192740833,31.009451995,2.994376514));
#1507=CARTESIAN_POINT('',(119.241444041,31.021819849,2.983742454));
#1508=CARTESIAN_POINT('',(119.290147249,31.034187703,2.973108394));
#1509=CARTESIAN_POINT('',(119.336739447,31.051633774,2.957445161));
#1510=CARTESIAN_POINT('',(119.379428336,31.072633926,2.938342324));
#1511=CARTESIAN_POINT('',(119.422117226,31.093634079,2.919239487));
#1512=CARTESIAN_POINT('',(119.461832104,31.118579129,2.896293713));
#1513=CARTESIAN_POINT('',(119.497298114,31.145667343,2.871358237));
#1514=CARTESIAN_POINT('',(119.532764124,31.172755557,2.846422761));
#1515=CARTESIAN_POINT('',(119.564456075,31.202203719,2.819316386));
#1516=CARTESIAN_POINT('',(119.592931873,31.233858575,2.79057371));
#1517=CARTESIAN_POINT('',(119.649883467,31.297168288,2.733088359));
#1518=CARTESIAN_POINT('',(119.692569682,31.366607639,2.670180063));
#1519=CARTESIAN_POINT('',(119.723192769,31.442299517,2.608874731));
#1520=CARTESIAN_POINT('',(119.738504312,31.480145456,2.578222065));
#1521=CARTESIAN_POINT('',(119.750915711,31.520039947,2.547403022));
#1522=CARTESIAN_POINT('',(119.759905072,31.563300564,2.521028788));
#1523=CARTESIAN_POINT('',(119.768894433,31.606561182,2.494654554));
#1524=CARTESIAN_POINT('',(119.774693484,31.655031026,2.471861347));
#1525=CARTESIAN_POINT('',(119.774693484,31.707106614,2.471861347));
#1526=B_SPLINE_CURVE_WITH_KNOTS('',3,(#1504,#1505,#1506,#1507,#1508,#1509,#1510,#1511,#1512,#1513,#1514,#1515,#1516,#1517,#1518,#1519,#1520,#1521,#1522,#1523,#1524,#1525),.UNSPECIFIED.,.F.,.F.,(4,3,3,3,3,3,3,4),(0.,0.000153124,0.000306247,0.000459371,0.000612495,0.000918742,0.001071866,0.001224989),.UNSPECIFIED.);
#1527=EDGE_CURVE('',#144,#1503,#1526,.T.);
#1528=ORIENTED_EDGE('',*,*,#1527,.T.);
#1529=CARTESIAN_POINT('',(119.774693484,31.707106614,0.000018128));
#1530=VERTEX_POINT('',#1529);
#1531=CARTESIAN_POINT('',(119.774693484,31.707106614,0.000018128));
#1532=DIRECTION('',(0.,0.,1.));
#1533=VECTOR('',#1532,2.471843219);
#1534=LINE('',#1531,#1533);
#1535=EDGE_CURVE('',#1530,#1503,#1534,.T.);
#1536=ORIENTED_EDGE('',*,*,#1535,.F.);
#1537=CARTESIAN_POINT('',(119.774693484,31.707106614,0.000018128));
#1538=CARTESIAN_POINT('',(119.774693484,31.613942503,0.000018128));
#1539=CARTESIAN_POINT('',(119.737812672,31.429853298,0.000018128));
#1540=CARTESIAN_POINT('',(119.580711211,31.194038332,0.000018128));
#1541=CARTESIAN_POINT('',(119.344898272,31.036961133,0.000018128));
#1542=CARTESIAN_POINT('',(119.16030698,30.999999833,0.000018128));
#1543=CARTESIAN_POINT('',(119.067128678,30.999999833,0.000018128));
#1544=B_SPLINE_CURVE_WITH_KNOTS('',3,(#1537,#1538,#1539,#1540,#1541,#1542,#1543),.UNSPECIFIED.,.F.,.F.,(4,1,1,1,4),(0.,0.000276239,0.000552234,0.000828105,0.00110497),.UNSPECIFIED.);
#1545=EDGE_CURVE('',#1530,#1469,#1544,.T.);
#1546=ORIENTED_EDGE('',*,*,#1545,.T.);
#1547=ORIENTED_EDGE('',*,*,#1474,.T.);
#1548=EDGE_LOOP('',(#1501,#1528,#1536,#1546,#1547));
#1549=FACE_BOUND('',#1548,.T.);
#1550=ADVANCED_FACE('',(#1549),#1500,.T.);
#1551=CARTESIAN_POINT('',(119.774693484,31.853544243,0.000018128));
#1552=DIRECTION('',(1.,0.,0.));
#1553=DIRECTION('',(0.,0.,-1.));
#1554=AXIS2_PLACEMENT_3D('',#1551,#1552,#1553);
#1555=PLANE('',#1554);
#1556=ORIENTED_EDGE('',*,*,#1535,.T.);
#1557=CARTESIAN_POINT('',(119.774693484,31.999981872,2.471861347));
#1558=VERTEX_POINT('',#1557);
#1559=CARTESIAN_POINT('',(119.774693484,31.707106614,2.471861347));
#1560=DIRECTION('',(0.,1.,-0.));
#1561=VECTOR('',#1560,0.292875258);
#1562=LINE('',#1559,#1561);
#1563=EDGE_CURVE('',#1503,#1558,#1562,.T.);
#1564=ORIENTED_EDGE('',*,*,#1563,.T.);
#1565=CARTESIAN_POINT('',(119.774693484,31.999981872,0.000018128));
#1566=VERTEX_POINT('',#1565);
#1567=CARTESIAN_POINT('',(119.774693484,31.999981872,0.000018128));
#1568=DIRECTION('',(0.,0.,1.));
#1569=VECTOR('',#1568,2.471843219);
#1570=LINE('',#1567,#1569);
#1571=EDGE_CURVE('',#1566,#1558,#1570,.T.);
#1572=ORIENTED_EDGE('',*,*,#1571,.F.);
#1573=CARTESIAN_POINT('',(119.774693484,31.707106614,0.000018128));
#1574=DIRECTION('',(0.,1.,0.));
#1575=VECTOR('',#1574,0.292875258);
#1576=LINE('',#1573,#1575);
#1577=EDGE_CURVE('',#1530,#1566,#1576,.T.);
#1578=ORIENTED_EDGE('',*,*,#1577,.F.);
#1579=EDGE_LOOP('',(#1556,#1564,#1572,#1578));
#1580=FACE_BOUND('',#1579,.T.);
#1581=ADVANCED_FACE('',(#1580),#1555,.F.);
#1582=CARTESIAN_POINT('',(120.275032625,31.999981872,0.000018128));
#1583=DIRECTION('',(0.,1.,0.));
#1584=DIRECTION('',(0.,0.,1.));
#1585=AXIS2_PLACEMENT_3D('',#1582,#1583,#1584);
#1586=PLANE('',#1585);
#1587=ORIENTED_EDGE('',*,*,#1571,.T.);
#1588=CARTESIAN_POINT('',(119.797711896,31.999981872,2.292911347));
#1589=VERTEX_POINT('',#1588);
#1590=CARTESIAN_POINT('',(119.090605115,31.999981872,2.292911347));
#1591=DIRECTION('',(0.,1.,0.));
#1592=DIRECTION('',(0.,-0.,1.));
#1593=AXIS2_PLACEMENT_3D('',#1590,#1591,#1592);
#1594=CIRCLE('',#1593,0.707106781);
#1595=EDGE_CURVE('',#1558,#1589,#1594,.T.);
#1596=ORIENTED_EDGE('',*,*,#1595,.T.);
#1597=CARTESIAN_POINT('',(119.797711896,31.999981872,2.000018128));
#1598=VERTEX_POINT('',#1597);
#1599=CARTESIAN_POINT('',(119.797711896,31.999981872,2.000018128));
#1600=DIRECTION('',(0.,0.,1.));
#1601=VECTOR('',#1600,0.292893219);
#1602=LINE('',#1599,#1601);
#1603=EDGE_CURVE('',#1598,#1589,#1602,.T.);
#1604=ORIENTED_EDGE('',*,*,#1603,.F.);
#1605=CARTESIAN_POINT('',(120.775371765,31.999981872,2.000018128));
#1606=VERTEX_POINT('',#1605);
#1607=CARTESIAN_POINT('',(120.775371765,31.999981872,2.000018128));
#1608=DIRECTION('',(-1.,0.,0.));
#1609=VECTOR('',#1608,0.977659869);
#1610=LINE('',#1607,#1609);
#1611=EDGE_CURVE('',#1606,#1598,#1610,.T.);
#1612=ORIENTED_EDGE('',*,*,#1611,.F.);
#1613=CARTESIAN_POINT('',(120.775371765,31.999981872,0.000018128));
#1614=VERTEX_POINT('',#1613);
#1615=CARTESIAN_POINT('',(120.775371765,31.999981872,0.000018128));
#1616=DIRECTION('',(0.,0.,1.));
#1617=VECTOR('',#1616,2.);
#1618=LINE('',#1615,#1617);
#1619=EDGE_CURVE('',#1614,#1606,#1618,.T.);
#1620=ORIENTED_EDGE('',*,*,#1619,.F.);
#1621=CARTESIAN_POINT('',(120.775371765,31.999981872,0.000018128));
#1622=DIRECTION('',(-1.,0.,0.));
#1623=VECTOR('',#1622,1.000678281);
#1624=LINE('',#1621,#1623);
#1625=EDGE_CURVE('',#1614,#1566,#1624,.T.);
#1626=ORIENTED_EDGE('',*,*,#1625,.T.);
#1627=EDGE_LOOP('',(#1587,#1596,#1604,#1612,#1620,#1626));
#1628=FACE_BOUND('',#1627,.T.);
#1629=ADVANCED_FACE('',(#1628),#1586,.T.);
#1630=CARTESIAN_POINT('',(120.775371765,31.853544243,0.000018128));
#1631=DIRECTION('',(1.,0.,0.));
#1632=DIRECTION('',(0.,0.,-1.));
#1633=AXIS2_PLACEMENT_3D('',#1630,#1631,#1632);
#1634=PLANE('',#1633);
#1635=CARTESIAN_POINT('',(120.775371765,31.707106614,2.000018128));
#1636=DIRECTION('',(0.,1.,0.));
#1637=VECTOR('',#1636,0.292875258);
#1638=LINE('',#1635,#1637);
#1639=EDGE_CURVE('',#538,#1606,#1638,.T.);
#1640=ORIENTED_EDGE('',*,*,#1639,.F.);
#1641=ORIENTED_EDGE('',*,*,#543,.F.);
#1642=CARTESIAN_POINT('',(120.775371765,31.707106614,0.000018128));
#1643=DIRECTION('',(0.,1.,0.));
#1644=VECTOR('',#1643,0.292875258);
#1645=LINE('',#1642,#1644);
#1646=EDGE_CURVE('',#526,#1614,#1645,.T.);
#1647=ORIENTED_EDGE('',*,*,#1646,.T.);
#1648=ORIENTED_EDGE('',*,*,#1619,.T.);
#1649=EDGE_LOOP('',(#1640,#1641,#1647,#1648));
#1650=FACE_BOUND('',#1649,.T.);
#1651=ADVANCED_FACE('',(#1650),#1634,.T.);
#1652=CARTESIAN_POINT('',(157.000122711,30.999999833,0.000018128));
#1653=DIRECTION('',(0.,1.,0.));
#1654=DIRECTION('',(0.,0.,1.));
#1655=AXIS2_PLACEMENT_3D('',#1652,#1653,#1654);
#1656=PLANE('',#1655);
#1657=ORIENTED_EDGE('',*,*,#428,.F.);
#1658=CARTESIAN_POINT('',(192.517264199,30.999999833,2.999680846));
#1659=VERTEX_POINT('',#1658);
#1660=CARTESIAN_POINT('',(192.495426745,30.999999833,2.292911347));
#1661=DIRECTION('',(0.,1.,0.));
#1662=DIRECTION('',(0.,-0.,1.));
#1663=AXIS2_PLACEMENT_3D('',#1660,#1661,#1662);
#1664=CIRCLE('',#1663,0.707106781);
#1665=EDGE_CURVE('',#415,#1659,#1664,.T.);
#1666=ORIENTED_EDGE('',*,*,#1665,.T.);
#1667=CARTESIAN_POINT('',(192.517264199,30.999999833,0.000018128));
#1668=VERTEX_POINT('',#1667);
#1669=CARTESIAN_POINT('',(192.517264199,30.999999833,0.000018128));
#1670=DIRECTION('',(0.,0.,1.));
#1671=VECTOR('',#1670,2.999662718);
#1672=LINE('',#1669,#1671);
#1673=EDGE_CURVE('',#1668,#1659,#1672,.T.);
#1674=ORIENTED_EDGE('',*,*,#1673,.F.);
#1675=CARTESIAN_POINT('',(192.517264199,30.999999833,0.000018128));
#1676=DIRECTION('',(-1.,0.,0.));
#1677=VECTOR('',#1676,71.034282976);
#1678=LINE('',#1675,#1677);
#1679=EDGE_CURVE('',#1668,#518,#1678,.T.);
#1680=ORIENTED_EDGE('',*,*,#1679,.T.);
#1681=ORIENTED_EDGE('',*,*,#523,.T.);
#1682=CARTESIAN_POINT('',(121.504818677,30.999999833,2.292911347));
#1683=DIRECTION('',(0.,1.,0.));
#1684=DIRECTION('',(0.,-0.,1.));
#1685=AXIS2_PLACEMENT_3D('',#1682,#1683,#1684);
#1686=CIRCLE('',#1685,0.707106781);
#1687=EDGE_CURVE('',#497,#423,#1686,.T.);
#1688=ORIENTED_EDGE('',*,*,#1687,.T.);
#1689=EDGE_LOOP('',(#1657,#1666,#1674,#1680,#1681,#1688));
#1690=FACE_BOUND('',#1689,.T.);
#1691=ADVANCED_FACE('',(#1690),#1656,.T.);
#1692=CARTESIAN_POINT('',(116.797711896,-49.000018128,0.000018128));
#1693=DIRECTION('',(-1.,0.,0.));
#1694=DIRECTION('',(-0.,-1.,0.));
#1695=AXIS2_PLACEMENT_3D('',#1692,#1693,#1694);
#1696=PLANE('',#1695);
#1697=ORIENTED_EDGE('',*,*,#48,.F.);
#1698=ORIENTED_EDGE('',*,*,#1194,.F.);
#1699=CARTESIAN_POINT('',(116.797711896,39.099981872,0.000018128));
#1700=DIRECTION('',(-0.,-1.,0.));
#1701=VECTOR('',#1700,176.1);
#1702=LINE('',#1699,#1701);
#1703=EDGE_CURVE('',#1183,#1230,#1702,.T.);
#1704=ORIENTED_EDGE('',*,*,#1703,.T.);
#1705=ORIENTED_EDGE('',*,*,#1235,.T.);
#1706=EDGE_LOOP('',(#1697,#1698,#1704,#1705));
#1707=FACE_BOUND('',#1706,.T.);
#1708=ADVANCED_FACE('',(#1707),#1696,.T.);
#1709=CARTESIAN_POINT('',(193.224873657,31.707106614,0.000018128));
#1710=CARTESIAN_POINT('',(193.224873657,31.707106614,2.999680846));
#1711=CARTESIAN_POINT('',(193.224873657,31.613939333,0.000018128));
#1712=CARTESIAN_POINT('',(193.224873657,31.613939333,2.999680846));
#1713=CARTESIAN_POINT('',(193.187988914,31.429844046,0.000018128));
#1714=CARTESIAN_POINT('',(193.187988914,31.429844046,2.999680846));
#1715=CARTESIAN_POINT('',(193.03087246,31.194026872,0.000018128));
#1716=CARTESIAN_POINT('',(193.03087246,31.194026872,2.999680846));
#1717=CARTESIAN_POINT('',(192.795043404,31.036956772,0.000018128));
#1718=CARTESIAN_POINT('',(192.795043404,31.036956772,2.999680846));
#1719=CARTESIAN_POINT('',(192.610445708,30.999999833,0.000018128));
#1720=CARTESIAN_POINT('',(192.610445708,30.999999833,2.999680846));
#1721=CARTESIAN_POINT('',(192.517264199,30.999999833,0.000018128));
#1722=CARTESIAN_POINT('',(192.517264199,30.999999833,2.999680846));
#1723=B_SPLINE_SURFACE_WITH_KNOTS('',3,1,((#1709,#1710),(#1711,#1712),(#1713,#1714),(#1715,#1716),(#1717,#1718),(#1719,#1720),(#1721,#1722)),.UNSPECIFIED.,.F.,.F.,.U.,(4,1,1,1,4),(2,2),(0.,0.000276248,0.000552252,0.000828133,0.001105007),(0.,0.999887573),.UNSPECIFIED.);
#1724=ORIENTED_EDGE('',*,*,#1673,.T.);
#1725=CARTESIAN_POINT('',(193.202533526,31.530828296,2.292911347));
#1726=VERTEX_POINT('',#1725);
#1727=CARTESIAN_POINT('',(192.517264199,30.999999833,2.999680846));
#1728=CARTESIAN_POINT('',(192.56929098,30.999999833,2.998073346));
#1729=CARTESIAN_POINT('',(192.619625623,31.005683417,2.990844141));
#1730=CARTESIAN_POINT('',(192.668449116,31.016353797,2.978522942));
#1731=CARTESIAN_POINT('',(192.717272609,31.027024177,2.966201743));
#1732=CARTESIAN_POINT('',(192.763970088,31.042719066,2.948773927));
#1733=CARTESIAN_POINT('',(192.806759207,31.061904914,2.92779094));
#1734=CARTESIAN_POINT('',(192.849548325,31.081090763,2.906807954));
#1735=CARTESIAN_POINT('',(192.889337612,31.104123475,2.881837623));
#1736=CARTESIAN_POINT('',(192.92486344,31.129101351,2.854680093));
#1737=CARTESIAN_POINT('',(192.960389269,31.154079227,2.827522563));
#1738=CARTESIAN_POINT('',(192.992146306,31.181200659,2.797972373));
#1739=CARTESIAN_POINT('',(193.020683281,31.210078655,2.766309246));
#1740=CARTESIAN_POINT('',(193.077757233,31.267834647,2.702982993));
#1741=CARTESIAN_POINT('',(193.120405857,31.331134804,2.633626979));
#1742=CARTESIAN_POINT('',(193.151030922,31.392692228,2.557832399));
#1743=CARTESIAN_POINT('',(193.166343455,31.42347094,2.519935108));
#1744=CARTESIAN_POINT('',(193.178754319,31.454445965,2.480032181));
#1745=CARTESIAN_POINT('',(193.187740499,31.481052085,2.436792082));
#1746=CARTESIAN_POINT('',(193.196726679,31.507658204,2.393551982));
#1747=CARTESIAN_POINT('',(193.202533526,31.530828285,2.345079044));
#1748=CARTESIAN_POINT('',(193.202533526,31.530828285,2.292911345));
#1749=B_SPLINE_CURVE_WITH_KNOTS('',3,(#1727,#1728,#1729,#1730,#1731,#1732,#1733,#1734,#1735,#1736,#1737,#1738,#1739,#1740,#1741,#1742,#1743,#1744,#1745,#1746,#1747,#1748),.UNSPECIFIED.,.F.,.F.,(4,3,3,3,3,3,3,4),(0.,0.000153438,0.000306875,0.000460313,0.00061375,0.000920625,0.001074063,0.0012275),.UNSPECIFIED.);
#1750=EDGE_CURVE('',#1659,#1726,#1749,.T.);
#1751=ORIENTED_EDGE('',*,*,#1750,.T.);
#1752=CARTESIAN_POINT('',(193.202533526,31.530828296,2.000018128));
#1753=VERTEX_POINT('',#1752);
#1754=CARTESIAN_POINT('',(193.202533526,31.530828296,2.000018128));
#1755=DIRECTION('',(0.,0.,1.));
#1756=VECTOR('',#1755,0.292893219);
#1757=LINE('',#1754,#1756);
#1758=EDGE_CURVE('',#1753,#1726,#1757,.T.);
#1759=ORIENTED_EDGE('',*,*,#1758,.F.);
#1760=CARTESIAN_POINT('',(193.224873657,31.707106614,2.000018128));
#1761=CARTESIAN_POINT('',(193.224873657,31.647410124,2.000018128));
#1762=CARTESIAN_POINT('',(193.217298708,31.588156576,2.000018128));
#1763=CARTESIAN_POINT('',(193.202533626,31.530828674,2.000018128));
#1764=B_SPLINE_CURVE_WITH_KNOTS('',3,(#1760,#1761,#1762,#1763),.UNSPECIFIED.,.F.,.F.,(4,4),(0.,0.000177005),.UNSPECIFIED.);
#1765=EDGE_CURVE('',#1253,#1753,#1764,.T.);
#1766=ORIENTED_EDGE('',*,*,#1765,.F.);
#1767=ORIENTED_EDGE('',*,*,#1273,.F.);
#1768=CARTESIAN_POINT('',(193.224873657,31.707106614,0.000018128));
#1769=CARTESIAN_POINT('',(193.224873657,31.613939333,0.000018128));
#1770=CARTESIAN_POINT('',(193.187988914,31.429844046,0.000018128));
#1771=CARTESIAN_POINT('',(193.03087246,31.194026872,0.000018128));
#1772=CARTESIAN_POINT('',(192.795043404,31.036956772,0.000018128));
#1773=CARTESIAN_POINT('',(192.610445708,30.999999833,0.000018128));
#1774=CARTESIAN_POINT('',(192.517264199,30.999999833,0.000018128));
#1775=B_SPLINE_CURVE_WITH_KNOTS('',3,(#1768,#1769,#1770,#1771,#1772,#1773,#1774),.UNSPECIFIED.,.F.,.F.,(4,1,1,1,4),(0.,0.000276248,0.000552252,0.000828133,0.001105007),.UNSPECIFIED.);
#1776=EDGE_CURVE('',#1262,#1668,#1775,.T.);
#1777=ORIENTED_EDGE('',*,*,#1776,.T.);
#1778=EDGE_LOOP('',(#1724,#1751,#1759,#1766,#1767,#1777));
#1779=FACE_BOUND('',#1778,.T.);
#1780=ADVANCED_FACE('',(#1779),#1723,.T.);
#1781=CARTESIAN_POINT('',(10.5,226.999981872,0.000018128));
#1782=DIRECTION('',(0.,0.,-1.));
#1783=DIRECTION('',(0.,1.,0.));
#1784=AXIS2_PLACEMENT_3D('',#1781,#1782,#1783);
#1785=PLANE('',#1784);
#1786=ORIENTED_EDGE('',*,*,#1267,.F.);
#1787=ORIENTED_EDGE('',*,*,#239,.F.);
#1788=ORIENTED_EDGE('',*,*,#1304,.T.);
#1789=ORIENTED_EDGE('',*,*,#1361,.F.);
#1790=ORIENTED_EDGE('',*,*,#1384,.F.);
#1791=ORIENTED_EDGE('',*,*,#1408,.F.);
#1792=ORIENTED_EDGE('',*,*,#1432,.F.);
#1793=ORIENTED_EDGE('',*,*,#1456,.T.);
#1794=ORIENTED_EDGE('',*,*,#1480,.F.);
#1795=ORIENTED_EDGE('',*,*,#1545,.F.);
#1796=ORIENTED_EDGE('',*,*,#1577,.T.);
#1797=ORIENTED_EDGE('',*,*,#1625,.F.);
#1798=ORIENTED_EDGE('',*,*,#1646,.F.);
#1799=ORIENTED_EDGE('',*,*,#535,.F.);
#1800=ORIENTED_EDGE('',*,*,#1679,.F.);
#1801=ORIENTED_EDGE('',*,*,#1776,.F.);
#1802=EDGE_LOOP('',(#1786,#1787,#1788,#1789,#1790,#1791,#1792,#1793,#1794,#1795,#1796,#1797,#1798,#1799,#1800,#1801));
#1803=FACE_BOUND('',#1802,.T.);
#1804=ORIENTED_EDGE('',*,*,#1188,.F.);
#1805=ORIENTED_EDGE('',*,*,#1217,.F.);
#1806=ORIENTED_EDGE('',*,*,#1241,.F.);
#1807=ORIENTED_EDGE('',*,*,#1703,.F.);
#1808=EDGE_LOOP('',(#1804,#1805,#1806,#1807));
#1809=FACE_BOUND('',#1808,.T.);
#1810=ORIENTED_EDGE('',*,*,#581,.F.);
#1811=ORIENTED_EDGE('',*,*,#604,.T.);
#1812=ORIENTED_EDGE('',*,*,#628,.T.);
#1813=ORIENTED_EDGE('',*,*,#652,.T.);
#1814=ORIENTED_EDGE('',*,*,#685,.F.);
#1815=ORIENTED_EDGE('',*,*,#767,.F.);
#1816=ORIENTED_EDGE('',*,*,#788,.F.);
#1817=ORIENTED_EDGE('',*,*,#380,.F.);
#1818=ORIENTED_EDGE('',*,*,#820,.T.);
#1819=ORIENTED_EDGE('',*,*,#877,.F.);
#1820=ORIENTED_EDGE('',*,*,#900,.F.);
#1821=ORIENTED_EDGE('',*,*,#924,.T.);
#1822=ORIENTED_EDGE('',*,*,#948,.F.);
#1823=ORIENTED_EDGE('',*,*,#972,.F.);
#1824=ORIENTED_EDGE('',*,*,#996,.F.);
#1825=ORIENTED_EDGE('',*,*,#1061,.F.);
#1826=ORIENTED_EDGE('',*,*,#1093,.T.);
#1827=ORIENTED_EDGE('',*,*,#1141,.F.);
#1828=ORIENTED_EDGE('',*,*,#1162,.F.);
#1829=ORIENTED_EDGE('',*,*,#322,.F.);
#1830=EDGE_LOOP('',(#1810,#1811,#1812,#1813,#1814,#1815,#1816,#1817,#1818,#1819,#1820,#1821,#1822,#1823,#1824,#1825,#1826,#1827,#1828,#1829));
#1831=FACE_BOUND('',#1830,.T.);
#1832=ADVANCED_FACE('',(#1803,#1809,#1831),#1785,.T.);
#1833=CARTESIAN_POINT('',(120.797711896,-49.000018128,2.000018128));
#1834=DIRECTION('',(-1.,0.,0.));
#1835=DIRECTION('',(-0.,-1.,0.));
#1836=AXIS2_PLACEMENT_3D('',#1833,#1834,#1835);
#1837=PLANE('',#1836);
#1838=ORIENTED_EDGE('',*,*,#740,.T.);
#1839=CARTESIAN_POINT('',(120.797711896,-129.53082863,2.292911347));
#1840=DIRECTION('',(0.,1.,-0.));
#1841=VECTOR('',#1840,161.061759257);
#1842=LINE('',#1839,#1841);
#1843=EDGE_CURVE('',#708,#489,#1842,.T.);
#1844=ORIENTED_EDGE('',*,*,#1843,.T.);
#1845=ORIENTED_EDGE('',*,*,#494,.F.);
#1846=CARTESIAN_POINT('',(120.797711896,31.530930617,2.000018128));
#1847=DIRECTION('',(-0.,-1.,0.));
#1848=VECTOR('',#1847,161.061759246);
#1849=LINE('',#1846,#1848);
#1850=EDGE_CURVE('',#487,#735,#1849,.T.);
#1851=ORIENTED_EDGE('',*,*,#1850,.T.);
#1852=EDGE_LOOP('',(#1838,#1844,#1845,#1851));
#1853=FACE_BOUND('',#1852,.T.);
#1854=ADVANCED_FACE('',(#1853),#1837,.T.);
#1855=CARTESIAN_POINT('',(119.797711896,-49.000018128,2.000018128));
#1856=DIRECTION('',(-1.,0.,0.));
#1857=DIRECTION('',(-0.,-1.,0.));
#1858=AXIS2_PLACEMENT_3D('',#1855,#1856,#1857);
#1859=PLANE('',#1858);
#1860=ORIENTED_EDGE('',*,*,#1603,.T.);
#1861=CARTESIAN_POINT('',(119.797711896,31.999981872,2.292911347));
#1862=DIRECTION('',(-0.,-1.,0.));
#1863=VECTOR('',#1862,163.);
#1864=LINE('',#1861,#1863);
#1865=EDGE_CURVE('',#1589,#350,#1864,.T.);
#1866=ORIENTED_EDGE('',*,*,#1865,.T.);
#1867=ORIENTED_EDGE('',*,*,#355,.F.);
#1868=CARTESIAN_POINT('',(119.797711896,31.999981872,2.000018128));
#1869=DIRECTION('',(-0.,-1.,0.));
#1870=VECTOR('',#1869,163.);
#1871=LINE('',#1868,#1870);
#1872=EDGE_CURVE('',#1598,#348,#1871,.T.);
#1873=ORIENTED_EDGE('',*,*,#1872,.F.);
#1874=EDGE_LOOP('',(#1860,#1866,#1867,#1873));
#1875=FACE_BOUND('',#1874,.T.);
#1876=ADVANCED_FACE('',(#1875),#1859,.F.);
#1877=CARTESIAN_POINT('',(10.5,160.999981872,2.000018128));
#1878=DIRECTION('',(0.,0.,-1.));
#1879=DIRECTION('',(0.,1.,0.));
#1880=AXIS2_PLACEMENT_3D('',#1877,#1878,#1879);
#1881=PLANE('',#1880);
#1882=ORIENTED_EDGE('',*,*,#1611,.T.);
#1883=ORIENTED_EDGE('',*,*,#1872,.T.);
#1884=ORIENTED_EDGE('',*,*,#394,.T.);
#1885=ORIENTED_EDGE('',*,*,#781,.T.);
#1886=ORIENTED_EDGE('',*,*,#749,.T.);
#1887=ORIENTED_EDGE('',*,*,#1850,.F.);
#1888=ORIENTED_EDGE('',*,*,#550,.T.);
#1889=ORIENTED_EDGE('',*,*,#1639,.T.);
#1890=EDGE_LOOP('',(#1882,#1883,#1884,#1885,#1886,#1887,#1888,#1889));
#1891=FACE_BOUND('',#1890,.T.);
#1892=ADVANCED_FACE('',(#1891),#1881,.F.);
#1893=CARTESIAN_POINT('',(121.504818677,226.999981872,2.292911347));
#1894=DIRECTION('',(0.,1.,0.));
#1895=DIRECTION('',(-1.,0.,0.));
#1896=AXIS2_PLACEMENT_3D('',#1893,#1894,#1895);
#1897=CYLINDRICAL_SURFACE('',#1896,0.707106781);
#1898=ORIENTED_EDGE('',*,*,#515,.F.);
#1899=ORIENTED_EDGE('',*,*,#1843,.F.);
#1900=ORIENTED_EDGE('',*,*,#732,.F.);
#1901=ORIENTED_EDGE('',*,*,#671,.F.);
#1902=ORIENTED_EDGE('',*,*,#436,.F.);
#1903=ORIENTED_EDGE('',*,*,#1687,.F.);
#1904=EDGE_LOOP('',(#1898,#1899,#1900,#1901,#1902,#1903));
#1905=FACE_BOUND('',#1904,.T.);
#1906=ADVANCED_FACE('',(#1905),#1897,.T.);
#1907=CARTESIAN_POINT('',(119.090605115,-49.000018128,2.292911347));
#1908=DIRECTION('',(-0.,-1.,0.));
#1909=DIRECTION('',(1.,-0.,0.));
#1910=AXIS2_PLACEMENT_3D('',#1907,#1908,#1909);
#1911=CYLINDRICAL_SURFACE('',#1910,0.707106781);
#1912=ORIENTED_EDGE('',*,*,#1527,.F.);
#1913=ORIENTED_EDGE('',*,*,#149,.F.);
#1914=ORIENTED_EDGE('',*,*,#858,.F.);
#1915=ORIENTED_EDGE('',*,*,#806,.F.);
#1916=ORIENTED_EDGE('',*,*,#364,.F.);
#1917=ORIENTED_EDGE('',*,*,#1865,.F.);
#1918=ORIENTED_EDGE('',*,*,#1595,.F.);
#1919=ORIENTED_EDGE('',*,*,#1563,.F.);
#1920=EDGE_LOOP('',(#1912,#1913,#1914,#1915,#1916,#1917,#1918,#1919));
#1921=FACE_BOUND('',#1920,.T.);
#1922=ADVANCED_FACE('',(#1921),#1911,.T.);
#1923=CARTESIAN_POINT('',(194.202533526,-49.000018128,2.000018128));
#1924=DIRECTION('',(1.,0.,0.));
#1925=DIRECTION('',(-0.,1.,0.));
#1926=AXIS2_PLACEMENT_3D('',#1923,#1924,#1925);
#1927=PLANE('',#1926);
#1928=ORIENTED_EDGE('',*,*,#1119,.T.);
#1929=CARTESIAN_POINT('',(194.202533526,-131.000018128,2.292911347));
#1930=DIRECTION('',(-0.,1.,0.));
#1931=VECTOR('',#1930,163.);
#1932=LINE('',#1929,#1931);
#1933=EDGE_CURVE('',#1105,#209,#1932,.T.);
#1934=ORIENTED_EDGE('',*,*,#1933,.T.);
#1935=ORIENTED_EDGE('',*,*,#214,.F.);
#1936=CARTESIAN_POINT('',(194.202533526,-131.000018128,2.000018128));
#1937=DIRECTION('',(-0.,1.,0.));
#1938=VECTOR('',#1937,163.);
#1939=LINE('',#1936,#1938);
#1940=EDGE_CURVE('',#1114,#207,#1939,.T.);
#1941=ORIENTED_EDGE('',*,*,#1940,.F.);
#1942=EDGE_LOOP('',(#1928,#1934,#1935,#1941));
#1943=FACE_BOUND('',#1942,.T.);
#1944=ADVANCED_FACE('',(#1943),#1927,.F.);
#1945=CARTESIAN_POINT('',(193.202533526,-49.000018128,2.000018128));
#1946=DIRECTION('',(1.,0.,0.));
#1947=DIRECTION('',(-0.,1.,0.));
#1948=AXIS2_PLACEMENT_3D('',#1945,#1946,#1947);
#1949=PLANE('',#1948);
#1950=ORIENTED_EDGE('',*,*,#1758,.T.);
#1951=CARTESIAN_POINT('',(193.202533526,31.530828296,2.292911347));
#1952=DIRECTION('',(0.,-1.,-0.));
#1953=VECTOR('',#1952,161.061759257);
#1954=LINE('',#1951,#1953);
#1955=EDGE_CURVE('',#1726,#276,#1954,.T.);
#1956=ORIENTED_EDGE('',*,*,#1955,.T.);
#1957=ORIENTED_EDGE('',*,*,#281,.F.);
#1958=CARTESIAN_POINT('',(193.202533526,-129.530930951,2.000018128));
#1959=DIRECTION('',(-0.,1.,0.));
#1960=VECTOR('',#1959,161.061759246);
#1961=LINE('',#1958,#1960);
#1962=EDGE_CURVE('',#274,#1753,#1961,.T.);
#1963=ORIENTED_EDGE('',*,*,#1962,.T.);
#1964=EDGE_LOOP('',(#1950,#1956,#1957,#1963));
#1965=FACE_BOUND('',#1964,.T.);
#1966=ADVANCED_FACE('',(#1965),#1949,.T.);
#1967=CARTESIAN_POINT('',(10.5,160.999981872,2.000018128));
#1968=DIRECTION('',(0.,0.,-1.));
#1969=DIRECTION('',(0.,1.,0.));
#1970=AXIS2_PLACEMENT_3D('',#1967,#1968,#1969);
#1971=PLANE('',#1970);
#1972=ORIENTED_EDGE('',*,*,#253,.T.);
#1973=ORIENTED_EDGE('',*,*,#1258,.T.);
#1974=ORIENTED_EDGE('',*,*,#1765,.T.);
#1975=ORIENTED_EDGE('',*,*,#1962,.F.);
#1976=ORIENTED_EDGE('',*,*,#337,.T.);
#1977=ORIENTED_EDGE('',*,*,#1155,.T.);
#1978=ORIENTED_EDGE('',*,*,#1127,.T.);
#1979=ORIENTED_EDGE('',*,*,#1940,.T.);
#1980=EDGE_LOOP('',(#1972,#1973,#1974,#1975,#1976,#1977,#1978,#1979));
#1981=FACE_BOUND('',#1980,.T.);
#1982=ADVANCED_FACE('',(#1981),#1971,.F.);
#1983=CARTESIAN_POINT('',(194.909640307,-49.000018128,2.292911347));
#1984=DIRECTION('',(-0.,1.,0.));
#1985=DIRECTION('',(-1.,-0.,0.));
#1986=AXIS2_PLACEMENT_3D('',#1983,#1984,#1985);
#1987=CYLINDRICAL_SURFACE('',#1986,0.707106781);
#1988=ORIENTED_EDGE('',*,*,#1043,.F.);
#1989=ORIENTED_EDGE('',*,*,#83,.F.);
#1990=ORIENTED_EDGE('',*,*,#1342,.F.);
#1991=ORIENTED_EDGE('',*,*,#1290,.F.);
#1992=ORIENTED_EDGE('',*,*,#223,.F.);
#1993=ORIENTED_EDGE('',*,*,#1933,.F.);
#1994=ORIENTED_EDGE('',*,*,#1111,.F.);
#1995=ORIENTED_EDGE('',*,*,#1079,.F.);
#1996=EDGE_LOOP('',(#1988,#1989,#1990,#1991,#1992,#1993,#1994,#1995));
#1997=FACE_BOUND('',#1996,.T.);
#1998=ADVANCED_FACE('',(#1997),#1987,.T.);
#1999=CARTESIAN_POINT('',(192.495426745,226.999981872,2.292911347));
#2000=DIRECTION('',(0.,-1.,0.));
#2001=DIRECTION('',(1.,0.,0.));
#2002=AXIS2_PLACEMENT_3D('',#1999,#2000,#2001);
#2003=CYLINDRICAL_SURFACE('',#2002,0.707106781);
#2004=ORIENTED_EDGE('',*,*,#302,.F.);
#2005=ORIENTED_EDGE('',*,*,#1955,.F.);
#2006=ORIENTED_EDGE('',*,*,#1750,.F.);
#2007=ORIENTED_EDGE('',*,*,#1665,.F.);
#2008=ORIENTED_EDGE('',*,*,#420,.F.);
#2009=ORIENTED_EDGE('',*,*,#566,.F.);
#2010=EDGE_LOOP('',(#2004,#2005,#2006,#2007,#2008,#2009));
#2011=FACE_BOUND('',#2010,.T.);
#2012=ADVANCED_FACE('',(#2011),#2003,.T.);
#2013=CLOSED_SHELL('',(#200,#257,#341,#398,#470,#554,#585,#609,#633,#657,#690,#771,#793,#824,#881,#905,#929,#953,#977,#1001,#1066,#1097,#1145,#1167,#1198,#1222,
#1246,#1277,#1308,#1365,#1389,#1413,#1437,#1461,#1485,#1550,#1581,#1629,#1651,#1691,#1708,#1780,#1832,#1854,#1876,#1892,#1906,#1922,#1944,#1966,#1982,
#1998,#2012));
#2014=MANIFOLD_SOLID_BREP('Body 10',#2013);
#2015=COLOUR_RGB('',0.627451003,0.627451003,0.643137276);
#2016=FILL_AREA_STYLE_COLOUR('',#2015);
#2017=FILL_AREA_STYLE('',(#2016));
#2018=SURFACE_STYLE_FILL_AREA(#2017);
#2019=SURFACE_SIDE_STYLE('',(#2018));
#2020=SURFACE_STYLE_USAGE(.BOTH.,#2019);
#2021=PRESENTATION_STYLE_ASSIGNMENT((#2020));
#26=STYLED_ITEM('',(#2021),#2014);
#2022=(NAMED_UNIT(*)PLANE_ANGLE_UNIT()SI_UNIT($,.RADIAN.));
#2023=PLANE_ANGLE_MEASURE_WITH_UNIT(PLANE_ANGLE_MEASURE(0.0174532925),#2022);
#2024=(CONVERSION_BASED_UNIT('DEGREE',#2023)NAMED_UNIT(#2025)PLANE_ANGLE_UNIT());
#2025=DIMENSIONAL_EXPONENTS(0.,0.,0.,0.,0.,0.,0.);
#2026=(NAMED_UNIT(*)SI_UNIT($,.STERADIAN.)SOLID_ANGLE_UNIT());
#2027=(LENGTH_UNIT()NAMED_UNIT(*)SI_UNIT(.MILLI.,.METRE.));
#2028=UNCERTAINTY_MEASURE_WITH_UNIT(LENGTH_MEASURE(1.000000E-03),#2027,'DISTANCE_ACCURACY_VALUE','Maximum Tolerance applied to model');
#2029=(GEOMETRIC_REPRESENTATION_CONTEXT(3)GLOBAL_UNCERTAINTY_ASSIGNED_CONTEXT((#2028))GLOBAL_UNIT_ASSIGNED_CONTEXT((#2027,#2024,#2026))REPRESENTATION_CONTEXT('','Act ii print plast.step'));
#2041=CARTESIAN_POINT('',(0.,0.,0.));
#2042=DIRECTION('',(0.,0.,1.));
#2043=DIRECTION('',(1.,0.,-0.));
#2044=AXIS2_PLACEMENT_3D('',#2041,#2042,#2043);
#2045=ITEM_DEFINED_TRANSFORMATION('','',#2044,#15);
#2046=(REPRESENTATION_RELATIONSHIP('','',#2031,#16)REPRESENTATION_RELATIONSHIP_WITH_TRANSFORMATION(#2045)SHAPE_REPRESENTATION_RELATIONSHIP());
#2047=NEXT_ASSEMBLY_USAGE_OCCURRENCE('Act ii print plast.step_1','Act ii print plast.step','Act ii print plast.step',#25,#2040,$);
#2048=PRODUCT_DEFINITION_SHAPE('','',#2047);
#2049=CONTEXT_DEPENDENT_SHAPE_REPRESENTATION(#2046,#2048);
#2050=(NAMED_UNIT(*)PLANE_ANGLE_UNIT()SI_UNIT($,.RADIAN.));
#2051=PLANE_ANGLE_MEASURE_WITH_UNIT(PLANE_ANGLE_MEASURE(0.0174532925),#2050);
#2052=(CONVERSION_BASED_UNIT('DEGREE',#2051)NAMED_UNIT(#2053)PLANE_ANGLE_UNIT());
#2053=DIMENSIONAL_EXPONENTS(0.,0.,0.,0.,0.,0.,0.);
#2054=(NAMED_UNIT(*)SI_UNIT($,.STERADIAN.)SOLID_ANGLE_UNIT());
#2055=(LENGTH_UNIT()NAMED_UNIT(*)SI_UNIT(.MILLI.,.METRE.));
#2056=UNCERTAINTY_MEASURE_WITH_UNIT(LENGTH_MEASURE(1.000000E-05),#2055,'DISTANCE_ACCURACY_VALUE','Maximum Tolerance applied to model');
#2057=(GEOMETRIC_REPRESENTATION_CONTEXT(3)GLOBAL_UNCERTAINTY_ASSIGNED_CONTEXT((#2056))GLOBAL_UNIT_ASSIGNED_CONTEXT((#2055,#2052,#2054))REPRESENTATION_CONTEXT('','Folder 35'));
#2069=CARTESIAN_POINT('',(0.,0.,0.));
#2070=DIRECTION('',(0.,0.,1.));
#2071=DIRECTION('',(1.,0.,-0.));
#2072=AXIS2_PLACEMENT_3D('',#2069,#2070,#2071);
#2073=ITEM_DEFINED_TRANSFORMATION('','',#2072,#15);
#2074=(REPRESENTATION_RELATIONSHIP('','',#2059,#2031)REPRESENTATION_RELATIONSHIP_WITH_TRANSFORMATION(#2073)SHAPE_REPRESENTATION_RELATIONSHIP());
#2075=NEXT_ASSEMBLY_USAGE_OCCURRENCE('Folder 35_2','Folder 35','Folder 35',#2040,#2068,$);
#2076=PRODUCT_DEFINITION_SHAPE('','',#2075);
#2077=CONTEXT_DEPENDENT_SHAPE_REPRESENTATION(#2074,#2076);
#2079=CARTESIAN_POINT('',(-1950.,30.999981872,63.000018128));
#2080=DIRECTION('',(0.,1.,0.));
#2081=DIRECTION('',(1.,0.,0.));
#2082=AXIS2_PLACEMENT_3D('',#2079,#2080,#2081);
#2083=PLANE('',#2082);
#2084=CARTESIAN_POINT('',(137.797711896,30.999981872,3.000018128));
#2085=VERTEX_POINT('',#2084);
#2086=CARTESIAN_POINT('',(176.250122711,30.999981872,4.352763072));
#2087=VERTEX_POINT('',#2086);
#2088=CARTESIAN_POINT('',(157.000122711,30.999981872,4.352763072));
#2089=DIRECTION('',(0.,1.,0.));
#2090=DIRECTION('',(0.,-0.,1.));
#2091=AXIS2_PLACEMENT_3D('',#2088,#2089,#2090);
#2092=CIRCLE('',#2091,19.25);
#2093=EDGE_CURVE('',#2085,#2087,#2092,.T.);
#2094=ORIENTED_EDGE('',*,*,#2093,.T.);
#2095=CARTESIAN_POINT('',(176.202533526,30.999981872,3.000018128));
#2096=VERTEX_POINT('',#2095);
#2097=CARTESIAN_POINT('',(157.000122711,30.999981872,4.352763072));
#2098=DIRECTION('',(0.,1.,0.));
#2099=DIRECTION('',(0.,-0.,1.));
#2100=AXIS2_PLACEMENT_3D('',#2097,#2098,#2099);
#2101=CIRCLE('',#2100,19.25);
#2102=EDGE_CURVE('',#2087,#2096,#2101,.T.);
#2103=ORIENTED_EDGE('',*,*,#2102,.T.);
#2104=CARTESIAN_POINT('',(176.202533526,30.999981872,3.000018128));
#2105=DIRECTION('',(-1.,-0.,0.));
#2106=VECTOR('',#2105,38.40482163);
#2107=LINE('',#2104,#2106);
#2108=EDGE_CURVE('',#2096,#2085,#2107,.T.);
#2109=ORIENTED_EDGE('',*,*,#2108,.T.);
#2110=EDGE_LOOP('',(#2094,#2103,#2109));
#2111=FACE_BOUND('',#2110,.T.);
#2112=ADVANCED_FACE('',(#2111),#2083,.T.);
#2113=CARTESIAN_POINT('',(157.000122711,-49.000018128,4.352763072));
#2114=DIRECTION('',(-0.,1.,0.));
#2115=DIRECTION('',(1.,0.,0.));
#2116=AXIS2_PLACEMENT_3D('',#2113,#2114,#2115);
#2117=CYLINDRICAL_SURFACE('',#2116,19.25);
#2118=CARTESIAN_POINT('',(176.250122711,-129.000018128,4.352763072));
#2119=VERTEX_POINT('',#2118);
#2120=CARTESIAN_POINT('',(176.250122711,30.999981872,4.352763072));
#2121=DIRECTION('',(-0.,-1.,-0.));
#2122=VECTOR('',#2121,160.);
#2123=LINE('',#2120,#2122);
#2124=EDGE_CURVE('',#2087,#2119,#2123,.T.);
#2125=ORIENTED_EDGE('',*,*,#2124,.T.);
#2126=CARTESIAN_POINT('',(176.202533526,-129.000018128,3.000018128));
#2127=VERTEX_POINT('',#2126);
#2128=CARTESIAN_POINT('',(157.000122711,-129.000018128,4.352763072));
#2129=DIRECTION('',(0.,1.,0.));
#2130=DIRECTION('',(0.,-0.,1.));
#2131=AXIS2_PLACEMENT_3D('',#2128,#2129,#2130);
#2132=CIRCLE('',#2131,19.25);
#2133=EDGE_CURVE('',#2119,#2127,#2132,.T.);
#2134=ORIENTED_EDGE('',*,*,#2133,.T.);
#2135=CARTESIAN_POINT('',(176.202533526,-129.000018128,3.000018128));
#2136=DIRECTION('',(0.,1.,0.));
#2137=VECTOR('',#2136,160.);
#2138=LINE('',#2135,#2137);
#2139=EDGE_CURVE('',#2127,#2096,#2138,.T.);
#2140=ORIENTED_EDGE('',*,*,#2139,.T.);
#2141=ORIENTED_EDGE('',*,*,#2102,.F.);
#2142=EDGE_LOOP('',(#2125,#2134,#2140,#2141));
#2143=FACE_BOUND('',#2142,.T.);
#2144=ADVANCED_FACE('',(#2143),#2117,.T.);
#2145=CARTESIAN_POINT('',(10.5,160.999981872,3.000018128));
#2146=DIRECTION('',(0.,0.,-1.));
#2147=DIRECTION('',(0.,1.,0.));
#2148=AXIS2_PLACEMENT_3D('',#2145,#2146,#2147);
#2149=PLANE('',#2148);
#2150=ORIENTED_EDGE('',*,*,#2108,.F.);
#2151=ORIENTED_EDGE('',*,*,#2139,.F.);
#2152=CARTESIAN_POINT('',(137.797711896,-129.000018128,3.000018128));
#2153=VERTEX_POINT('',#2152);
#2154=CARTESIAN_POINT('',(176.202533526,-129.000018128,3.000018128));
#2155=DIRECTION('',(-1.,-0.,0.));
#2156=VECTOR('',#2155,38.40482163);
#2157=LINE('',#2154,#2156);
#2158=EDGE_CURVE('',#2127,#2153,#2157,.T.);
#2159=ORIENTED_EDGE('',*,*,#2158,.T.);
#2160=CARTESIAN_POINT('',(137.797711896,30.999981872,3.000018128));
#2161=DIRECTION('',(-0.,-1.,-0.));
#2162=VECTOR('',#2161,160.);
#2163=LINE('',#2160,#2162);
#2164=EDGE_CURVE('',#2085,#2153,#2163,.T.);
#2165=ORIENTED_EDGE('',*,*,#2164,.F.);
#2166=EDGE_LOOP('',(#2150,#2151,#2159,#2165));
#2167=FACE_BOUND('',#2166,.T.);
#2168=ADVANCED_FACE('',(#2167),#2149,.T.);
#2169=CARTESIAN_POINT('',(-1950.,-129.000018128,63.000018128));
#2170=DIRECTION('',(0.,1.,0.));
#2171=DIRECTION('',(1.,0.,0.));
#2172=AXIS2_PLACEMENT_3D('',#2169,#2170,#2171);
#2173=PLANE('',#2172);
#2174=ORIENTED_EDGE('',*,*,#2158,.F.);
#2175=ORIENTED_EDGE('',*,*,#2133,.F.);
#2176=CARTESIAN_POINT('',(157.000122711,-129.000018128,4.352763072));
#2177=DIRECTION('',(0.,1.,0.));
#2178=DIRECTION('',(0.,-0.,1.));
#2179=AXIS2_PLACEMENT_3D('',#2176,#2177,#2178);
#2180=CIRCLE('',#2179,19.25);
#2181=EDGE_CURVE('',#2153,#2119,#2180,.T.);
#2182=ORIENTED_EDGE('',*,*,#2181,.F.);
#2183=EDGE_LOOP('',(#2174,#2175,#2182));
#2184=FACE_BOUND('',#2183,.T.);
#2185=ADVANCED_FACE('',(#2184),#2173,.F.);
#2186=CARTESIAN_POINT('',(157.000122711,-49.000018128,4.352763072));
#2187=DIRECTION('',(-0.,1.,0.));
#2188=DIRECTION('',(1.,0.,0.));
#2189=AXIS2_PLACEMENT_3D('',#2186,#2187,#2188);
#2190=CYLINDRICAL_SURFACE('',#2189,19.25);
#2191=ORIENTED_EDGE('',*,*,#2124,.F.);
#2192=ORIENTED_EDGE('',*,*,#2093,.F.);
#2193=ORIENTED_EDGE('',*,*,#2164,.T.);
#2194=ORIENTED_EDGE('',*,*,#2181,.T.);
#2195=EDGE_LOOP('',(#2191,#2192,#2193,#2194));
#2196=FACE_BOUND('',#2195,.T.);
#2197=ADVANCED_FACE('',(#2196),#2190,.T.);
#2198=CLOSED_SHELL('',(#2112,#2144,#2168,#2185,#2197));
#2199=MANIFOLD_SOLID_BREP('Body 121 (2)',#2198);
#2078=STYLED_ITEM('',(#2021),#2199);
#2201=CARTESIAN_POINT('',(179.500915115,-129.000000167,48.000018128));
#2202=DIRECTION('',(0.,1.,0.));
#2203=DIRECTION('',(1.,0.,0.));
#2204=AXIS2_PLACEMENT_3D('',#2201,#2202,#2203);
#2205=PLANE('',#2204);
#2206=CARTESIAN_POINT('',(194.933116744,-129.000000167,3.000018128));
#2207=VERTEX_POINT('',#2206);
#2208=CARTESIAN_POINT('',(197.000000335,-129.000000167,3.000018128));
#2209=VERTEX_POINT('',#2208);
#2210=CARTESIAN_POINT('',(194.933116744,-129.000000167,3.000018128));
#2211=DIRECTION('',(1.,0.,-0.));
#2212=VECTOR('',#2211,2.066883591);
#2213=LINE('',#2210,#2212);
#2214=EDGE_CURVE('',#2207,#2209,#2213,.T.);
#2215=ORIENTED_EDGE('',*,*,#2214,.F.);
#2216=CARTESIAN_POINT('',(157.000122711,-129.000000167,42.309869853));
#2217=VERTEX_POINT('',#2216);
#2218=CARTESIAN_POINT('',(157.000122711,-129.000000167,4.352763072));
#2219=DIRECTION('',(-0.,-1.,-0.));
#2220=DIRECTION('',(0.,-0.,1.));
#2221=AXIS2_PLACEMENT_3D('',#2218,#2219,#2220);
#2222=CIRCLE('',#2221,37.957106781);
#2223=EDGE_CURVE('',#2207,#2217,#2222,.T.);
#2224=ORIENTED_EDGE('',*,*,#2223,.T.);
#2225=CARTESIAN_POINT('',(119.067128678,-129.000000167,3.000018128));
#2226=VERTEX_POINT('',#2225);
#2227=CARTESIAN_POINT('',(157.000122711,-129.000000167,4.352763072));
#2228=DIRECTION('',(-0.,-1.,-0.));
#2229=DIRECTION('',(0.,-0.,1.));
#2230=AXIS2_PLACEMENT_3D('',#2227,#2228,#2229);
#2231=CIRCLE('',#2230,37.957106781);
#2232=EDGE_CURVE('',#2217,#2226,#2231,.T.);
#2233=ORIENTED_EDGE('',*,*,#2232,.T.);
#2234=CARTESIAN_POINT('',(117.001463313,-129.000000167,3.000018128));
#2235=VERTEX_POINT('',#2234);
#2236=CARTESIAN_POINT('',(117.001463313,-129.000000167,3.000018128));
#2237=DIRECTION('',(1.,0.,-0.));
#2238=VECTOR('',#2237,2.065665365);
#2239=LINE('',#2236,#2238);
#2240=EDGE_CURVE('',#2235,#2226,#2239,.T.);
#2241=ORIENTED_EDGE('',*,*,#2240,.F.);
#2242=CARTESIAN_POINT('',(117.001463314,-129.000000167,43.000018128));
#2243=VERTEX_POINT('',#2242);
#2244=CARTESIAN_POINT('',(117.001463313,-129.000000167,43.000018128));
#2245=DIRECTION('',(0.,0.,-1.));
#2246=VECTOR('',#2245,40.);
#2247=LINE('',#2244,#2246);
#2248=EDGE_CURVE('',#2243,#2235,#2247,.T.);
#2249=ORIENTED_EDGE('',*,*,#2248,.F.);
#2250=CARTESIAN_POINT('',(197.000000335,-129.000000167,43.000018128));
#2251=VERTEX_POINT('',#2250);
#2252=CARTESIAN_POINT('',(117.001463314,-129.000000167,43.000018128));
#2253=DIRECTION('',(1.,0.,-0.));
#2254=VECTOR('',#2253,79.998537021);
#2255=LINE('',#2252,#2254);
#2256=EDGE_CURVE('',#2243,#2251,#2255,.T.);
#2257=ORIENTED_EDGE('',*,*,#2256,.T.);
#2258=CARTESIAN_POINT('',(197.000000335,-129.000000167,43.000018128));
#2259=DIRECTION('',(0.,0.,-1.));
#2260=VECTOR('',#2259,40.);
#2261=LINE('',#2258,#2260);
#2262=EDGE_CURVE('',#2251,#2209,#2261,.T.);
#2263=ORIENTED_EDGE('',*,*,#2262,.T.);
#2264=EDGE_LOOP('',(#2215,#2224,#2233,#2241,#2249,#2257,#2263));
#2265=FACE_BOUND('',#2264,.T.);
#2266=ADVANCED_FACE('',(#2265),#2205,.T.);
#2267=CARTESIAN_POINT('',(176.999991187,-137.000000167,48.000018128));
#2268=DIRECTION('',(0.,-1.,0.));
#2269=DIRECTION('',(-1.,0.,0.));
#2270=AXIS2_PLACEMENT_3D('',#2267,#2268,#2269);
#2271=PLANE('',#2270);
#2272=CARTESIAN_POINT('',(197.000000335,-137.000000167,3.000018128));
#2273=VERTEX_POINT('',#2272);
#2274=CARTESIAN_POINT('',(116.999999665,-137.000000167,3.000018128));
#2275=VERTEX_POINT('',#2274);
#2276=CARTESIAN_POINT('',(197.000000335,-137.000000167,3.000018128));
#2277=DIRECTION('',(-1.,-0.,0.));
#2278=VECTOR('',#2277,80.00000067);
#2279=LINE('',#2276,#2278);
#2280=EDGE_CURVE('',#2273,#2275,#2279,.T.);
#2281=ORIENTED_EDGE('',*,*,#2280,.F.);
#2282=CARTESIAN_POINT('',(197.000000335,-137.000000167,43.000018128));
#2283=VERTEX_POINT('',#2282);
#2284=CARTESIAN_POINT('',(197.000000335,-137.000000167,43.000018128));
#2285=DIRECTION('',(0.,0.,-1.));
#2286=VECTOR('',#2285,40.);
#2287=LINE('',#2284,#2286);
#2288=EDGE_CURVE('',#2283,#2273,#2287,.T.);
#2289=ORIENTED_EDGE('',*,*,#2288,.F.);
#2290=CARTESIAN_POINT('',(116.999999665,-137.000000167,43.000018128));
#2291=VERTEX_POINT('',#2290);
#2292=CARTESIAN_POINT('',(197.000000335,-137.000000167,43.000018128));
#2293=DIRECTION('',(-1.,0.,0.));
#2294=VECTOR('',#2293,80.00000067);
#2295=LINE('',#2292,#2294);
#2296=EDGE_CURVE('',#2283,#2291,#2295,.T.);
#2297=ORIENTED_EDGE('',*,*,#2296,.T.);
#2298=CARTESIAN_POINT('',(116.999999665,-137.000000167,43.000018128));
#2299=DIRECTION('',(0.,0.,-1.));
#2300=VECTOR('',#2299,40.);
#2301=LINE('',#2298,#2300);
#2302=EDGE_CURVE('',#2291,#2275,#2301,.T.);
#2303=ORIENTED_EDGE('',*,*,#2302,.T.);
#2304=EDGE_LOOP('',(#2281,#2289,#2297,#2303));
#2305=FACE_BOUND('',#2304,.T.);
#2306=ADVANCED_FACE('',(#2305),#2271,.T.);
#2307=CARTESIAN_POINT('',(197.000000335,-132.000000167,48.000018128));
#2308=DIRECTION('',(1.,0.,0.));
#2309=DIRECTION('',(0.,-1.,0.));
#2310=AXIS2_PLACEMENT_3D('',#2307,#2308,#2309);
#2311=PLANE('',#2310);
#2312=CARTESIAN_POINT('',(197.000000335,-129.000000167,3.000018128));
#2313=DIRECTION('',(0.,-1.,0.));
#2314=VECTOR('',#2313,8.);
#2315=LINE('',#2312,#2314);
#2316=EDGE_CURVE('',#2209,#2273,#2315,.T.);
#2317=ORIENTED_EDGE('',*,*,#2316,.F.);
#2318=ORIENTED_EDGE('',*,*,#2262,.F.);
#2319=CARTESIAN_POINT('',(197.000000335,-129.000000167,43.000018128));
#2320=DIRECTION('',(0.,-1.,0.));
#2321=VECTOR('',#2320,8.);
#2322=LINE('',#2319,#2321);
#2323=EDGE_CURVE('',#2251,#2283,#2322,.T.);
#2324=ORIENTED_EDGE('',*,*,#2323,.T.);
#2325=ORIENTED_EDGE('',*,*,#2288,.T.);
#2326=EDGE_LOOP('',(#2317,#2318,#2324,#2325));
#2327=FACE_BOUND('',#2326,.T.);
#2328=ADVANCED_FACE('',(#2327),#2311,.T.);
#2329=CARTESIAN_POINT('',(179.500915115,-129.000000167,48.000018128));
#2330=DIRECTION('',(0.,1.,0.));
#2331=DIRECTION('',(1.,0.,0.));
#2332=AXIS2_PLACEMENT_3D('',#2329,#2330,#2331);
#2333=PLANE('',#2332);
#2334=CARTESIAN_POINT('',(121.482981223,-129.000000167,3.000018128));
#2335=VERTEX_POINT('',#2334);
#2336=CARTESIAN_POINT('',(192.517264199,-129.000000167,3.000018128));
#2337=VERTEX_POINT('',#2336);
#2338=CARTESIAN_POINT('',(121.482981223,-129.000000167,3.000018128));
#2339=DIRECTION('',(1.,0.,-0.));
#2340=VECTOR('',#2339,71.034282976);
#2341=LINE('',#2338,#2340);
#2342=EDGE_CURVE('',#2335,#2337,#2341,.T.);
#2343=ORIENTED_EDGE('',*,*,#2342,.F.);
#2344=CARTESIAN_POINT('',(157.000122711,-129.000000167,39.895656291));
#2345=VERTEX_POINT('',#2344);
#2346=CARTESIAN_POINT('',(157.000122711,-129.000000167,4.352763072));
#2347=DIRECTION('',(0.,1.,0.));
#2348=DIRECTION('',(0.,-0.,1.));
#2349=AXIS2_PLACEMENT_3D('',#2346,#2347,#2348);
#2350=CIRCLE('',#2349,35.542893219);
#2351=EDGE_CURVE('',#2335,#2345,#2350,.T.);
#2352=ORIENTED_EDGE('',*,*,#2351,.T.);
#2353=CARTESIAN_POINT('',(157.000122711,-129.000000167,4.352763072));
#2354=DIRECTION('',(0.,1.,0.));
#2355=DIRECTION('',(0.,-0.,1.));
#2356=AXIS2_PLACEMENT_3D('',#2353,#2354,#2355);
#2357=CIRCLE('',#2356,35.542893219);
#2358=EDGE_CURVE('',#2345,#2337,#2357,.T.);
#2359=ORIENTED_EDGE('',*,*,#2358,.T.);
#2360=EDGE_LOOP('',(#2343,#2352,#2359));
#2361=FACE_BOUND('',#2360,.T.);
#2362=ADVANCED_FACE('',(#2361),#2333,.T.);
#2363=CARTESIAN_POINT('',(117.000915784,-131.992681926,48.000018128));
#2364=DIRECTION('',(0.999999983,-0.000182956,0.));
#2365=DIRECTION('',(-0.000182956,-0.999999983,0.));
#2366=AXIS2_PLACEMENT_3D('',#2363,#2364,#2365);
#2367=PLANE('',#2366);
#2368=CARTESIAN_POINT('',(117.001463313,-129.000000167,3.000018128));
#2369=DIRECTION('',(-0.000182956,-0.999999983,0.));
#2370=VECTOR('',#2369,8.000000134);
#2371=LINE('',#2368,#2370);
#2372=EDGE_CURVE('',#2235,#2275,#2371,.T.);
#2373=ORIENTED_EDGE('',*,*,#2372,.T.);
#2374=ORIENTED_EDGE('',*,*,#2302,.F.);
#2375=CARTESIAN_POINT('',(117.001463314,-129.000000167,43.000018128));
#2376=DIRECTION('',(-0.000182956,-0.999999983,0.));
#2377=VECTOR('',#2376,8.000000134);
#2378=LINE('',#2375,#2377);
#2379=EDGE_CURVE('',#2243,#2291,#2378,.T.);
#2380=ORIENTED_EDGE('',*,*,#2379,.F.);
#2381=ORIENTED_EDGE('',*,*,#2248,.T.);
#2382=EDGE_LOOP('',(#2373,#2374,#2380,#2381));
#2383=FACE_BOUND('',#2382,.T.);
#2384=ADVANCED_FACE('',(#2383),#2367,.F.);
#2385=CARTESIAN_POINT('',(-403.000017961,1612.999999833,43.000018128));
#2386=DIRECTION('',(0.,0.,1.));
#2387=DIRECTION('',(0.,-1.,0.));
#2388=AXIS2_PLACEMENT_3D('',#2385,#2386,#2387);
#2389=PLANE('',#2388);
#2390=ORIENTED_EDGE('',*,*,#2296,.F.);
#2391=ORIENTED_EDGE('',*,*,#2323,.F.);
#2392=ORIENTED_EDGE('',*,*,#2256,.F.);
#2393=ORIENTED_EDGE('',*,*,#2379,.T.);
#2394=EDGE_LOOP('',(#2390,#2391,#2392,#2393));
#2395=FACE_BOUND('',#2394,.T.);
#2396=ADVANCED_FACE('',(#2395),#2389,.T.);
#2397=CARTESIAN_POINT('',(-403.000017961,1612.999999833,3.000018128));
#2398=DIRECTION('',(0.,0.,1.));
#2399=DIRECTION('',(0.,-1.,0.));
#2400=AXIS2_PLACEMENT_3D('',#2397,#2398,#2399);
#2401=PLANE('',#2400);
#2402=ORIENTED_EDGE('',*,*,#2240,.T.);
#2403=CARTESIAN_POINT('',(119.774693484,-129.707106948,3.000018128));
#2404=VERTEX_POINT('',#2403);
#2405=CARTESIAN_POINT('',(119.067128678,-129.000000167,3.000018128));
#2406=CARTESIAN_POINT('',(119.160534994,-129.000000167,3.000018128));
#2407=CARTESIAN_POINT('',(119.252186644,-129.018356561,3.000018128));
#2408=CARTESIAN_POINT('',(119.337822804,-129.053793527,3.000018128));
#2409=CARTESIAN_POINT('',(119.380640884,-129.071512009,3.000018128));
#2410=CARTESIAN_POINT('',(119.421260002,-129.093198333,3.000018128));
#2411=CARTESIAN_POINT('',(119.45970004,-129.118816619,3.000018128));
#2412=CARTESIAN_POINT('',(119.498140078,-129.144434905,3.000018128));
#2413=CARTESIAN_POINT('',(119.534552222,-129.174263763,3.000018128));
#2414=CARTESIAN_POINT('',(119.567191658,-129.206848151,3.000018128));
#2415=CARTESIAN_POINT('',(119.632470531,-129.272016926,3.000018128));
#2416=CARTESIAN_POINT('',(119.685218689,-129.350827169,3.000018128));
#2417=CARTESIAN_POINT('',(119.720561547,-129.435855611,3.000018128));
#2418=CARTESIAN_POINT('',(119.755904406,-129.520884052,3.000018128));
#2419=CARTESIAN_POINT('',(119.774693484,-129.613698938,3.000018128));
#2420=CARTESIAN_POINT('',(119.774693484,-129.707106948,3.000018128));
#2421=B_SPLINE_CURVE_WITH_KNOTS('',3,(#2405,#2406,#2407,#2408,#2409,#2410,#2411,#2412,#2413,#2414,#2415,#2416,#2417,#2418,#2419,#2420),.UNSPECIFIED.,.F.,.F.,(4,3,3,3,3,4),(0.,0.000276243,0.000414364,0.000552485,0.000828728,0.00110497),.UNSPECIFIED.);
#2422=EDGE_CURVE('',#2226,#2404,#2421,.T.);
#2423=ORIENTED_EDGE('',*,*,#2422,.T.);
#2424=CARTESIAN_POINT('',(119.774693484,-131.000018128,3.000018128));
#2425=VERTEX_POINT('',#2424);
#2426=CARTESIAN_POINT('',(119.774693484,-131.000018128,3.000018128));
#2427=DIRECTION('',(0.,1.,0.));
#2428=VECTOR('',#2427,1.29291118);
#2429=LINE('',#2426,#2428);
#2430=EDGE_CURVE('',#2425,#2404,#2429,.T.);
#2431=ORIENTED_EDGE('',*,*,#2430,.F.);
#2432=CARTESIAN_POINT('',(120.775371765,-131.000018128,3.000018128));
#2433=VERTEX_POINT('',#2432);
#2434=CARTESIAN_POINT('',(119.774693484,-131.000018128,3.000018128));
#2435=DIRECTION('',(1.,0.,-0.));
#2436=VECTOR('',#2435,1.000678281);
#2437=LINE('',#2434,#2436);
#2438=EDGE_CURVE('',#2425,#2433,#2437,.T.);
#2439=ORIENTED_EDGE('',*,*,#2438,.T.);
#2440=CARTESIAN_POINT('',(120.775371765,-129.707106948,3.000018128));
#2441=VERTEX_POINT('',#2440);
#2442=CARTESIAN_POINT('',(120.775371765,-131.000018128,3.000018128));
#2443=DIRECTION('',(0.,1.,0.));
#2444=VECTOR('',#2443,1.29291118);
#2445=LINE('',#2442,#2444);
#2446=EDGE_CURVE('',#2433,#2441,#2445,.T.);
#2447=ORIENTED_EDGE('',*,*,#2446,.T.);
#2448=CARTESIAN_POINT('',(120.775371765,-129.707106948,3.000018128));
#2449=CARTESIAN_POINT('',(120.775371765,-129.613696845,3.000018128));
#2450=CARTESIAN_POINT('',(120.793770612,-129.522037359,3.000018128));
#2451=CARTESIAN_POINT('',(120.829267593,-129.436429401,3.000018128));
#2452=CARTESIAN_POINT('',(120.847016084,-129.393625423,3.000018128));
#2453=CARTESIAN_POINT('',(120.868737415,-129.353023117,3.000018128));
#2454=CARTESIAN_POINT('',(120.894395038,-129.314602232,3.000018128));
#2455=CARTESIAN_POINT('',(120.920052661,-129.276181346,3.000018128));
#2456=CARTESIAN_POINT('',(120.949918027,-129.239801196,3.000018128));
#2457=CARTESIAN_POINT('',(120.982534947,-129.207195687,3.000018128));
#2458=CARTESIAN_POINT('',(121.047768787,-129.141984667,3.000018128));
#2459=CARTESIAN_POINT('',(121.126636111,-129.089312754,3.000018128));
#2460=CARTESIAN_POINT('',(121.2116936,-129.054030516,3.000018128));
#2461=CARTESIAN_POINT('',(121.296751089,-129.018748279,3.000018128));
#2462=CARTESIAN_POINT('',(121.389572992,-129.000000167,3.000018128));
#2463=CARTESIAN_POINT('',(121.482981223,-129.000000167,3.000018128));
#2464=B_SPLINE_CURVE_WITH_KNOTS('',3,(#2448,#2449,#2450,#2451,#2452,#2453,#2454,#2455,#2456,#2457,#2458,#2459,#2460,#2461,#2462,#2463),.UNSPECIFIED.,.F.,.F.,(4,3,3,3,3,4),(0.,0.000276252,0.000414378,0.000552504,0.000828755,0.001105007),.UNSPECIFIED.);
#2465=EDGE_CURVE('',#2441,#2335,#2464,.T.);
#2466=ORIENTED_EDGE('',*,*,#2465,.T.);
#2467=ORIENTED_EDGE('',*,*,#2342,.T.);
#2468=CARTESIAN_POINT('',(193.224873657,-129.707106948,3.000018128));
#2469=VERTEX_POINT('',#2468);
#2470=CARTESIAN_POINT('',(192.517264199,-129.000000167,3.000018128));
#2471=CARTESIAN_POINT('',(192.610673569,-129.000000167,3.000018128));
#2472=CARTESIAN_POINT('',(192.70232821,-129.018354294,3.000018128));
#2473=CARTESIAN_POINT('',(192.787968974,-129.053789053,3.000018128));
#2474=CARTESIAN_POINT('',(192.830789355,-129.071506432,3.000018128));
#2475=CARTESIAN_POINT('',(192.871410796,-129.093191604,3.000018128));
#2476=CARTESIAN_POINT('',(192.909853137,-129.118808772,3.000018128));
#2477=CARTESIAN_POINT('',(192.948295478,-129.14442594,3.000018128));
#2478=CARTESIAN_POINT('',(192.984710467,-129.174254115,3.000018128));
#2479=CARTESIAN_POINT('',(193.017352599,-129.206838191,3.000018128));
#2480=CARTESIAN_POINT('',(193.082636862,-129.272006343,3.000018128));
#2481=CARTESIAN_POINT('',(193.135389855,-129.350817056,3.000018128));
#2482=CARTESIAN_POINT('',(193.170736217,-129.435847441,3.000018128));
#2483=CARTESIAN_POINT('',(193.206082578,-129.520877826,3.000018128));
#2484=CARTESIAN_POINT('',(193.224873657,-129.61369569,3.000018128));
#2485=CARTESIAN_POINT('',(193.224873657,-129.707106948,3.000018128));
#2486=B_SPLINE_CURVE_WITH_KNOTS('',3,(#2470,#2471,#2472,#2473,#2474,#2475,#2476,#2477,#2478,#2479,#2480,#2481,#2482,#2483,#2484,#2485),.UNSPECIFIED.,.F.,.F.,(4,3,3,3,3,4),(0.,0.000276252,0.000414378,0.000552504,0.000828756,0.001105008),.UNSPECIFIED.);
#2487=EDGE_CURVE('',#2337,#2469,#2486,.T.);
#2488=ORIENTED_EDGE('',*,*,#2487,.T.);
#2489=CARTESIAN_POINT('',(193.224873657,-131.000018128,3.000018128));
#2490=VERTEX_POINT('',#2489);
#2491=CARTESIAN_POINT('',(193.224873657,-129.707106948,3.000018128));
#2492=DIRECTION('',(-0.,-1.,-0.));
#2493=VECTOR('',#2492,1.29291118);
#2494=LINE('',#2491,#2493);
#2495=EDGE_CURVE('',#2469,#2490,#2494,.T.);
#2496=ORIENTED_EDGE('',*,*,#2495,.T.);
#2497=CARTESIAN_POINT('',(194.225551938,-131.000018128,3.000018128));
#2498=VERTEX_POINT('',#2497);
#2499=CARTESIAN_POINT('',(193.224873657,-131.000018128,3.000018128));
#2500=DIRECTION('',(1.,0.,-0.));
#2501=VECTOR('',#2500,1.000678281);
#2502=LINE('',#2499,#2501);
#2503=EDGE_CURVE('',#2490,#2498,#2502,.T.);
#2504=ORIENTED_EDGE('',*,*,#2503,.T.);
#2505=CARTESIAN_POINT('',(194.225551938,-129.707106948,3.000018128));
#2506=VERTEX_POINT('',#2505);
#2507=CARTESIAN_POINT('',(194.225551938,-129.707106948,3.000018128));
#2508=DIRECTION('',(-0.,-1.,-0.));
#2509=VECTOR('',#2508,1.29291118);
#2510=LINE('',#2507,#2509);
#2511=EDGE_CURVE('',#2506,#2498,#2510,.T.);
#2512=ORIENTED_EDGE('',*,*,#2511,.F.);
#2513=CARTESIAN_POINT('',(194.225551938,-129.707106948,3.000018128));
#2514=CARTESIAN_POINT('',(194.225551938,-129.61369999,3.000018128));
#2515=CARTESIAN_POINT('',(194.243948711,-129.522043819,3.000018128));
#2516=CARTESIAN_POINT('',(194.279442296,-129.436437537,3.000018128));
#2517=CARTESIAN_POINT('',(194.297189088,-129.393634396,3.000018128));
#2518=CARTESIAN_POINT('',(194.31890837,-129.353032736,3.000018128));
#2519=CARTESIAN_POINT('',(194.344563575,-129.314612291,3.000018128));
#2520=CARTESIAN_POINT('',(194.37021878,-129.276191847,3.000018128));
#2521=CARTESIAN_POINT('',(194.40008162,-129.239811527,3.000018128));
#2522=CARTESIAN_POINT('',(194.432696027,-129.20720554,3.000018128));
#2523=CARTESIAN_POINT('',(194.497924843,-129.141993566,3.000018128));
#2524=CARTESIAN_POINT('',(194.576786767,-129.089319474,3.000018128));
#2525=CARTESIAN_POINT('',(194.661839885,-129.054034971,3.000018128));
#2526=CARTESIAN_POINT('',(194.746893003,-129.018750467,3.000018128));
#2527=CARTESIAN_POINT('',(194.839711488,-129.000000167,3.000018128));
#2528=CARTESIAN_POINT('',(194.933116744,-129.000000167,3.000018128));
#2529=B_SPLINE_CURVE_WITH_KNOTS('',3,(#2513,#2514,#2515,#2516,#2517,#2518,#2519,#2520,#2521,#2522,#2523,#2524,#2525,#2526,#2527,#2528),.UNSPECIFIED.,.F.,.F.,(4,3,3,3,3,4),(0.,0.000276242,0.000414364,0.000552485,0.000828727,0.00110497),.UNSPECIFIED.);
#2530=EDGE_CURVE('',#2506,#2207,#2529,.T.);
#2531=ORIENTED_EDGE('',*,*,#2530,.T.);
#2532=ORIENTED_EDGE('',*,*,#2214,.T.);
#2533=ORIENTED_EDGE('',*,*,#2316,.T.);
#2534=ORIENTED_EDGE('',*,*,#2280,.T.);
#2535=ORIENTED_EDGE('',*,*,#2372,.F.);
#2536=EDGE_LOOP('',(#2402,#2423,#2431,#2439,#2447,#2466,#2467,#2488,#2496,#2504,#2512,#2531,#2532,#2533,#2534,#2535));
#2537=FACE_BOUND('',#2536,.T.);
#2538=ADVANCED_FACE('',(#2537),#2401,.F.);
#2539=CARTESIAN_POINT('',(157.000122711,-131.000018128,4.352763072));
#2540=DIRECTION('',(0.,1.,0.));
#2541=DIRECTION('',(0.,-0.,1.));
#2542=AXIS2_PLACEMENT_3D('',#2539,#2540,#2541);
#2543=CYLINDRICAL_SURFACE('',#2542,36.25);
#2544=CARTESIAN_POINT('',(157.000122711,-129.707106948,40.602763072));
#2545=VERTEX_POINT('',#2544);
#2546=CARTESIAN_POINT('',(157.000122711,-131.000018128,40.602763072));
#2547=VERTEX_POINT('',#2546);
#2548=CARTESIAN_POINT('',(157.000122711,-129.707106948,40.602763072));
#2549=DIRECTION('',(-0.,-1.,-0.));
#2550=VECTOR('',#2549,1.29291118);
#2551=LINE('',#2548,#2550);
#2552=EDGE_CURVE('',#2545,#2547,#2551,.T.);
#2553=ORIENTED_EDGE('',*,*,#2552,.T.);
#2554=CARTESIAN_POINT('',(157.000122711,-131.000018128,4.352763072));
#2555=DIRECTION('',(0.,-1.,0.));
#2556=DIRECTION('',(0.,0.,-1.));
#2557=AXIS2_PLACEMENT_3D('',#2554,#2555,#2556);
#2558=CIRCLE('',#2557,36.25);
#2559=EDGE_CURVE('',#2490,#2547,#2558,.T.);
#2560=ORIENTED_EDGE('',*,*,#2559,.F.);
#2561=ORIENTED_EDGE('',*,*,#2495,.F.);
#2562=CARTESIAN_POINT('',(157.000122711,-129.707106948,4.352763072));
#2563=DIRECTION('',(-0.,-1.,-0.));
#2564=DIRECTION('',(0.,-0.,1.));
#2565=AXIS2_PLACEMENT_3D('',#2562,#2563,#2564);
#2566=CIRCLE('',#2565,36.25);
#2567=EDGE_CURVE('',#2469,#2545,#2566,.T.);
#2568=ORIENTED_EDGE('',*,*,#2567,.T.);
#2569=EDGE_LOOP('',(#2553,#2560,#2561,#2568));
#2570=FACE_BOUND('',#2569,.T.);
#2571=ADVANCED_FACE('',(#2570),#2543,.T.);
#2572=CARTESIAN_POINT('',(157.000122711,-131.000018128,4.352763072));
#2573=DIRECTION('',(0.,1.,0.));
#2574=DIRECTION('',(0.,-0.,1.));
#2575=AXIS2_PLACEMENT_3D('',#2572,#2573,#2574);
#2576=CYLINDRICAL_SURFACE('',#2575,37.25);
#2577=CARTESIAN_POINT('',(157.000122711,-129.707106948,41.602763072));
#2578=VERTEX_POINT('',#2577);
#2579=CARTESIAN_POINT('',(157.000122711,-131.000018128,41.602763072));
#2580=VERTEX_POINT('',#2579);
#2581=CARTESIAN_POINT('',(157.000122711,-129.707106948,41.602763072));
#2582=DIRECTION('',(-0.,-1.,-0.));
#2583=VECTOR('',#2582,1.29291118);
#2584=LINE('',#2581,#2583);
#2585=EDGE_CURVE('',#2578,#2580,#2584,.T.);
#2586=ORIENTED_EDGE('',*,*,#2585,.F.);
#2587=CARTESIAN_POINT('',(157.000122711,-129.707106948,4.352763072));
#2588=DIRECTION('',(0.,1.,0.));
#2589=DIRECTION('',(0.,-0.,1.));
#2590=AXIS2_PLACEMENT_3D('',#2587,#2588,#2589);
#2591=CIRCLE('',#2590,37.25);
#2592=EDGE_CURVE('',#2578,#2506,#2591,.T.);
#2593=ORIENTED_EDGE('',*,*,#2592,.T.);
#2594=ORIENTED_EDGE('',*,*,#2511,.T.);
#2595=CARTESIAN_POINT('',(157.000122711,-131.000018128,4.352763072));
#2596=DIRECTION('',(0.,-1.,0.));
#2597=DIRECTION('',(0.,0.,-1.));
#2598=AXIS2_PLACEMENT_3D('',#2595,#2596,#2597);
#2599=CIRCLE('',#2598,37.25);
#2600=EDGE_CURVE('',#2498,#2580,#2599,.T.);
#2601=ORIENTED_EDGE('',*,*,#2600,.T.);
#2602=EDGE_LOOP('',(#2586,#2593,#2594,#2601));
#2603=FACE_BOUND('',#2602,.T.);
#2604=ADVANCED_FACE('',(#2603),#2576,.F.);
#2605=CARTESIAN_POINT('',(-1950.,-131.000018128,63.000018128));
#2606=DIRECTION('',(0.,-1.,0.));
#2607=DIRECTION('',(-1.,0.,0.));
#2608=AXIS2_PLACEMENT_3D('',#2605,#2606,#2607);
#2609=PLANE('',#2608);
#2610=CARTESIAN_POINT('',(157.000122711,-131.000018128,4.352763072));
#2611=DIRECTION('',(0.,-1.,0.));
#2612=DIRECTION('',(0.,0.,-1.));
#2613=AXIS2_PLACEMENT_3D('',#2610,#2611,#2612);
#2614=CIRCLE('',#2613,37.25);
#2615=EDGE_CURVE('',#2580,#2425,#2614,.T.);
#2616=ORIENTED_EDGE('',*,*,#2615,.F.);
#2617=ORIENTED_EDGE('',*,*,#2600,.F.);
#2618=ORIENTED_EDGE('',*,*,#2503,.F.);
#2619=ORIENTED_EDGE('',*,*,#2559,.T.);
#2620=CARTESIAN_POINT('',(157.000122711,-131.000018128,4.352763072));
#2621=DIRECTION('',(0.,-1.,0.));
#2622=DIRECTION('',(0.,0.,-1.));
#2623=AXIS2_PLACEMENT_3D('',#2620,#2621,#2622);
#2624=CIRCLE('',#2623,36.25);
#2625=EDGE_CURVE('',#2547,#2433,#2624,.T.);
#2626=ORIENTED_EDGE('',*,*,#2625,.T.);
#2627=ORIENTED_EDGE('',*,*,#2438,.F.);
#2628=EDGE_LOOP('',(#2616,#2617,#2618,#2619,#2626,#2627));
#2629=FACE_BOUND('',#2628,.T.);
#2630=ADVANCED_FACE('',(#2629),#2609,.F.);
#2631=CARTESIAN_POINT('',(157.000122711,-129.707106948,4.352763072));
#2632=DIRECTION('',(0.,1.,0.));
#2633=DIRECTION('',(0.,-0.,1.));
#2634=AXIS2_PLACEMENT_3D('',#2631,#2632,#2633);
#2635=TOROIDAL_SURFACE('',#2634,35.542893219,0.707106781);
#2636=CARTESIAN_POINT('',(157.000122711,-129.707106948,39.895656291));
#2637=DIRECTION('',(1.,-0.,-0.));
#2638=DIRECTION('',(0.,0.,1.));
#2639=AXIS2_PLACEMENT_3D('',#2636,#2637,#2638);
#2640=CIRCLE('',#2639,0.707106781);
#2641=EDGE_CURVE('',#2345,#2545,#2640,.T.);
#2642=ORIENTED_EDGE('',*,*,#2641,.T.);
#2643=ORIENTED_EDGE('',*,*,#2567,.F.);
#2644=ORIENTED_EDGE('',*,*,#2487,.F.);
#2645=ORIENTED_EDGE('',*,*,#2358,.F.);
#2646=EDGE_LOOP('',(#2642,#2643,#2644,#2645));
#2647=FACE_BOUND('',#2646,.T.);
#2648=ADVANCED_FACE('',(#2647),#2635,.T.);
#2649=CARTESIAN_POINT('',(157.000122711,-129.707106948,4.352763072));
#2650=DIRECTION('',(0.,1.,0.));
#2651=DIRECTION('',(0.,-0.,1.));
#2652=AXIS2_PLACEMENT_3D('',#2649,#2650,#2651);
#2653=TOROIDAL_SURFACE('',#2652,37.957106781,0.707106781);
#2654=CARTESIAN_POINT('',(157.000122711,-129.707106948,42.309869853));
#2655=DIRECTION('',(1.,-0.,-0.));
#2656=DIRECTION('',(0.,0.,1.));
#2657=AXIS2_PLACEMENT_3D('',#2654,#2655,#2656);
#2658=CIRCLE('',#2657,0.707106781);
#2659=EDGE_CURVE('',#2578,#2217,#2658,.T.);
#2660=ORIENTED_EDGE('',*,*,#2659,.T.);
#2661=ORIENTED_EDGE('',*,*,#2223,.F.);
#2662=ORIENTED_EDGE('',*,*,#2530,.F.);
#2663=ORIENTED_EDGE('',*,*,#2592,.F.);
#2664=EDGE_LOOP('',(#2660,#2661,#2662,#2663));
#2665=FACE_BOUND('',#2664,.T.);
#2666=ADVANCED_FACE('',(#2665),#2653,.T.);
#2667=CARTESIAN_POINT('',(157.000122711,-131.000018128,4.352763072));
#2668=DIRECTION('',(0.,1.,0.));
#2669=DIRECTION('',(0.,-0.,1.));
#2670=AXIS2_PLACEMENT_3D('',#2667,#2668,#2669);
#2671=CYLINDRICAL_SURFACE('',#2670,36.25);
#2672=ORIENTED_EDGE('',*,*,#2552,.F.);
#2673=CARTESIAN_POINT('',(157.000122711,-129.707106948,4.352763072));
#2674=DIRECTION('',(-0.,-1.,-0.));
#2675=DIRECTION('',(0.,-0.,1.));
#2676=AXIS2_PLACEMENT_3D('',#2673,#2674,#2675);
#2677=CIRCLE('',#2676,36.25);
#2678=EDGE_CURVE('',#2545,#2441,#2677,.T.);
#2679=ORIENTED_EDGE('',*,*,#2678,.T.);
#2680=ORIENTED_EDGE('',*,*,#2446,.F.);
#2681=ORIENTED_EDGE('',*,*,#2625,.F.);
#2682=EDGE_LOOP('',(#2672,#2679,#2680,#2681));
#2683=FACE_BOUND('',#2682,.T.);
#2684=ADVANCED_FACE('',(#2683),#2671,.T.);
#2685=CARTESIAN_POINT('',(157.000122711,-131.000018128,4.352763072));
#2686=DIRECTION('',(0.,1.,0.));
#2687=DIRECTION('',(0.,-0.,1.));
#2688=AXIS2_PLACEMENT_3D('',#2685,#2686,#2687);
#2689=CYLINDRICAL_SURFACE('',#2688,37.25);
#2690=ORIENTED_EDGE('',*,*,#2585,.T.);
#2691=ORIENTED_EDGE('',*,*,#2615,.T.);
#2692=ORIENTED_EDGE('',*,*,#2430,.T.);
#2693=CARTESIAN_POINT('',(157.000122711,-129.707106948,4.352763072));
#2694=DIRECTION('',(0.,1.,0.));
#2695=DIRECTION('',(0.,-0.,1.));
#2696=AXIS2_PLACEMENT_3D('',#2693,#2694,#2695);
#2697=CIRCLE('',#2696,37.25);
#2698=EDGE_CURVE('',#2404,#2578,#2697,.T.);
#2699=ORIENTED_EDGE('',*,*,#2698,.T.);
#2700=EDGE_LOOP('',(#2690,#2691,#2692,#2699));
#2701=FACE_BOUND('',#2700,.T.);
#2702=ADVANCED_FACE('',(#2701),#2689,.F.);
#2703=CARTESIAN_POINT('',(157.000122711,-129.707106948,4.352763072));
#2704=DIRECTION('',(0.,1.,0.));
#2705=DIRECTION('',(0.,-0.,1.));
#2706=AXIS2_PLACEMENT_3D('',#2703,#2704,#2705);
#2707=TOROIDAL_SURFACE('',#2706,35.542893219,0.707106781);
#2708=ORIENTED_EDGE('',*,*,#2641,.F.);
#2709=ORIENTED_EDGE('',*,*,#2351,.F.);
#2710=ORIENTED_EDGE('',*,*,#2465,.F.);
#2711=ORIENTED_EDGE('',*,*,#2678,.F.);
#2712=EDGE_LOOP('',(#2708,#2709,#2710,#2711));
#2713=FACE_BOUND('',#2712,.T.);
#2714=ADVANCED_FACE('',(#2713),#2707,.T.);
#2715=CARTESIAN_POINT('',(157.000122711,-129.707106948,4.352763072));
#2716=DIRECTION('',(0.,1.,0.));
#2717=DIRECTION('',(0.,-0.,1.));
#2718=AXIS2_PLACEMENT_3D('',#2715,#2716,#2717);
#2719=TOROIDAL_SURFACE('',#2718,37.957106781,0.707106781);
#2720=ORIENTED_EDGE('',*,*,#2659,.F.);
#2721=ORIENTED_EDGE('',*,*,#2698,.F.);
#2722=ORIENTED_EDGE('',*,*,#2422,.F.);
#2723=ORIENTED_EDGE('',*,*,#2232,.F.);
#2724=EDGE_LOOP('',(#2720,#2721,#2722,#2723));
#2725=FACE_BOUND('',#2724,.T.);
#2726=ADVANCED_FACE('',(#2725),#2719,.T.);
#2727=CLOSED_SHELL('',(#2266,#2306,#2328,#2362,#2384,#2396,#2538,#2571,#2604,#2630,#2648,#2666,#2684,#2702,#2714,#2726));
#2728=MANIFOLD_SOLID_BREP('Body 120 (6)',#2727);
#2200=STYLED_ITEM('',(#2021),#2728);
#2730=CARTESIAN_POINT('',(176.999991187,30.999999833,48.000018128));
#2731=DIRECTION('',(0.,-1.,0.));
#2732=DIRECTION('',(-1.,0.,0.));
#2733=AXIS2_PLACEMENT_3D('',#2730,#2731,#2732);
#2734=PLANE('',#2733);
#2735=CARTESIAN_POINT('',(192.517264199,30.999999833,3.000018128));
#2736=VERTEX_POINT('',#2735);
#2737=CARTESIAN_POINT('',(121.482981223,30.999999833,3.000018128));
#2738=VERTEX_POINT('',#2737);
#2739=CARTESIAN_POINT('',(192.517264199,30.999999833,3.000018128));
#2740=DIRECTION('',(-1.,-0.,0.));
#2741=VECTOR('',#2740,71.034282976);
#2742=LINE('',#2739,#2741);
#2743=EDGE_CURVE('',#2736,#2738,#2742,.T.);
#2744=ORIENTED_EDGE('',*,*,#2743,.F.);
#2745=CARTESIAN_POINT('',(157.000122711,30.999999833,4.352763072));
#2746=DIRECTION('',(0.,-1.,0.));
#2747=DIRECTION('',(0.,0.,-1.));
#2748=AXIS2_PLACEMENT_3D('',#2745,#2746,#2747);
#2749=CIRCLE('',#2748,35.542893219);
#2750=EDGE_CURVE('',#2736,#2738,#2749,.T.);
#2751=ORIENTED_EDGE('',*,*,#2750,.T.);
#2752=EDGE_LOOP('',(#2744,#2751));
#2753=FACE_BOUND('',#2752,.T.);
#2754=ADVANCED_FACE('',(#2753),#2734,.T.);
#2755=CARTESIAN_POINT('',(176.999991187,30.999999833,48.000018128));
#2756=DIRECTION('',(0.,-1.,0.));
#2757=DIRECTION('',(-1.,0.,0.));
#2758=AXIS2_PLACEMENT_3D('',#2755,#2756,#2757);
#2759=PLANE('',#2758);
#2760=CARTESIAN_POINT('',(119.067128678,30.999999833,3.000018128));
#2761=VERTEX_POINT('',#2760);
#2762=CARTESIAN_POINT('',(116.999999665,30.999999833,3.000018128));
#2763=VERTEX_POINT('',#2762);
#2764=CARTESIAN_POINT('',(119.067128678,30.999999833,3.000018128));
#2765=DIRECTION('',(-1.,-0.,0.));
#2766=VECTOR('',#2765,2.067129013);
#2767=LINE('',#2764,#2766);
#2768=EDGE_CURVE('',#2761,#2763,#2767,.T.);
#2769=ORIENTED_EDGE('',*,*,#2768,.F.);
#2770=CARTESIAN_POINT('',(194.933116744,30.999999833,3.000018128));
#2771=VERTEX_POINT('',#2770);
#2772=CARTESIAN_POINT('',(157.000122711,30.999999833,4.352763072));
#2773=DIRECTION('',(-0.,1.,-0.));
#2774=DIRECTION('',(0.,0.,-1.));
#2775=AXIS2_PLACEMENT_3D('',#2772,#2773,#2774);
#2776=CIRCLE('',#2775,37.957106781);
#2777=EDGE_CURVE('',#2761,#2771,#2776,.T.);
#2778=ORIENTED_EDGE('',*,*,#2777,.T.);
#2779=CARTESIAN_POINT('',(197.000000335,30.999999833,3.000018128));
#2780=VERTEX_POINT('',#2779);
#2781=CARTESIAN_POINT('',(197.000000335,30.999999833,3.000018128));
#2782=DIRECTION('',(-1.,-0.,0.));
#2783=VECTOR('',#2782,2.066883591);
#2784=LINE('',#2781,#2783);
#2785=EDGE_CURVE('',#2780,#2771,#2784,.T.);
#2786=ORIENTED_EDGE('',*,*,#2785,.F.);
#2787=CARTESIAN_POINT('',(197.000000335,30.999999833,43.000018128));
#2788=VERTEX_POINT('',#2787);
#2789=CARTESIAN_POINT('',(197.000000335,30.999999833,43.000018128));
#2790=DIRECTION('',(0.,0.,-1.));
#2791=VECTOR('',#2790,40.);
#2792=LINE('',#2789,#2791);
#2793=EDGE_CURVE('',#2788,#2780,#2792,.T.);
#2794=ORIENTED_EDGE('',*,*,#2793,.F.);
#2795=CARTESIAN_POINT('',(116.999999665,30.999999833,43.000018128));
#2796=VERTEX_POINT('',#2795);
#2797=CARTESIAN_POINT('',(197.000000335,30.999999833,43.000018128));
#2798=DIRECTION('',(-1.,0.,0.));
#2799=VECTOR('',#2798,80.00000067);
#2800=LINE('',#2797,#2799);
#2801=EDGE_CURVE('',#2788,#2796,#2800,.T.);
#2802=ORIENTED_EDGE('',*,*,#2801,.T.);
#2803=CARTESIAN_POINT('',(116.999999665,30.999999833,43.000018128));
#2804=DIRECTION('',(0.,0.,-1.));
#2805=VECTOR('',#2804,40.);
#2806=LINE('',#2803,#2805);
#2807=EDGE_CURVE('',#2796,#2763,#2806,.T.);
#2808=ORIENTED_EDGE('',*,*,#2807,.T.);
#2809=EDGE_LOOP('',(#2769,#2778,#2786,#2794,#2802,#2808));
#2810=FACE_BOUND('',#2809,.T.);
#2811=ADVANCED_FACE('',(#2810),#2759,.T.);
#2812=CARTESIAN_POINT('',(197.000000335,35.999999833,48.000018128));
#2813=DIRECTION('',(1.,0.,0.));
#2814=DIRECTION('',(0.,-1.,0.));
#2815=AXIS2_PLACEMENT_3D('',#2812,#2813,#2814);
#2816=PLANE('',#2815);
#2817=CARTESIAN_POINT('',(197.000000335,38.999999833,3.000018128));
#2818=VERTEX_POINT('',#2817);
#2819=CARTESIAN_POINT('',(197.000000335,38.999999833,3.000018128));
#2820=DIRECTION('',(0.,-1.,0.));
#2821=VECTOR('',#2820,8.);
#2822=LINE('',#2819,#2821);
#2823=EDGE_CURVE('',#2818,#2780,#2822,.T.);
#2824=ORIENTED_EDGE('',*,*,#2823,.F.);
#2825=CARTESIAN_POINT('',(197.000000335,38.999999833,43.000018128));
#2826=VERTEX_POINT('',#2825);
#2827=CARTESIAN_POINT('',(197.000000335,38.999999833,43.000018128));
#2828=DIRECTION('',(0.,0.,-1.));
#2829=VECTOR('',#2828,40.);
#2830=LINE('',#2827,#2829);
#2831=EDGE_CURVE('',#2826,#2818,#2830,.T.);
#2832=ORIENTED_EDGE('',*,*,#2831,.F.);
#2833=CARTESIAN_POINT('',(197.000000335,38.999999833,43.000018128));
#2834=DIRECTION('',(0.,-1.,0.));
#2835=VECTOR('',#2834,8.);
#2836=LINE('',#2833,#2835);
#2837=EDGE_CURVE('',#2826,#2788,#2836,.T.);
#2838=ORIENTED_EDGE('',*,*,#2837,.T.);
#2839=ORIENTED_EDGE('',*,*,#2793,.T.);
#2840=EDGE_LOOP('',(#2824,#2832,#2838,#2839));
#2841=FACE_BOUND('',#2840,.T.);
#2842=ADVANCED_FACE('',(#2841),#2816,.T.);
#2843=CARTESIAN_POINT('',(179.500915115,38.999999833,48.000018128));
#2844=DIRECTION('',(0.,1.,0.));
#2845=DIRECTION('',(1.,0.,0.));
#2846=AXIS2_PLACEMENT_3D('',#2843,#2844,#2845);
#2847=PLANE('',#2846);
#2848=CARTESIAN_POINT('',(117.001463313,38.999999833,3.000018128));
#2849=VERTEX_POINT('',#2848);
#2850=CARTESIAN_POINT('',(117.001463313,38.999999833,3.000018128));
#2851=DIRECTION('',(1.,0.,-0.));
#2852=VECTOR('',#2851,79.998537022);
#2853=LINE('',#2850,#2852);
#2854=EDGE_CURVE('',#2849,#2818,#2853,.T.);
#2855=ORIENTED_EDGE('',*,*,#2854,.F.);
#2856=CARTESIAN_POINT('',(117.001463314,38.999999833,43.000018128));
#2857=VERTEX_POINT('',#2856);
#2858=CARTESIAN_POINT('',(117.001463313,38.999999833,43.000018128));
#2859=DIRECTION('',(0.,0.,-1.));
#2860=VECTOR('',#2859,40.);
#2861=LINE('',#2858,#2860);
#2862=EDGE_CURVE('',#2857,#2849,#2861,.T.);
#2863=ORIENTED_EDGE('',*,*,#2862,.F.);
#2864=CARTESIAN_POINT('',(117.001463314,38.999999833,43.000018128));
#2865=DIRECTION('',(1.,0.,-0.));
#2866=VECTOR('',#2865,79.998537021);
#2867=LINE('',#2864,#2866);
#2868=EDGE_CURVE('',#2857,#2826,#2867,.T.);
#2869=ORIENTED_EDGE('',*,*,#2868,.T.);
#2870=ORIENTED_EDGE('',*,*,#2831,.T.);
#2871=EDGE_LOOP('',(#2855,#2863,#2869,#2870));
#2872=FACE_BOUND('',#2871,.T.);
#2873=ADVANCED_FACE('',(#2872),#2847,.T.);
#2874=CARTESIAN_POINT('',(117.000915784,36.007318074,48.000018128));
#2875=DIRECTION('',(0.999999983,-0.000182956,0.));
#2876=DIRECTION('',(-0.000182956,-0.999999983,0.));
#2877=AXIS2_PLACEMENT_3D('',#2874,#2875,#2876);
#2878=PLANE('',#2877);
#2879=CARTESIAN_POINT('',(117.001463313,38.999999833,3.000018128));
#2880=DIRECTION('',(-0.000182956,-0.999999983,0.));
#2881=VECTOR('',#2880,8.000000134);
#2882=LINE('',#2879,#2881);
#2883=EDGE_CURVE('',#2849,#2763,#2882,.T.);
#2884=ORIENTED_EDGE('',*,*,#2883,.T.);
#2885=ORIENTED_EDGE('',*,*,#2807,.F.);
#2886=CARTESIAN_POINT('',(117.001463314,38.999999833,43.000018128));
#2887=DIRECTION('',(-0.000182956,-0.999999983,0.));
#2888=VECTOR('',#2887,8.000000134);
#2889=LINE('',#2886,#2888);
#2890=EDGE_CURVE('',#2857,#2796,#2889,.T.);
#2891=ORIENTED_EDGE('',*,*,#2890,.F.);
#2892=ORIENTED_EDGE('',*,*,#2862,.T.);
#2893=EDGE_LOOP('',(#2884,#2885,#2891,#2892));
#2894=FACE_BOUND('',#2893,.T.);
#2895=ADVANCED_FACE('',(#2894),#2878,.F.);
#2896=CARTESIAN_POINT('',(-403.000017961,1780.999999833,43.000018128));
#2897=DIRECTION('',(0.,0.,1.));
#2898=DIRECTION('',(0.,-1.,0.));
#2899=AXIS2_PLACEMENT_3D('',#2896,#2897,#2898);
#2900=PLANE('',#2899);
#2901=ORIENTED_EDGE('',*,*,#2801,.F.);
#2902=ORIENTED_EDGE('',*,*,#2837,.F.);
#2903=ORIENTED_EDGE('',*,*,#2868,.F.);
#2904=ORIENTED_EDGE('',*,*,#2890,.T.);
#2905=EDGE_LOOP('',(#2901,#2902,#2903,#2904));
#2906=FACE_BOUND('',#2905,.T.);
#2907=ADVANCED_FACE('',(#2906),#2900,.T.);
#2908=CARTESIAN_POINT('',(-403.000017961,1780.999999833,3.000018128));
#2909=DIRECTION('',(0.,0.,1.));
#2910=DIRECTION('',(0.,-1.,0.));
#2911=AXIS2_PLACEMENT_3D('',#2908,#2909,#2910);
#2912=PLANE('',#2911);
#2913=ORIENTED_EDGE('',*,*,#2785,.T.);
#2914=CARTESIAN_POINT('',(194.225551938,31.707106614,3.000018128));
#2915=VERTEX_POINT('',#2914);
#2916=CARTESIAN_POINT('',(194.933116744,30.999999833,3.000018128));
#2917=CARTESIAN_POINT('',(194.839710428,30.999999833,3.000018128));
#2918=CARTESIAN_POINT('',(194.748058778,31.018356227,3.000018128));
#2919=CARTESIAN_POINT('',(194.662422618,31.053793193,3.000018128));
#2920=CARTESIAN_POINT('',(194.619604538,31.071511675,3.000018128));
#2921=CARTESIAN_POINT('',(194.57898542,31.093197999,3.000018128));
#2922=CARTESIAN_POINT('',(194.540545382,31.118816285,3.000018128));
#2923=CARTESIAN_POINT('',(194.502105344,31.144434571,3.000018128));
#2924=CARTESIAN_POINT('',(194.4656932,31.174263429,3.000018128));
#2925=CARTESIAN_POINT('',(194.433053764,31.206847817,3.000018128));
#2926=CARTESIAN_POINT('',(194.367774891,31.272016592,3.000018128));
#2927=CARTESIAN_POINT('',(194.315026733,31.350826835,3.000018128));
#2928=CARTESIAN_POINT('',(194.279683875,31.435855277,3.000018128));
#2929=CARTESIAN_POINT('',(194.244341016,31.520883718,3.000018128));
#2930=CARTESIAN_POINT('',(194.225551938,31.613698604,3.000018128));
#2931=CARTESIAN_POINT('',(194.225551938,31.707106614,3.000018128));
#2932=B_SPLINE_CURVE_WITH_KNOTS('',3,(#2916,#2917,#2918,#2919,#2920,#2921,#2922,#2923,#2924,#2925,#2926,#2927,#2928,#2929,#2930,#2931),.UNSPECIFIED.,.F.,.F.,(4,3,3,3,3,4),(0.,0.000276243,0.000414364,0.000552485,0.000828728,0.00110497),.UNSPECIFIED.);
#2933=EDGE_CURVE('',#2771,#2915,#2932,.T.);
#2934=ORIENTED_EDGE('',*,*,#2933,.T.);
#2935=CARTESIAN_POINT('',(194.225551938,31.999981872,3.000018128));
#2936=VERTEX_POINT('',#2935);
#2937=CARTESIAN_POINT('',(194.225551938,31.999981872,3.000018128));
#2938=DIRECTION('',(0.,-1.,0.));
#2939=VECTOR('',#2938,0.292875258);
#2940=LINE('',#2937,#2939);
#2941=EDGE_CURVE('',#2936,#2915,#2940,.T.);
#2942=ORIENTED_EDGE('',*,*,#2941,.F.);
#2943=CARTESIAN_POINT('',(193.224873657,31.999981872,3.000018128));
#2944=VERTEX_POINT('',#2943);
#2945=CARTESIAN_POINT('',(194.225551938,31.999981872,3.000018128));
#2946=DIRECTION('',(-1.,0.,0.));
#2947=VECTOR('',#2946,1.000678281);
#2948=LINE('',#2945,#2947);
#2949=EDGE_CURVE('',#2936,#2944,#2948,.T.);
#2950=ORIENTED_EDGE('',*,*,#2949,.T.);
#2951=CARTESIAN_POINT('',(193.224873657,31.707106614,3.000018128));
#2952=VERTEX_POINT('',#2951);
#2953=CARTESIAN_POINT('',(193.224873657,31.999981872,3.000018128));
#2954=DIRECTION('',(0.,-1.,0.));
#2955=VECTOR('',#2954,0.292875258);
#2956=LINE('',#2953,#2955);
#2957=EDGE_CURVE('',#2944,#2952,#2956,.T.);
#2958=ORIENTED_EDGE('',*,*,#2957,.T.);
#2959=CARTESIAN_POINT('',(193.224873657,31.707106614,3.000018128));
#2960=CARTESIAN_POINT('',(193.224873657,31.613696511,3.000018128));
#2961=CARTESIAN_POINT('',(193.20647481,31.522037025,3.000018128));
#2962=CARTESIAN_POINT('',(193.170977829,31.436429067,3.000018128));
#2963=CARTESIAN_POINT('',(193.153229338,31.393625089,3.000018128));
#2964=CARTESIAN_POINT('',(193.131508007,31.353022783,3.000018128));
#2965=CARTESIAN_POINT('',(193.105850384,31.314601898,3.000018128));
#2966=CARTESIAN_POINT('',(193.080192761,31.276181012,3.000018128));
#2967=CARTESIAN_POINT('',(193.050327395,31.239800862,3.000018128));
#2968=CARTESIAN_POINT('',(193.017710475,31.207195353,3.000018128));
#2969=CARTESIAN_POINT('',(192.952476635,31.141984333,3.000018128));
#2970=CARTESIAN_POINT('',(192.873609311,31.08931242,3.000018128));
#2971=CARTESIAN_POINT('',(192.788551822,31.054030182,3.000018128));
#2972=CARTESIAN_POINT('',(192.703494333,31.018747945,3.000018128));
#2973=CARTESIAN_POINT('',(192.61067243,30.999999833,3.000018128));
#2974=CARTESIAN_POINT('',(192.517264199,30.999999833,3.000018128));
#2975=B_SPLINE_CURVE_WITH_KNOTS('',3,(#2959,#2960,#2961,#2962,#2963,#2964,#2965,#2966,#2967,#2968,#2969,#2970,#2971,#2972,#2973,#2974),.UNSPECIFIED.,.F.,.F.,(4,3,3,3,3,4),(0.,0.000276252,0.000414378,0.000552504,0.000828755,0.001105007),.UNSPECIFIED.);
#2976=EDGE_CURVE('',#2952,#2736,#2975,.T.);
#2977=ORIENTED_EDGE('',*,*,#2976,.T.);
#2978=ORIENTED_EDGE('',*,*,#2743,.T.);
#2979=CARTESIAN_POINT('',(120.775371765,31.707106614,3.000018128));
#2980=VERTEX_POINT('',#2979);
#2981=CARTESIAN_POINT('',(121.482981223,30.999999833,3.000018128));
#2982=CARTESIAN_POINT('',(121.389571853,30.999999833,3.000018128));
#2983=CARTESIAN_POINT('',(121.297917212,31.01835396,3.000018128));
#2984=CARTESIAN_POINT('',(121.212276448,31.053788719,3.000018128));
#2985=CARTESIAN_POINT('',(121.169456067,31.071506098,3.000018128));
#2986=CARTESIAN_POINT('',(121.128834626,31.09319127,3.000018128));
#2987=CARTESIAN_POINT('',(121.090392285,31.118808438,3.000018128));
#2988=CARTESIAN_POINT('',(121.051949944,31.144425606,3.000018128));
#2989=CARTESIAN_POINT('',(121.015534955,31.174253781,3.000018128));
#2990=CARTESIAN_POINT('',(120.982892823,31.206837857,3.000018128));
#2991=CARTESIAN_POINT('',(120.91760856,31.272006009,3.000018128));
#2992=CARTESIAN_POINT('',(120.864855567,31.350816722,3.000018128));
#2993=CARTESIAN_POINT('',(120.829509205,31.435847107,3.000018128));
#2994=CARTESIAN_POINT('',(120.794162844,31.520877492,3.000018128));
#2995=CARTESIAN_POINT('',(120.775371765,31.613695356,3.000018128));
#2996=CARTESIAN_POINT('',(120.775371765,31.707106614,3.000018128));
#2997=B_SPLINE_CURVE_WITH_KNOTS('',3,(#2981,#2982,#2983,#2984,#2985,#2986,#2987,#2988,#2989,#2990,#2991,#2992,#2993,#2994,#2995,#2996),.UNSPECIFIED.,.F.,.F.,(4,3,3,3,3,4),(0.,0.000276252,0.000414378,0.000552504,0.000828756,0.001105008),.UNSPECIFIED.);
#2998=EDGE_CURVE('',#2738,#2980,#2997,.T.);
#2999=ORIENTED_EDGE('',*,*,#2998,.T.);
#3000=CARTESIAN_POINT('',(120.775371765,31.999981872,3.000018128));
#3001=VERTEX_POINT('',#3000);
#3002=CARTESIAN_POINT('',(120.775371765,31.707106614,3.000018128));
#3003=DIRECTION('',(-0.,1.,-0.));
#3004=VECTOR('',#3003,0.292875258);
#3005=LINE('',#3002,#3004);
#3006=EDGE_CURVE('',#2980,#3001,#3005,.T.);
#3007=ORIENTED_EDGE('',*,*,#3006,.T.);
#3008=CARTESIAN_POINT('',(119.774693484,31.999981872,3.000018128));
#3009=VERTEX_POINT('',#3008);
#3010=CARTESIAN_POINT('',(120.775371765,31.999981872,3.000018128));
#3011=DIRECTION('',(-1.,0.,0.));
#3012=VECTOR('',#3011,1.000678281);
#3013=LINE('',#3010,#3012);
#3014=EDGE_CURVE('',#3001,#3009,#3013,.T.);
#3015=ORIENTED_EDGE('',*,*,#3014,.T.);
#3016=CARTESIAN_POINT('',(119.774693484,31.707106614,3.000018128));
#3017=VERTEX_POINT('',#3016);
#3018=CARTESIAN_POINT('',(119.774693484,31.707106614,3.000018128));
#3019=DIRECTION('',(-0.,1.,-0.));
#3020=VECTOR('',#3019,0.292875258);
#3021=LINE('',#3018,#3020);
#3022=EDGE_CURVE('',#3017,#3009,#3021,.T.);
#3023=ORIENTED_EDGE('',*,*,#3022,.F.);
#3024=CARTESIAN_POINT('',(119.774693484,31.707106614,3.000018128));
#3025=CARTESIAN_POINT('',(119.774693484,31.613699656,3.000018128));
#3026=CARTESIAN_POINT('',(119.756296711,31.522043485,3.000018128));
#3027=CARTESIAN_POINT('',(119.720803126,31.436437203,3.000018128));
#3028=CARTESIAN_POINT('',(119.703056334,31.393634062,3.000018128));
#3029=CARTESIAN_POINT('',(119.681337052,31.353032402,3.000018128));
#3030=CARTESIAN_POINT('',(119.655681847,31.314611957,3.000018128));
#3031=CARTESIAN_POINT('',(119.630026642,31.276191513,3.000018128));
#3032=CARTESIAN_POINT('',(119.600163802,31.239811193,3.000018128));
#3033=CARTESIAN_POINT('',(119.567549395,31.207205206,3.000018128));
#3034=CARTESIAN_POINT('',(119.502320579,31.141993232,3.000018128));
#3035=CARTESIAN_POINT('',(119.423458655,31.08931914,3.000018128));
#3036=CARTESIAN_POINT('',(119.338405537,31.054034637,3.000018128));
#3037=CARTESIAN_POINT('',(119.253352419,31.018750133,3.000018128));
#3038=CARTESIAN_POINT('',(119.160533934,30.999999833,3.000018128));
#3039=CARTESIAN_POINT('',(119.067128678,30.999999833,3.000018128));
#3040=B_SPLINE_CURVE_WITH_KNOTS('',3,(#3024,#3025,#3026,#3027,#3028,#3029,#3030,#3031,#3032,#3033,#3034,#3035,#3036,#3037,#3038,#3039),.UNSPECIFIED.,.F.,.F.,(4,3,3,3,3,4),(0.,0.000276242,0.000414364,0.000552485,0.000828727,0.00110497),.UNSPECIFIED.);
#3041=EDGE_CURVE('',#3017,#2761,#3040,.T.);
#3042=ORIENTED_EDGE('',*,*,#3041,.T.);
#3043=ORIENTED_EDGE('',*,*,#2768,.T.);
#3044=ORIENTED_EDGE('',*,*,#2883,.F.);
#3045=ORIENTED_EDGE('',*,*,#2854,.T.);
#3046=ORIENTED_EDGE('',*,*,#2823,.T.);
#3047=EDGE_LOOP('',(#2913,#2934,#2942,#2950,#2958,#2977,#2978,#2999,#3007,#3015,#3023,#3042,#3043,#3044,#3045,#3046));
#3048=FACE_BOUND('',#3047,.T.);
#3049=ADVANCED_FACE('',(#3048),#2912,.F.);
#3050=CARTESIAN_POINT('',(157.000122711,31.999981872,4.352763072));
#3051=DIRECTION('',(0.,-1.,0.));
#3052=DIRECTION('',(0.,0.,-1.));
#3053=AXIS2_PLACEMENT_3D('',#3050,#3051,#3052);
#3054=CYLINDRICAL_SURFACE('',#3053,36.25);
#3055=ORIENTED_EDGE('',*,*,#3006,.F.);
#3056=CARTESIAN_POINT('',(157.000122711,31.707106614,4.352763072));
#3057=DIRECTION('',(-0.,1.,-0.));
#3058=DIRECTION('',(0.,0.,-1.));
#3059=AXIS2_PLACEMENT_3D('',#3056,#3057,#3058);
#3060=CIRCLE('',#3059,36.25);
#3061=EDGE_CURVE('',#2980,#2952,#3060,.T.);
#3062=ORIENTED_EDGE('',*,*,#3061,.T.);
#3063=ORIENTED_EDGE('',*,*,#2957,.F.);
#3064=CARTESIAN_POINT('',(157.000122711,31.999981872,4.352763072));
#3065=DIRECTION('',(0.,1.,0.));
#3066=DIRECTION('',(0.,-0.,1.));
#3067=AXIS2_PLACEMENT_3D('',#3064,#3065,#3066);
#3068=CIRCLE('',#3067,36.25);
#3069=EDGE_CURVE('',#3001,#2944,#3068,.T.);
#3070=ORIENTED_EDGE('',*,*,#3069,.F.);
#3071=EDGE_LOOP('',(#3055,#3062,#3063,#3070));
#3072=FACE_BOUND('',#3071,.T.);
#3073=ADVANCED_FACE('',(#3072),#3054,.T.);
#3074=CARTESIAN_POINT('',(157.000122711,31.999981872,4.352763072));
#3075=DIRECTION('',(0.,-1.,0.));
#3076=DIRECTION('',(0.,0.,-1.));
#3077=AXIS2_PLACEMENT_3D('',#3074,#3075,#3076);
#3078=CYLINDRICAL_SURFACE('',#3077,37.25);
#3079=ORIENTED_EDGE('',*,*,#2941,.T.);
#3080=CARTESIAN_POINT('',(157.000122711,31.707106614,4.352763072));
#3081=DIRECTION('',(0.,-1.,0.));
#3082=DIRECTION('',(0.,0.,-1.));
#3083=AXIS2_PLACEMENT_3D('',#3080,#3081,#3082);
#3084=CIRCLE('',#3083,37.25);
#3085=EDGE_CURVE('',#2915,#3017,#3084,.T.);
#3086=ORIENTED_EDGE('',*,*,#3085,.T.);
#3087=ORIENTED_EDGE('',*,*,#3022,.T.);
#3088=CARTESIAN_POINT('',(157.000122711,31.999981872,4.352763072));
#3089=DIRECTION('',(0.,1.,0.));
#3090=DIRECTION('',(0.,-0.,1.));
#3091=AXIS2_PLACEMENT_3D('',#3088,#3089,#3090);
#3092=CIRCLE('',#3091,37.25);
#3093=EDGE_CURVE('',#3009,#2936,#3092,.T.);
#3094=ORIENTED_EDGE('',*,*,#3093,.T.);
#3095=EDGE_LOOP('',(#3079,#3086,#3087,#3094));
#3096=FACE_BOUND('',#3095,.T.);
#3097=ADVANCED_FACE('',(#3096),#3078,.F.);
#3098=CARTESIAN_POINT('',(-1950.,31.999981872,63.000018128));
#3099=DIRECTION('',(0.,1.,0.));
#3100=DIRECTION('',(1.,0.,0.));
#3101=AXIS2_PLACEMENT_3D('',#3098,#3099,#3100);
#3102=PLANE('',#3101);
#3103=ORIENTED_EDGE('',*,*,#3093,.F.);
#3104=ORIENTED_EDGE('',*,*,#3014,.F.);
#3105=ORIENTED_EDGE('',*,*,#3069,.T.);
#3106=ORIENTED_EDGE('',*,*,#2949,.F.);
#3107=EDGE_LOOP('',(#3103,#3104,#3105,#3106));
#3108=FACE_BOUND('',#3107,.T.);
#3109=ADVANCED_FACE('',(#3108),#3102,.F.);
#3110=CARTESIAN_POINT('',(157.000122711,31.707106614,4.352763072));
#3111=DIRECTION('',(0.,-1.,0.));
#3112=DIRECTION('',(0.,0.,-1.));
#3113=AXIS2_PLACEMENT_3D('',#3110,#3111,#3112);
#3114=TOROIDAL_SURFACE('',#3113,35.542893219,0.707106781);
#3115=ORIENTED_EDGE('',*,*,#2998,.F.);
#3116=ORIENTED_EDGE('',*,*,#2750,.F.);
#3117=ORIENTED_EDGE('',*,*,#2976,.F.);
#3118=ORIENTED_EDGE('',*,*,#3061,.F.);
#3119=EDGE_LOOP('',(#3115,#3116,#3117,#3118));
#3120=FACE_BOUND('',#3119,.T.);
#3121=ADVANCED_FACE('',(#3120),#3114,.T.);
#3122=CARTESIAN_POINT('',(157.000122711,31.707106614,4.352763072));
#3123=DIRECTION('',(0.,-1.,0.));
#3124=DIRECTION('',(0.,0.,-1.));
#3125=AXIS2_PLACEMENT_3D('',#3122,#3123,#3124);
#3126=TOROIDAL_SURFACE('',#3125,37.957106781,0.707106781);
#3127=ORIENTED_EDGE('',*,*,#3041,.F.);
#3128=ORIENTED_EDGE('',*,*,#3085,.F.);
#3129=ORIENTED_EDGE('',*,*,#2933,.F.);
#3130=ORIENTED_EDGE('',*,*,#2777,.F.);
#3131=EDGE_LOOP('',(#3127,#3128,#3129,#3130));
#3132=FACE_BOUND('',#3131,.T.);
#3133=ADVANCED_FACE('',(#3132),#3126,.T.);
#3134=CLOSED_SHELL('',(#2754,#2811,#2842,#2873,#2895,#2907,#3049,#3073,#3097,#3109,#3121,#3133));
#3135=MANIFOLD_SOLID_BREP('Body 120 (5)',#3134);
#2729=STYLED_ITEM('',(#2021),#3135);
#2059=SHAPE_REPRESENTATION('Folder 35',(#15),#2057);
#2060=ADVANCED_BREP_SHAPE_REPRESENTATION('Folder 35',(#2199,#2728,#3135),#2057);
#3143=SHAPE_REPRESENTATION_RELATIONSHIP('','',#2059,#2060);
#3144=CARTESIAN_POINT('',(0.,0.,0.));
#3145=DIRECTION('',(0.,0.,1.));
#3146=DIRECTION('',(1.,0.,0.));
#3147=AXIS2_PLACEMENT_3D('',#3144,#3145,#3146);
#3149=MAPPED_ITEM('',#3148,#3147);
#3148=REPRESENTATION_MAP(#3147,#2059);
#3150=APPLICATION_CONTEXT('Managed model based 3d engineering');
#3151=APPLICATION_PROTOCOL_DEFINITION('international standard','ap242_managed_model_based_3d_engineering',2014,#3150);
#3152=PRODUCT_CONTEXT('',#3150,'mechanical');
#3153=PRODUCT_DEFINITION_CONTEXT('part definition',#3150,'design');
#2067=PRODUCT('Folder 35','Folder 35','',(#3152));
#3154=PRODUCT_RELATED_PRODUCT_CATEGORY('part','',(#2067));
#3155=PRODUCT_DEFINITION_FORMATION_WITH_SPECIFIED_SOURCE('','',#2067,.NOT_KNOWN.);
#2068=PRODUCT_DEFINITION('design','',#3155,#3153);
#2066=PRODUCT_DEFINITION_SHAPE('','',#2068);
#3156=SHAPE_DEFINITION_REPRESENTATION(#2066,#2059);
#2058=DRAUGHTING_MODEL('',(#3149),#2057);
#2031=SHAPE_REPRESENTATION('Act ii print plast.step',(#15,#2072),#2029);
#3157=CARTESIAN_POINT('',(0.,0.,0.));
#3158=DIRECTION('',(0.,0.,1.));
#3159=DIRECTION('',(1.,0.,0.));
#3160=AXIS2_PLACEMENT_3D('',#3157,#3158,#3159);
#3162=MAPPED_ITEM('',#3161,#3160);
#3161=REPRESENTATION_MAP(#3160,#2031);
#2039=PRODUCT('Act ii print plast.step','Act ii print plast.step','',(#3152));
#3163=PRODUCT_RELATED_PRODUCT_CATEGORY('part','',(#2039));
#3164=PRODUCT_DEFINITION_FORMATION_WITH_SPECIFIED_SOURCE('','',#2039,.NOT_KNOWN.);
#2040=PRODUCT_DEFINITION('design','',#3164,#3153);
#2038=PRODUCT_DEFINITION_SHAPE('','',#2040);
#3165=SHAPE_DEFINITION_REPRESENTATION(#2038,#2031);
#2030=DRAUGHTING_MODEL('',(#3162),#2029);
#16=SHAPE_REPRESENTATION('root',(#15,#2044),#10);
#17=ADVANCED_BREP_SHAPE_REPRESENTATION('root',(#2014),#10);
#3173=SHAPE_REPRESENTATION_RELATIONSHIP('','',#16,#17);
#3174=CARTESIAN_POINT('',(0.,0.,0.));
#3175=DIRECTION('',(0.,0.,1.));
#3176=DIRECTION('',(1.,0.,0.));
#3177=AXIS2_PLACEMENT_3D('',#3174,#3175,#3176);
#3179=MAPPED_ITEM('',#3178,#3177);
#3178=REPRESENTATION_MAP(#3177,#16);
#24=PRODUCT('root','root','',(#3152));
#3180=PRODUCT_RELATED_PRODUCT_CATEGORY('part','',(#24));
#3181=PRODUCT_DEFINITION_FORMATION_WITH_SPECIFIED_SOURCE('','',#24,.NOT_KNOWN.);
#25=PRODUCT_DEFINITION('design','',#3181,#3153);
#23=PRODUCT_DEFINITION_SHAPE('','',#25);
#3182=SHAPE_DEFINITION_REPRESENTATION(#23,#16);
#11=DRAUGHTING_MODEL('',(#3179),#10);
#3183=DESCRIPTIVE_REPRESENTATION_ITEM('KEY','/private/var/mobile/Containers/Data/Application/5F2095C5-6E5A-4F28-9900-660682EC0850/tmp/E62183B7-57D2-4D03-8DD9-6889F771CEFC.tmp');
#3184=PROPERTY_DEFINITION('KEY','',#25);
#3185=REPRESENTATION('',(#3183),#10);
#3186=PROPERTY_DEFINITION_REPRESENTATION(#3184,#3185);
#3187=GENERAL_PROPERTY('','KEY','');
#3188=GENERAL_PROPERTY_ASSOCIATION('','',#3187,#3184);
#1=MECHANICAL_DESIGN_GEOMETRIC_PRESENTATION_REPRESENTATION('',(#26,#2078,#2200,#2729),#10);
ENDSEC;
END-ISO-10303-21;
