ISO-10303-21;
HEADER;

/* File generated by Shapr3D Version 26.50.0.10685 */

FILE_DESCRIPTION(('HOOPS Exchange Step'),'2;1');

FILE_NAME('/private/var/mobile/Containers/Data/Application/5F2095C5-6E5A-4F28-9900-660682EC0850/tmp/export/temp_export',
'2026-05-03T22:56:32+02:00',
('mobile'),
('Shapr3D Limited'),
'HOOPS Exchange 2025.9',
'Shapr3D',
'Authorized');

FILE_SCHEMA( ('AP242_MANAGED_MODEL_BASED_3D_ENGINEERING_MIM_LF {1 0 10303 442 1 1 4}') );

ENDSEC;

DATA;
#3=(NAMED_UNIT(*)PLANE_ANGLE_UNIT()SI_UNIT($,.RADIAN.));
#4=PLANE_ANGLE_MEASURE_WITH_UNIT(PLANE_ANGLE_MEASURE(0.0174532925),#3);
#5=(CONVERSION_BASED_UNIT('DEGREE',#4)NAMED_UNIT(#6)PLANE_ANGLE_UNIT());
#6=DIMENSIONAL_EXPONENTS(0.,0.,0.,0.,0.,0.,0.);
#7=(NAMED_UNIT(*)SI_UNIT($,.STERADIAN.)SOLID_ANGLE_UNIT());
#8=(LENGTH_UNIT()NAMED_UNIT(*)SI_UNIT(.MILLI.,.METRE.));
#9=UNCERTAINTY_MEASURE_WITH_UNIT(LENGTH_MEASURE(1.000000E-05),#8,'DISTANCE_ACCURACY_VALUE','Maximum Tolerance applied to model');
#10=(GEOMETRIC_REPRESENTATION_CONTEXT(3)GLOBAL_UNCERTAINTY_ASSIGNED_CONTEXT((#9))GLOBAL_UNIT_ASSIGNED_CONTEXT((#8,#5,#7))REPRESENTATION_CONTEXT('','root'));
#12=CARTESIAN_POINT('',(0.,0.,0.));
#13=DIRECTION('',(0.,0.,1.));
#14=DIRECTION('',(1.,0.,0.));
#15=AXIS2_PLACEMENT_3D('TS3D_PRODUCT_CSYS',#12,#13,#14);
#27=CARTESIAN_POINT('',(-86.6,0.5,25.1));
#28=DIRECTION('',(0.,0.,1.));
#29=DIRECTION('',(1.,0.,0.));
#30=AXIS2_PLACEMENT_3D('',#27,#28,#29);
#31=PLANE('',#30);
#32=CARTESIAN_POINT('',(-178.4,336.459740201,25.1));
#33=VERTEX_POINT('',#32);
#34=CARTESIAN_POINT('',(-178.4,297.55227748,25.1));
#35=VERTEX_POINT('',#34);
#36=CARTESIAN_POINT('',(-178.4,336.459740201,25.1));
#37=DIRECTION('',(0.,-1.,0.));
#38=VECTOR('',#37,38.907462721);
#39=LINE('',#36,#38);
#40=EDGE_CURVE('',#33,#35,#39,.T.);
#41=ORIENTED_EDGE('',*,*,#40,.F.);
#42=CARTESIAN_POINT('',(-208.4,336.45027904,25.1));
#43=VERTEX_POINT('',#42);
#44=CARTESIAN_POINT('',(-208.4,336.45027904,25.1));
#45=CARTESIAN_POINT('',(-178.4,336.459740201,25.1));
#46=B_SPLINE_CURVE_WITH_KNOTS('',1,(#44,#45),.UNSPECIFIED.,.F.,.F.,(2,2),(0.,1.),.UNSPECIFIED.);
#47=EDGE_CURVE('',#43,#33,#46,.T.);
#48=ORIENTED_EDGE('',*,*,#47,.F.);
#49=CARTESIAN_POINT('',(-208.4,297.55227748,25.1));
#50=VERTEX_POINT('',#49);
#51=CARTESIAN_POINT('',(-208.4,297.55227748,25.1));
#52=DIRECTION('',(0.,1.,0.));
#53=VECTOR('',#52,38.89800156);
#54=LINE('',#51,#53);
#55=EDGE_CURVE('',#50,#43,#54,.T.);
#56=ORIENTED_EDGE('',*,*,#55,.F.);
#57=CARTESIAN_POINT('',(-178.4,297.55227748,25.1));
#58=DIRECTION('',(-1.,0.,0.));
#59=VECTOR('',#58,30.);
#60=LINE('',#57,#59);
#61=EDGE_CURVE('',#35,#50,#60,.T.);
#62=ORIENTED_EDGE('',*,*,#61,.F.);
#63=EDGE_LOOP('',(#41,#48,#56,#62));
#64=FACE_BOUND('',#63,.T.);
#65=ADVANCED_FACE('',(#64),#31,.T.);
#66=CARTESIAN_POINT('',(-86.6,0.5,10.1));
#67=DIRECTION('',(0.,0.,1.));
#68=DIRECTION('',(1.,0.,0.));
#69=AXIS2_PLACEMENT_3D('',#66,#67,#68);
#70=PLANE('',#69);
#71=CARTESIAN_POINT('',(-186.4,305.55227748,10.1));
#72=VERTEX_POINT('',#71);
#73=CARTESIAN_POINT('',(-200.4,305.55227748,10.1));
#74=VERTEX_POINT('',#73);
#75=CARTESIAN_POINT('',(-186.4,305.55227748,10.1));
#76=DIRECTION('',(-1.,-0.,0.));
#77=VECTOR('',#76,14.);
#78=LINE('',#75,#77);
#79=EDGE_CURVE('',#72,#74,#78,.T.);
#80=ORIENTED_EDGE('',*,*,#79,.T.);
#81=CARTESIAN_POINT('',(-200.4,329.55227748,10.1));
#82=VERTEX_POINT('',#81);
#83=CARTESIAN_POINT('',(-200.4,305.55227748,10.1));
#84=DIRECTION('',(0.,1.,0.));
#85=VECTOR('',#84,24.);
#86=LINE('',#83,#85);
#87=EDGE_CURVE('',#74,#82,#86,.T.);
#88=ORIENTED_EDGE('',*,*,#87,.T.);
#89=CARTESIAN_POINT('',(-186.4,329.55227748,10.1));
#90=VERTEX_POINT('',#89);
#91=CARTESIAN_POINT('',(-200.4,329.55227748,10.1));
#92=DIRECTION('',(1.,-0.,-0.));
#93=VECTOR('',#92,14.);
#94=LINE('',#91,#93);
#95=EDGE_CURVE('',#82,#90,#94,.T.);
#96=ORIENTED_EDGE('',*,*,#95,.T.);
#97=CARTESIAN_POINT('',(-186.4,329.55227748,10.1));
#98=DIRECTION('',(0.,-1.,-0.));
#99=VECTOR('',#98,24.);
#100=LINE('',#97,#99);
#101=EDGE_CURVE('',#90,#72,#100,.T.);
#102=ORIENTED_EDGE('',*,*,#101,.T.);
#103=EDGE_LOOP('',(#80,#88,#96,#102));
#104=FACE_BOUND('',#103,.T.);
#105=ADVANCED_FACE('',(#104),#70,.F.);
#106=CARTESIAN_POINT('',(-86.6,242.191219491,128.901983729));
#107=DIRECTION('',(0.,-0.882352941,-0.470588235));
#108=DIRECTION('',(0.,0.470588235,-0.882352941));
#109=AXIS2_PLACEMENT_3D('',#106,#107,#108);
#110=PLANE('',#109);
#111=CARTESIAN_POINT('',(-208.4,297.55227748,25.1));
#112=DIRECTION('',(0.425797036,0.425797036,-0.798369443));
#113=VECTOR('',#112,18.788294228);
#114=LINE('',#111,#113);
#115=EDGE_CURVE('',#50,#74,#114,.T.);
#116=ORIENTED_EDGE('',*,*,#115,.T.);
#117=ORIENTED_EDGE('',*,*,#79,.F.);
#118=CARTESIAN_POINT('',(-178.4,297.55227748,25.1));
#119=DIRECTION('',(-0.425797036,0.425797036,-0.798369443));
#120=VECTOR('',#119,18.788294228);
#121=LINE('',#118,#120);
#122=EDGE_CURVE('',#35,#72,#121,.T.);
#123=ORIENTED_EDGE('',*,*,#122,.F.);
#124=ORIENTED_EDGE('',*,*,#61,.T.);
#125=EDGE_LOOP('',(#116,#117,#123,#124));
#126=FACE_BOUND('',#125,.T.);
#127=ADVANCED_FACE('',(#126),#110,.T.);
#128=CARTESIAN_POINT('',(-171.004844291,0.5,-45.015916955));
#129=DIRECTION('',(-0.882352941,0.,-0.470588235));
#130=DIRECTION('',(-0.470588235,0.,0.882352941));
#131=AXIS2_PLACEMENT_3D('',#128,#129,#130);
#132=PLANE('',#131);
#133=CARTESIAN_POINT('',(-208.4,336.45027904,25.1));
#134=DIRECTION('',(0.436058011,-0.375991105,-0.81760877));
#135=VECTOR('',#134,18.34618286);
#136=LINE('',#133,#135);
#137=EDGE_CURVE('',#43,#82,#136,.T.);
#138=ORIENTED_EDGE('',*,*,#137,.T.);
#139=ORIENTED_EDGE('',*,*,#87,.F.);
#140=ORIENTED_EDGE('',*,*,#115,.F.);
#141=ORIENTED_EDGE('',*,*,#55,.T.);
#142=EDGE_LOOP('',(#138,#139,#140,#141));
#143=FACE_BOUND('',#142,.T.);
#144=ADVANCED_FACE('',(#143),#132,.T.);
#145=CARTESIAN_POINT('',(-208.4,336.45027904,25.1));
#146=CARTESIAN_POINT('',(-200.4,329.55227748,10.1));
#147=CARTESIAN_POINT('',(-198.4,336.45343276,25.1));
#148=CARTESIAN_POINT('',(-195.733333333,329.55227748,10.1));
#149=CARTESIAN_POINT('',(-188.4,336.456586481,25.1));
#150=CARTESIAN_POINT('',(-191.066666667,329.55227748,10.1));
#151=CARTESIAN_POINT('',(-178.4,336.459740201,25.1));
#152=CARTESIAN_POINT('',(-186.4,329.55227748,10.1));
#153=B_SPLINE_SURFACE_WITH_KNOTS('',3,1,((#145,#146),(#147,#148),(#149,#150),(#151,#152)),.UNSPECIFIED.,.F.,.F.,.U.,(4,4),(2,2),(0.,1.),(0.,1.),.UNSPECIFIED.);
#154=CARTESIAN_POINT('',(-178.4,336.459740201,25.1));
#155=DIRECTION('',(-0.435973426,-0.376433773,-0.817450174));
#156=VECTOR('',#155,18.349742266);
#157=LINE('',#154,#156);
#158=EDGE_CURVE('',#33,#90,#157,.T.);
#159=ORIENTED_EDGE('',*,*,#158,.T.);
#160=ORIENTED_EDGE('',*,*,#95,.F.);
#161=ORIENTED_EDGE('',*,*,#137,.F.);
#162=ORIENTED_EDGE('',*,*,#47,.T.);
#163=EDGE_LOOP('',(#159,#160,#161,#162));
#164=FACE_BOUND('',#163,.T.);
#165=ADVANCED_FACE('',(#164),#153,.T.);
#166=CARTESIAN_POINT('',(-168.492733564,0.5,43.676124567));
#167=DIRECTION('',(0.882352941,0.,-0.470588235));
#168=DIRECTION('',(-0.470588235,0.,-0.882352941));
#169=AXIS2_PLACEMENT_3D('',#166,#167,#168);
#170=PLANE('',#169);
#171=ORIENTED_EDGE('',*,*,#101,.F.);
#172=ORIENTED_EDGE('',*,*,#158,.F.);
#173=ORIENTED_EDGE('',*,*,#40,.T.);
#174=ORIENTED_EDGE('',*,*,#122,.T.);
#175=EDGE_LOOP('',(#171,#172,#173,#174));
#176=FACE_BOUND('',#175,.T.);
#177=ADVANCED_FACE('',(#176),#170,.T.);
#178=CLOSED_SHELL('',(#65,#105,#127,#144,#165,#177));
#179=MANIFOLD_SOLID_BREP('Body 14 (2)',#178);
#180=COLOUR_RGB('',0.627451003,0.627451003,0.643137276);
#181=FILL_AREA_STYLE_COLOUR('',#180);
#182=FILL_AREA_STYLE('',(#181));
#183=SURFACE_STYLE_FILL_AREA(#182);
#184=SURFACE_SIDE_STYLE('',(#183));
#185=SURFACE_STYLE_USAGE(.BOTH.,#184);
#186=PRESENTATION_STYLE_ASSIGNMENT((#185));
#26=STYLED_ITEM('',(#186),#179);
#188=CARTESIAN_POINT('',(-43.3,0.5,25.1));
#189=DIRECTION('',(0.,0.,1.));
#190=DIRECTION('',(1.,0.,0.));
#191=AXIS2_PLACEMENT_3D('',#188,#189,#190);
#192=PLANE('',#191);
#193=CARTESIAN_POINT('',(-135.1,336.459740201,25.1));
#194=VERTEX_POINT('',#193);
#195=CARTESIAN_POINT('',(-135.1,297.55227748,25.1));
#196=VERTEX_POINT('',#195);
#197=CARTESIAN_POINT('',(-135.1,336.459740201,25.1));
#198=DIRECTION('',(0.,-1.,0.));
#199=VECTOR('',#198,38.907462721);
#200=LINE('',#197,#199);
#201=EDGE_CURVE('',#194,#196,#200,.T.);
#202=ORIENTED_EDGE('',*,*,#201,.F.);
#203=CARTESIAN_POINT('',(-165.1,336.45027904,25.1));
#204=VERTEX_POINT('',#203);
#205=CARTESIAN_POINT('',(-165.1,336.45027904,25.1));
#206=CARTESIAN_POINT('',(-135.1,336.459740201,25.1));
#207=B_SPLINE_CURVE_WITH_KNOTS('',1,(#205,#206),.UNSPECIFIED.,.F.,.F.,(2,2),(0.,1.),.UNSPECIFIED.);
#208=EDGE_CURVE('',#204,#194,#207,.T.);
#209=ORIENTED_EDGE('',*,*,#208,.F.);
#210=CARTESIAN_POINT('',(-165.1,297.55227748,25.1));
#211=VERTEX_POINT('',#210);
#212=CARTESIAN_POINT('',(-165.1,297.55227748,25.1));
#213=DIRECTION('',(0.,1.,0.));
#214=VECTOR('',#213,38.89800156);
#215=LINE('',#212,#214);
#216=EDGE_CURVE('',#211,#204,#215,.T.);
#217=ORIENTED_EDGE('',*,*,#216,.F.);
#218=CARTESIAN_POINT('',(-135.1,297.55227748,25.1));
#219=DIRECTION('',(-1.,0.,0.));
#220=VECTOR('',#219,30.);
#221=LINE('',#218,#220);
#222=EDGE_CURVE('',#196,#211,#221,.T.);
#223=ORIENTED_EDGE('',*,*,#222,.F.);
#224=EDGE_LOOP('',(#202,#209,#217,#223));
#225=FACE_BOUND('',#224,.T.);
#226=ADVANCED_FACE('',(#225),#192,.T.);
#227=CARTESIAN_POINT('',(-43.3,0.5,10.1));
#228=DIRECTION('',(0.,0.,1.));
#229=DIRECTION('',(1.,0.,0.));
#230=AXIS2_PLACEMENT_3D('',#227,#228,#229);
#231=PLANE('',#230);
#232=CARTESIAN_POINT('',(-143.1,305.55227748,10.1));
#233=VERTEX_POINT('',#232);
#234=CARTESIAN_POINT('',(-157.1,305.55227748,10.1));
#235=VERTEX_POINT('',#234);
#236=CARTESIAN_POINT('',(-143.1,305.55227748,10.1));
#237=DIRECTION('',(-1.,-0.,0.));
#238=VECTOR('',#237,14.);
#239=LINE('',#236,#238);
#240=EDGE_CURVE('',#233,#235,#239,.T.);
#241=ORIENTED_EDGE('',*,*,#240,.T.);
#242=CARTESIAN_POINT('',(-157.1,329.55227748,10.1));
#243=VERTEX_POINT('',#242);
#244=CARTESIAN_POINT('',(-157.1,305.55227748,10.1));
#245=DIRECTION('',(0.,1.,0.));
#246=VECTOR('',#245,24.);
#247=LINE('',#244,#246);
#248=EDGE_CURVE('',#235,#243,#247,.T.);
#249=ORIENTED_EDGE('',*,*,#248,.T.);
#250=CARTESIAN_POINT('',(-143.1,329.55227748,10.1));
#251=VERTEX_POINT('',#250);
#252=CARTESIAN_POINT('',(-157.1,329.55227748,10.1));
#253=DIRECTION('',(1.,-0.,-0.));
#254=VECTOR('',#253,14.);
#255=LINE('',#252,#254);
#256=EDGE_CURVE('',#243,#251,#255,.T.);
#257=ORIENTED_EDGE('',*,*,#256,.T.);
#258=CARTESIAN_POINT('',(-143.1,329.55227748,10.1));
#259=DIRECTION('',(0.,-1.,-0.));
#260=VECTOR('',#259,24.);
#261=LINE('',#258,#260);
#262=EDGE_CURVE('',#251,#233,#261,.T.);
#263=ORIENTED_EDGE('',*,*,#262,.T.);
#264=EDGE_LOOP('',(#241,#249,#257,#263));
#265=FACE_BOUND('',#264,.T.);
#266=ADVANCED_FACE('',(#265),#231,.F.);
#267=CARTESIAN_POINT('',(-43.3,242.191219491,128.901983729));
#268=DIRECTION('',(0.,-0.882352941,-0.470588235));
#269=DIRECTION('',(0.,0.470588235,-0.882352941));
#270=AXIS2_PLACEMENT_3D('',#267,#268,#269);
#271=PLANE('',#270);
#272=CARTESIAN_POINT('',(-165.1,297.55227748,25.1));
#273=DIRECTION('',(0.425797036,0.425797036,-0.798369443));
#274=VECTOR('',#273,18.788294228);
#275=LINE('',#272,#274);
#276=EDGE_CURVE('',#211,#235,#275,.T.);
#277=ORIENTED_EDGE('',*,*,#276,.T.);
#278=ORIENTED_EDGE('',*,*,#240,.F.);
#279=CARTESIAN_POINT('',(-135.1,297.55227748,25.1));
#280=DIRECTION('',(-0.425797036,0.425797036,-0.798369443));
#281=VECTOR('',#280,18.788294228);
#282=LINE('',#279,#281);
#283=EDGE_CURVE('',#196,#233,#282,.T.);
#284=ORIENTED_EDGE('',*,*,#283,.F.);
#285=ORIENTED_EDGE('',*,*,#222,.T.);
#286=EDGE_LOOP('',(#277,#278,#284,#285));
#287=FACE_BOUND('',#286,.T.);
#288=ADVANCED_FACE('',(#287),#271,.T.);
#289=CARTESIAN_POINT('',(-127.704844291,0.5,-45.015916955));
#290=DIRECTION('',(-0.882352941,0.,-0.470588235));
#291=DIRECTION('',(-0.470588235,0.,0.882352941));
#292=AXIS2_PLACEMENT_3D('',#289,#290,#291);
#293=PLANE('',#292);
#294=CARTESIAN_POINT('',(-165.1,336.45027904,25.1));
#295=DIRECTION('',(0.436058011,-0.375991105,-0.81760877));
#296=VECTOR('',#295,18.34618286);
#297=LINE('',#294,#296);
#298=EDGE_CURVE('',#204,#243,#297,.T.);
#299=ORIENTED_EDGE('',*,*,#298,.T.);
#300=ORIENTED_EDGE('',*,*,#248,.F.);
#301=ORIENTED_EDGE('',*,*,#276,.F.);
#302=ORIENTED_EDGE('',*,*,#216,.T.);
#303=EDGE_LOOP('',(#299,#300,#301,#302));
#304=FACE_BOUND('',#303,.T.);
#305=ADVANCED_FACE('',(#304),#293,.T.);
#306=CARTESIAN_POINT('',(-165.1,336.45027904,25.1));
#307=CARTESIAN_POINT('',(-157.1,329.55227748,10.1));
#308=CARTESIAN_POINT('',(-155.1,336.45343276,25.1));
#309=CARTESIAN_POINT('',(-152.433333333,329.55227748,10.1));
#310=CARTESIAN_POINT('',(-145.1,336.456586481,25.1));
#311=CARTESIAN_POINT('',(-147.766666667,329.55227748,10.1));
#312=CARTESIAN_POINT('',(-135.1,336.459740201,25.1));
#313=CARTESIAN_POINT('',(-143.1,329.55227748,10.1));
#314=B_SPLINE_SURFACE_WITH_KNOTS('',3,1,((#306,#307),(#308,#309),(#310,#311),(#312,#313)),.UNSPECIFIED.,.F.,.F.,.U.,(4,4),(2,2),(0.,1.),(0.,1.),.UNSPECIFIED.);
#315=CARTESIAN_POINT('',(-135.1,336.459740201,25.1));
#316=DIRECTION('',(-0.435973426,-0.376433773,-0.817450174));
#317=VECTOR('',#316,18.349742266);
#318=LINE('',#315,#317);
#319=EDGE_CURVE('',#194,#251,#318,.T.);
#320=ORIENTED_EDGE('',*,*,#319,.T.);
#321=ORIENTED_EDGE('',*,*,#256,.F.);
#322=ORIENTED_EDGE('',*,*,#298,.F.);
#323=ORIENTED_EDGE('',*,*,#208,.T.);
#324=EDGE_LOOP('',(#320,#321,#322,#323));
#325=FACE_BOUND('',#324,.T.);
#326=ADVANCED_FACE('',(#325),#314,.T.);
#327=CARTESIAN_POINT('',(-125.192733564,0.5,43.676124567));
#328=DIRECTION('',(0.882352941,0.,-0.470588235));
#329=DIRECTION('',(-0.470588235,0.,-0.882352941));
#330=AXIS2_PLACEMENT_3D('',#327,#328,#329);
#331=PLANE('',#330);
#332=ORIENTED_EDGE('',*,*,#262,.F.);
#333=ORIENTED_EDGE('',*,*,#319,.F.);
#334=ORIENTED_EDGE('',*,*,#201,.T.);
#335=ORIENTED_EDGE('',*,*,#283,.T.);
#336=EDGE_LOOP('',(#332,#333,#334,#335));
#337=FACE_BOUND('',#336,.T.);
#338=ADVANCED_FACE('',(#337),#331,.T.);
#339=CLOSED_SHELL('',(#226,#266,#288,#305,#326,#338));
#340=MANIFOLD_SOLID_BREP('Body 14 (1)',#339);
#187=STYLED_ITEM('',(#186),#340);
#342=CARTESIAN_POINT('',(0.,0.5,25.1));
#343=DIRECTION('',(0.,0.,1.));
#344=DIRECTION('',(1.,0.,0.));
#345=AXIS2_PLACEMENT_3D('',#342,#343,#344);
#346=PLANE('',#345);
#347=CARTESIAN_POINT('',(-91.8,336.459740201,25.1));
#348=VERTEX_POINT('',#347);
#349=CARTESIAN_POINT('',(-91.8,297.55227748,25.1));
#350=VERTEX_POINT('',#349);
#351=CARTESIAN_POINT('',(-91.8,336.459740201,25.1));
#352=DIRECTION('',(0.,-1.,0.));
#353=VECTOR('',#352,38.907462721);
#354=LINE('',#351,#353);
#355=EDGE_CURVE('',#348,#350,#354,.T.);
#356=ORIENTED_EDGE('',*,*,#355,.F.);
#357=CARTESIAN_POINT('',(-121.8,336.45027904,25.1));
#358=VERTEX_POINT('',#357);
#359=CARTESIAN_POINT('',(-121.8,336.45027904,25.1));
#360=CARTESIAN_POINT('',(-91.8,336.459740201,25.1));
#361=B_SPLINE_CURVE_WITH_KNOTS('',1,(#359,#360),.UNSPECIFIED.,.F.,.F.,(2,2),(0.,1.),.UNSPECIFIED.);
#362=EDGE_CURVE('',#358,#348,#361,.T.);
#363=ORIENTED_EDGE('',*,*,#362,.F.);
#364=CARTESIAN_POINT('',(-121.8,297.55227748,25.1));
#365=VERTEX_POINT('',#364);
#366=CARTESIAN_POINT('',(-121.8,297.55227748,25.1));
#367=DIRECTION('',(0.,1.,0.));
#368=VECTOR('',#367,38.89800156);
#369=LINE('',#366,#368);
#370=EDGE_CURVE('',#365,#358,#369,.T.);
#371=ORIENTED_EDGE('',*,*,#370,.F.);
#372=CARTESIAN_POINT('',(-91.8,297.55227748,25.1));
#373=DIRECTION('',(-1.,0.,0.));
#374=VECTOR('',#373,30.);
#375=LINE('',#372,#374);
#376=EDGE_CURVE('',#350,#365,#375,.T.);
#377=ORIENTED_EDGE('',*,*,#376,.F.);
#378=EDGE_LOOP('',(#356,#363,#371,#377));
#379=FACE_BOUND('',#378,.T.);
#380=ADVANCED_FACE('',(#379),#346,.T.);
#381=CARTESIAN_POINT('',(0.,0.5,10.1));
#382=DIRECTION('',(0.,0.,1.));
#383=DIRECTION('',(1.,0.,0.));
#384=AXIS2_PLACEMENT_3D('',#381,#382,#383);
#385=PLANE('',#384);
#386=CARTESIAN_POINT('',(-99.8,305.55227748,10.1));
#387=VERTEX_POINT('',#386);
#388=CARTESIAN_POINT('',(-113.8,305.55227748,10.1));
#389=VERTEX_POINT('',#388);
#390=CARTESIAN_POINT('',(-99.8,305.55227748,10.1));
#391=DIRECTION('',(-1.,-0.,0.));
#392=VECTOR('',#391,14.);
#393=LINE('',#390,#392);
#394=EDGE_CURVE('',#387,#389,#393,.T.);
#395=ORIENTED_EDGE('',*,*,#394,.T.);
#396=CARTESIAN_POINT('',(-113.8,329.55227748,10.1));
#397=VERTEX_POINT('',#396);
#398=CARTESIAN_POINT('',(-113.8,305.55227748,10.1));
#399=DIRECTION('',(0.,1.,0.));
#400=VECTOR('',#399,24.);
#401=LINE('',#398,#400);
#402=EDGE_CURVE('',#389,#397,#401,.T.);
#403=ORIENTED_EDGE('',*,*,#402,.T.);
#404=CARTESIAN_POINT('',(-99.8,329.55227748,10.1));
#405=VERTEX_POINT('',#404);
#406=CARTESIAN_POINT('',(-113.8,329.55227748,10.1));
#407=DIRECTION('',(1.,-0.,-0.));
#408=VECTOR('',#407,14.);
#409=LINE('',#406,#408);
#410=EDGE_CURVE('',#397,#405,#409,.T.);
#411=ORIENTED_EDGE('',*,*,#410,.T.);
#412=CARTESIAN_POINT('',(-99.8,329.55227748,10.1));
#413=DIRECTION('',(0.,-1.,-0.));
#414=VECTOR('',#413,24.);
#415=LINE('',#412,#414);
#416=EDGE_CURVE('',#405,#387,#415,.T.);
#417=ORIENTED_EDGE('',*,*,#416,.T.);
#418=EDGE_LOOP('',(#395,#403,#411,#417));
#419=FACE_BOUND('',#418,.T.);
#420=ADVANCED_FACE('',(#419),#385,.F.);
#421=CARTESIAN_POINT('',(0.,242.191219491,128.901983729));
#422=DIRECTION('',(0.,-0.882352941,-0.470588235));
#423=DIRECTION('',(0.,0.470588235,-0.882352941));
#424=AXIS2_PLACEMENT_3D('',#421,#422,#423);
#425=PLANE('',#424);
#426=CARTESIAN_POINT('',(-121.8,297.55227748,25.1));
#427=DIRECTION('',(0.425797036,0.425797036,-0.798369443));
#428=VECTOR('',#427,18.788294228);
#429=LINE('',#426,#428);
#430=EDGE_CURVE('',#365,#389,#429,.T.);
#431=ORIENTED_EDGE('',*,*,#430,.T.);
#432=ORIENTED_EDGE('',*,*,#394,.F.);
#433=CARTESIAN_POINT('',(-91.8,297.55227748,25.1));
#434=DIRECTION('',(-0.425797036,0.425797036,-0.798369443));
#435=VECTOR('',#434,18.788294228);
#436=LINE('',#433,#435);
#437=EDGE_CURVE('',#350,#387,#436,.T.);
#438=ORIENTED_EDGE('',*,*,#437,.F.);
#439=ORIENTED_EDGE('',*,*,#376,.T.);
#440=EDGE_LOOP('',(#431,#432,#438,#439));
#441=FACE_BOUND('',#440,.T.);
#442=ADVANCED_FACE('',(#441),#425,.T.);
#443=CARTESIAN_POINT('',(-84.404844291,0.5,-45.015916955));
#444=DIRECTION('',(-0.882352941,0.,-0.470588235));
#445=DIRECTION('',(-0.470588235,0.,0.882352941));
#446=AXIS2_PLACEMENT_3D('',#443,#444,#445);
#447=PLANE('',#446);
#448=CARTESIAN_POINT('',(-121.8,336.45027904,25.1));
#449=DIRECTION('',(0.436058011,-0.375991105,-0.81760877));
#450=VECTOR('',#449,18.34618286);
#451=LINE('',#448,#450);
#452=EDGE_CURVE('',#358,#397,#451,.T.);
#453=ORIENTED_EDGE('',*,*,#452,.T.);
#454=ORIENTED_EDGE('',*,*,#402,.F.);
#455=ORIENTED_EDGE('',*,*,#430,.F.);
#456=ORIENTED_EDGE('',*,*,#370,.T.);
#457=EDGE_LOOP('',(#453,#454,#455,#456));
#458=FACE_BOUND('',#457,.T.);
#459=ADVANCED_FACE('',(#458),#447,.T.);
#460=CARTESIAN_POINT('',(-121.8,336.45027904,25.1));
#461=CARTESIAN_POINT('',(-113.8,329.55227748,10.1));
#462=CARTESIAN_POINT('',(-111.8,336.45343276,25.1));
#463=CARTESIAN_POINT('',(-109.133333333,329.55227748,10.1));
#464=CARTESIAN_POINT('',(-101.8,336.456586481,25.1));
#465=CARTESIAN_POINT('',(-104.466666667,329.55227748,10.1));
#466=CARTESIAN_POINT('',(-91.8,336.459740201,25.1));
#467=CARTESIAN_POINT('',(-99.8,329.55227748,10.1));
#468=B_SPLINE_SURFACE_WITH_KNOTS('',3,1,((#460,#461),(#462,#463),(#464,#465),(#466,#467)),.UNSPECIFIED.,.F.,.F.,.U.,(4,4),(2,2),(0.,1.),(0.,1.),.UNSPECIFIED.);
#469=CARTESIAN_POINT('',(-91.8,336.459740201,25.1));
#470=DIRECTION('',(-0.435973426,-0.376433773,-0.817450174));
#471=VECTOR('',#470,18.349742266);
#472=LINE('',#469,#471);
#473=EDGE_CURVE('',#348,#405,#472,.T.);
#474=ORIENTED_EDGE('',*,*,#473,.T.);
#475=ORIENTED_EDGE('',*,*,#410,.F.);
#476=ORIENTED_EDGE('',*,*,#452,.F.);
#477=ORIENTED_EDGE('',*,*,#362,.T.);
#478=EDGE_LOOP('',(#474,#475,#476,#477));
#479=FACE_BOUND('',#478,.T.);
#480=ADVANCED_FACE('',(#479),#468,.T.);
#481=CARTESIAN_POINT('',(-81.892733564,0.5,43.676124567));
#482=DIRECTION('',(0.882352941,0.,-0.470588235));
#483=DIRECTION('',(-0.470588235,0.,-0.882352941));
#484=AXIS2_PLACEMENT_3D('',#481,#482,#483);
#485=PLANE('',#484);
#486=ORIENTED_EDGE('',*,*,#416,.F.);
#487=ORIENTED_EDGE('',*,*,#473,.F.);
#488=ORIENTED_EDGE('',*,*,#355,.T.);
#489=ORIENTED_EDGE('',*,*,#437,.T.);
#490=EDGE_LOOP('',(#486,#487,#488,#489));
#491=FACE_BOUND('',#490,.T.);
#492=ADVANCED_FACE('',(#491),#485,.T.);
#493=CLOSED_SHELL('',(#380,#420,#442,#459,#480,#492));
#494=MANIFOLD_SOLID_BREP('Body 14',#493);
#341=STYLED_ITEM('',(#186),#494);
#496=CARTESIAN_POINT('',(0.833122014,277.214685985,-1.316263573));
#497=CARTESIAN_POINT('',(-49.599947964,277.22809841,-1.522343123));
#498=CARTESIAN_POINT('',(-100.030749569,277.240197879,-1.708082757));
#499=CARTESIAN_POINT('',(-200.892461231,277.262835304,-2.055348113));
#500=CARTESIAN_POINT('',(-251.323210001,277.273354385,-2.216582047));
#501=CARTESIAN_POINT('',(-301.753803216,277.283328534,-2.369358571));
#502=CARTESIAN_POINT('',(0.829311508,276.970146602,0.402646284));
#503=CARTESIAN_POINT('',(-49.609761001,276.974640344,0.195486773));
#504=CARTESIAN_POINT('',(-100.04001438,276.978695994,0.008744626));
#505=CARTESIAN_POINT('',(-200.901526421,276.986287606,-0.340480956));
#506=CARTESIAN_POINT('',(-251.331912045,276.989817095,-0.502663289));
#507=CARTESIAN_POINT('',(-301.756992536,276.993164954,-0.656355539));
#508=CARTESIAN_POINT('',(0.824274343,276.809326133,2.674898523));
#509=CARTESIAN_POINT('',(-49.614611593,276.807924037,2.467600427));
#510=CARTESIAN_POINT('',(-100.044714808,276.806658628,2.280726018));
#511=CARTESIAN_POINT('',(-200.905965532,276.804289961,1.93124279));
#512=CARTESIAN_POINT('',(-251.336240418,276.803188731,1.768935253));
#513=CARTESIAN_POINT('',(-301.761221636,276.802144153,1.615120397));
#514=CARTESIAN_POINT('',(0.818031573,276.871352303,5.490996448));
#515=CARTESIAN_POINT('',(-49.60755521,276.872217758,5.283836509));
#516=CARTESIAN_POINT('',(-100.038394758,276.872998102,5.097030581));
#517=CARTESIAN_POINT('',(-200.899322841,276.874457272,4.747703928));
#518=CARTESIAN_POINT('',(-251.330053057,276.875134907,4.585465759));
#519=CARTESIAN_POINT('',(-301.766465609,276.875777189,4.431690173));
#520=CARTESIAN_POINT('',(0.815642015,276.918914795,6.568920368));
#521=CARTESIAN_POINT('',(-49.61042133,276.921511161,6.361487167));
#522=CARTESIAN_POINT('',(-100.040369357,276.923852192,6.174426491));
#523=CARTESIAN_POINT('',(-200.901493069,276.928229703,5.824595011));
#524=CARTESIAN_POINT('',(-251.332060532,276.930262618,5.662113552));
#525=CARTESIAN_POINT('',(-301.768469697,276.932189453,5.508098429));
#526=CARTESIAN_POINT('',(0.804784126,277.13503348,11.466887044));
#527=CARTESIAN_POINT('',(-49.623444661,277.145494916,11.258212171));
#528=CARTESIAN_POINT('',(-100.049341712,277.154927534,11.069993948));
#529=CARTESIAN_POINT('',(-200.911354341,277.172565661,10.717868589));
#530=CARTESIAN_POINT('',(-251.341182275,277.180756817,10.55428165));
#531=CARTESIAN_POINT('',(-301.777576053,277.188520521,10.399178095));
#532=CARTESIAN_POINT('',(0.795121016,277.327370919,15.825891759));
#533=CARTESIAN_POINT('',(-49.635034931,277.34483197,15.616111845));
#534=CARTESIAN_POINT('',(-100.057326768,277.360575831,15.42686345));
#535=CARTESIAN_POINT('',(-200.9201305,277.390015404,15.072696625));
#536=CARTESIAN_POINT('',(-251.34930028,277.403687161,14.90812585));
#537=CARTESIAN_POINT('',(-301.785680365,277.416645457,14.752053632));
#538=CARTESIAN_POINT('',(0.785457906,277.519708358,20.184896474));
#539=CARTESIAN_POINT('',(-49.646625202,277.544169023,19.97401152));
#540=CARTESIAN_POINT('',(-100.065311824,277.566224127,19.783732951));
#541=CARTESIAN_POINT('',(-200.928906658,277.607465147,19.427524662));
#542=CARTESIAN_POINT('',(-251.357418285,277.626617505,19.261970051));
#543=CARTESIAN_POINT('',(-301.793784677,277.644770392,19.10492917));
#544=CARTESIAN_POINT('',(0.784873933,277.531331931,20.448325203));
#545=CARTESIAN_POINT('',(-49.647325639,277.556215605,20.237373468));
#546=CARTESIAN_POINT('',(-100.065794387,277.578652118,20.047032643));
#547=CARTESIAN_POINT('',(-200.92943703,277.620606337,19.690700981));
#548=CARTESIAN_POINT('',(-251.357908882,277.640089906,19.525086913));
#549=CARTESIAN_POINT('',(-301.794274447,277.658556719,19.367987493));
#550=CARTESIAN_POINT('',(0.78428996,277.542955503,20.711753932));
#551=CARTESIAN_POINT('',(-49.648026077,277.568262187,20.500735416));
#552=CARTESIAN_POINT('',(-100.06627695,277.591080109,20.310332334));
#553=CARTESIAN_POINT('',(-200.929967402,277.633747528,19.9538773));
#554=CARTESIAN_POINT('',(-251.35839948,277.653562306,19.788203776));
#555=CARTESIAN_POINT('',(-301.794764216,277.672343045,19.631045817));
#556=CARTESIAN_POINT('',(0.783705987,277.554579075,20.975182662));
#557=CARTESIAN_POINT('',(-49.648726514,277.580308768,20.764097364));
#558=CARTESIAN_POINT('',(-100.066759512,277.603508099,20.573632025));
#559=CARTESIAN_POINT('',(-200.930497773,277.646888718,20.217053619));
#560=CARTESIAN_POINT('',(-251.358890077,277.667034707,20.051320639));
#561=CARTESIAN_POINT('',(-301.795253986,277.686129372,19.89410414));
#562=(BOUNDED_SURFACE()
B_SPLINE_SURFACE(3,3,((#496,#497,#498,#499,#500,#501),(#502,#503,#504,#505,#506,#507),(#508,#509,#510,#511,#512,#513),(#514,#515,#516,#517,#518,#519),(#520,#521,#522,#523,#524,#525),(#526,#527,#528,#529,#530,#531),(#532,#533,#534,#535,#536,#537),(#538,#539,#540,#541,#542,#543),(#544,#545,#546,#547,#548,#549),(#550,#551,#552,#553,#554,#555),(#556,#557,#558,#559,#560,#561)),.UNSPECIFIED.,.F.,.F.,.U.)
B_SPLINE_SURFACE_WITH_KNOTS((4,1,1,2,3,4),(4,2,4),(0.,1.,1.312011047,1.624022093,4.147498192,4.3),(0.015420345,0.473762236,0.932104127),.UNSPECIFIED.)
GEOMETRIC_REPRESENTATION_ITEM()
RATIONAL_B_SPLINE_SURFACE(((1.,1.,1.,1.,1.,1.),(0.998336517,0.998214875,0.998098534,0.9978724,0.997762646,0.99765509),(0.998336517,0.998214875,0.998098534,0.9978724,0.997762646,0.99765509),(1.001880958,1.002018504,1.002150054,1.002405752,1.002529854,1.002651472),(1.001880958,1.002018504,1.002150054,1.002405752,1.002529854,1.002651472),(1.001880958,1.002018504,1.002150054,1.002405752,1.002529854,1.002651472),(1.001880958,1.002018504,1.002150054,1.002405752,1.002529854,1.002651472),(1.001880958,1.002018504,1.002150054,1.002405752,1.002529854,1.002651472),(1.001880958,1.002018504,1.002150054,1.002405752,1.002529854,1.002651472),(1.001880958,1.002018504,1.002150054,1.002405752,1.002529854,1.002651472),(1.001880958,1.002018504,1.002150054,1.002405752,1.002529854,1.002651472)))
REPRESENTATION_ITEM('')
SURFACE()
);
#563=OFFSET_SURFACE('',#562,-2.3,.F.);
#564=CARTESIAN_POINT('',(-241.554710182,279.147571057,3.000000273));
#565=VERTEX_POINT('',#564);
#566=CARTESIAN_POINT('',(-21.049859328,279.156584268,2.999834359));
#567=VERTEX_POINT('',#566);
#568=CARTESIAN_POINT('',(-241.554710182,279.147571057,2.999982414));
#569=CARTESIAN_POINT('',(-168.053093137,279.14757134,2.999982411));
#570=CARTESIAN_POINT('',(-94.551476214,279.150311001,2.999977409));
#571=CARTESIAN_POINT('',(-21.049859328,279.156584268,2.999834359));
#572=B_SPLINE_CURVE_WITH_KNOTS('',3,(#568,#569,#570,#571),.UNSPECIFIED.,.F.,.F.,(4,4),(0.040445308,0.260950159),.UNSPECIFIED.);
#573=EDGE_CURVE('',#565,#567,#572,.T.);
#574=ORIENTED_EDGE('',*,*,#573,.F.);
#575=CARTESIAN_POINT('',(-288.,279.147571057,2.854480087));
#576=VERTEX_POINT('',#575);
#577=CARTESIAN_POINT('',(-288.,279.147571057,2.854480087));
#578=CARTESIAN_POINT('',(-241.554710182,279.147571057,3.000018128));
#579=B_SPLINE_CURVE_WITH_KNOTS('',1,(#577,#578),.UNSPECIFIED.,.F.,.F.,(2,2),(0.,1.),.UNSPECIFIED.);
#580=EDGE_CURVE('',#576,#565,#579,.T.);
#581=ORIENTED_EDGE('',*,*,#580,.F.);
#582=CARTESIAN_POINT('',(-288.,279.288773564,0.000018128));
#583=VERTEX_POINT('',#582);
#584=CARTESIAN_POINT('',(-288.,279.288773564,0.000018128));
#585=CARTESIAN_POINT('',(-288.,279.194638436,0.94917714));
#586=CARTESIAN_POINT('',(-288.,279.147571058,1.900664465));
#587=CARTESIAN_POINT('',(-288.,279.147571057,2.854480087));
#588=B_SPLINE_CURVE_WITH_KNOTS('',3,(#584,#585,#586,#587),.UNSPECIFIED.,.F.,.F.,(4,4),(0.,0.002857952),.UNSPECIFIED.);
#589=EDGE_CURVE('',#583,#576,#588,.T.);
#590=ORIENTED_EDGE('',*,*,#589,.F.);
#591=CARTESIAN_POINT('',(-12.,279.361466596,0.000018128));
#592=VERTEX_POINT('',#591);
#593=CARTESIAN_POINT('',(-288.,279.288773564,0.000018128));
#594=CARTESIAN_POINT('',(-195.999999327,279.310349745,0.000018128));
#595=CARTESIAN_POINT('',(-103.999999294,279.334642733,0.000018128));
#596=CARTESIAN_POINT('',(-12.,279.361466596,0.000018128));
#597=B_SPLINE_CURVE_WITH_KNOTS('',3,(#593,#594,#595,#596),.UNSPECIFIED.,.F.,.F.,(4,4),(1.22409279,1.500092801),.UNSPECIFIED.);
#598=EDGE_CURVE('',#583,#592,#597,.T.);
#599=ORIENTED_EDGE('',*,*,#598,.T.);
#600=CARTESIAN_POINT('',(-12.,279.803885017,19.587207079));
#601=VERTEX_POINT('',#600);
#602=CARTESIAN_POINT('',(-12.,279.803885017,19.587207079));
#603=CARTESIAN_POINT('',(-12.,279.658431945,16.320753801));
#604=CARTESIAN_POINT('',(-12.,279.512976589,13.054300625));
#605=CARTESIAN_POINT('',(-12.,279.367518948,9.787847551));
#606=CARTESIAN_POINT('',(-12.,279.331154538,8.971234282));
#607=CARTESIAN_POINT('',(-12.,279.294789985,8.15462102));
#608=CARTESIAN_POINT('',(-12.,279.258425289,7.338007764));
#609=CARTESIAN_POINT('',(-12.,279.222060593,6.521394508));
#610=CARTESIAN_POINT('',(-12.,279.183125771,5.704474888));
#611=CARTESIAN_POINT('',(-12.,279.162247822,4.887979324));
#612=CARTESIAN_POINT('',(-12.,279.151808847,4.479731543));
#613=CARTESIAN_POINT('',(-12.,279.146075518,4.071643457));
#614=CARTESIAN_POINT('',(-12.,279.147921191,3.663812583));
#615=CARTESIAN_POINT('',(-12.,279.149766864,3.255981708));
#616=CARTESIAN_POINT('',(-12.,279.158906014,2.848398355));
#617=CARTESIAN_POINT('',(-12.,279.175329692,2.441062218));
#618=CARTESIAN_POINT('',(-12.,279.20817705,1.626389945));
#619=CARTESIAN_POINT('',(-12.,279.270134136,0.812705576));
#620=CARTESIAN_POINT('',(-12.,279.361466596,0.000018128));
#621=B_SPLINE_CURVE_WITH_KNOTS('',3,(#602,#603,#604,#605,#606,#607,#608,#609,#610,#611,#612,#613,#614,#615,#616,#617,#618,#619,#620),.UNSPECIFIED.,.F.,.F.,(4,3,3,3,3,3,4),(0.090450199,0.100259269,0.102711537,0.105163805,0.106389938,0.107616072,0.11006834),.UNSPECIFIED.);
#622=EDGE_CURVE('',#601,#592,#621,.T.);
#623=ORIENTED_EDGE('',*,*,#622,.F.);
#624=CARTESIAN_POINT('',(-20.,279.809981122,19.608267871));
#625=VERTEX_POINT('',#624);
#626=CARTESIAN_POINT('',(-12.,279.803885017,19.587207079));
#627=CARTESIAN_POINT('',(-14.666666616,279.805922021,19.594245158));
#628=CARTESIAN_POINT('',(-17.333333283,279.807954029,19.601265328));
#629=CARTESIAN_POINT('',(-20.,279.809981122,19.608267871));
#630=B_SPLINE_CURVE_WITH_KNOTS('',3,(#626,#627,#628,#629),.UNSPECIFIED.,.F.,.F.,(4,4),(0.044520137,0.052520167),.UNSPECIFIED.);
#631=EDGE_CURVE('',#601,#625,#630,.T.);
#632=ORIENTED_EDGE('',*,*,#631,.T.);
#633=CARTESIAN_POINT('',(-20.,279.338636464,9.082763847));
#634=VERTEX_POINT('',#633);
#635=CARTESIAN_POINT('',(-20.,279.338636464,9.082763847));
#636=CARTESIAN_POINT('',(-20.,279.495753994,12.59126507));
#637=CARTESIAN_POINT('',(-20.,279.65286888,16.099766411));
#638=CARTESIAN_POINT('',(-20.,279.809981122,19.608267871));
#639=B_SPLINE_CURVE_WITH_KNOTS('',3,(#635,#636,#637,#638),.UNSPECIFIED.,.F.,.F.,(4,4),(0.036629104,0.047217135),.UNSPECIFIED.);
#640=EDGE_CURVE('',#634,#625,#639,.T.);
#641=ORIENTED_EDGE('',*,*,#640,.F.);
#642=CARTESIAN_POINT('',(-19.994283638,279.156670305,3.000018128));
#643=VERTEX_POINT('',#642);
#644=CARTESIAN_POINT('',(-20.,279.338636464,9.082763847));
#645=CARTESIAN_POINT('',(-20.,279.315944841,8.576050252));
#646=CARTESIAN_POINT('',(-19.996710261,279.293252747,8.069349039));
#647=CARTESIAN_POINT('',(-19.994055753,279.27056086,7.562645733));
#648=CARTESIAN_POINT('',(-19.991401244,279.247868974,7.055942427));
#649=CARTESIAN_POINT('',(-19.989524269,279.224452853,6.549257472));
#650=CARTESIAN_POINT('',(-19.989230038,279.203466102,6.042510654));
#651=CARTESIAN_POINT('',(-19.988935807,279.182479351,5.535763836));
#652=CARTESIAN_POINT('',(-19.989950372,279.16443648,5.028942099));
#653=CARTESIAN_POINT('',(-19.991120926,279.154853595,4.521905321));
#654=CARTESIAN_POINT('',(-19.99229148,279.145270709,4.014868543));
#655=CARTESIAN_POINT('',(-19.993465843,279.14492288,3.507597036));
#656=CARTESIAN_POINT('',(-19.994283638,279.156670305,3.000018128));
#657=B_SPLINE_CURVE_WITH_KNOTS('',3,(#644,#645,#646,#647,#648,#649,#650,#651,#652,#653,#654,#655,#656),.UNSPECIFIED.,.F.,.F.,(4,3,3,3,4),(0.,0.001521653,0.003043307,0.00456496,0.006086613),.UNSPECIFIED.);
#658=EDGE_CURVE('',#634,#643,#657,.T.);
#659=ORIENTED_EDGE('',*,*,#658,.T.);
#660=CARTESIAN_POINT('',(-21.049859328,279.156580033,3.000018128));
#661=VERTEX_POINT('',#660);
#662=CARTESIAN_POINT('',(-21.049859328,279.156580033,3.000018128));
#663=CARTESIAN_POINT('',(-20.698000765,279.156610042,3.000018128));
#664=CARTESIAN_POINT('',(-20.346142201,279.156640132,3.000018128));
#665=CARTESIAN_POINT('',(-19.994283638,279.156670305,3.000018128));
#666=B_SPLINE_CURVE_WITH_KNOTS('',3,(#662,#663,#664,#665),.UNSPECIFIED.,.F.,.F.,(4,4),(1.231224488,1.232280064),.UNSPECIFIED.);
#667=EDGE_CURVE('',#661,#643,#666,.T.);
#668=ORIENTED_EDGE('',*,*,#667,.F.);
#669=CARTESIAN_POINT('',(-21.049859328,279.156580033,3.000018128));
#670=CARTESIAN_POINT('',(-21.049859328,279.156581445,2.999956872));
#671=CARTESIAN_POINT('',(-21.049859328,279.156582856,2.999895616));
#672=CARTESIAN_POINT('',(-21.049859328,279.156584268,2.999834359));
#673=B_SPLINE_CURVE_WITH_KNOTS('',3,(#669,#670,#671,#672),.UNSPECIFIED.,.F.,.F.,(4,4),(0.001512505,0.001512689),.UNSPECIFIED.);
#674=EDGE_CURVE('',#661,#567,#673,.T.);
#675=ORIENTED_EDGE('',*,*,#674,.T.);
#676=EDGE_LOOP('',(#574,#581,#590,#599,#623,#632,#641,#659,#668,#675));
#677=FACE_BOUND('',#676,.T.);
#678=ADVANCED_FACE('',(#677),#563,.T.);
#679=CARTESIAN_POINT('',(-309.99999435,316.965431988,4.352763072));
#680=DIRECTION('',(0.99999995,0.000315372,0.));
#681=DIRECTION('',(-0.000315372,0.99999995,0.));
#682=AXIS2_PLACEMENT_3D('',#679,#680,#681);
#683=CYLINDRICAL_SURFACE('',#682,40.25);
#684=CARTESIAN_POINT('',(-280.,279.147571057,18.106175224));
#685=VERTEX_POINT('',#684);
#686=CARTESIAN_POINT('',(-288.,279.147571057,18.113112424));
#687=VERTEX_POINT('',#686);
#688=CARTESIAN_POINT('',(-120225.08136036,279.147571057,4.352763072));
#689=DIRECTION('',(0.,-1.,0.));
#690=DIRECTION('',(1.,0.,0.));
#691=AXIS2_PLACEMENT_3D('',#688,#689,#690);
#692=ELLIPSE('',#691,127627.056267944,40.25);
#693=EDGE_CURVE('',#685,#687,#692,.T.);
#694=ORIENTED_EDGE('',*,*,#693,.F.);
#695=CARTESIAN_POINT('',(-280.,305.729796917,43.000018128));
#696=VERTEX_POINT('',#695);
#697=CARTESIAN_POINT('',(-280.,316.974893147,4.352763072));
#698=DIRECTION('',(-1.,-0.,-0.));
#699=DIRECTION('',(-0.,1.,0.));
#700=AXIS2_PLACEMENT_3D('',#697,#698,#699);
#701=ELLIPSE('',#700,40.250002002,40.25);
#702=EDGE_CURVE('',#685,#696,#701,.T.);
#703=ORIENTED_EDGE('',*,*,#702,.T.);
#704=CARTESIAN_POINT('',(-288.,305.727273941,43.000018128));
#705=VERTEX_POINT('',#704);
#706=CARTESIAN_POINT('',(-280.,305.729796917,43.000018128));
#707=DIRECTION('',(-0.99999995,-0.000315372,-0.));
#708=VECTOR('',#707,8.000000398);
#709=LINE('',#706,#708);
#710=EDGE_CURVE('',#696,#705,#709,.T.);
#711=ORIENTED_EDGE('',*,*,#710,.T.);
#712=CARTESIAN_POINT('',(-288.,316.972370171,4.352763072));
#713=DIRECTION('',(1.,0.,-0.));
#714=DIRECTION('',(-0.,1.,0.));
#715=AXIS2_PLACEMENT_3D('',#712,#713,#714);
#716=ELLIPSE('',#715,40.250002002,40.25);
#717=EDGE_CURVE('',#705,#687,#716,.T.);
#718=ORIENTED_EDGE('',*,*,#717,.T.);
#719=EDGE_LOOP('',(#694,#703,#711,#718));
#720=FACE_BOUND('',#719,.T.);
#721=ADVANCED_FACE('',(#720),#683,.T.);
#722=CARTESIAN_POINT('',(-280.,294.499084718,48.000018128));
#723=DIRECTION('',(1.,0.,0.));
#724=DIRECTION('',(0.,-1.,0.));
#725=AXIS2_PLACEMENT_3D('',#722,#723,#724);
#726=PLANE('',#725);
#727=ORIENTED_EDGE('',*,*,#702,.F.);
#728=CARTESIAN_POINT('',(-280.,279.147571057,7.171429555));
#729=VERTEX_POINT('',#728);
#730=CARTESIAN_POINT('',(-280.,279.147571057,18.106175224));
#731=DIRECTION('',(0.,0.,-1.));
#732=VECTOR('',#731,10.934745669);
#733=LINE('',#730,#732);
#734=EDGE_CURVE('',#685,#729,#733,.T.);
#735=ORIENTED_EDGE('',*,*,#734,.T.);
#736=CARTESIAN_POINT('',(-280.,316.999877122,42.309869853));
#737=VERTEX_POINT('',#736);
#738=CARTESIAN_POINT('',(-280.,316.999877122,4.352763072));
#739=DIRECTION('',(-1.,-0.,0.));
#740=DIRECTION('',(0.,0.,1.));
#741=AXIS2_PLACEMENT_3D('',#738,#739,#740);
#742=CIRCLE('',#741,37.957106781);
#743=EDGE_CURVE('',#729,#737,#742,.T.);
#744=ORIENTED_EDGE('',*,*,#743,.T.);
#745=CARTESIAN_POINT('',(-280.,354.932853241,2.999515889));
#746=VERTEX_POINT('',#745);
#747=CARTESIAN_POINT('',(-280.,316.999877122,4.352763072));
#748=DIRECTION('',(-1.,-0.,0.));
#749=DIRECTION('',(0.,0.,1.));
#750=AXIS2_PLACEMENT_3D('',#747,#748,#749);
#751=CIRCLE('',#750,37.957106781);
#752=EDGE_CURVE('',#737,#746,#751,.T.);
#753=ORIENTED_EDGE('',*,*,#752,.T.);
#754=CARTESIAN_POINT('',(-280.,354.952392687,2.999982414));
#755=VERTEX_POINT('',#754);
#756=CARTESIAN_POINT('',(-280.,354.959499468,2.292911347));
#757=DIRECTION('',(1.,0.,0.));
#758=DIRECTION('',(-0.,1.,0.));
#759=AXIS2_PLACEMENT_3D('',#756,#757,#758);
#760=CIRCLE('',#759,0.707106781);
#761=EDGE_CURVE('',#755,#746,#760,.T.);
#762=ORIENTED_EDGE('',*,*,#761,.F.);
#763=CARTESIAN_POINT('',(-280.,354.952392687,0.000018128));
#764=VERTEX_POINT('',#763);
#765=CARTESIAN_POINT('',(-280.,354.952392687,0.000018128));
#766=DIRECTION('',(0.,0.,1.));
#767=VECTOR('',#766,2.999964286);
#768=LINE('',#765,#767);
#769=EDGE_CURVE('',#764,#755,#768,.T.);
#770=ORIENTED_EDGE('',*,*,#769,.F.);
#771=CARTESIAN_POINT('',(-280.,356.988844098,0.000018128));
#772=VERTEX_POINT('',#771);
#773=CARTESIAN_POINT('',(-280.,356.988844098,0.000018128));
#774=DIRECTION('',(0.,-1.,0.));
#775=VECTOR('',#774,2.03645141);
#776=LINE('',#773,#775);
#777=EDGE_CURVE('',#772,#764,#776,.T.);
#778=ORIENTED_EDGE('',*,*,#777,.F.);
#779=CARTESIAN_POINT('',(-280.,356.99853652,0.090060823));
#780=VERTEX_POINT('',#779);
#781=CARTESIAN_POINT('',(-280.,316.974893147,4.352763072));
#782=DIRECTION('',(-1.,-0.,-0.));
#783=DIRECTION('',(-0.,1.,0.));
#784=AXIS2_PLACEMENT_3D('',#781,#782,#783);
#785=ELLIPSE('',#784,40.250002002,40.25);
#786=EDGE_CURVE('',#780,#772,#785,.T.);
#787=ORIENTED_EDGE('',*,*,#786,.F.);
#788=CARTESIAN_POINT('',(-280.,356.99853652,8.615465321));
#789=VERTEX_POINT('',#788);
#790=CARTESIAN_POINT('',(-280.,356.99853652,8.615465321));
#791=DIRECTION('',(0.,0.,-1.));
#792=VECTOR('',#791,8.525404497);
#793=LINE('',#790,#792);
#794=EDGE_CURVE('',#789,#780,#793,.T.);
#795=ORIENTED_EDGE('',*,*,#794,.F.);
#796=CARTESIAN_POINT('',(-280.,328.219989376,43.000018128));
#797=VERTEX_POINT('',#796);
#798=CARTESIAN_POINT('',(-280.,316.974893147,4.352763072));
#799=DIRECTION('',(-1.,-0.,-0.));
#800=DIRECTION('',(-0.,1.,0.));
#801=AXIS2_PLACEMENT_3D('',#798,#799,#800);
#802=ELLIPSE('',#801,40.250002002,40.25);
#803=EDGE_CURVE('',#797,#789,#802,.T.);
#804=ORIENTED_EDGE('',*,*,#803,.F.);
#805=CARTESIAN_POINT('',(-280.,328.219989376,43.000018128));
#806=DIRECTION('',(0.,-1.,0.));
#807=VECTOR('',#806,22.490192459);
#808=LINE('',#805,#807);
#809=EDGE_CURVE('',#797,#696,#808,.T.);
#810=ORIENTED_EDGE('',*,*,#809,.T.);
#811=EDGE_LOOP('',(#727,#735,#744,#753,#762,#770,#778,#787,#795,#804,#810));
#812=FACE_BOUND('',#811,.T.);
#813=ADVANCED_FACE('',(#812),#726,.T.);
#814=CARTESIAN_POINT('',(-288.,297.000008646,48.000018128));
#815=DIRECTION('',(-1.,-0.,0.));
#816=DIRECTION('',(-0.,1.,0.));
#817=AXIS2_PLACEMENT_3D('',#814,#815,#816);
#818=PLANE('',#817);
#819=CARTESIAN_POINT('',(-288.,279.147571057,18.113112424));
#820=DIRECTION('',(0.,0.,-1.));
#821=VECTOR('',#820,15.258632337);
#822=LINE('',#819,#821);
#823=EDGE_CURVE('',#687,#576,#822,.T.);
#824=ORIENTED_EDGE('',*,*,#823,.F.);
#825=ORIENTED_EDGE('',*,*,#717,.F.);
#826=CARTESIAN_POINT('',(-288.,328.2174664,43.000018128));
#827=VERTEX_POINT('',#826);
#828=CARTESIAN_POINT('',(-288.,305.727273941,43.000018128));
#829=DIRECTION('',(-0.,1.,0.));
#830=VECTOR('',#829,22.490192459);
#831=LINE('',#828,#830);
#832=EDGE_CURVE('',#705,#827,#831,.T.);
#833=ORIENTED_EDGE('',*,*,#832,.T.);
#834=CARTESIAN_POINT('',(-288.,357.000000168,8.577866165));
#835=VERTEX_POINT('',#834);
#836=CARTESIAN_POINT('',(-288.,316.972370171,4.352763072));
#837=DIRECTION('',(1.,0.,-0.));
#838=DIRECTION('',(-0.,1.,0.));
#839=AXIS2_PLACEMENT_3D('',#836,#837,#838);
#840=ELLIPSE('',#839,40.250002002,40.25);
#841=EDGE_CURVE('',#835,#827,#840,.T.);
#842=ORIENTED_EDGE('',*,*,#841,.F.);
#843=CARTESIAN_POINT('',(-288.,357.000000168,0.127659979));
#844=VERTEX_POINT('',#843);
#845=CARTESIAN_POINT('',(-288.,357.000000168,8.577866165));
#846=DIRECTION('',(0.,0.,-1.));
#847=VECTOR('',#846,8.450206186);
#848=LINE('',#845,#847);
#849=EDGE_CURVE('',#835,#844,#848,.T.);
#850=ORIENTED_EDGE('',*,*,#849,.T.);
#851=CARTESIAN_POINT('',(-288.,356.986321121,0.000018128));
#852=VERTEX_POINT('',#851);
#853=CARTESIAN_POINT('',(-288.,316.972370171,4.352763072));
#854=DIRECTION('',(1.,0.,-0.));
#855=DIRECTION('',(-0.,1.,0.));
#856=AXIS2_PLACEMENT_3D('',#853,#854,#855);
#857=ELLIPSE('',#856,40.250002002,40.25);
#858=EDGE_CURVE('',#852,#844,#857,.T.);
#859=ORIENTED_EDGE('',*,*,#858,.F.);
#860=CARTESIAN_POINT('',(-288.,279.288773564,0.000018128));
#861=DIRECTION('',(-0.,1.,0.));
#862=VECTOR('',#861,77.697547557);
#863=LINE('',#860,#862);
#864=EDGE_CURVE('',#583,#852,#863,.T.);
#865=ORIENTED_EDGE('',*,*,#864,.F.);
#866=ORIENTED_EDGE('',*,*,#589,.T.);
#867=EDGE_LOOP('',(#824,#825,#833,#842,#850,#859,#865,#866));
#868=FACE_BOUND('',#867,.T.);
#869=ADVANCED_FACE('',(#868),#818,.T.);
#870=CARTESIAN_POINT('',(-309.99999435,316.965431988,4.352763072));
#871=DIRECTION('',(0.99999995,0.000315372,0.));
#872=DIRECTION('',(-0.000315372,0.99999995,0.));
#873=AXIS2_PLACEMENT_3D('',#870,#871,#872);
#874=CYLINDRICAL_SURFACE('',#873,40.25);
#875=ORIENTED_EDGE('',*,*,#631,.F.);
#876=CARTESIAN_POINT('',(-12.,305.814316617,43.000018128));
#877=VERTEX_POINT('',#876);
#878=CARTESIAN_POINT('',(-12.,317.059412847,4.352763072));
#879=DIRECTION('',(-1.,-0.,-0.));
#880=DIRECTION('',(-0.,1.,0.));
#881=AXIS2_PLACEMENT_3D('',#878,#879,#880);
#882=ELLIPSE('',#881,40.250002002,40.25);
#883=EDGE_CURVE('',#601,#877,#882,.T.);
#884=ORIENTED_EDGE('',*,*,#883,.T.);
#885=CARTESIAN_POINT('',(-20.,305.811793641,43.000018128));
#886=VERTEX_POINT('',#885);
#887=CARTESIAN_POINT('',(-12.,305.814316617,43.000018128));
#888=DIRECTION('',(-0.99999995,-0.000315372,-0.));
#889=VECTOR('',#888,8.000000398);
#890=LINE('',#887,#889);
#891=EDGE_CURVE('',#877,#886,#890,.T.);
#892=ORIENTED_EDGE('',*,*,#891,.T.);
#893=CARTESIAN_POINT('',(-20.,317.056889871,4.352763072));
#894=DIRECTION('',(1.,0.,-0.));
#895=DIRECTION('',(-0.,1.,0.));
#896=AXIS2_PLACEMENT_3D('',#893,#894,#895);
#897=ELLIPSE('',#896,40.250002002,40.25);
#898=EDGE_CURVE('',#886,#625,#897,.T.);
#899=ORIENTED_EDGE('',*,*,#898,.T.);
#900=EDGE_LOOP('',(#875,#884,#892,#899));
#901=FACE_BOUND('',#900,.T.);
#902=ADVANCED_FACE('',(#901),#874,.T.);
#903=CARTESIAN_POINT('',(-12.,294.499084718,48.000018128));
#904=DIRECTION('',(1.,0.,0.));
#905=DIRECTION('',(0.,-1.,0.));
#906=AXIS2_PLACEMENT_3D('',#903,#904,#905);
#907=PLANE('',#906);
#908=ORIENTED_EDGE('',*,*,#883,.F.);
#909=ORIENTED_EDGE('',*,*,#622,.T.);
#910=CARTESIAN_POINT('',(-12.,354.998536486,0.000018128));
#911=VERTEX_POINT('',#910);
#912=CARTESIAN_POINT('',(-12.,354.998536486,0.000018128));
#913=DIRECTION('',(0.,-1.,0.));
#914=VECTOR('',#913,75.637069891);
#915=LINE('',#912,#914);
#916=EDGE_CURVE('',#911,#592,#915,.T.);
#917=ORIENTED_EDGE('',*,*,#916,.F.);
#918=CARTESIAN_POINT('',(-12.,354.998536486,17.794695248));
#919=VERTEX_POINT('',#918);
#920=CARTESIAN_POINT('',(-12.,354.998536486,17.794695248));
#921=DIRECTION('',(0.,0.,-1.));
#922=VECTOR('',#921,17.79467712);
#923=LINE('',#920,#922);
#924=EDGE_CURVE('',#919,#911,#923,.T.);
#925=ORIENTED_EDGE('',*,*,#924,.F.);
#926=CARTESIAN_POINT('',(-12.,328.304509077,43.000018128));
#927=VERTEX_POINT('',#926);
#928=CARTESIAN_POINT('',(-12.,317.059412847,4.352763072));
#929=DIRECTION('',(-1.,-0.,-0.));
#930=DIRECTION('',(-0.,1.,0.));
#931=AXIS2_PLACEMENT_3D('',#928,#929,#930);
#932=ELLIPSE('',#931,40.250002002,40.25);
#933=EDGE_CURVE('',#927,#919,#932,.T.);
#934=ORIENTED_EDGE('',*,*,#933,.F.);
#935=CARTESIAN_POINT('',(-12.,328.304509077,43.000018128));
#936=DIRECTION('',(0.,-1.,0.));
#937=VECTOR('',#936,22.490192459);
#938=LINE('',#935,#937);
#939=EDGE_CURVE('',#927,#877,#938,.T.);
#940=ORIENTED_EDGE('',*,*,#939,.T.);
#941=EDGE_LOOP('',(#908,#909,#917,#925,#934,#940));
#942=FACE_BOUND('',#941,.T.);
#943=ADVANCED_FACE('',(#942),#907,.T.);
#944=CARTESIAN_POINT('',(1462.,877.000017794,0.000018128));
#945=DIRECTION('',(0.,0.,1.));
#946=DIRECTION('',(-1.,-0.,0.));
#947=AXIS2_PLACEMENT_3D('',#944,#945,#946);
#948=PLANE('',#947);
#949=ORIENTED_EDGE('',*,*,#598,.F.);
#950=ORIENTED_EDGE('',*,*,#864,.T.);
#951=CARTESIAN_POINT('',(-288.,356.986321121,0.000018128));
#952=DIRECTION('',(0.99999995,0.000315372,0.));
#953=VECTOR('',#952,8.000000398);
#954=LINE('',#951,#953);
#955=EDGE_CURVE('',#852,#772,#954,.T.);
#956=ORIENTED_EDGE('',*,*,#955,.T.);
#957=ORIENTED_EDGE('',*,*,#777,.T.);
#958=CARTESIAN_POINT('',(-20.,354.952392687,0.000018128));
#959=VERTEX_POINT('',#958);
#960=CARTESIAN_POINT('',(-20.,354.952392687,0.000018128));
#961=DIRECTION('',(-1.,0.,0.));
#962=VECTOR('',#961,260.);
#963=LINE('',#960,#962);
#964=EDGE_CURVE('',#959,#764,#963,.T.);
#965=ORIENTED_EDGE('',*,*,#964,.F.);
#966=CARTESIAN_POINT('',(-20.,355.000000134,0.000018128));
#967=VERTEX_POINT('',#966);
#968=CARTESIAN_POINT('',(-20.,354.952392687,0.000018128));
#969=DIRECTION('',(-0.,1.,0.));
#970=VECTOR('',#969,0.047607447);
#971=LINE('',#968,#970);
#972=EDGE_CURVE('',#959,#967,#971,.T.);
#973=ORIENTED_EDGE('',*,*,#972,.T.);
#974=CARTESIAN_POINT('',(-12.,354.998536486,0.000018128));
#975=DIRECTION('',(-0.999999983,0.000182956,0.));
#976=VECTOR('',#975,8.000000134);
#977=LINE('',#974,#976);
#978=EDGE_CURVE('',#911,#967,#977,.T.);
#979=ORIENTED_EDGE('',*,*,#978,.F.);
#980=ORIENTED_EDGE('',*,*,#916,.T.);
#981=EDGE_LOOP('',(#949,#950,#956,#957,#965,#973,#979,#980));
#982=FACE_BOUND('',#981,.T.);
#983=ADVANCED_FACE('',(#982),#948,.F.);
#984=CARTESIAN_POINT('',(-20.,297.000008646,48.000018128));
#985=DIRECTION('',(-1.,-0.,0.));
#986=DIRECTION('',(-0.,1.,0.));
#987=AXIS2_PLACEMENT_3D('',#984,#985,#986);
#988=PLANE('',#987);
#989=CARTESIAN_POINT('',(-20.,354.932871155,3.000018128));
#990=VERTEX_POINT('',#989);
#991=CARTESIAN_POINT('',(-20.,316.999877122,4.352763072));
#992=DIRECTION('',(1.,0.,0.));
#993=DIRECTION('',(0.,0.,-1.));
#994=AXIS2_PLACEMENT_3D('',#991,#992,#993);
#995=CIRCLE('',#994,37.957106781);
#996=EDGE_CURVE('',#990,#634,#995,.T.);
#997=ORIENTED_EDGE('',*,*,#996,.T.);
#998=ORIENTED_EDGE('',*,*,#640,.T.);
#999=ORIENTED_EDGE('',*,*,#898,.F.);
#1000=CARTESIAN_POINT('',(-20.,328.3019861,43.000018128));
#1001=VERTEX_POINT('',#1000);
#1002=CARTESIAN_POINT('',(-20.,305.811793641,43.000018128));
#1003=DIRECTION('',(-0.,1.,0.));
#1004=VECTOR('',#1003,22.490192459);
#1005=LINE('',#1002,#1004);
#1006=EDGE_CURVE('',#886,#1001,#1005,.T.);
#1007=ORIENTED_EDGE('',*,*,#1006,.T.);
#1008=CARTESIAN_POINT('',(-20.,355.000000134,17.783437914));
#1009=VERTEX_POINT('',#1008);
#1010=CARTESIAN_POINT('',(-20.,317.056889871,4.352763072));
#1011=DIRECTION('',(1.,0.,-0.));
#1012=DIRECTION('',(-0.,1.,0.));
#1013=AXIS2_PLACEMENT_3D('',#1010,#1011,#1012);
#1014=ELLIPSE('',#1013,40.250002002,40.25);
#1015=EDGE_CURVE('',#1009,#1001,#1014,.T.);
#1016=ORIENTED_EDGE('',*,*,#1015,.F.);
#1017=CARTESIAN_POINT('',(-20.,355.000000134,17.783437914));
#1018=DIRECTION('',(0.,0.,-1.));
#1019=VECTOR('',#1018,17.783419786);
#1020=LINE('',#1017,#1019);
#1021=EDGE_CURVE('',#1009,#967,#1020,.T.);
#1022=ORIENTED_EDGE('',*,*,#1021,.T.);
#1023=ORIENTED_EDGE('',*,*,#972,.F.);
#1024=CARTESIAN_POINT('',(-20.,354.952392687,3.000018128));
#1025=VERTEX_POINT('',#1024);
#1026=CARTESIAN_POINT('',(-20.,354.952392687,0.000018128));
#1027=DIRECTION('',(0.,0.,1.));
#1028=VECTOR('',#1027,3.);
#1029=LINE('',#1026,#1028);
#1030=EDGE_CURVE('',#959,#1025,#1029,.T.);
#1031=ORIENTED_EDGE('',*,*,#1030,.T.);
#1032=CARTESIAN_POINT('',(-20.,354.932871155,3.000018128));
#1033=DIRECTION('',(-0.,1.,0.));
#1034=VECTOR('',#1033,0.019521532);
#1035=LINE('',#1032,#1034);
#1036=EDGE_CURVE('',#990,#1025,#1035,.T.);
#1037=ORIENTED_EDGE('',*,*,#1036,.F.);
#1038=EDGE_LOOP('',(#997,#998,#999,#1007,#1016,#1022,#1023,#1031,#1037));
#1039=FACE_BOUND('',#1038,.T.);
#1040=ADVANCED_FACE('',(#1039),#988,.T.);
#1041=CARTESIAN_POINT('',(-100.049877289,354.959499468,2.292911347));
#1042=DIRECTION('',(-1.,0.,0.));
#1043=DIRECTION('',(-0.,-1.,0.));
#1044=AXIS2_PLACEMENT_3D('',#1041,#1042,#1043);
#1045=CYLINDRICAL_SURFACE('',#1044,0.707106781);
#1046=CARTESIAN_POINT('',(-21.049859328,354.252392687,2.292911347));
#1047=VERTEX_POINT('',#1046);
#1048=CARTESIAN_POINT('',(-21.049859328,354.952392687,2.999982414));
#1049=VERTEX_POINT('',#1048);
#1050=CARTESIAN_POINT('',(-21.049859328,354.959499468,2.292911347));
#1051=DIRECTION('',(-1.,-0.,0.));
#1052=DIRECTION('',(0.,-1.,0.));
#1053=AXIS2_PLACEMENT_3D('',#1050,#1051,#1052);
#1054=CIRCLE('',#1053,0.707106781);
#1055=EDGE_CURVE('',#1047,#1049,#1054,.T.);
#1056=ORIENTED_EDGE('',*,*,#1055,.T.);
#1057=CARTESIAN_POINT('',(-21.049859328,354.952392687,2.999982414));
#1058=DIRECTION('',(-1.,0.,0.));
#1059=VECTOR('',#1058,258.950140672);
#1060=LINE('',#1057,#1059);
#1061=EDGE_CURVE('',#1049,#755,#1060,.T.);
#1062=ORIENTED_EDGE('',*,*,#1061,.T.);
#1063=ORIENTED_EDGE('',*,*,#761,.T.);
#1064=CARTESIAN_POINT('',(-280.423375751,354.252392687,2.292911347));
#1065=VERTEX_POINT('',#1064);
#1066=CARTESIAN_POINT('',(-280.,354.932853241,2.999515889));
#1067=CARTESIAN_POINT('',(-280.000000019,354.833980964,2.995787387));
#1068=CARTESIAN_POINT('',(-280.02135013,354.737784847,2.970670058));
#1069=CARTESIAN_POINT('',(-280.055924703,354.654535424,2.930874458));
#1070=CARTESIAN_POINT('',(-280.073211989,354.612910712,2.910976658));
#1071=CARTESIAN_POINT('',(-280.093907055,354.573961828,2.887273471));
#1072=CARTESIAN_POINT('',(-280.116281541,354.538875901,2.861308932));
#1073=CARTESIAN_POINT('',(-280.138656027,354.503789974,2.835344393));
#1074=CARTESIAN_POINT('',(-280.162917679,354.472059554,2.806903044));
#1075=CARTESIAN_POINT('',(-280.188441183,354.443191549,2.776053284));
#1076=CARTESIAN_POINT('',(-280.239488192,354.385455537,2.714353765));
#1077=CARTESIAN_POINT('',(-280.294973217,354.340630439,2.6456254));
#1078=CARTESIAN_POINT('',(-280.344191626,354.307362948,2.566257205));
#1079=CARTESIAN_POINT('',(-280.368800831,354.290729202,2.526573108));
#1080=CARTESIAN_POINT('',(-280.391548482,354.277198336,2.484447082));
#1081=CARTESIAN_POINT('',(-280.40715957,354.267507046,2.438329667));
#1082=CARTESIAN_POINT('',(-280.422770657,354.257815757,2.392212252));
#1083=CARTESIAN_POINT('',(-280.429620654,354.25239273,2.342466494));
#1084=CARTESIAN_POINT('',(-280.42337575,354.252392687,2.292911347));
#1085=B_SPLINE_CURVE_WITH_KNOTS('',3,(#1066,#1067,#1068,#1069,#1070,#1071,#1072,#1073,#1074,#1075,#1076,#1077,#1078,#1079,#1080,#1081,#1082,#1083,#1084),.UNSPECIFIED.,.F.,.F.,(4,3,3,3,3,3,4),(0.000024021,0.000318037,0.000465046,0.000612054,0.000906071,0.001053079,0.001200087),.UNSPECIFIED.);
#1086=EDGE_CURVE('',#746,#1065,#1085,.T.);
#1087=ORIENTED_EDGE('',*,*,#1086,.T.);
#1088=CARTESIAN_POINT('',(-21.049859328,354.252392687,2.292911347));
#1089=DIRECTION('',(-1.,0.,0.));
#1090=VECTOR('',#1089,259.373516423);
#1091=LINE('',#1088,#1090);
#1092=EDGE_CURVE('',#1047,#1065,#1091,.T.);
#1093=ORIENTED_EDGE('',*,*,#1092,.F.);
#1094=EDGE_LOOP('',(#1056,#1062,#1063,#1087,#1093));
#1095=FACE_BOUND('',#1094,.T.);
#1096=ADVANCED_FACE('',(#1095),#1045,.T.);
#1097=CARTESIAN_POINT('',(-282.992681759,356.999084049,48.000018128));
#1098=DIRECTION('',(-0.000182956,-0.999999983,0.));
#1099=DIRECTION('',(-0.999999983,0.000182956,0.));
#1100=AXIS2_PLACEMENT_3D('',#1097,#1098,#1099);
#1101=PLANE('',#1100);
#1102=ORIENTED_EDGE('',*,*,#794,.T.);
#1103=CARTESIAN_POINT('',(80035.859949499,342.304267797,4.352763072));
#1104=DIRECTION('',(0.000182956,0.999999983,-0.));
#1105=DIRECTION('',(0.999999983,-0.000182956,0.));
#1106=AXIS2_PLACEMENT_3D('',#1103,#1104,#1105);
#1107=ELLIPSE('',#1106,80770.097506907,40.25);
#1108=EDGE_CURVE('',#780,#844,#1107,.T.);
#1109=ORIENTED_EDGE('',*,*,#1108,.T.);
#1110=ORIENTED_EDGE('',*,*,#849,.F.);
#1111=CARTESIAN_POINT('',(80035.859949499,342.304267797,4.352763072));
#1112=DIRECTION('',(0.000182956,0.999999983,-0.));
#1113=DIRECTION('',(0.999999983,-0.000182956,0.));
#1114=AXIS2_PLACEMENT_3D('',#1111,#1112,#1113);
#1115=ELLIPSE('',#1114,80770.097506907,40.25);
#1116=EDGE_CURVE('',#835,#789,#1115,.T.);
#1117=ORIENTED_EDGE('',*,*,#1116,.T.);
#1118=EDGE_LOOP('',(#1102,#1109,#1110,#1117));
#1119=FACE_BOUND('',#1118,.T.);
#1120=ADVANCED_FACE('',(#1119),#1101,.F.);
#1121=CARTESIAN_POINT('',(-100.049877289,279.147571057,0.000018128));
#1122=DIRECTION('',(0.,-1.,0.));
#1123=DIRECTION('',(1.,0.,0.));
#1124=AXIS2_PLACEMENT_3D('',#1121,#1122,#1123);
#1125=PLANE('',#1124);
#1126=ORIENTED_EDGE('',*,*,#580,.T.);
#1127=CARTESIAN_POINT('',(-280.004612693,279.147571057,2.999982414));
#1128=VERTEX_POINT('',#1127);
#1129=CARTESIAN_POINT('',(-241.554710182,279.147571057,2.999982414));
#1130=DIRECTION('',(-1.,-0.,-0.));
#1131=VECTOR('',#1130,38.449902511);
#1132=LINE('',#1129,#1131);
#1133=EDGE_CURVE('',#565,#1128,#1132,.T.);
#1134=ORIENTED_EDGE('',*,*,#1133,.T.);
#1135=CARTESIAN_POINT('',(-280.,279.147571057,7.171429555));
#1136=CARTESIAN_POINT('',(-280.,279.147571057,6.476183348));
#1137=CARTESIAN_POINT('',(-280.004904979,279.147571057,5.780950684));
#1138=CARTESIAN_POINT('',(-280.006782794,279.147571057,5.085709662));
#1139=CARTESIAN_POINT('',(-280.00866061,279.147571057,4.39046864));
#1140=CARTESIAN_POINT('',(-280.007462886,279.147571057,3.695220901));
#1141=CARTESIAN_POINT('',(-280.004612693,279.147571057,2.999982414));
#1142=B_SPLINE_CURVE_WITH_KNOTS('',3,(#1135,#1136,#1137,#1138,#1139,#1140,#1141),.UNSPECIFIED.,.F.,.F.,(4,3,4),(0.002899648,0.004985307,0.007070966),.UNSPECIFIED.);
#1143=EDGE_CURVE('',#729,#1128,#1142,.T.);
#1144=ORIENTED_EDGE('',*,*,#1143,.F.);
#1145=ORIENTED_EDGE('',*,*,#734,.F.);
#1146=ORIENTED_EDGE('',*,*,#693,.T.);
#1147=ORIENTED_EDGE('',*,*,#823,.T.);
#1148=EDGE_LOOP('',(#1126,#1134,#1144,#1145,#1146,#1147));
#1149=FACE_BOUND('',#1148,.T.);
#1150=ADVANCED_FACE('',(#1149),#1125,.T.);
#1151=CARTESIAN_POINT('',(-14.993047671,354.999084082,48.000018128));
#1152=DIRECTION('',(-0.000182956,-0.999999983,0.));
#1153=DIRECTION('',(-0.999999983,0.000182956,0.));
#1154=AXIS2_PLACEMENT_3D('',#1151,#1152,#1153);
#1155=PLANE('',#1154);
#1156=ORIENTED_EDGE('',*,*,#1021,.F.);
#1157=CARTESIAN_POINT('',(76120.832596574,341.069577729,4.352763072));
#1158=DIRECTION('',(0.000182956,0.999999983,-0.));
#1159=DIRECTION('',(0.999999983,-0.000182956,0.));
#1160=AXIS2_PLACEMENT_3D('',#1157,#1158,#1159);
#1161=ELLIPSE('',#1160,80770.097506907,40.25);
#1162=EDGE_CURVE('',#1009,#919,#1161,.T.);
#1163=ORIENTED_EDGE('',*,*,#1162,.T.);
#1164=ORIENTED_EDGE('',*,*,#924,.T.);
#1165=ORIENTED_EDGE('',*,*,#978,.T.);
#1166=EDGE_LOOP('',(#1156,#1163,#1164,#1165));
#1167=FACE_BOUND('',#1166,.T.);
#1168=ADVANCED_FACE('',(#1167),#1155,.F.);
#1169=CARTESIAN_POINT('',(-280.,294.499084718,48.000018128));
#1170=DIRECTION('',(1.,0.,0.));
#1171=DIRECTION('',(0.,-1.,0.));
#1172=AXIS2_PLACEMENT_3D('',#1169,#1170,#1171);
#1173=PLANE('',#1172);
#1174=CARTESIAN_POINT('',(-280.,281.554677838,3.000018128));
#1175=VERTEX_POINT('',#1174);
#1176=CARTESIAN_POINT('',(-280.,281.482875032,2.996363091));
#1177=VERTEX_POINT('',#1176);
#1178=CARTESIAN_POINT('',(-280.,281.554677838,2.292911347));
#1179=DIRECTION('',(1.,0.,0.));
#1180=DIRECTION('',(-0.,1.,0.));
#1181=AXIS2_PLACEMENT_3D('',#1178,#1179,#1180);
#1182=CIRCLE('',#1181,0.707106781);
#1183=EDGE_CURVE('',#1175,#1177,#1182,.T.);
#1184=ORIENTED_EDGE('',*,*,#1183,.F.);
#1185=CARTESIAN_POINT('',(-280.,352.51701861,3.000018128));
#1186=VERTEX_POINT('',#1185);
#1187=CARTESIAN_POINT('',(-280.,281.554677838,3.000018128));
#1188=DIRECTION('',(-0.,1.,0.));
#1189=VECTOR('',#1188,70.962340772);
#1190=LINE('',#1187,#1189);
#1191=EDGE_CURVE('',#1175,#1186,#1190,.T.);
#1192=ORIENTED_EDGE('',*,*,#1191,.T.);
#1193=CARTESIAN_POINT('',(-280.,316.999877122,39.895656291));
#1194=VERTEX_POINT('',#1193);
#1195=CARTESIAN_POINT('',(-280.,316.999877122,4.352763072));
#1196=DIRECTION('',(1.,0.,-0.));
#1197=DIRECTION('',(0.,0.,1.));
#1198=AXIS2_PLACEMENT_3D('',#1195,#1196,#1197);
#1199=CIRCLE('',#1198,35.542893219);
#1200=EDGE_CURVE('',#1186,#1194,#1199,.T.);
#1201=ORIENTED_EDGE('',*,*,#1200,.T.);
#1202=CARTESIAN_POINT('',(-280.,316.999877122,4.352763072));
#1203=DIRECTION('',(1.,0.,-0.));
#1204=DIRECTION('',(0.,0.,1.));
#1205=AXIS2_PLACEMENT_3D('',#1202,#1203,#1204);
#1206=CIRCLE('',#1205,35.542893219);
#1207=EDGE_CURVE('',#1194,#1177,#1206,.T.);
#1208=ORIENTED_EDGE('',*,*,#1207,.T.);
#1209=EDGE_LOOP('',(#1184,#1192,#1201,#1208));
#1210=FACE_BOUND('',#1209,.T.);
#1211=ADVANCED_FACE('',(#1210),#1173,.T.);
#1212=CARTESIAN_POINT('',(-282.000017961,316.999877122,4.352763072));
#1213=DIRECTION('',(1.,0.,-0.));
#1214=DIRECTION('',(0.,0.,1.));
#1215=AXIS2_PLACEMENT_3D('',#1212,#1213,#1214);
#1216=CYLINDRICAL_SURFACE('',#1215,36.25);
#1217=CARTESIAN_POINT('',(-280.707106781,316.999877122,40.602763072));
#1218=VERTEX_POINT('',#1217);
#1219=CARTESIAN_POINT('',(-282.000017961,316.999877122,40.602763072));
#1220=VERTEX_POINT('',#1219);
#1221=CARTESIAN_POINT('',(-280.707106781,316.999877122,40.602763072));
#1222=DIRECTION('',(-1.,-0.,-0.));
#1223=VECTOR('',#1222,1.29291118);
#1224=LINE('',#1221,#1223);
#1225=EDGE_CURVE('',#1218,#1220,#1224,.T.);
#1226=ORIENTED_EDGE('',*,*,#1225,.T.);
#1227=CARTESIAN_POINT('',(-282.000017961,280.826308163,2.000018128));
#1228=VERTEX_POINT('',#1227);
#1229=CARTESIAN_POINT('',(-282.000017961,316.999877122,4.352763072));
#1230=DIRECTION('',(-1.,-0.,-0.));
#1231=DIRECTION('',(0.,0.,-1.));
#1232=AXIS2_PLACEMENT_3D('',#1229,#1230,#1231);
#1233=CIRCLE('',#1232,36.25);
#1234=EDGE_CURVE('',#1228,#1220,#1233,.T.);
#1235=ORIENTED_EDGE('',*,*,#1234,.F.);
#1236=CARTESIAN_POINT('',(-280.707106781,280.826308163,2.000018128));
#1237=VERTEX_POINT('',#1236);
#1238=CARTESIAN_POINT('',(-280.707106781,280.826308163,2.000018128));
#1239=DIRECTION('',(-1.,-0.,-0.));
#1240=VECTOR('',#1239,1.29291118);
#1241=LINE('',#1238,#1240);
#1242=EDGE_CURVE('',#1237,#1228,#1241,.T.);
#1243=ORIENTED_EDGE('',*,*,#1242,.F.);
#1244=CARTESIAN_POINT('',(-280.707106781,316.999877122,4.352763072));
#1245=DIRECTION('',(-1.,-0.,0.));
#1246=DIRECTION('',(0.,0.,1.));
#1247=AXIS2_PLACEMENT_3D('',#1244,#1245,#1246);
#1248=CIRCLE('',#1247,36.25);
#1249=EDGE_CURVE('',#1237,#1218,#1248,.T.);
#1250=ORIENTED_EDGE('',*,*,#1249,.T.);
#1251=EDGE_LOOP('',(#1226,#1235,#1243,#1250));
#1252=FACE_BOUND('',#1251,.T.);
#1253=ADVANCED_FACE('',(#1252),#1216,.T.);
#1254=CARTESIAN_POINT('',(-282.000017961,316.999877122,4.352763072));
#1255=DIRECTION('',(1.,0.,-0.));
#1256=DIRECTION('',(0.,0.,1.));
#1257=AXIS2_PLACEMENT_3D('',#1254,#1255,#1256);
#1258=CYLINDRICAL_SURFACE('',#1257,37.25);
#1259=CARTESIAN_POINT('',(-280.707106781,316.999877122,41.602763072));
#1260=VERTEX_POINT('',#1259);
#1261=CARTESIAN_POINT('',(-282.000017961,316.999877122,41.602763072));
#1262=VERTEX_POINT('',#1261);
#1263=CARTESIAN_POINT('',(-280.707106781,316.999877122,41.602763072));
#1264=DIRECTION('',(-1.,-0.,-0.));
#1265=VECTOR('',#1264,1.29291118);
#1266=LINE('',#1263,#1265);
#1267=EDGE_CURVE('',#1260,#1262,#1266,.T.);
#1268=ORIENTED_EDGE('',*,*,#1267,.F.);
#1269=CARTESIAN_POINT('',(-280.707106781,279.792760396,2.565876127));
#1270=VERTEX_POINT('',#1269);
#1271=CARTESIAN_POINT('',(-280.707106781,316.999877122,4.352763072));
#1272=DIRECTION('',(1.,0.,-0.));
#1273=DIRECTION('',(0.,0.,1.));
#1274=AXIS2_PLACEMENT_3D('',#1271,#1272,#1273);
#1275=CIRCLE('',#1274,37.25);
#1276=EDGE_CURVE('',#1260,#1270,#1275,.T.);
#1277=ORIENTED_EDGE('',*,*,#1276,.T.);
#1278=CARTESIAN_POINT('',(-282.000017961,279.792760396,2.565876127));
#1279=VERTEX_POINT('',#1278);
#1280=CARTESIAN_POINT('',(-282.000017961,279.792760396,2.565876127));
#1281=DIRECTION('',(1.,0.,0.));
#1282=VECTOR('',#1281,1.29291118);
#1283=LINE('',#1280,#1282);
#1284=EDGE_CURVE('',#1279,#1270,#1283,.T.);
#1285=ORIENTED_EDGE('',*,*,#1284,.F.);
#1286=CARTESIAN_POINT('',(-282.000017961,316.999877122,4.352763072));
#1287=DIRECTION('',(-1.,-0.,-0.));
#1288=DIRECTION('',(0.,0.,-1.));
#1289=AXIS2_PLACEMENT_3D('',#1286,#1287,#1288);
#1290=CIRCLE('',#1289,37.25);
#1291=EDGE_CURVE('',#1279,#1262,#1290,.T.);
#1292=ORIENTED_EDGE('',*,*,#1291,.T.);
#1293=EDGE_LOOP('',(#1268,#1277,#1285,#1292));
#1294=FACE_BOUND('',#1293,.T.);
#1295=ADVANCED_FACE('',(#1294),#1258,.F.);
#1296=CARTESIAN_POINT('',(-282.000017961,2423.999999833,63.000018128));
#1297=DIRECTION('',(-1.,-0.,0.));
#1298=DIRECTION('',(-0.,1.,0.));
#1299=AXIS2_PLACEMENT_3D('',#1296,#1297,#1298);
#1300=PLANE('',#1299);
#1301=CARTESIAN_POINT('',(-282.000017961,354.175502083,2.000018128));
#1302=VERTEX_POINT('',#1301);
#1303=CARTESIAN_POINT('',(-282.000017961,353.252392687,2.000018128));
#1304=VERTEX_POINT('',#1303);
#1305=CARTESIAN_POINT('',(-282.000017961,354.175502083,2.000018128));
#1306=DIRECTION('',(0.,-1.,0.));
#1307=VECTOR('',#1306,0.923109396);
#1308=LINE('',#1305,#1307);
#1309=EDGE_CURVE('',#1302,#1304,#1308,.T.);
#1310=ORIENTED_EDGE('',*,*,#1309,.F.);
#1311=CARTESIAN_POINT('',(-282.000017961,316.999877122,4.352763072));
#1312=DIRECTION('',(-1.,-0.,-0.));
#1313=DIRECTION('',(0.,0.,-1.));
#1314=AXIS2_PLACEMENT_3D('',#1311,#1312,#1313);
#1315=CIRCLE('',#1314,37.25);
#1316=EDGE_CURVE('',#1262,#1302,#1315,.T.);
#1317=ORIENTED_EDGE('',*,*,#1316,.F.);
#1318=ORIENTED_EDGE('',*,*,#1291,.F.);
#1319=CARTESIAN_POINT('',(-282.000017961,279.847571057,2.292911347));
#1320=VERTEX_POINT('',#1319);
#1321=CARTESIAN_POINT('',(-282.000017961,279.140464276,2.292911347));
#1322=DIRECTION('',(-1.,-0.,0.));
#1323=DIRECTION('',(0.,-1.,0.));
#1324=AXIS2_PLACEMENT_3D('',#1321,#1322,#1323);
#1325=CIRCLE('',#1324,0.707106781);
#1326=EDGE_CURVE('',#1279,#1320,#1325,.T.);
#1327=ORIENTED_EDGE('',*,*,#1326,.T.);
#1328=CARTESIAN_POINT('',(-282.000017961,279.847571057,2.000018128));
#1329=VERTEX_POINT('',#1328);
#1330=CARTESIAN_POINT('',(-282.000017961,279.847571057,2.000018128));
#1331=DIRECTION('',(0.,0.,1.));
#1332=VECTOR('',#1331,0.292893219);
#1333=LINE('',#1330,#1332);
#1334=EDGE_CURVE('',#1329,#1320,#1333,.T.);
#1335=ORIENTED_EDGE('',*,*,#1334,.F.);
#1336=CARTESIAN_POINT('',(-282.000017961,280.826308163,2.000018128));
#1337=DIRECTION('',(0.,-1.,0.));
#1338=VECTOR('',#1337,0.978737106);
#1339=LINE('',#1336,#1338);
#1340=EDGE_CURVE('',#1228,#1329,#1339,.T.);
#1341=ORIENTED_EDGE('',*,*,#1340,.F.);
#1342=ORIENTED_EDGE('',*,*,#1234,.T.);
#1343=CARTESIAN_POINT('',(-282.000017961,353.204906225,2.547668161));
#1344=VERTEX_POINT('',#1343);
#1345=CARTESIAN_POINT('',(-282.000017961,316.999877122,4.352763072));
#1346=DIRECTION('',(-1.,-0.,-0.));
#1347=DIRECTION('',(0.,0.,-1.));
#1348=AXIS2_PLACEMENT_3D('',#1345,#1346,#1347);
#1349=CIRCLE('',#1348,36.25);
#1350=EDGE_CURVE('',#1220,#1344,#1349,.T.);
#1351=ORIENTED_EDGE('',*,*,#1350,.T.);
#1352=CARTESIAN_POINT('',(-282.000017961,353.252392687,2.292911347));
#1353=VERTEX_POINT('',#1352);
#1354=CARTESIAN_POINT('',(-282.000017961,352.545285906,2.292911347));
#1355=DIRECTION('',(-1.,-0.,0.));
#1356=DIRECTION('',(0.,-1.,0.));
#1357=AXIS2_PLACEMENT_3D('',#1354,#1355,#1356);
#1358=CIRCLE('',#1357,0.707106781);
#1359=EDGE_CURVE('',#1344,#1353,#1358,.T.);
#1360=ORIENTED_EDGE('',*,*,#1359,.T.);
#1361=CARTESIAN_POINT('',(-282.000017961,353.252392687,2.292911347));
#1362=DIRECTION('',(0.,0.,-1.));
#1363=VECTOR('',#1362,0.292893219);
#1364=LINE('',#1361,#1363);
#1365=EDGE_CURVE('',#1353,#1304,#1364,.T.);
#1366=ORIENTED_EDGE('',*,*,#1365,.T.);
#1367=EDGE_LOOP('',(#1310,#1317,#1318,#1327,#1335,#1341,#1342,#1351,#1360,#1366));
#1368=FACE_BOUND('',#1367,.T.);
#1369=ADVANCED_FACE('',(#1368),#1300,.F.);
#1370=CARTESIAN_POINT('',(-280.707106781,316.999877122,4.352763072));
#1371=DIRECTION('',(1.,0.,-0.));
#1372=DIRECTION('',(0.,0.,1.));
#1373=AXIS2_PLACEMENT_3D('',#1370,#1371,#1372);
#1374=TOROIDAL_SURFACE('',#1373,35.542893219,0.707106781);
#1375=CARTESIAN_POINT('',(-280.707106781,316.999877122,39.895656291));
#1376=DIRECTION('',(0.,-1.,-0.));
#1377=DIRECTION('',(0.,0.,1.));
#1378=AXIS2_PLACEMENT_3D('',#1375,#1376,#1377);
#1379=CIRCLE('',#1378,0.707106781);
#1380=EDGE_CURVE('',#1194,#1218,#1379,.T.);
#1381=ORIENTED_EDGE('',*,*,#1380,.T.);
#1382=ORIENTED_EDGE('',*,*,#1249,.F.);
#1383=CARTESIAN_POINT('',(-280.535186366,280.847571057,2.000018128));
#1384=VERTEX_POINT('',#1383);
#1385=CARTESIAN_POINT('',(-280.707106781,280.826308163,2.000018128));
#1386=CARTESIAN_POINT('',(-280.648834688,280.826308163,2.000018128));
#1387=CARTESIAN_POINT('',(-280.591530937,280.833418218,2.000018128));
#1388=CARTESIAN_POINT('',(-280.535186366,280.847571057,2.000018128));
#1389=B_SPLINE_CURVE_WITH_KNOTS('',3,(#1385,#1386,#1387,#1388),.UNSPECIFIED.,.F.,.F.,(4,4),(0.001213542,0.001386751),.UNSPECIFIED.);
#1390=EDGE_CURVE('',#1237,#1384,#1389,.T.);
#1391=ORIENTED_EDGE('',*,*,#1390,.T.);
#1392=CARTESIAN_POINT('',(-280.475346936,280.847571057,2.292911347));
#1393=VERTEX_POINT('',#1392);
#1394=CARTESIAN_POINT('',(-280.475346936,280.847571057,2.292911347));
#1395=CARTESIAN_POINT('',(-280.491493526,280.847571057,2.194437827));
#1396=CARTESIAN_POINT('',(-280.51019461,280.847571057,2.096530647));
#1397=CARTESIAN_POINT('',(-280.535186343,280.847571057,2.000018123));
#1398=B_SPLINE_CURVE_WITH_KNOTS('',3,(#1394,#1395,#1396,#1397),.UNSPECIFIED.,.F.,.F.,(4,4),(0.000845882,0.00114487),.UNSPECIFIED.);
#1399=EDGE_CURVE('',#1393,#1384,#1398,.T.);
#1400=ORIENTED_EDGE('',*,*,#1399,.F.);
#1401=CARTESIAN_POINT('',(-280.,281.482875032,2.996363091));
#1402=CARTESIAN_POINT('',(-279.999999971,281.435011559,2.991477565));
#1403=CARTESIAN_POINT('',(-280.005003991,281.387238968,2.981549477));
#1404=CARTESIAN_POINT('',(-280.014398867,281.341920275,2.967251187));
#1405=CARTESIAN_POINT('',(-280.023793744,281.296601583,2.952952896));
#1406=CARTESIAN_POINT('',(-280.037328242,281.254105027,2.934583344));
#1407=CARTESIAN_POINT('',(-280.054358256,281.214070848,2.912578094));
#1408=CARTESIAN_POINT('',(-280.088418283,281.134002489,2.868567596));
#1409=CARTESIAN_POINT('',(-280.134357538,281.068411989,2.81278463));
#1410=CARTESIAN_POINT('',(-280.185361444,281.015383852,2.750253666));
#1411=CARTESIAN_POINT('',(-280.23636535,280.962355716,2.687722702));
#1412=CARTESIAN_POINT('',(-280.291876515,280.922649553,2.61999457));
#1413=CARTESIAN_POINT('',(-280.346386757,280.894033051,2.544999556));
#1414=CARTESIAN_POINT('',(-280.373641879,280.8797248,2.507502049));
#1415=CARTESIAN_POINT('',(-280.400256819,280.868474354,2.468763241));
#1416=CARTESIAN_POINT('',(-280.423695559,280.860424495,2.427121244));
#1417=CARTESIAN_POINT('',(-280.447134299,280.852374637,2.385479246));
#1418=CARTESIAN_POINT('',(-280.467414281,280.847570235,2.341311935));
#1419=CARTESIAN_POINT('',(-280.475346934,280.847571057,2.292911346));
#1420=B_SPLINE_CURVE_WITH_KNOTS('',3,(#1401,#1402,#1403,#1404,#1405,#1406,#1407,#1408,#1409,#1410,#1411,#1412,#1413,#1414,#1415,#1416,#1417,#1418,#1419),.UNSPECIFIED.,.F.,.F.,(4,3,3,3,3,3,4),(0.000071757,0.000215993,0.000360229,0.0006487,0.000937172,0.001081407,0.001225643),.UNSPECIFIED.);
#1421=EDGE_CURVE('',#1177,#1393,#1420,.T.);
#1422=ORIENTED_EDGE('',*,*,#1421,.F.);
#1423=ORIENTED_EDGE('',*,*,#1207,.F.);
#1424=EDGE_LOOP('',(#1381,#1382,#1391,#1400,#1422,#1423));
#1425=FACE_BOUND('',#1424,.T.);
#1426=ADVANCED_FACE('',(#1425),#1374,.T.);
#1427=CARTESIAN_POINT('',(-280.707106781,316.999877122,4.352763072));
#1428=DIRECTION('',(1.,0.,-0.));
#1429=DIRECTION('',(0.,0.,1.));
#1430=AXIS2_PLACEMENT_3D('',#1427,#1428,#1429);
#1431=TOROIDAL_SURFACE('',#1430,37.957106781,0.707106781);
#1432=CARTESIAN_POINT('',(-280.707106781,316.999877122,42.309869853));
#1433=DIRECTION('',(0.,-1.,-0.));
#1434=DIRECTION('',(0.,0.,1.));
#1435=AXIS2_PLACEMENT_3D('',#1432,#1433,#1434);
#1436=CIRCLE('',#1435,0.707106781);
#1437=EDGE_CURVE('',#1260,#737,#1436,.T.);
#1438=ORIENTED_EDGE('',*,*,#1437,.T.);
#1439=ORIENTED_EDGE('',*,*,#743,.F.);
#1440=ORIENTED_EDGE('',*,*,#1143,.T.);
#1441=CARTESIAN_POINT('',(-280.707106781,279.792760396,2.565876129));
#1442=CARTESIAN_POINT('',(-280.6595572,279.79276045,2.565876));
#1443=CARTESIAN_POINT('',(-280.612590619,279.787080811,2.579884675));
#1444=CARTESIAN_POINT('',(-280.569945809,279.777722789,2.599345005));
#1445=CARTESIAN_POINT('',(-280.527300999,279.768364768,2.618805334));
#1446=CARTESIAN_POINT('',(-280.487912957,279.755437439,2.643163274));
#1447=CARTESIAN_POINT('',(-280.4506914,279.739812187,2.668120731));
#1448=CARTESIAN_POINT('',(-280.376248286,279.708561682,2.718035643));
#1449=CARTESIAN_POINT('',(-280.308425969,279.665652269,2.77190476));
#1450=CARTESIAN_POINT('',(-280.247562977,279.611586259,2.820210197));
#1451=CARTESIAN_POINT('',(-280.186699986,279.557520248,2.868515633));
#1452=CARTESIAN_POINT('',(-280.131753071,279.49076516,2.912976302));
#1453=CARTESIAN_POINT('',(-280.088976853,279.412489285,2.945599936));
#1454=CARTESIAN_POINT('',(-280.046200636,279.33421341,2.97822357));
#1455=CARTESIAN_POINT('',(-280.015576077,279.243179265,2.999021454));
#1456=CARTESIAN_POINT('',(-280.004612693,279.147571057,2.999982414));
#1457=B_SPLINE_CURVE_WITH_KNOTS('',3,(#1441,#1442,#1443,#1444,#1445,#1446,#1447,#1448,#1449,#1450,#1451,#1452,#1453,#1454,#1455,#1456),.UNSPECIFIED.,.F.,.F.,(4,3,3,3,3,4),(0.000040651,0.00018327,0.000325889,0.000611128,0.000896366,0.001181605),.UNSPECIFIED.);
#1458=EDGE_CURVE('',#1270,#1128,#1457,.T.);
#1459=ORIENTED_EDGE('',*,*,#1458,.F.);
#1460=ORIENTED_EDGE('',*,*,#1276,.F.);
#1461=EDGE_LOOP('',(#1438,#1439,#1440,#1459,#1460));
#1462=FACE_BOUND('',#1461,.T.);
#1463=ADVANCED_FACE('',(#1462),#1431,.T.);
#1464=CARTESIAN_POINT('',(1462.,877.000017794,43.000018128));
#1465=DIRECTION('',(0.,0.,1.));
#1466=DIRECTION('',(-1.,-0.,0.));
#1467=AXIS2_PLACEMENT_3D('',#1464,#1465,#1466);
#1468=PLANE('',#1467);
#1469=ORIENTED_EDGE('',*,*,#710,.F.);
#1470=ORIENTED_EDGE('',*,*,#809,.F.);
#1471=CARTESIAN_POINT('',(-288.,328.2174664,43.000018128));
#1472=DIRECTION('',(0.99999995,0.000315372,0.));
#1473=VECTOR('',#1472,8.000000398);
#1474=LINE('',#1471,#1473);
#1475=EDGE_CURVE('',#827,#797,#1474,.T.);
#1476=ORIENTED_EDGE('',*,*,#1475,.F.);
#1477=ORIENTED_EDGE('',*,*,#832,.F.);
#1478=EDGE_LOOP('',(#1469,#1470,#1476,#1477));
#1479=FACE_BOUND('',#1478,.T.);
#1480=ADVANCED_FACE('',(#1479),#1468,.T.);
#1481=CARTESIAN_POINT('',(-100.049877289,353.252392687,2.000018128));
#1482=DIRECTION('',(0.,1.,0.));
#1483=DIRECTION('',(-1.,0.,0.));
#1484=AXIS2_PLACEMENT_3D('',#1481,#1482,#1483);
#1485=PLANE('',#1484);
#1486=ORIENTED_EDGE('',*,*,#1365,.F.);
#1487=CARTESIAN_POINT('',(-21.049859328,353.252392687,2.292911347));
#1488=VERTEX_POINT('',#1487);
#1489=CARTESIAN_POINT('',(-282.000017961,353.252392687,2.292911347));
#1490=DIRECTION('',(1.,-0.,-0.));
#1491=VECTOR('',#1490,260.950158633);
#1492=LINE('',#1489,#1491);
#1493=EDGE_CURVE('',#1353,#1488,#1492,.T.);
#1494=ORIENTED_EDGE('',*,*,#1493,.T.);
#1495=CARTESIAN_POINT('',(-21.049859328,353.252392687,2.000018128));
#1496=VERTEX_POINT('',#1495);
#1497=CARTESIAN_POINT('',(-21.049859328,353.252392687,2.292911347));
#1498=DIRECTION('',(0.,0.,-1.));
#1499=VECTOR('',#1498,0.292893219);
#1500=LINE('',#1497,#1499);
#1501=EDGE_CURVE('',#1488,#1496,#1500,.T.);
#1502=ORIENTED_EDGE('',*,*,#1501,.T.);
#1503=CARTESIAN_POINT('',(-21.049859328,353.252392687,2.000018128));
#1504=DIRECTION('',(-1.,0.,0.));
#1505=VECTOR('',#1504,260.950158633);
#1506=LINE('',#1503,#1505);
#1507=EDGE_CURVE('',#1496,#1304,#1506,.T.);
#1508=ORIENTED_EDGE('',*,*,#1507,.T.);
#1509=EDGE_LOOP('',(#1486,#1494,#1502,#1508));
#1510=FACE_BOUND('',#1509,.T.);
#1511=ADVANCED_FACE('',(#1510),#1485,.T.);
#1512=CARTESIAN_POINT('',(-100.049877289,279.847571057,2.000018128));
#1513=DIRECTION('',(0.,-1.,0.));
#1514=DIRECTION('',(1.,0.,0.));
#1515=AXIS2_PLACEMENT_3D('',#1512,#1513,#1514);
#1516=PLANE('',#1515);
#1517=CARTESIAN_POINT('',(-21.049859328,279.847571057,2.000018128));
#1518=VERTEX_POINT('',#1517);
#1519=CARTESIAN_POINT('',(-282.000017961,279.847571057,2.000018128));
#1520=DIRECTION('',(1.,0.,0.));
#1521=VECTOR('',#1520,260.950158633);
#1522=LINE('',#1519,#1521);
#1523=EDGE_CURVE('',#1329,#1518,#1522,.T.);
#1524=ORIENTED_EDGE('',*,*,#1523,.F.);
#1525=ORIENTED_EDGE('',*,*,#1334,.T.);
#1526=CARTESIAN_POINT('',(-21.049859328,279.847571057,2.292911347));
#1527=VERTEX_POINT('',#1526);
#1528=CARTESIAN_POINT('',(-282.000017961,279.847571057,2.292911347));
#1529=DIRECTION('',(1.,0.,0.));
#1530=VECTOR('',#1529,260.950158633);
#1531=LINE('',#1528,#1530);
#1532=EDGE_CURVE('',#1320,#1527,#1531,.T.);
#1533=ORIENTED_EDGE('',*,*,#1532,.T.);
#1534=CARTESIAN_POINT('',(-21.049859328,279.847571057,2.000018128));
#1535=DIRECTION('',(0.,0.,1.));
#1536=VECTOR('',#1535,0.292893219);
#1537=LINE('',#1534,#1536);
#1538=EDGE_CURVE('',#1518,#1527,#1537,.T.);
#1539=ORIENTED_EDGE('',*,*,#1538,.F.);
#1540=EDGE_LOOP('',(#1524,#1525,#1533,#1539));
#1541=FACE_BOUND('',#1540,.T.);
#1542=ADVANCED_FACE('',(#1541),#1516,.F.);
#1543=CARTESIAN_POINT('',(175.950122711,352.545285906,2.292911347));
#1544=DIRECTION('',(1.,-0.,0.));
#1545=DIRECTION('',(0.,1.,0.));
#1546=AXIS2_PLACEMENT_3D('',#1543,#1544,#1545);
#1547=CYLINDRICAL_SURFACE('',#1546,0.707106781);
#1548=ORIENTED_EDGE('',*,*,#1359,.F.);
#1549=CARTESIAN_POINT('',(-280.707106781,353.204906225,2.547668161));
#1550=VERTEX_POINT('',#1549);
#1551=CARTESIAN_POINT('',(-280.707106781,353.204906225,2.547668161));
#1552=DIRECTION('',(-1.,0.,-0.));
#1553=VECTOR('',#1552,1.29291118);
#1554=LINE('',#1551,#1553);
#1555=EDGE_CURVE('',#1550,#1344,#1554,.T.);
#1556=ORIENTED_EDGE('',*,*,#1555,.F.);
#1557=CARTESIAN_POINT('',(-280.000564414,352.545285906,3.000018128));
#1558=VERTEX_POINT('',#1557);
#1559=CARTESIAN_POINT('',(-280.707106781,353.204906225,2.547668163));
#1560=CARTESIAN_POINT('',(-280.657945093,353.204906308,2.547667949));
#1561=CARTESIAN_POINT('',(-280.608971118,353.200177569,2.560379174));
#1562=CARTESIAN_POINT('',(-280.564277387,353.191869064,2.579145902));
#1563=CARTESIAN_POINT('',(-280.519583656,353.183560559,2.597912629));
#1564=CARTESIAN_POINT('',(-280.477682118,353.171601898,2.622462844));
#1565=CARTESIAN_POINT('',(-280.438601082,353.156749506,2.648034237));
#1566=CARTESIAN_POINT('',(-280.360439009,353.127044722,2.699177021));
#1567=CARTESIAN_POINT('',(-280.289994232,353.084674334,2.756324608));
#1568=CARTESIAN_POINT('',(-280.227994346,353.029719656,2.808007398));
#1569=CARTESIAN_POINT('',(-280.196994403,353.002242317,2.833848793));
#1570=CARTESIAN_POINT('',(-280.168119407,352.971599892,2.858575701));
#1571=CARTESIAN_POINT('',(-280.141529796,352.937077123,2.881553549));
#1572=CARTESIAN_POINT('',(-280.114940185,352.902554353,2.904531398));
#1573=CARTESIAN_POINT('',(-280.090927849,352.864349874,2.925520607));
#1574=CARTESIAN_POINT('',(-280.07071113,352.823266768,2.943085662));
#1575=CARTESIAN_POINT('',(-280.030277691,352.741100556,2.978215773));
#1576=CARTESIAN_POINT('',(-280.004538562,352.644763724,3.000018174));
#1577=CARTESIAN_POINT('',(-280.000564414,352.545285906,3.000018128));
#1578=B_SPLINE_CURVE_WITH_KNOTS('',3,(#1559,#1560,#1561,#1562,#1563,#1564,#1565,#1566,#1567,#1568,#1569,#1570,#1571,#1572,#1573,#1574,#1575,#1576,#1577),.UNSPECIFIED.,.F.,.F.,(4,3,3,3,3,3,4),(0.000040632,0.000187989,0.000335345,0.000630058,0.000777415,0.000924771,0.001219484),.UNSPECIFIED.);
#1579=EDGE_CURVE('',#1550,#1558,#1578,.T.);
#1580=ORIENTED_EDGE('',*,*,#1579,.T.);
#1581=CARTESIAN_POINT('',(-21.049859328,352.545285906,3.000018128));
#1582=VERTEX_POINT('',#1581);
#1583=CARTESIAN_POINT('',(-21.049859328,352.545285906,3.000018128));
#1584=DIRECTION('',(-1.,0.,0.));
#1585=VECTOR('',#1584,258.950705086);
#1586=LINE('',#1583,#1585);
#1587=EDGE_CURVE('',#1582,#1558,#1586,.T.);
#1588=ORIENTED_EDGE('',*,*,#1587,.F.);
#1589=CARTESIAN_POINT('',(-21.049859328,352.545285906,2.292911347));
#1590=DIRECTION('',(-1.,-0.,0.));
#1591=DIRECTION('',(0.,-1.,0.));
#1592=AXIS2_PLACEMENT_3D('',#1589,#1590,#1591);
#1593=CIRCLE('',#1592,0.707106781);
#1594=EDGE_CURVE('',#1582,#1488,#1593,.T.);
#1595=ORIENTED_EDGE('',*,*,#1594,.T.);
#1596=ORIENTED_EDGE('',*,*,#1493,.F.);
#1597=EDGE_LOOP('',(#1548,#1556,#1580,#1588,#1595,#1596));
#1598=FACE_BOUND('',#1597,.T.);
#1599=ADVANCED_FACE('',(#1598),#1547,.T.);
#1600=CARTESIAN_POINT('',(109.950122711,463.550104583,2.000018128));
#1601=DIRECTION('',(0.,0.,-1.));
#1602=DIRECTION('',(1.,0.,0.));
#1603=AXIS2_PLACEMENT_3D('',#1600,#1601,#1602);
#1604=PLANE('',#1603);
#1605=ORIENTED_EDGE('',*,*,#1242,.T.);
#1606=ORIENTED_EDGE('',*,*,#1340,.T.);
#1607=ORIENTED_EDGE('',*,*,#1523,.T.);
#1608=CARTESIAN_POINT('',(-21.049859328,280.847571057,2.000018128));
#1609=VERTEX_POINT('',#1608);
#1610=CARTESIAN_POINT('',(-21.049859328,280.847571057,2.000018128));
#1611=DIRECTION('',(0.,-1.,0.));
#1612=VECTOR('',#1611,1.);
#1613=LINE('',#1610,#1612);
#1614=EDGE_CURVE('',#1609,#1518,#1613,.T.);
#1615=ORIENTED_EDGE('',*,*,#1614,.F.);
#1616=CARTESIAN_POINT('',(-280.535186366,280.847571057,2.000018128));
#1617=DIRECTION('',(1.,0.,0.));
#1618=VECTOR('',#1617,259.485327038);
#1619=LINE('',#1616,#1618);
#1620=EDGE_CURVE('',#1384,#1609,#1619,.T.);
#1621=ORIENTED_EDGE('',*,*,#1620,.F.);
#1622=ORIENTED_EDGE('',*,*,#1390,.F.);
#1623=EDGE_LOOP('',(#1605,#1606,#1607,#1615,#1621,#1622));
#1624=FACE_BOUND('',#1623,.T.);
#1625=ADVANCED_FACE('',(#1624),#1604,.F.);
#1626=CARTESIAN_POINT('',(109.950122711,463.550104583,2.000018128));
#1627=DIRECTION('',(0.,0.,-1.));
#1628=DIRECTION('',(1.,0.,0.));
#1629=AXIS2_PLACEMENT_3D('',#1626,#1627,#1628);
#1630=PLANE('',#1629);
#1631=CARTESIAN_POINT('',(-280.707106781,354.175502083,2.000018128));
#1632=VERTEX_POINT('',#1631);
#1633=CARTESIAN_POINT('',(-282.000017961,354.175502083,2.000018128));
#1634=DIRECTION('',(1.,0.,0.));
#1635=VECTOR('',#1634,1.29291118);
#1636=LINE('',#1633,#1635);
#1637=EDGE_CURVE('',#1302,#1632,#1636,.T.);
#1638=ORIENTED_EDGE('',*,*,#1637,.F.);
#1639=ORIENTED_EDGE('',*,*,#1309,.T.);
#1640=ORIENTED_EDGE('',*,*,#1507,.F.);
#1641=CARTESIAN_POINT('',(-21.049859328,354.252392687,2.000018128));
#1642=VERTEX_POINT('',#1641);
#1643=CARTESIAN_POINT('',(-21.049859328,353.252392687,2.000018128));
#1644=DIRECTION('',(-0.,1.,0.));
#1645=VECTOR('',#1644,1.);
#1646=LINE('',#1643,#1645);
#1647=EDGE_CURVE('',#1496,#1642,#1646,.T.);
#1648=ORIENTED_EDGE('',*,*,#1647,.T.);
#1649=CARTESIAN_POINT('',(-280.386740679,354.252392687,2.000018128));
#1650=VERTEX_POINT('',#1649);
#1651=CARTESIAN_POINT('',(-21.049859328,354.252392687,2.000018128));
#1652=DIRECTION('',(-1.,0.,0.));
#1653=VECTOR('',#1652,259.336881351);
#1654=LINE('',#1651,#1653);
#1655=EDGE_CURVE('',#1642,#1650,#1654,.T.);
#1656=ORIENTED_EDGE('',*,*,#1655,.T.);
#1657=CARTESIAN_POINT('',(-280.707106781,354.175502083,2.000018128));
#1658=CARTESIAN_POINT('',(-280.651203301,354.175502083,2.000018128));
#1659=CARTESIAN_POINT('',(-280.596388933,354.182052767,2.000018128));
#1660=CARTESIAN_POINT('',(-280.542627499,354.194936541,2.000018128));
#1661=CARTESIAN_POINT('',(-280.488866066,354.207820315,2.000018128));
#1662=CARTESIAN_POINT('',(-280.435907171,354.227355526,2.000018128));
#1663=CARTESIAN_POINT('',(-280.386740679,354.252392687,2.000018128));
#1664=B_SPLINE_CURVE_WITH_KNOTS('',3,(#1657,#1658,#1659,#1660,#1661,#1662,#1663),.UNSPECIFIED.,.F.,.F.,(4,3,4),(0.001905436,0.00207087,0.002236305),.UNSPECIFIED.);
#1665=EDGE_CURVE('',#1632,#1650,#1664,.T.);
#1666=ORIENTED_EDGE('',*,*,#1665,.F.);
#1667=EDGE_LOOP('',(#1638,#1639,#1640,#1648,#1656,#1666));
#1668=FACE_BOUND('',#1667,.T.);
#1669=ADVANCED_FACE('',(#1668),#1630,.F.);
#1670=CARTESIAN_POINT('',(-100.049877289,279.140464276,2.292911347));
#1671=DIRECTION('',(1.,0.,0.));
#1672=DIRECTION('',(-0.,1.,0.));
#1673=AXIS2_PLACEMENT_3D('',#1670,#1671,#1672);
#1674=CYLINDRICAL_SURFACE('',#1673,0.707106781);
#1675=ORIENTED_EDGE('',*,*,#1133,.F.);
#1676=ORIENTED_EDGE('',*,*,#573,.T.);
#1677=CARTESIAN_POINT('',(-21.049859328,279.140464276,2.292911347));
#1678=DIRECTION('',(-1.,-0.,0.));
#1679=DIRECTION('',(0.,-1.,0.));
#1680=AXIS2_PLACEMENT_3D('',#1677,#1678,#1679);
#1681=CIRCLE('',#1680,0.707106781);
#1682=EDGE_CURVE('',#567,#1527,#1681,.T.);
#1683=ORIENTED_EDGE('',*,*,#1682,.T.);
#1684=ORIENTED_EDGE('',*,*,#1532,.F.);
#1685=ORIENTED_EDGE('',*,*,#1326,.F.);
#1686=ORIENTED_EDGE('',*,*,#1284,.T.);
#1687=ORIENTED_EDGE('',*,*,#1458,.T.);
#1688=EDGE_LOOP('',(#1675,#1676,#1683,#1684,#1685,#1686,#1687));
#1689=FACE_BOUND('',#1688,.T.);
#1690=ADVANCED_FACE('',(#1689),#1674,.T.);
#1691=CARTESIAN_POINT('',(-100.049877289,354.952392687,0.000018128));
#1692=DIRECTION('',(0.,1.,0.));
#1693=DIRECTION('',(-1.,0.,0.));
#1694=AXIS2_PLACEMENT_3D('',#1691,#1692,#1693);
#1695=PLANE('',#1694);
#1696=CARTESIAN_POINT('',(-21.049859328,354.952392687,3.000018128));
#1697=VERTEX_POINT('',#1696);
#1698=CARTESIAN_POINT('',(-21.049859328,354.952392687,3.000018128));
#1699=DIRECTION('',(0.,0.,-1.));
#1700=VECTOR('',#1699,0.000035714);
#1701=LINE('',#1698,#1700);
#1702=EDGE_CURVE('',#1697,#1049,#1701,.T.);
#1703=ORIENTED_EDGE('',*,*,#1702,.F.);
#1704=CARTESIAN_POINT('',(-20.,354.952392687,3.000018128));
#1705=DIRECTION('',(-1.,0.,0.));
#1706=VECTOR('',#1705,1.049859328);
#1707=LINE('',#1704,#1706);
#1708=EDGE_CURVE('',#1025,#1697,#1707,.T.);
#1709=ORIENTED_EDGE('',*,*,#1708,.F.);
#1710=ORIENTED_EDGE('',*,*,#1030,.F.);
#1711=ORIENTED_EDGE('',*,*,#964,.T.);
#1712=ORIENTED_EDGE('',*,*,#769,.T.);
#1713=ORIENTED_EDGE('',*,*,#1061,.F.);
#1714=EDGE_LOOP('',(#1703,#1709,#1710,#1711,#1712,#1713));
#1715=FACE_BOUND('',#1714,.T.);
#1716=ADVANCED_FACE('',(#1715),#1695,.T.);
#1717=CARTESIAN_POINT('',(-21.049859328,317.049372759,0.000018128));
#1718=DIRECTION('',(-1.,-0.,0.));
#1719=DIRECTION('',(0.,0.,-1.));
#1720=AXIS2_PLACEMENT_3D('',#1717,#1718,#1719);
#1721=PLANE('',#1720);
#1722=CARTESIAN_POINT('',(-21.049859328,354.952392687,3.000018128));
#1723=DIRECTION('',(0.,-1.,0.));
#1724=VECTOR('',#1723,2.407106781);
#1725=LINE('',#1722,#1724);
#1726=EDGE_CURVE('',#1697,#1582,#1725,.T.);
#1727=ORIENTED_EDGE('',*,*,#1726,.F.);
#1728=ORIENTED_EDGE('',*,*,#1702,.T.);
#1729=ORIENTED_EDGE('',*,*,#1055,.F.);
#1730=CARTESIAN_POINT('',(-21.049859328,354.252392687,2.292911347));
#1731=DIRECTION('',(0.,0.,-1.));
#1732=VECTOR('',#1731,0.292893219);
#1733=LINE('',#1730,#1732);
#1734=EDGE_CURVE('',#1047,#1642,#1733,.T.);
#1735=ORIENTED_EDGE('',*,*,#1734,.T.);
#1736=ORIENTED_EDGE('',*,*,#1647,.F.);
#1737=ORIENTED_EDGE('',*,*,#1501,.F.);
#1738=ORIENTED_EDGE('',*,*,#1594,.F.);
#1739=EDGE_LOOP('',(#1727,#1728,#1729,#1735,#1736,#1737,#1738));
#1740=FACE_BOUND('',#1739,.T.);
#1741=ADVANCED_FACE('',(#1740),#1721,.T.);
#1742=CARTESIAN_POINT('',(175.950122711,463.550104583,3.000018128));
#1743=DIRECTION('',(0.,0.,-1.));
#1744=DIRECTION('',(1.,0.,0.));
#1745=AXIS2_PLACEMENT_3D('',#1742,#1743,#1744);
#1746=PLANE('',#1745);
#1747=CARTESIAN_POINT('',(-21.049859328,281.554677838,3.000018128));
#1748=VERTEX_POINT('',#1747);
#1749=CARTESIAN_POINT('',(-21.049859328,281.554677838,3.000018128));
#1750=DIRECTION('',(0.,-1.,0.));
#1751=VECTOR('',#1750,2.398097805);
#1752=LINE('',#1749,#1751);
#1753=EDGE_CURVE('',#1748,#661,#1752,.T.);
#1754=ORIENTED_EDGE('',*,*,#1753,.T.);
#1755=ORIENTED_EDGE('',*,*,#667,.T.);
#1756=CARTESIAN_POINT('',(-19.292893219,279.774447895,3.000018128));
#1757=VERTEX_POINT('',#1756);
#1758=CARTESIAN_POINT('',(-19.994283638,279.156670305,3.000018128));
#1759=CARTESIAN_POINT('',(-19.983544605,279.240667427,3.000018128));
#1760=CARTESIAN_POINT('',(-19.957162491,279.324015663,3.000018128));
#1761=CARTESIAN_POINT('',(-19.917046427,279.399410465,3.000018128));
#1762=CARTESIAN_POINT('',(-19.876930364,279.474805266,3.000018128));
#1763=CARTESIAN_POINT('',(-19.823643436,279.542110627,3.000018128));
#1764=CARTESIAN_POINT('',(-19.759703222,279.598345468,3.000018128));
#1765=CARTESIAN_POINT('',(-19.695763009,279.65458031,3.000018128));
#1766=CARTESIAN_POINT('',(-19.621814995,279.698975831,3.000018128));
#1767=CARTESIAN_POINT('',(-19.542336016,279.728959308,3.000018128));
#1768=CARTESIAN_POINT('',(-19.462857038,279.758942785,3.000018128));
#1769=CARTESIAN_POINT('',(-19.377680981,279.774447895,3.000018128));
#1770=CARTESIAN_POINT('',(-19.292893219,279.774447895,3.000018128));
#1771=B_SPLINE_CURVE_WITH_KNOTS('',3,(#1758,#1759,#1760,#1761,#1762,#1763,#1764,#1765,#1766,#1767,#1768,#1769,#1770),.UNSPECIFIED.,.F.,.F.,(4,3,3,3,4),(0.00418968,0.004443434,0.004697188,0.004950942,0.005204696),.UNSPECIFIED.);
#1772=EDGE_CURVE('',#643,#1757,#1771,.T.);
#1773=ORIENTED_EDGE('',*,*,#1772,.T.);
#1774=CARTESIAN_POINT('',(-19.000017961,279.774447895,3.000018128));
#1775=VERTEX_POINT('',#1774);
#1776=CARTESIAN_POINT('',(-19.292893219,279.774447895,3.000018128));
#1777=DIRECTION('',(1.,0.,-0.));
#1778=VECTOR('',#1777,0.292875258);
#1779=LINE('',#1776,#1778);
#1780=EDGE_CURVE('',#1757,#1775,#1779,.T.);
#1781=ORIENTED_EDGE('',*,*,#1780,.T.);
#1782=CARTESIAN_POINT('',(-19.000017961,280.775126176,3.000018128));
#1783=VERTEX_POINT('',#1782);
#1784=CARTESIAN_POINT('',(-19.000017961,280.775126176,3.000018128));
#1785=DIRECTION('',(0.,-1.,0.));
#1786=VECTOR('',#1785,1.000678281);
#1787=LINE('',#1784,#1786);
#1788=EDGE_CURVE('',#1783,#1775,#1787,.T.);
#1789=ORIENTED_EDGE('',*,*,#1788,.F.);
#1790=CARTESIAN_POINT('',(-19.292893219,280.775126176,3.000018128));
#1791=VERTEX_POINT('',#1790);
#1792=CARTESIAN_POINT('',(-19.292893219,280.775126176,3.000018128));
#1793=DIRECTION('',(1.,0.,-0.));
#1794=VECTOR('',#1793,0.292875258);
#1795=LINE('',#1792,#1794);
#1796=EDGE_CURVE('',#1791,#1783,#1795,.T.);
#1797=ORIENTED_EDGE('',*,*,#1796,.F.);
#1798=CARTESIAN_POINT('',(-20.,281.482735634,3.000018128));
#1799=VERTEX_POINT('',#1798);
#1800=CARTESIAN_POINT('',(-19.292893219,280.775126176,3.000018128));
#1801=CARTESIAN_POINT('',(-19.386264057,280.775126176,3.000018128));
#1802=CARTESIAN_POINT('',(-19.477940029,280.793516958,3.000018128));
#1803=CARTESIAN_POINT('',(-19.563561783,280.82901828,3.000018128));
#1804=CARTESIAN_POINT('',(-19.649183536,280.864519601,3.000018128));
#1805=CARTESIAN_POINT('',(-19.727331063,280.916747326,3.000018128));
#1806=CARTESIAN_POINT('',(-19.792978635,280.982463634,3.000018128));
#1807=CARTESIAN_POINT('',(-19.92427378,281.113896251,3.000018128));
#1808=CARTESIAN_POINT('',(-20.,281.296224861,3.000018128));
#1809=CARTESIAN_POINT('',(-20.,281.482735634,3.000018128));
#1810=B_SPLINE_CURVE_WITH_KNOTS('',3,(#1800,#1801,#1802,#1803,#1804,#1805,#1806,#1807,#1808,#1809),.UNSPECIFIED.,.F.,.F.,(4,3,3,4),(0.003799567,0.004075794,0.00435202,0.004904473),.UNSPECIFIED.);
#1811=EDGE_CURVE('',#1791,#1799,#1810,.T.);
#1812=ORIENTED_EDGE('',*,*,#1811,.T.);
#1813=CARTESIAN_POINT('',(-20.,352.51701861,3.000018128));
#1814=VERTEX_POINT('',#1813);
#1815=CARTESIAN_POINT('',(-20.,281.482735634,3.000018128));
#1816=DIRECTION('',(-0.,1.,0.));
#1817=VECTOR('',#1816,71.034282976);
#1818=LINE('',#1815,#1817);
#1819=EDGE_CURVE('',#1799,#1814,#1818,.T.);
#1820=ORIENTED_EDGE('',*,*,#1819,.T.);
#1821=CARTESIAN_POINT('',(-19.292893219,353.224628068,3.000018128));
#1822=VERTEX_POINT('',#1821);
#1823=CARTESIAN_POINT('',(-20.,352.51701861,3.000018128));
#1824=CARTESIAN_POINT('',(-20.,352.56313643,3.000018128));
#1825=CARTESIAN_POINT('',(-19.995395486,352.609970253,3.000018128));
#1826=CARTESIAN_POINT('',(-19.986359348,352.655338291,3.000018128));
#1827=CARTESIAN_POINT('',(-19.97732321,352.700706329,3.000018128));
#1828=CARTESIAN_POINT('',(-19.963964557,352.744790297,3.000018128));
#1829=CARTESIAN_POINT('',(-19.946268087,352.787585649,3.000018128));
#1830=CARTESIAN_POINT('',(-19.928571618,352.830381001,3.000018128));
#1831=CARTESIAN_POINT('',(-19.906416099,352.871832533,3.000018128));
#1832=CARTESIAN_POINT('',(-19.880818416,352.910166682,3.000018128));
#1833=CARTESIAN_POINT('',(-19.855220733,352.948500832,3.000018128));
#1834=CARTESIAN_POINT('',(-19.826006934,352.984219095,3.000018128));
#1835=CARTESIAN_POINT('',(-19.793043954,353.017225214,3.000018128));
#1836=CARTESIAN_POINT('',(-19.727117993,353.083237452,3.000018128));
#1837=CARTESIAN_POINT('',(-19.649254892,353.135215164,3.000018128));
#1838=CARTESIAN_POINT('',(-19.563496097,353.170763196,3.000018128));
#1839=CARTESIAN_POINT('',(-19.520616699,353.188537212,3.000018128));
#1840=CARTESIAN_POINT('',(-19.476522933,353.201912473,3.000018128));
#1841=CARTESIAN_POINT('',(-19.431232757,353.210954022,3.000018128));
#1842=CARTESIAN_POINT('',(-19.38594258,353.219995572,3.000018128));
#1843=CARTESIAN_POINT('',(-19.339064094,353.224628068,3.000018128));
#1844=CARTESIAN_POINT('',(-19.292893219,353.224628068,3.000018128));
#1845=B_SPLINE_CURVE_WITH_KNOTS('',3,(#1823,#1824,#1825,#1826,#1827,#1828,#1829,#1830,#1831,#1832,#1833,#1834,#1835,#1836,#1837,#1838,#1839,#1840,#1841,#1842,#1843,#1844),.UNSPECIFIED.,.F.,.F.,(4,3,3,3,3,3,3,4),(0.000628412,0.000766601,0.000904791,0.00104298,0.00118117,0.001457549,0.001595738,0.001733928),.UNSPECIFIED.);
#1846=EDGE_CURVE('',#1814,#1822,#1845,.T.);
#1847=ORIENTED_EDGE('',*,*,#1846,.T.);
#1848=CARTESIAN_POINT('',(-19.000017961,353.224628068,3.000018128));
#1849=VERTEX_POINT('',#1848);
#1850=CARTESIAN_POINT('',(-19.000017961,353.224628068,3.000018128));
#1851=DIRECTION('',(-1.,-0.,0.));
#1852=VECTOR('',#1851,0.292875258);
#1853=LINE('',#1850,#1852);
#1854=EDGE_CURVE('',#1849,#1822,#1853,.T.);
#1855=ORIENTED_EDGE('',*,*,#1854,.F.);
#1856=CARTESIAN_POINT('',(-19.000017961,354.225306349,3.000018128));
#1857=VERTEX_POINT('',#1856);
#1858=CARTESIAN_POINT('',(-19.000017961,354.225306349,3.000018128));
#1859=DIRECTION('',(0.,-1.,0.));
#1860=VECTOR('',#1859,1.000678281);
#1861=LINE('',#1858,#1860);
#1862=EDGE_CURVE('',#1857,#1849,#1861,.T.);
#1863=ORIENTED_EDGE('',*,*,#1862,.F.);
#1864=CARTESIAN_POINT('',(-19.292893219,354.225306349,3.000018128));
#1865=VERTEX_POINT('',#1864);
#1866=CARTESIAN_POINT('',(-19.000017961,354.225306349,3.000018128));
#1867=DIRECTION('',(-1.,-0.,0.));
#1868=VECTOR('',#1867,0.292875258);
#1869=LINE('',#1866,#1868);
#1870=EDGE_CURVE('',#1857,#1865,#1869,.T.);
#1871=ORIENTED_EDGE('',*,*,#1870,.T.);
#1872=CARTESIAN_POINT('',(-19.292893219,354.225306349,3.000018128));
#1873=CARTESIAN_POINT('',(-19.386003773,354.225306349,3.000018128));
#1874=CARTESIAN_POINT('',(-19.477637926,354.243559247,3.000018128));
#1875=CARTESIAN_POINT('',(-19.563639453,354.279228564,3.000018128));
#1876=CARTESIAN_POINT('',(-19.64964098,354.314897881,3.000018128));
#1877=CARTESIAN_POINT('',(-19.728101768,354.367628463,3.000018128));
#1878=CARTESIAN_POINT('',(-19.793226988,354.432883285,3.000018128));
#1879=CARTESIAN_POINT('',(-19.825789598,354.465510696,3.000018128));
#1880=CARTESIAN_POINT('',(-19.855599611,354.501901472,3.000018128));
#1881=CARTESIAN_POINT('',(-19.881229838,354.54036926,3.000018128));
#1882=CARTESIAN_POINT('',(-19.906860065,354.578837048,3.000018128));
#1883=CARTESIAN_POINT('',(-19.928532651,354.61945579,3.000018128));
#1884=CARTESIAN_POINT('',(-19.946230527,354.66223476,3.000018128));
#1885=CARTESIAN_POINT('',(-19.98162628,354.747792701,3.000018128));
#1886=CARTESIAN_POINT('',(-20.,354.839595975,3.000018128));
#1887=CARTESIAN_POINT('',(-20.,354.932871155,3.000018128));
#1888=B_SPLINE_CURVE_WITH_KNOTS('',3,(#1872,#1873,#1874,#1875,#1876,#1877,#1878,#1879,#1880,#1881,#1882,#1883,#1884,#1885,#1886,#1887),.UNSPECIFIED.,.F.,.F.,(4,3,3,3,3,4),(0.004024561,0.004300783,0.004577005,0.004715116,0.004853227,0.005129449),.UNSPECIFIED.);
#1889=EDGE_CURVE('',#1865,#990,#1888,.T.);
#1890=ORIENTED_EDGE('',*,*,#1889,.T.);
#1891=ORIENTED_EDGE('',*,*,#1036,.T.);
#1892=ORIENTED_EDGE('',*,*,#1708,.T.);
#1893=ORIENTED_EDGE('',*,*,#1726,.T.);
#1894=ORIENTED_EDGE('',*,*,#1587,.T.);
#1895=CARTESIAN_POINT('',(-280.,352.51701861,3.000018128));
#1896=CARTESIAN_POINT('',(-280.,352.526462517,3.000018128));
#1897=CARTESIAN_POINT('',(-280.000189266,352.535895487,3.000018128));
#1898=CARTESIAN_POINT('',(-280.000564414,352.545285906,3.000018128));
#1899=B_SPLINE_CURVE_WITH_KNOTS('',3,(#1895,#1896,#1897,#1898),.UNSPECIFIED.,.F.,.F.,(4,4),(0.000947304,0.000975251),.UNSPECIFIED.);
#1900=EDGE_CURVE('',#1186,#1558,#1899,.T.);
#1901=ORIENTED_EDGE('',*,*,#1900,.F.);
#1902=ORIENTED_EDGE('',*,*,#1191,.F.);
#1903=CARTESIAN_POINT('',(-280.,281.554677838,3.000018128));
#1904=DIRECTION('',(1.,0.,0.));
#1905=VECTOR('',#1904,258.950140672);
#1906=LINE('',#1903,#1905);
#1907=EDGE_CURVE('',#1175,#1748,#1906,.T.);
#1908=ORIENTED_EDGE('',*,*,#1907,.T.);
#1909=EDGE_LOOP('',(#1754,#1755,#1773,#1781,#1789,#1797,#1812,#1820,#1847,#1855,#1863,#1871,#1890,#1891,#1892,#1893,#1894,#1901,#1902,#1908));
#1910=FACE_BOUND('',#1909,.T.);
#1911=ADVANCED_FACE('',(#1910),#1746,.F.);
#1912=CARTESIAN_POINT('',(-100.049877289,354.252392687,2.000018128));
#1913=DIRECTION('',(0.,1.,0.));
#1914=DIRECTION('',(-1.,0.,0.));
#1915=AXIS2_PLACEMENT_3D('',#1912,#1913,#1914);
#1916=PLANE('',#1915);
#1917=CARTESIAN_POINT('',(-280.386740679,354.252392687,2.000018128));
#1918=CARTESIAN_POINT('',(-280.398850661,354.252392687,2.097661642));
#1919=CARTESIAN_POINT('',(-280.411072739,354.252392687,2.195291444));
#1920=CARTESIAN_POINT('',(-280.423375751,354.252392687,2.292911347));
#1921=B_SPLINE_CURVE_WITH_KNOTS('',3,(#1917,#1918,#1919,#1920),.UNSPECIFIED.,.F.,.F.,(4,4),(0.000847053,0.001142227),.UNSPECIFIED.);
#1922=EDGE_CURVE('',#1650,#1065,#1921,.T.);
#1923=ORIENTED_EDGE('',*,*,#1922,.F.);
#1924=ORIENTED_EDGE('',*,*,#1655,.F.);
#1925=ORIENTED_EDGE('',*,*,#1734,.F.);
#1926=ORIENTED_EDGE('',*,*,#1092,.T.);
#1927=EDGE_LOOP('',(#1923,#1924,#1925,#1926));
#1928=FACE_BOUND('',#1927,.T.);
#1929=ADVANCED_FACE('',(#1928),#1916,.F.);
#1930=CARTESIAN_POINT('',(-100.049877289,280.847571057,2.000018128));
#1931=DIRECTION('',(0.,-1.,0.));
#1932=DIRECTION('',(1.,0.,0.));
#1933=AXIS2_PLACEMENT_3D('',#1930,#1931,#1932);
#1934=PLANE('',#1933);
#1935=CARTESIAN_POINT('',(-21.049859328,280.847571057,2.292911347));
#1936=VERTEX_POINT('',#1935);
#1937=CARTESIAN_POINT('',(-21.049859328,280.847571057,2.292911347));
#1938=DIRECTION('',(-1.,-0.,-0.));
#1939=VECTOR('',#1938,259.425487608);
#1940=LINE('',#1937,#1939);
#1941=EDGE_CURVE('',#1936,#1393,#1940,.T.);
#1942=ORIENTED_EDGE('',*,*,#1941,.T.);
#1943=ORIENTED_EDGE('',*,*,#1399,.T.);
#1944=ORIENTED_EDGE('',*,*,#1620,.T.);
#1945=CARTESIAN_POINT('',(-21.049859328,280.847571057,2.000018128));
#1946=DIRECTION('',(0.,0.,1.));
#1947=VECTOR('',#1946,0.292893219);
#1948=LINE('',#1945,#1947);
#1949=EDGE_CURVE('',#1609,#1936,#1948,.T.);
#1950=ORIENTED_EDGE('',*,*,#1949,.T.);
#1951=EDGE_LOOP('',(#1942,#1943,#1944,#1950));
#1952=FACE_BOUND('',#1951,.T.);
#1953=ADVANCED_FACE('',(#1952),#1934,.T.);
#1954=CARTESIAN_POINT('',(175.950122711,281.554677838,2.292911347));
#1955=DIRECTION('',(-1.,-0.,0.));
#1956=DIRECTION('',(0.,-1.,0.));
#1957=AXIS2_PLACEMENT_3D('',#1954,#1955,#1956);
#1958=CYLINDRICAL_SURFACE('',#1957,0.707106781);
#1959=ORIENTED_EDGE('',*,*,#1907,.F.);
#1960=ORIENTED_EDGE('',*,*,#1183,.T.);
#1961=ORIENTED_EDGE('',*,*,#1421,.T.);
#1962=ORIENTED_EDGE('',*,*,#1941,.F.);
#1963=CARTESIAN_POINT('',(-21.049859328,281.554677838,2.292911347));
#1964=DIRECTION('',(-1.,-0.,0.));
#1965=DIRECTION('',(0.,-1.,0.));
#1966=AXIS2_PLACEMENT_3D('',#1963,#1964,#1965);
#1967=CIRCLE('',#1966,0.707106781);
#1968=EDGE_CURVE('',#1936,#1748,#1967,.T.);
#1969=ORIENTED_EDGE('',*,*,#1968,.T.);
#1970=EDGE_LOOP('',(#1959,#1960,#1961,#1962,#1969));
#1971=FACE_BOUND('',#1970,.T.);
#1972=ADVANCED_FACE('',(#1971),#1958,.T.);
#1973=CARTESIAN_POINT('',(-21.049859328,317.049372759,0.000018128));
#1974=DIRECTION('',(-1.,-0.,0.));
#1975=DIRECTION('',(0.,0.,-1.));
#1976=AXIS2_PLACEMENT_3D('',#1973,#1974,#1975);
#1977=PLANE('',#1976);
#1978=ORIENTED_EDGE('',*,*,#674,.F.);
#1979=ORIENTED_EDGE('',*,*,#1753,.F.);
#1980=ORIENTED_EDGE('',*,*,#1968,.F.);
#1981=ORIENTED_EDGE('',*,*,#1949,.F.);
#1982=ORIENTED_EDGE('',*,*,#1614,.T.);
#1983=ORIENTED_EDGE('',*,*,#1538,.T.);
#1984=ORIENTED_EDGE('',*,*,#1682,.F.);
#1985=EDGE_LOOP('',(#1978,#1979,#1980,#1981,#1982,#1983,#1984));
#1986=FACE_BOUND('',#1985,.T.);
#1987=ADVANCED_FACE('',(#1986),#1977,.T.);
#1988=CARTESIAN_POINT('',(-20.,297.000008646,48.000018128));
#1989=DIRECTION('',(-1.,-0.,0.));
#1990=DIRECTION('',(-0.,1.,0.));
#1991=AXIS2_PLACEMENT_3D('',#1988,#1989,#1990);
#1992=PLANE('',#1991);
#1993=ORIENTED_EDGE('',*,*,#1819,.F.);
#1994=CARTESIAN_POINT('',(-20.,316.999877122,4.352763072));
#1995=DIRECTION('',(-1.,-0.,-0.));
#1996=DIRECTION('',(0.,0.,-1.));
#1997=AXIS2_PLACEMENT_3D('',#1994,#1995,#1996);
#1998=CIRCLE('',#1997,35.542893219);
#1999=EDGE_CURVE('',#1799,#1814,#1998,.T.);
#2000=ORIENTED_EDGE('',*,*,#1999,.T.);
#2001=EDGE_LOOP('',(#1993,#2000));
#2002=FACE_BOUND('',#2001,.T.);
#2003=ADVANCED_FACE('',(#2002),#1992,.T.);
#2004=CARTESIAN_POINT('',(-19.000017961,316.999877122,4.352763072));
#2005=DIRECTION('',(-1.,-0.,-0.));
#2006=DIRECTION('',(0.,0.,-1.));
#2007=AXIS2_PLACEMENT_3D('',#2004,#2005,#2006);
#2008=CYLINDRICAL_SURFACE('',#2007,36.25);
#2009=CARTESIAN_POINT('',(-19.292893219,316.999877122,4.352763072));
#2010=DIRECTION('',(1.,0.,0.));
#2011=DIRECTION('',(0.,0.,-1.));
#2012=AXIS2_PLACEMENT_3D('',#2009,#2010,#2011);
#2013=CIRCLE('',#2012,36.25);
#2014=EDGE_CURVE('',#1822,#1791,#2013,.T.);
#2015=ORIENTED_EDGE('',*,*,#2014,.T.);
#2016=ORIENTED_EDGE('',*,*,#1796,.T.);
#2017=CARTESIAN_POINT('',(-19.000017961,316.999877122,4.352763072));
#2018=DIRECTION('',(1.,0.,-0.));
#2019=DIRECTION('',(0.,0.,1.));
#2020=AXIS2_PLACEMENT_3D('',#2017,#2018,#2019);
#2021=CIRCLE('',#2020,36.25);
#2022=EDGE_CURVE('',#1849,#1783,#2021,.T.);
#2023=ORIENTED_EDGE('',*,*,#2022,.F.);
#2024=ORIENTED_EDGE('',*,*,#1854,.T.);
#2025=EDGE_LOOP('',(#2015,#2016,#2023,#2024));
#2026=FACE_BOUND('',#2025,.T.);
#2027=ADVANCED_FACE('',(#2026),#2008,.T.);
#2028=CARTESIAN_POINT('',(-19.000017961,316.999877122,4.352763072));
#2029=DIRECTION('',(-1.,-0.,-0.));
#2030=DIRECTION('',(0.,0.,-1.));
#2031=AXIS2_PLACEMENT_3D('',#2028,#2029,#2030);
#2032=CYLINDRICAL_SURFACE('',#2031,37.25);
#2033=ORIENTED_EDGE('',*,*,#1780,.F.);
#2034=CARTESIAN_POINT('',(-19.292893219,316.999877122,4.352763072));
#2035=DIRECTION('',(-1.,-0.,-0.));
#2036=DIRECTION('',(0.,0.,-1.));
#2037=AXIS2_PLACEMENT_3D('',#2034,#2035,#2036);
#2038=CIRCLE('',#2037,37.25);
#2039=EDGE_CURVE('',#1757,#1865,#2038,.T.);
#2040=ORIENTED_EDGE('',*,*,#2039,.T.);
#2041=ORIENTED_EDGE('',*,*,#1870,.F.);
#2042=CARTESIAN_POINT('',(-19.000017961,316.999877122,4.352763072));
#2043=DIRECTION('',(1.,0.,-0.));
#2044=DIRECTION('',(0.,0.,1.));
#2045=AXIS2_PLACEMENT_3D('',#2042,#2043,#2044);
#2046=CIRCLE('',#2045,37.25);
#2047=EDGE_CURVE('',#1857,#1775,#2046,.T.);
#2048=ORIENTED_EDGE('',*,*,#2047,.T.);
#2049=EDGE_LOOP('',(#2033,#2040,#2041,#2048));
#2050=FACE_BOUND('',#2049,.T.);
#2051=ADVANCED_FACE('',(#2050),#2032,.F.);
#2052=CARTESIAN_POINT('',(-19.000017961,2423.999999833,63.000018128));
#2053=DIRECTION('',(1.,0.,0.));
#2054=DIRECTION('',(0.,-1.,0.));
#2055=AXIS2_PLACEMENT_3D('',#2052,#2053,#2054);
#2056=PLANE('',#2055);
#2057=ORIENTED_EDGE('',*,*,#2047,.F.);
#2058=ORIENTED_EDGE('',*,*,#1862,.T.);
#2059=ORIENTED_EDGE('',*,*,#2022,.T.);
#2060=ORIENTED_EDGE('',*,*,#1788,.T.);
#2061=EDGE_LOOP('',(#2057,#2058,#2059,#2060));
#2062=FACE_BOUND('',#2061,.T.);
#2063=ADVANCED_FACE('',(#2062),#2056,.F.);
#2064=CARTESIAN_POINT('',(-19.292893219,316.999877122,4.352763072));
#2065=DIRECTION('',(-1.,-0.,-0.));
#2066=DIRECTION('',(0.,0.,-1.));
#2067=AXIS2_PLACEMENT_3D('',#2064,#2065,#2066);
#2068=TOROIDAL_SURFACE('',#2067,35.542893219,0.707106781);
#2069=ORIENTED_EDGE('',*,*,#1811,.F.);
#2070=ORIENTED_EDGE('',*,*,#2014,.F.);
#2071=ORIENTED_EDGE('',*,*,#1846,.F.);
#2072=ORIENTED_EDGE('',*,*,#1999,.F.);
#2073=EDGE_LOOP('',(#2069,#2070,#2071,#2072));
#2074=FACE_BOUND('',#2073,.T.);
#2075=ADVANCED_FACE('',(#2074),#2068,.T.);
#2076=CARTESIAN_POINT('',(-19.292893219,316.999877122,4.352763072));
#2077=DIRECTION('',(-1.,-0.,-0.));
#2078=DIRECTION('',(0.,0.,-1.));
#2079=AXIS2_PLACEMENT_3D('',#2076,#2077,#2078);
#2080=TOROIDAL_SURFACE('',#2079,37.957106781,0.707106781);
#2081=ORIENTED_EDGE('',*,*,#1772,.F.);
#2082=ORIENTED_EDGE('',*,*,#658,.F.);
#2083=ORIENTED_EDGE('',*,*,#996,.F.);
#2084=ORIENTED_EDGE('',*,*,#1889,.F.);
#2085=ORIENTED_EDGE('',*,*,#2039,.F.);
#2086=EDGE_LOOP('',(#2081,#2082,#2083,#2084,#2085));
#2087=FACE_BOUND('',#2086,.T.);
#2088=ADVANCED_FACE('',(#2087),#2080,.T.);
#2089=CARTESIAN_POINT('',(1730.,877.000017794,43.000018128));
#2090=DIRECTION('',(0.,0.,1.));
#2091=DIRECTION('',(-1.,-0.,0.));
#2092=AXIS2_PLACEMENT_3D('',#2089,#2090,#2091);
#2093=PLANE('',#2092);
#2094=ORIENTED_EDGE('',*,*,#891,.F.);
#2095=ORIENTED_EDGE('',*,*,#939,.F.);
#2096=CARTESIAN_POINT('',(-20.,328.3019861,43.000018128));
#2097=DIRECTION('',(0.99999995,0.000315372,0.));
#2098=VECTOR('',#2097,8.000000398);
#2099=LINE('',#2096,#2098);
#2100=EDGE_CURVE('',#1001,#927,#2099,.T.);
#2101=ORIENTED_EDGE('',*,*,#2100,.F.);
#2102=ORIENTED_EDGE('',*,*,#1006,.F.);
#2103=EDGE_LOOP('',(#2094,#2095,#2101,#2102));
#2104=FACE_BOUND('',#2103,.T.);
#2105=ADVANCED_FACE('',(#2104),#2093,.T.);
#2106=CARTESIAN_POINT('',(-309.99999435,316.965431988,4.352763072));
#2107=DIRECTION('',(0.99999995,0.000315372,0.));
#2108=DIRECTION('',(-0.000315372,0.99999995,0.));
#2109=AXIS2_PLACEMENT_3D('',#2106,#2107,#2108);
#2110=CYLINDRICAL_SURFACE('',#2109,40.25);
#2111=ORIENTED_EDGE('',*,*,#1015,.T.);
#2112=ORIENTED_EDGE('',*,*,#2100,.T.);
#2113=ORIENTED_EDGE('',*,*,#933,.T.);
#2114=ORIENTED_EDGE('',*,*,#1162,.F.);
#2115=EDGE_LOOP('',(#2111,#2112,#2113,#2114));
#2116=FACE_BOUND('',#2115,.T.);
#2117=ADVANCED_FACE('',(#2116),#2110,.T.);
#2118=CARTESIAN_POINT('',(-309.99999435,316.965431988,4.352763072));
#2119=DIRECTION('',(0.99999995,0.000315372,0.));
#2120=DIRECTION('',(-0.000315372,0.99999995,0.));
#2121=AXIS2_PLACEMENT_3D('',#2118,#2119,#2120);
#2122=CYLINDRICAL_SURFACE('',#2121,40.25);
#2123=ORIENTED_EDGE('',*,*,#786,.T.);
#2124=ORIENTED_EDGE('',*,*,#955,.F.);
#2125=ORIENTED_EDGE('',*,*,#858,.T.);
#2126=ORIENTED_EDGE('',*,*,#1108,.F.);
#2127=EDGE_LOOP('',(#2123,#2124,#2125,#2126));
#2128=FACE_BOUND('',#2127,.T.);
#2129=ADVANCED_FACE('',(#2128),#2122,.T.);
#2130=CARTESIAN_POINT('',(-309.99999435,316.965431988,4.352763072));
#2131=DIRECTION('',(0.99999995,0.000315372,0.));
#2132=DIRECTION('',(-0.000315372,0.99999995,0.));
#2133=AXIS2_PLACEMENT_3D('',#2130,#2131,#2132);
#2134=CYLINDRICAL_SURFACE('',#2133,40.25);
#2135=ORIENTED_EDGE('',*,*,#841,.T.);
#2136=ORIENTED_EDGE('',*,*,#1475,.T.);
#2137=ORIENTED_EDGE('',*,*,#803,.T.);
#2138=ORIENTED_EDGE('',*,*,#1116,.F.);
#2139=EDGE_LOOP('',(#2135,#2136,#2137,#2138));
#2140=FACE_BOUND('',#2139,.T.);
#2141=ADVANCED_FACE('',(#2140),#2134,.T.);
#2142=CARTESIAN_POINT('',(-282.000017961,316.999877122,4.352763072));
#2143=DIRECTION('',(1.,0.,-0.));
#2144=DIRECTION('',(0.,0.,1.));
#2145=AXIS2_PLACEMENT_3D('',#2142,#2143,#2144);
#2146=CYLINDRICAL_SURFACE('',#2145,36.25);
#2147=ORIENTED_EDGE('',*,*,#1225,.F.);
#2148=CARTESIAN_POINT('',(-280.707106781,316.999877122,4.352763072));
#2149=DIRECTION('',(-1.,-0.,0.));
#2150=DIRECTION('',(0.,0.,1.));
#2151=AXIS2_PLACEMENT_3D('',#2148,#2149,#2150);
#2152=CIRCLE('',#2151,36.25);
#2153=EDGE_CURVE('',#1218,#1550,#2152,.T.);
#2154=ORIENTED_EDGE('',*,*,#2153,.T.);
#2155=ORIENTED_EDGE('',*,*,#1555,.T.);
#2156=ORIENTED_EDGE('',*,*,#1350,.F.);
#2157=EDGE_LOOP('',(#2147,#2154,#2155,#2156));
#2158=FACE_BOUND('',#2157,.T.);
#2159=ADVANCED_FACE('',(#2158),#2146,.T.);
#2160=CARTESIAN_POINT('',(-282.000017961,316.999877122,4.352763072));
#2161=DIRECTION('',(1.,0.,-0.));
#2162=DIRECTION('',(0.,0.,1.));
#2163=AXIS2_PLACEMENT_3D('',#2160,#2161,#2162);
#2164=CYLINDRICAL_SURFACE('',#2163,37.25);
#2165=ORIENTED_EDGE('',*,*,#1267,.T.);
#2166=ORIENTED_EDGE('',*,*,#1316,.T.);
#2167=ORIENTED_EDGE('',*,*,#1637,.T.);
#2168=CARTESIAN_POINT('',(-280.707106781,316.999877122,4.352763072));
#2169=DIRECTION('',(1.,0.,-0.));
#2170=DIRECTION('',(0.,0.,1.));
#2171=AXIS2_PLACEMENT_3D('',#2168,#2169,#2170);
#2172=CIRCLE('',#2171,37.25);
#2173=EDGE_CURVE('',#1632,#1260,#2172,.T.);
#2174=ORIENTED_EDGE('',*,*,#2173,.T.);
#2175=EDGE_LOOP('',(#2165,#2166,#2167,#2174));
#2176=FACE_BOUND('',#2175,.T.);
#2177=ADVANCED_FACE('',(#2176),#2164,.F.);
#2178=CARTESIAN_POINT('',(-280.707106781,316.999877122,4.352763072));
#2179=DIRECTION('',(1.,0.,-0.));
#2180=DIRECTION('',(0.,0.,1.));
#2181=AXIS2_PLACEMENT_3D('',#2178,#2179,#2180);
#2182=TOROIDAL_SURFACE('',#2181,35.542893219,0.707106781);
#2183=ORIENTED_EDGE('',*,*,#1380,.F.);
#2184=ORIENTED_EDGE('',*,*,#1200,.F.);
#2185=ORIENTED_EDGE('',*,*,#1900,.T.);
#2186=ORIENTED_EDGE('',*,*,#1579,.F.);
#2187=ORIENTED_EDGE('',*,*,#2153,.F.);
#2188=EDGE_LOOP('',(#2183,#2184,#2185,#2186,#2187));
#2189=FACE_BOUND('',#2188,.T.);
#2190=ADVANCED_FACE('',(#2189),#2182,.T.);
#2191=CARTESIAN_POINT('',(-280.707106781,316.999877122,4.352763072));
#2192=DIRECTION('',(1.,0.,-0.));
#2193=DIRECTION('',(0.,0.,1.));
#2194=AXIS2_PLACEMENT_3D('',#2191,#2192,#2193);
#2195=TOROIDAL_SURFACE('',#2194,37.957106781,0.707106781);
#2196=ORIENTED_EDGE('',*,*,#1437,.F.);
#2197=ORIENTED_EDGE('',*,*,#2173,.F.);
#2198=ORIENTED_EDGE('',*,*,#1665,.T.);
#2199=ORIENTED_EDGE('',*,*,#1922,.T.);
#2200=ORIENTED_EDGE('',*,*,#1086,.F.);
#2201=ORIENTED_EDGE('',*,*,#752,.F.);
#2202=EDGE_LOOP('',(#2196,#2197,#2198,#2199,#2200,#2201));
#2203=FACE_BOUND('',#2202,.T.);
#2204=ADVANCED_FACE('',(#2203),#2195,.T.);
#2205=CLOSED_SHELL('',(#678,#721,#813,#869,#902,#943,#983,#1040,#1096,#1120,#1150,#1168,#1211,#1253,#1295,#1369,#1426,#1463,#1480,#1511,#1542,#1599,#1625,#1669,#1690,#1716,
#1741,#1911,#1929,#1953,#1972,#1987,#2003,#2027,#2051,#2063,#2075,#2088,#2105,#2117,#2129,#2141,#2159,#2177,#2190,#2204));
#2206=MANIFOLD_SOLID_BREP('Body 10 (2)',#2205);
#495=STYLED_ITEM('',(#186),#2206);
#2207=(NAMED_UNIT(*)PLANE_ANGLE_UNIT()SI_UNIT($,.RADIAN.));
#2208=PLANE_ANGLE_MEASURE_WITH_UNIT(PLANE_ANGLE_MEASURE(0.0174532925),#2207);
#2209=(CONVERSION_BASED_UNIT('DEGREE',#2208)NAMED_UNIT(#2210)PLANE_ANGLE_UNIT());
#2210=DIMENSIONAL_EXPONENTS(0.,0.,0.,0.,0.,0.,0.);
#2211=(NAMED_UNIT(*)SI_UNIT($,.STERADIAN.)SOLID_ANGLE_UNIT());
#2212=(LENGTH_UNIT()NAMED_UNIT(*)SI_UNIT(.MILLI.,.METRE.));
#2213=UNCERTAINTY_MEASURE_WITH_UNIT(LENGTH_MEASURE(1.000000E-03),#2212,'DISTANCE_ACCURACY_VALUE','Maximum Tolerance applied to model');
#2214=(GEOMETRIC_REPRESENTATION_CONTEXT(3)GLOBAL_UNCERTAINTY_ASSIGNED_CONTEXT((#2213))GLOBAL_UNIT_ASSIGNED_CONTEXT((#2212,#2209,#2211))REPRESENTATION_CONTEXT('','Act ii print plast.step'));
#2226=CARTESIAN_POINT('',(0.,0.,0.));
#2227=DIRECTION('',(0.,0.,1.));
#2228=DIRECTION('',(1.,0.,-0.));
#2229=AXIS2_PLACEMENT_3D('',#2226,#2227,#2228);
#2230=ITEM_DEFINED_TRANSFORMATION('','',#2229,#15);
#2231=(REPRESENTATION_RELATIONSHIP('','',#2216,#16)REPRESENTATION_RELATIONSHIP_WITH_TRANSFORMATION(#2230)SHAPE_REPRESENTATION_RELATIONSHIP());
#2232=NEXT_ASSEMBLY_USAGE_OCCURRENCE('Act ii print plast.step_1','Act ii print plast.step','Act ii print plast.step',#25,#2225,$);
#2233=PRODUCT_DEFINITION_SHAPE('','',#2232);
#2234=CONTEXT_DEPENDENT_SHAPE_REPRESENTATION(#2231,#2233);
#2235=(NAMED_UNIT(*)PLANE_ANGLE_UNIT()SI_UNIT($,.RADIAN.));
#2236=PLANE_ANGLE_MEASURE_WITH_UNIT(PLANE_ANGLE_MEASURE(0.0174532925),#2235);
#2237=(CONVERSION_BASED_UNIT('DEGREE',#2236)NAMED_UNIT(#2238)PLANE_ANGLE_UNIT());
#2238=DIMENSIONAL_EXPONENTS(0.,0.,0.,0.,0.,0.,0.);
#2239=(NAMED_UNIT(*)SI_UNIT($,.STERADIAN.)SOLID_ANGLE_UNIT());
#2240=(LENGTH_UNIT()NAMED_UNIT(*)SI_UNIT(.MILLI.,.METRE.));
#2241=UNCERTAINTY_MEASURE_WITH_UNIT(LENGTH_MEASURE(1.000000E-05),#2240,'DISTANCE_ACCURACY_VALUE','Maximum Tolerance applied to model');
#2242=(GEOMETRIC_REPRESENTATION_CONTEXT(3)GLOBAL_UNCERTAINTY_ASSIGNED_CONTEXT((#2241))GLOBAL_UNIT_ASSIGNED_CONTEXT((#2240,#2237,#2239))REPRESENTATION_CONTEXT('','Folder 33'));
#2254=CARTESIAN_POINT('',(0.,0.,0.));
#2255=DIRECTION('',(0.,0.,1.));
#2256=DIRECTION('',(1.,0.,-0.));
#2257=AXIS2_PLACEMENT_3D('',#2254,#2255,#2256);
#2258=ITEM_DEFINED_TRANSFORMATION('','',#2257,#15);
#2259=(REPRESENTATION_RELATIONSHIP('','',#2244,#2216)REPRESENTATION_RELATIONSHIP_WITH_TRANSFORMATION(#2258)SHAPE_REPRESENTATION_RELATIONSHIP());
#2260=NEXT_ASSEMBLY_USAGE_OCCURRENCE('Folder 33_2','Folder 33','Folder 33',#2225,#2253,$);
#2261=PRODUCT_DEFINITION_SHAPE('','',#2260);
#2262=CONTEXT_DEPENDENT_SHAPE_REPRESENTATION(#2259,#2261);
#2264=CARTESIAN_POINT('',(-20.000012968,317.082119626,4.352763072));
#2265=DIRECTION('',(-0.99999995,-0.000315372,0.));
#2266=DIRECTION('',(-0.000315372,0.99999995,0.));
#2267=AXIS2_PLACEMENT_3D('',#2264,#2265,#2266);
#2268=CYLINDRICAL_SURFACE('',#2267,19.25);
#2269=CARTESIAN_POINT('',(-280.006070951,336.250121949,4.352763072));
#2270=VERTEX_POINT('',#2269);
#2271=CARTESIAN_POINT('',(-20.00608388,336.332118669,4.352763072));
#2272=VERTEX_POINT('',#2271);
#2273=CARTESIAN_POINT('',(-280.006070951,336.250121949,4.352763072));
#2274=DIRECTION('',(0.99999995,0.000315372,-0.));
#2275=VECTOR('',#2274,260.000000001);
#2276=LINE('',#2273,#2275);
#2277=EDGE_CURVE('',#2270,#2272,#2276,.T.);
#2278=ORIENTED_EDGE('',*,*,#2277,.T.);
#2279=CARTESIAN_POINT('',(-20.005973583,335.982382027,0.700018128));
#2280=VERTEX_POINT('',#2279);
#2281=CARTESIAN_POINT('',(-20.000012969,317.082119626,4.352763072));
#2282=DIRECTION('',(-0.99999995,-0.000315372,0.));
#2283=DIRECTION('',(0.000315372,-0.99999995,0.));
#2284=AXIS2_PLACEMENT_3D('',#2281,#2282,#2283);
#2285=CIRCLE('',#2284,19.25);
#2286=EDGE_CURVE('',#2272,#2280,#2285,.T.);
#2287=ORIENTED_EDGE('',*,*,#2286,.T.);
#2288=CARTESIAN_POINT('',(-280.005960654,335.900385307,0.700018128));
#2289=VERTEX_POINT('',#2288);
#2290=CARTESIAN_POINT('',(-20.005973583,335.982382027,0.700018128));
#2291=DIRECTION('',(-0.99999995,-0.000315372,0.));
#2292=VECTOR('',#2291,260.000000001);
#2293=LINE('',#2290,#2292);
#2294=EDGE_CURVE('',#2280,#2289,#2293,.T.);
#2295=ORIENTED_EDGE('',*,*,#2294,.T.);
#2296=CARTESIAN_POINT('',(-280.00000004,317.000122906,4.352763072));
#2297=DIRECTION('',(-0.99999995,-0.000315372,0.));
#2298=DIRECTION('',(0.000315372,-0.99999995,0.));
#2299=AXIS2_PLACEMENT_3D('',#2296,#2297,#2298);
#2300=CIRCLE('',#2299,19.25);
#2301=EDGE_CURVE('',#2270,#2289,#2300,.T.);
#2302=ORIENTED_EDGE('',*,*,#2301,.F.);
#2303=EDGE_LOOP('',(#2278,#2287,#2295,#2302));
#2304=FACE_BOUND('',#2303,.T.);
#2305=ADVANCED_FACE('',(#2304),#2268,.T.);
#2306=CARTESIAN_POINT('',(-69.5,376.999981872,0.700018128));
#2307=DIRECTION('',(0.,0.,-1.));
#2308=DIRECTION('',(0.,1.,0.));
#2309=AXIS2_PLACEMENT_3D('',#2306,#2307,#2308);
#2310=PLANE('',#2309);
#2311=CARTESIAN_POINT('',(-19.994052355,298.181857225,0.700018128));
#2312=VERTEX_POINT('',#2311);
#2313=CARTESIAN_POINT('',(-20.005973364,335.982382028,0.700018128));
#2314=DIRECTION('',(0.000315372,-0.99999995,0.));
#2315=VECTOR('',#2314,37.800526683);
#2316=LINE('',#2313,#2315);
#2317=EDGE_CURVE('',#2280,#2312,#2316,.T.);
#2318=ORIENTED_EDGE('',*,*,#2317,.T.);
#2319=CARTESIAN_POINT('',(-279.994039426,298.099860504,0.700018128));
#2320=VERTEX_POINT('',#2319);
#2321=CARTESIAN_POINT('',(-279.994039426,298.099860504,0.700018128));
#2322=DIRECTION('',(0.99999995,0.000315372,-0.));
#2323=VECTOR('',#2322,260.000000001);
#2324=LINE('',#2321,#2323);
#2325=EDGE_CURVE('',#2320,#2312,#2324,.T.);
#2326=ORIENTED_EDGE('',*,*,#2325,.F.);
#2327=CARTESIAN_POINT('',(-280.005960434,335.900385308,0.700018128));
#2328=DIRECTION('',(0.000315372,-0.99999995,0.));
#2329=VECTOR('',#2328,37.800526683);
#2330=LINE('',#2327,#2329);
#2331=EDGE_CURVE('',#2289,#2320,#2330,.T.);
#2332=ORIENTED_EDGE('',*,*,#2331,.F.);
#2333=ORIENTED_EDGE('',*,*,#2294,.F.);
#2334=EDGE_LOOP('',(#2318,#2326,#2332,#2333));
#2335=FACE_BOUND('',#2334,.T.);
#2336=ADVANCED_FACE('',(#2335),#2310,.T.);
#2337=CARTESIAN_POINT('',(-19.335523907,-1789.917898305,63.000018128));
#2338=DIRECTION('',(-0.99999995,-0.000315372,0.));
#2339=DIRECTION('',(-0.000315372,0.99999995,0.));
#2340=AXIS2_PLACEMENT_3D('',#2337,#2338,#2339);
#2341=PLANE('',#2340);
#2342=ORIENTED_EDGE('',*,*,#2317,.F.);
#2343=ORIENTED_EDGE('',*,*,#2286,.F.);
#2344=CARTESIAN_POINT('',(-20.000012969,317.082119626,4.352763072));
#2345=DIRECTION('',(-0.99999995,-0.000315372,0.));
#2346=DIRECTION('',(0.000315372,-0.99999995,0.));
#2347=AXIS2_PLACEMENT_3D('',#2344,#2345,#2346);
#2348=CIRCLE('',#2347,19.25);
#2349=EDGE_CURVE('',#2312,#2272,#2348,.T.);
#2350=ORIENTED_EDGE('',*,*,#2349,.F.);
#2351=EDGE_LOOP('',(#2342,#2343,#2350));
#2352=FACE_BOUND('',#2351,.T.);
#2353=ADVANCED_FACE('',(#2352),#2341,.F.);
#2354=CARTESIAN_POINT('',(-279.335510977,-1789.999895052,63.000018128));
#2355=DIRECTION('',(-0.99999995,-0.000315372,0.));
#2356=DIRECTION('',(-0.000315372,0.99999995,0.));
#2357=AXIS2_PLACEMENT_3D('',#2354,#2355,#2356);
#2358=PLANE('',#2357);
#2359=CARTESIAN_POINT('',(-280.00000004,317.000122906,4.352763072));
#2360=DIRECTION('',(-0.99999995,-0.000315372,0.));
#2361=DIRECTION('',(0.000315372,-0.99999995,0.));
#2362=AXIS2_PLACEMENT_3D('',#2359,#2360,#2361);
#2363=CIRCLE('',#2362,19.25);
#2364=EDGE_CURVE('',#2320,#2270,#2363,.T.);
#2365=ORIENTED_EDGE('',*,*,#2364,.T.);
#2366=ORIENTED_EDGE('',*,*,#2301,.T.);
#2367=ORIENTED_EDGE('',*,*,#2331,.T.);
#2368=EDGE_LOOP('',(#2365,#2366,#2367));
#2369=FACE_BOUND('',#2368,.T.);
#2370=ADVANCED_FACE('',(#2369),#2358,.T.);
#2371=CARTESIAN_POINT('',(-106.8,305.05227748,10.1));
#2372=DIRECTION('',(0.,-1.,0.));
#2373=DIRECTION('',(0.,0.,-1.));
#2374=AXIS2_PLACEMENT_3D('',#2371,#2372,#2373);
#2375=PLANE('',#2374);
#2376=CARTESIAN_POINT('',(-113.8,305.05227748,19.404549283));
#2377=VERTEX_POINT('',#2376);
#2378=CARTESIAN_POINT('',(-99.8,305.05227748,19.401028133));
#2379=VERTEX_POINT('',#2378);
#2380=CARTESIAN_POINT('',(-38164.925829224,305.05227748,4.352763072));
#2381=DIRECTION('',(-0.,1.,-0.));
#2382=DIRECTION('',(-1.,0.,0.));
#2383=AXIS2_PLACEMENT_3D('',#2380,#2381,#2382);
#2384=ELLIPSE('',#2383,61039.026910435,19.25);
#2385=EDGE_CURVE('',#2377,#2379,#2384,.T.);
#2386=ORIENTED_EDGE('',*,*,#2385,.T.);
#2387=CARTESIAN_POINT('',(-99.8,305.05227748,10.1));
#2388=VERTEX_POINT('',#2387);
#2389=CARTESIAN_POINT('',(-99.8,305.05227748,10.1));
#2390=DIRECTION('',(0.,0.,1.));
#2391=VECTOR('',#2390,9.301028133);
#2392=LINE('',#2389,#2391);
#2393=EDGE_CURVE('',#2388,#2379,#2392,.T.);
#2394=ORIENTED_EDGE('',*,*,#2393,.F.);
#2395=CARTESIAN_POINT('',(-113.8,305.05227748,10.1));
#2396=VERTEX_POINT('',#2395);
#2397=CARTESIAN_POINT('',(-113.8,305.05227748,10.1));
#2398=DIRECTION('',(1.,0.,-0.));
#2399=VECTOR('',#2398,14.);
#2400=LINE('',#2397,#2399);
#2401=EDGE_CURVE('',#2396,#2388,#2400,.T.);
#2402=ORIENTED_EDGE('',*,*,#2401,.F.);
#2403=CARTESIAN_POINT('',(-113.8,305.05227748,10.1));
#2404=DIRECTION('',(0.,0.,1.));
#2405=VECTOR('',#2404,9.304549283);
#2406=LINE('',#2403,#2405);
#2407=EDGE_CURVE('',#2396,#2377,#2406,.T.);
#2408=ORIENTED_EDGE('',*,*,#2407,.T.);
#2409=EDGE_LOOP('',(#2386,#2394,#2402,#2408));
#2410=FACE_BOUND('',#2409,.T.);
#2411=ADVANCED_FACE('',(#2410),#2375,.F.);
#2412=CARTESIAN_POINT('',(-99.8,317.05227748,10.1));
#2413=DIRECTION('',(1.,0.,0.));
#2414=DIRECTION('',(-0.,1.,0.));
#2415=AXIS2_PLACEMENT_3D('',#2412,#2413,#2414);
#2416=PLANE('',#2415);
#2417=CARTESIAN_POINT('',(-99.8,329.05227748,19.408483034));
#2418=VERTEX_POINT('',#2417);
#2419=CARTESIAN_POINT('',(-99.8,317.056952943,4.352763072));
#2420=DIRECTION('',(-1.,-0.,-0.));
#2421=DIRECTION('',(0.,-1.,0.));
#2422=AXIS2_PLACEMENT_3D('',#2419,#2420,#2421);
#2423=ELLIPSE('',#2422,19.250000957,19.25);
#2424=EDGE_CURVE('',#2379,#2418,#2423,.T.);
#2425=ORIENTED_EDGE('',*,*,#2424,.T.);
#2426=CARTESIAN_POINT('',(-99.8,329.05227748,10.1));
#2427=VERTEX_POINT('',#2426);
#2428=CARTESIAN_POINT('',(-99.8,329.05227748,10.1));
#2429=DIRECTION('',(0.,0.,1.));
#2430=VECTOR('',#2429,9.308483034);
#2431=LINE('',#2428,#2430);
#2432=EDGE_CURVE('',#2427,#2418,#2431,.T.);
#2433=ORIENTED_EDGE('',*,*,#2432,.F.);
#2434=CARTESIAN_POINT('',(-99.8,305.05227748,10.1));
#2435=DIRECTION('',(-0.,1.,0.));
#2436=VECTOR('',#2435,24.);
#2437=LINE('',#2434,#2436);
#2438=EDGE_CURVE('',#2388,#2427,#2437,.T.);
#2439=ORIENTED_EDGE('',*,*,#2438,.F.);
#2440=ORIENTED_EDGE('',*,*,#2393,.T.);
#2441=EDGE_LOOP('',(#2425,#2433,#2439,#2440));
#2442=FACE_BOUND('',#2441,.T.);
#2443=ADVANCED_FACE('',(#2442),#2416,.F.);
#2444=CARTESIAN_POINT('',(-106.8,329.05227748,10.1));
#2445=DIRECTION('',(0.,1.,0.));
#2446=DIRECTION('',(0.,0.,1.));
#2447=AXIS2_PLACEMENT_3D('',#2444,#2445,#2446);
#2448=PLANE('',#2447);
#2449=CARTESIAN_POINT('',(-113.8,329.05227748,19.404964252));
#2450=VERTEX_POINT('',#2449);
#2451=CARTESIAN_POINT('',(37935.675365555,329.05227748,4.352763072));
#2452=DIRECTION('',(-0.,-1.,-0.));
#2453=DIRECTION('',(-1.,0.,0.));
#2454=AXIS2_PLACEMENT_3D('',#2451,#2452,#2453);
#2455=ELLIPSE('',#2454,61039.026910435,19.25);
#2456=EDGE_CURVE('',#2418,#2450,#2455,.T.);
#2457=ORIENTED_EDGE('',*,*,#2456,.T.);
#2458=CARTESIAN_POINT('',(-113.8,329.05227748,10.1));
#2459=VERTEX_POINT('',#2458);
#2460=CARTESIAN_POINT('',(-113.8,329.05227748,10.1));
#2461=DIRECTION('',(0.,0.,1.));
#2462=VECTOR('',#2461,9.304964252);
#2463=LINE('',#2460,#2462);
#2464=EDGE_CURVE('',#2459,#2450,#2463,.T.);
#2465=ORIENTED_EDGE('',*,*,#2464,.F.);
#2466=CARTESIAN_POINT('',(-99.8,329.05227748,10.1));
#2467=DIRECTION('',(-1.,0.,0.));
#2468=VECTOR('',#2467,14.);
#2469=LINE('',#2466,#2468);
#2470=EDGE_CURVE('',#2427,#2459,#2469,.T.);
#2471=ORIENTED_EDGE('',*,*,#2470,.F.);
#2472=ORIENTED_EDGE('',*,*,#2432,.T.);
#2473=EDGE_LOOP('',(#2457,#2465,#2471,#2472));
#2474=FACE_BOUND('',#2473,.T.);
#2475=ADVANCED_FACE('',(#2474),#2448,.F.);
#2476=CARTESIAN_POINT('',(-113.8,317.05227748,10.1));
#2477=DIRECTION('',(1.,0.,0.));
#2478=DIRECTION('',(0.,0.,-1.));
#2479=AXIS2_PLACEMENT_3D('',#2476,#2477,#2478);
#2480=PLANE('',#2479);
#2481=ORIENTED_EDGE('',*,*,#2407,.F.);
#2482=CARTESIAN_POINT('',(-113.8,305.05227748,10.1));
#2483=DIRECTION('',(0.,1.,0.));
#2484=VECTOR('',#2483,24.);
#2485=LINE('',#2482,#2484);
#2486=EDGE_CURVE('',#2396,#2459,#2485,.T.);
#2487=ORIENTED_EDGE('',*,*,#2486,.T.);
#2488=ORIENTED_EDGE('',*,*,#2464,.T.);
#2489=CARTESIAN_POINT('',(-113.8,317.052537735,4.352763072));
#2490=DIRECTION('',(-1.,-0.,-0.));
#2491=DIRECTION('',(0.,-1.,0.));
#2492=AXIS2_PLACEMENT_3D('',#2489,#2490,#2491);
#2493=ELLIPSE('',#2492,19.250000957,19.25);
#2494=EDGE_CURVE('',#2377,#2450,#2493,.T.);
#2495=ORIENTED_EDGE('',*,*,#2494,.F.);
#2496=EDGE_LOOP('',(#2481,#2487,#2488,#2495));
#2497=FACE_BOUND('',#2496,.T.);
#2498=ADVANCED_FACE('',(#2497),#2480,.T.);
#2499=CARTESIAN_POINT('',(0.,0.,10.1));
#2500=DIRECTION('',(0.,0.,1.));
#2501=DIRECTION('',(1.,0.,0.));
#2502=AXIS2_PLACEMENT_3D('',#2499,#2500,#2501);
#2503=PLANE('',#2502);
#2504=ORIENTED_EDGE('',*,*,#2401,.T.);
#2505=ORIENTED_EDGE('',*,*,#2438,.T.);
#2506=ORIENTED_EDGE('',*,*,#2470,.T.);
#2507=ORIENTED_EDGE('',*,*,#2486,.F.);
#2508=EDGE_LOOP('',(#2504,#2505,#2506,#2507));
#2509=FACE_BOUND('',#2508,.T.);
#2510=ADVANCED_FACE('',(#2509),#2503,.T.);
#2511=CARTESIAN_POINT('',(-20.000012968,317.082119626,4.352763072));
#2512=DIRECTION('',(-0.99999995,-0.000315372,0.));
#2513=DIRECTION('',(-0.000315372,0.99999995,0.));
#2514=AXIS2_PLACEMENT_3D('',#2511,#2512,#2513);
#2515=CYLINDRICAL_SURFACE('',#2514,19.25);
#2516=ORIENTED_EDGE('',*,*,#2277,.F.);
#2517=ORIENTED_EDGE('',*,*,#2364,.F.);
#2518=ORIENTED_EDGE('',*,*,#2325,.T.);
#2519=ORIENTED_EDGE('',*,*,#2349,.T.);
#2520=EDGE_LOOP('',(#2516,#2517,#2518,#2519));
#2521=FACE_BOUND('',#2520,.T.);
#2522=ORIENTED_EDGE('',*,*,#2424,.F.);
#2523=ORIENTED_EDGE('',*,*,#2385,.F.);
#2524=ORIENTED_EDGE('',*,*,#2494,.T.);
#2525=ORIENTED_EDGE('',*,*,#2456,.F.);
#2526=EDGE_LOOP('',(#2522,#2523,#2524,#2525));
#2527=FACE_BOUND('',#2526,.T.);
#2528=CARTESIAN_POINT('',(-91.8,335.959740201,8.005508016));
#2529=VERTEX_POINT('',#2528);
#2530=CARTESIAN_POINT('',(-121.8,335.95027904,8.005508016));
#2531=VERTEX_POINT('',#2530);
#2532=CARTESIAN_POINT('',(-91.8,335.959740201,8.005508016));
#2533=DIRECTION('',(-0.99999995,-0.000315372,0.));
#2534=VECTOR('',#2533,30.000001492);
#2535=LINE('',#2532,#2534);
#2536=EDGE_CURVE('',#2529,#2531,#2535,.T.);
#2537=ORIENTED_EDGE('',*,*,#2536,.F.);
#2538=ORIENTED_EDGE('',*,*,#2536,.T.);
#2539=EDGE_LOOP('',(#2537,#2538));
#2540=FACE_BOUND('',#2539,.T.);
#2541=ADVANCED_FACE('',(#2521,#2527,#2540),#2515,.T.);
#2542=CLOSED_SHELL('',(#2305,#2336,#2353,#2370,#2411,#2443,#2475,#2498,#2510,#2541));
#2543=MANIFOLD_SOLID_BREP('Body 123 (2)',#2542);
#2263=STYLED_ITEM('',(#186),#2543);
#2244=SHAPE_REPRESENTATION('Folder 33',(#15),#2242);
#2245=ADVANCED_BREP_SHAPE_REPRESENTATION('Folder 33',(#2543),#2242);
#2551=SHAPE_REPRESENTATION_RELATIONSHIP('','',#2244,#2245);
#2552=CARTESIAN_POINT('',(0.,0.,0.));
#2553=DIRECTION('',(0.,0.,1.));
#2554=DIRECTION('',(1.,0.,0.));
#2555=AXIS2_PLACEMENT_3D('',#2552,#2553,#2554);
#2557=MAPPED_ITEM('',#2556,#2555);
#2556=REPRESENTATION_MAP(#2555,#2244);
#2558=APPLICATION_CONTEXT('Managed model based 3d engineering');
#2559=APPLICATION_PROTOCOL_DEFINITION('international standard','ap242_managed_model_based_3d_engineering',2014,#2558);
#2560=PRODUCT_CONTEXT('',#2558,'mechanical');
#2561=PRODUCT_DEFINITION_CONTEXT('part definition',#2558,'design');
#2252=PRODUCT('Folder 33','Folder 33','',(#2560));
#2562=PRODUCT_RELATED_PRODUCT_CATEGORY('part','',(#2252));
#2563=PRODUCT_DEFINITION_FORMATION_WITH_SPECIFIED_SOURCE('','',#2252,.NOT_KNOWN.);
#2253=PRODUCT_DEFINITION('design','',#2563,#2561);
#2251=PRODUCT_DEFINITION_SHAPE('','',#2253);
#2564=SHAPE_DEFINITION_REPRESENTATION(#2251,#2244);
#2243=DRAUGHTING_MODEL('',(#2557),#2242);
#2216=SHAPE_REPRESENTATION('Act ii print plast.step',(#15,#2257),#2214);
#2565=CARTESIAN_POINT('',(0.,0.,0.));
#2566=DIRECTION('',(0.,0.,1.));
#2567=DIRECTION('',(1.,0.,0.));
#2568=AXIS2_PLACEMENT_3D('',#2565,#2566,#2567);
#2570=MAPPED_ITEM('',#2569,#2568);
#2569=REPRESENTATION_MAP(#2568,#2216);
#2224=PRODUCT('Act ii print plast.step','Act ii print plast.step','',(#2560));
#2571=PRODUCT_RELATED_PRODUCT_CATEGORY('part','',(#2224));
#2572=PRODUCT_DEFINITION_FORMATION_WITH_SPECIFIED_SOURCE('','',#2224,.NOT_KNOWN.);
#2225=PRODUCT_DEFINITION('design','',#2572,#2561);
#2223=PRODUCT_DEFINITION_SHAPE('','',#2225);
#2573=SHAPE_DEFINITION_REPRESENTATION(#2223,#2216);
#2215=DRAUGHTING_MODEL('',(#2570),#2214);
#16=SHAPE_REPRESENTATION('root',(#15,#2229),#10);
#17=ADVANCED_BREP_SHAPE_REPRESENTATION('root',(#179,#340,#494,#2206),#10);
#2581=SHAPE_REPRESENTATION_RELATIONSHIP('','',#16,#17);
#2582=CARTESIAN_POINT('',(0.,0.,0.));
#2583=DIRECTION('',(0.,0.,1.));
#2584=DIRECTION('',(1.,0.,0.));
#2585=AXIS2_PLACEMENT_3D('',#2582,#2583,#2584);
#2587=MAPPED_ITEM('',#2586,#2585);
#2586=REPRESENTATION_MAP(#2585,#16);
#24=PRODUCT('root','root','',(#2560));
#2588=PRODUCT_RELATED_PRODUCT_CATEGORY('part','',(#24));
#2589=PRODUCT_DEFINITION_FORMATION_WITH_SPECIFIED_SOURCE('','',#24,.NOT_KNOWN.);
#25=PRODUCT_DEFINITION('design','',#2589,#2561);
#23=PRODUCT_DEFINITION_SHAPE('','',#25);
#2590=SHAPE_DEFINITION_REPRESENTATION(#23,#16);
#11=DRAUGHTING_MODEL('',(#2587),#10);
#2591=DESCRIPTIVE_REPRESENTATION_ITEM('KEY','/private/var/mobile/Containers/Data/Application/5F2095C5-6E5A-4F28-9900-660682EC0850/tmp/A94CFFE3-3E20-468D-9002-33BA04805AA9.tmp');
#2592=PROPERTY_DEFINITION('KEY','',#25);
#2593=REPRESENTATION('',(#2591),#10);
#2594=PROPERTY_DEFINITION_REPRESENTATION(#2592,#2593);
#2595=GENERAL_PROPERTY('','KEY','');
#2596=GENERAL_PROPERTY_ASSOCIATION('','',#2595,#2592);
#1=MECHANICAL_DESIGN_GEOMETRIC_PRESENTATION_REPRESENTATION('',(#26,#187,#341,#495,#2263),#10);
ENDSEC;
END-ISO-10303-21;
