ISO-10303-21;
HEADER;

/* File generated by Shapr3D Version 26.50.0.10685 */

FILE_DESCRIPTION(('HOOPS Exchange Step'),'2;1');

FILE_NAME('/private/var/mobile/Containers/Data/Application/5F2095C5-6E5A-4F28-9900-660682EC0850/tmp/export/temp_export',
'2026-05-03T22:03:00+02:00',
('mobile'),
('Shapr3D Limited'),
'HOOPS Exchange 2025.9',
'Shapr3D',
'Authorized');

FILE_SCHEMA( ('AP242_MANAGED_MODEL_BASED_3D_ENGINEERING_MIM_LF {1 0 10303 442 1 1 4}') );

ENDSEC;

DATA;
#3=(NAMED_UNIT(*)PLANE_ANGLE_UNIT()SI_UNIT($,.RADIAN.));
#4=PLANE_ANGLE_MEASURE_WITH_UNIT(PLANE_ANGLE_MEASURE(0.0174532925),#3);
#5=(CONVERSION_BASED_UNIT('DEGREE',#4)NAMED_UNIT(#6)PLANE_ANGLE_UNIT());
#6=DIMENSIONAL_EXPONENTS(0.,0.,0.,0.,0.,0.,0.);
#7=(NAMED_UNIT(*)SI_UNIT($,.STERADIAN.)SOLID_ANGLE_UNIT());
#8=(LENGTH_UNIT()NAMED_UNIT(*)SI_UNIT(.MILLI.,.METRE.));
#9=UNCERTAINTY_MEASURE_WITH_UNIT(LENGTH_MEASURE(1.000000E-05),#8,'DISTANCE_ACCURACY_VALUE','Maximum Tolerance applied to model');
#10=(GEOMETRIC_REPRESENTATION_CONTEXT(3)GLOBAL_UNCERTAINTY_ASSIGNED_CONTEXT((#9))GLOBAL_UNIT_ASSIGNED_CONTEXT((#8,#5,#7))REPRESENTATION_CONTEXT('','root'));
#12=CARTESIAN_POINT('',(0.,0.,0.));
#13=DIRECTION('',(0.,0.,1.));
#14=DIRECTION('',(1.,0.,0.));
#15=AXIS2_PLACEMENT_3D('TS3D_PRODUCT_CSYS',#12,#13,#14);
#27=CARTESIAN_POINT('',(157.000122711,68.999981872,0.000018128));
#28=DIRECTION('',(0.,-1.,0.));
#29=DIRECTION('',(0.,0.,-1.));
#30=AXIS2_PLACEMENT_3D('',#27,#28,#29);
#31=PLANE('',#30);
#32=CARTESIAN_POINT('',(116.98617375,68.999981872,0.000018128));
#33=VERTEX_POINT('',#32);
#34=CARTESIAN_POINT('',(116.797711896,68.999981872,2.396065691));
#35=VERTEX_POINT('',#34);
#36=CARTESIAN_POINT('',(157.000122711,68.999981872,4.352763072));
#37=DIRECTION('',(-0.,1.,-0.));
#38=DIRECTION('',(0.,0.,-1.));
#39=AXIS2_PLACEMENT_3D('',#36,#37,#38);
#40=CIRCLE('',#39,40.25);
#41=EDGE_CURVE('',#33,#35,#40,.T.);
#42=ORIENTED_EDGE('',*,*,#41,.F.);
#43=CARTESIAN_POINT('',(196.902533526,68.999981872,0.000018128));
#44=VERTEX_POINT('',#43);
#45=CARTESIAN_POINT('',(116.98617375,68.999981872,0.000018128));
#46=DIRECTION('',(1.,0.,-0.));
#47=VECTOR('',#46,79.916359776);
#48=LINE('',#45,#47);
#49=EDGE_CURVE('',#33,#44,#48,.T.);
#50=ORIENTED_EDGE('',*,*,#49,.T.);
#51=CARTESIAN_POINT('',(196.902533526,68.999981872,3.000018128));
#52=VERTEX_POINT('',#51);
#53=CARTESIAN_POINT('',(196.902533526,68.999981872,0.000018128));
#54=DIRECTION('',(0.,0.,1.));
#55=VECTOR('',#54,3.);
#56=LINE('',#53,#55);
#57=EDGE_CURVE('',#44,#52,#56,.T.);
#58=ORIENTED_EDGE('',*,*,#57,.T.);
#59=CARTESIAN_POINT('',(116.797711896,68.999981872,3.000018128));
#60=VERTEX_POINT('',#59);
#61=CARTESIAN_POINT('',(116.797711896,68.999981872,3.000018128));
#62=DIRECTION('',(1.,0.,-0.));
#63=VECTOR('',#62,80.10482163);
#64=LINE('',#61,#63);
#65=EDGE_CURVE('',#60,#52,#64,.T.);
#66=ORIENTED_EDGE('',*,*,#65,.F.);
#67=CARTESIAN_POINT('',(116.797711896,68.999981872,2.396065691));
#68=DIRECTION('',(0.,0.,1.));
#69=VECTOR('',#68,0.603952437);
#70=LINE('',#67,#69);
#71=EDGE_CURVE('',#35,#60,#70,.T.);
#72=ORIENTED_EDGE('',*,*,#71,.F.);
#73=EDGE_LOOP('',(#42,#50,#58,#66,#72));
#74=FACE_BOUND('',#73,.T.);
#75=ADVANCED_FACE('',(#74),#31,.T.);
#76=CARTESIAN_POINT('',(51.999987538,177.079596652,0.000018128));
#77=DIRECTION('',(-0.99999995,-0.000315372,0.));
#78=DIRECTION('',(0.000315372,-0.99999995,0.));
#79=AXIS2_PLACEMENT_3D('',#76,#77,#78);
#80=PLANE('',#79);
#81=CARTESIAN_POINT('',(52.012666253,136.877187836,2.39606569));
#82=VERTEX_POINT('',#81);
#83=CARTESIAN_POINT('',(52.012606818,137.065649681,0.000018128));
#84=VERTEX_POINT('',#83);
#85=CARTESIAN_POINT('',(51.999987538,177.079596652,4.352763072));
#86=DIRECTION('',(0.99999995,0.000315372,-0.));
#87=DIRECTION('',(0.000315372,-0.99999995,0.));
#88=AXIS2_PLACEMENT_3D('',#85,#86,#87);
#89=CIRCLE('',#88,40.25);
#90=EDGE_CURVE('',#82,#84,#89,.T.);
#91=ORIENTED_EDGE('',*,*,#90,.F.);
#92=CARTESIAN_POINT('',(52.012666253,136.877187836,3.000018128));
#93=VERTEX_POINT('',#92);
#94=CARTESIAN_POINT('',(52.012666253,136.877187836,2.39606569));
#95=DIRECTION('',(0.,0.,1.));
#96=VECTOR('',#95,0.603952438);
#97=LINE('',#94,#96);
#98=EDGE_CURVE('',#82,#93,#97,.T.);
#99=ORIENTED_EDGE('',*,*,#98,.T.);
#100=CARTESIAN_POINT('',(51.987403435,216.982005483,3.000018128));
#101=VERTEX_POINT('',#100);
#102=CARTESIAN_POINT('',(51.987403435,216.982005483,3.000018128));
#103=DIRECTION('',(0.000315372,-0.99999995,0.));
#104=VECTOR('',#103,80.10482163);
#105=LINE('',#102,#104);
#106=EDGE_CURVE('',#101,#93,#105,.T.);
#107=ORIENTED_EDGE('',*,*,#106,.F.);
#108=CARTESIAN_POINT('',(51.987403435,216.982005483,0.000018128));
#109=VERTEX_POINT('',#108);
#110=CARTESIAN_POINT('',(51.987403435,216.982005483,0.000018128));
#111=DIRECTION('',(0.,0.,1.));
#112=VECTOR('',#111,3.);
#113=LINE('',#110,#112);
#114=EDGE_CURVE('',#109,#101,#113,.T.);
#115=ORIENTED_EDGE('',*,*,#114,.F.);
#116=CARTESIAN_POINT('',(51.987403435,216.982005483,0.000018128));
#117=DIRECTION('',(0.000315372,-0.99999995,0.));
#118=VECTOR('',#117,79.916359776);
#119=LINE('',#116,#118);
#120=EDGE_CURVE('',#109,#84,#119,.T.);
#121=ORIENTED_EDGE('',*,*,#120,.T.);
#122=EDGE_LOOP('',(#91,#99,#107,#115,#121));
#123=FACE_BOUND('',#122,.T.);
#124=ADVANCED_FACE('',(#123),#80,.T.);
#125=CARTESIAN_POINT('',(58.,176.999999833,0.000018128));
#126=DIRECTION('',(1.,0.,0.));
#127=DIRECTION('',(0.,0.,-1.));
#128=AXIS2_PLACEMENT_3D('',#125,#126,#127);
#129=PLANE('',#128);
#130=CARTESIAN_POINT('',(58.,139.879076223,2.292911347));
#131=VERTEX_POINT('',#130);
#132=CARTESIAN_POINT('',(58.,139.879076223,2.000018128));
#133=VERTEX_POINT('',#132);
#134=CARTESIAN_POINT('',(58.,139.879076223,2.292911347));
#135=DIRECTION('',(0.,0.,-1.));
#136=VECTOR('',#135,0.292893219);
#137=LINE('',#134,#136);
#138=EDGE_CURVE('',#131,#133,#137,.T.);
#139=ORIENTED_EDGE('',*,*,#138,.T.);
#140=CARTESIAN_POINT('',(58.,140.879076272,2.000018128));
#141=VERTEX_POINT('',#140);
#142=CARTESIAN_POINT('',(58.,139.879076223,2.000018128));
#143=DIRECTION('',(0.,1.,0.));
#144=VECTOR('',#143,1.00000005);
#145=LINE('',#142,#144);
#146=EDGE_CURVE('',#133,#141,#145,.T.);
#147=ORIENTED_EDGE('',*,*,#146,.T.);
#148=CARTESIAN_POINT('',(58.,140.879076273,2.292911347));
#149=VERTEX_POINT('',#148);
#150=CARTESIAN_POINT('',(58.,140.879076272,2.000018128));
#151=DIRECTION('',(0.,0.,1.));
#152=VECTOR('',#151,0.292893219);
#153=LINE('',#150,#152);
#154=EDGE_CURVE('',#141,#149,#153,.T.);
#155=ORIENTED_EDGE('',*,*,#154,.T.);
#156=CARTESIAN_POINT('',(58.,141.586187416,3.000018128));
#157=VERTEX_POINT('',#156);
#158=CARTESIAN_POINT('',(58.,141.586183089,2.292911347));
#159=DIRECTION('',(1.,0.,0.));
#160=DIRECTION('',(0.,-1.,0.));
#161=AXIS2_PLACEMENT_3D('',#158,#159,#160);
#162=ELLIPSE('',#161,0.707106816,0.707106781);
#163=EDGE_CURVE('',#157,#149,#162,.T.);
#164=ORIENTED_EDGE('',*,*,#163,.F.);
#165=CARTESIAN_POINT('',(58.,139.171973618,3.000018128));
#166=VERTEX_POINT('',#165);
#167=CARTESIAN_POINT('',(58.,139.171973618,3.000018128));
#168=DIRECTION('',(0.,1.,0.));
#169=VECTOR('',#168,2.414213798);
#170=LINE('',#167,#169);
#171=EDGE_CURVE('',#166,#157,#170,.T.);
#172=ORIENTED_EDGE('',*,*,#171,.F.);
#173=CARTESIAN_POINT('',(58.,139.171969406,2.292911347));
#174=DIRECTION('',(-1.,-0.,-0.));
#175=DIRECTION('',(-0.,1.,0.));
#176=AXIS2_PLACEMENT_3D('',#173,#174,#175);
#177=ELLIPSE('',#176,0.707106816,0.707106781);
#178=EDGE_CURVE('',#166,#131,#177,.T.);
#179=ORIENTED_EDGE('',*,*,#178,.T.);
#180=EDGE_LOOP('',(#139,#147,#155,#164,#172,#179));
#181=FACE_BOUND('',#180,.T.);
#182=ADVANCED_FACE('',(#181),#129,.T.);
#183=CARTESIAN_POINT('',(57.5,176.999999833,0.000018128));
#184=DIRECTION('',(1.,0.,0.));
#185=DIRECTION('',(0.,0.,-1.));
#186=AXIS2_PLACEMENT_3D('',#183,#184,#185);
#187=PLANE('',#186);
#188=CARTESIAN_POINT('',(57.5,212.576641313,3.000018128));
#189=VERTEX_POINT('',#188);
#190=CARTESIAN_POINT('',(57.5,213.283743818,2.292911347));
#191=VERTEX_POINT('',#190);
#192=CARTESIAN_POINT('',(57.5,212.576637001,2.292911347));
#193=DIRECTION('',(-1.,-0.,-0.));
#194=DIRECTION('',(-0.,1.,0.));
#195=AXIS2_PLACEMENT_3D('',#192,#193,#194);
#196=ELLIPSE('',#195,0.707106816,0.707106781);
#197=EDGE_CURVE('',#189,#191,#196,.T.);
#198=ORIENTED_EDGE('',*,*,#197,.T.);
#199=CARTESIAN_POINT('',(57.5,213.283743818,2.000018128));
#200=VERTEX_POINT('',#199);
#201=CARTESIAN_POINT('',(57.5,213.283743818,2.292911347));
#202=DIRECTION('',(0.,0.,-1.));
#203=VECTOR('',#202,0.292893219);
#204=LINE('',#201,#203);
#205=EDGE_CURVE('',#191,#200,#204,.T.);
#206=ORIENTED_EDGE('',*,*,#205,.T.);
#207=CARTESIAN_POINT('',(57.5,214.283743867,2.000018128));
#208=VERTEX_POINT('',#207);
#209=CARTESIAN_POINT('',(57.5,213.283743818,2.000018128));
#210=DIRECTION('',(0.,1.,0.));
#211=VECTOR('',#210,1.00000005);
#212=LINE('',#209,#211);
#213=EDGE_CURVE('',#200,#208,#212,.T.);
#214=ORIENTED_EDGE('',*,*,#213,.T.);
#215=CARTESIAN_POINT('',(57.5,215.283743917,3.000018128));
#216=VERTEX_POINT('',#215);
#217=CARTESIAN_POINT('',(57.5,215.283743917,2.000018128));
#218=DIRECTION('',(1.,0.,0.));
#219=DIRECTION('',(0.,-1.,0.));
#220=AXIS2_PLACEMENT_3D('',#217,#218,#219);
#221=ELLIPSE('',#220,1.00000005,1.);
#222=EDGE_CURVE('',#216,#208,#221,.T.);
#223=ORIENTED_EDGE('',*,*,#222,.F.);
#224=CARTESIAN_POINT('',(57.5,212.576641313,3.000018128));
#225=DIRECTION('',(0.,1.,0.));
#226=VECTOR('',#225,2.707102604);
#227=LINE('',#224,#226);
#228=EDGE_CURVE('',#189,#216,#227,.T.);
#229=ORIENTED_EDGE('',*,*,#228,.F.);
#230=EDGE_LOOP('',(#198,#206,#214,#223,#229));
#231=FACE_BOUND('',#230,.T.);
#232=ADVANCED_FACE('',(#231),#187,.T.);
#233=CARTESIAN_POINT('',(157.,75.399999833,0.000018128));
#234=DIRECTION('',(0.,1.,0.));
#235=DIRECTION('',(0.,0.,1.));
#236=AXIS2_PLACEMENT_3D('',#233,#234,#235);
#237=PLANE('',#236);
#238=CARTESIAN_POINT('',(194.202533526,75.399999833,2.000018128));
#239=VERTEX_POINT('',#238);
#240=CARTESIAN_POINT('',(193.202533526,75.399999833,2.000018128));
#241=VERTEX_POINT('',#240);
#242=CARTESIAN_POINT('',(194.202533526,75.399999833,2.000018128));
#243=DIRECTION('',(-1.,0.,0.));
#244=VECTOR('',#243,1.);
#245=LINE('',#242,#244);
#246=EDGE_CURVE('',#239,#241,#245,.T.);
#247=ORIENTED_EDGE('',*,*,#246,.T.);
#248=CARTESIAN_POINT('',(193.202533526,75.399999833,2.292911347));
#249=VERTEX_POINT('',#248);
#250=CARTESIAN_POINT('',(193.202533526,75.399999833,2.000018128));
#251=DIRECTION('',(0.,0.,1.));
#252=VECTOR('',#251,0.292893219);
#253=LINE('',#250,#252);
#254=EDGE_CURVE('',#241,#249,#253,.T.);
#255=ORIENTED_EDGE('',*,*,#254,.T.);
#256=CARTESIAN_POINT('',(192.495423891,75.399999833,3.000018128));
#257=VERTEX_POINT('',#256);
#258=CARTESIAN_POINT('',(192.495426745,75.399999833,2.292911347));
#259=DIRECTION('',(0.,1.,0.));
#260=DIRECTION('',(0.,-0.,1.));
#261=AXIS2_PLACEMENT_3D('',#258,#259,#260);
#262=CIRCLE('',#261,0.707106781);
#263=EDGE_CURVE('',#257,#249,#262,.T.);
#264=ORIENTED_EDGE('',*,*,#263,.F.);
#265=CARTESIAN_POINT('',(195.202533526,75.399999833,3.000018128));
#266=VERTEX_POINT('',#265);
#267=CARTESIAN_POINT('',(195.202533526,75.399999833,3.000018128));
#268=DIRECTION('',(-1.,0.,0.));
#269=VECTOR('',#268,2.707109635);
#270=LINE('',#267,#269);
#271=EDGE_CURVE('',#266,#257,#270,.T.);
#272=ORIENTED_EDGE('',*,*,#271,.F.);
#273=CARTESIAN_POINT('',(195.202533526,75.399999833,2.000018128));
#274=DIRECTION('',(-0.,-1.,-0.));
#275=DIRECTION('',(0.,-0.,1.));
#276=AXIS2_PLACEMENT_3D('',#273,#274,#275);
#277=CIRCLE('',#276,1.);
#278=EDGE_CURVE('',#266,#239,#277,.T.);
#279=ORIENTED_EDGE('',*,*,#278,.T.);
#280=EDGE_LOOP('',(#247,#255,#264,#272,#279));
#281=FACE_BOUND('',#280,.T.);
#282=ADVANCED_FACE('',(#281),#237,.T.);
#283=CARTESIAN_POINT('',(157.,74.399999833,0.000018128));
#284=DIRECTION('',(0.,1.,0.));
#285=DIRECTION('',(0.,0.,1.));
#286=AXIS2_PLACEMENT_3D('',#283,#284,#285);
#287=PLANE('',#286);
#288=CARTESIAN_POINT('',(120.797711896,74.399999833,2.000018128));
#289=VERTEX_POINT('',#288);
#290=CARTESIAN_POINT('',(120.797711896,74.399999833,2.292911347));
#291=VERTEX_POINT('',#290);
#292=CARTESIAN_POINT('',(120.797711896,74.399999833,2.000018128));
#293=DIRECTION('',(0.,0.,1.));
#294=VECTOR('',#293,0.292893219);
#295=LINE('',#292,#294);
#296=EDGE_CURVE('',#289,#291,#295,.T.);
#297=ORIENTED_EDGE('',*,*,#296,.F.);
#298=CARTESIAN_POINT('',(119.797711896,74.399999833,2.000018128));
#299=VERTEX_POINT('',#298);
#300=CARTESIAN_POINT('',(120.797711896,74.399999833,2.000018128));
#301=DIRECTION('',(-1.,0.,0.));
#302=VECTOR('',#301,1.);
#303=LINE('',#300,#302);
#304=EDGE_CURVE('',#289,#299,#303,.T.);
#305=ORIENTED_EDGE('',*,*,#304,.T.);
#306=CARTESIAN_POINT('',(119.797711896,74.399999833,2.292911347));
#307=VERTEX_POINT('',#306);
#308=CARTESIAN_POINT('',(119.797711896,74.399999833,2.000018128));
#309=DIRECTION('',(0.,0.,1.));
#310=VECTOR('',#309,0.292893219);
#311=LINE('',#308,#310);
#312=EDGE_CURVE('',#299,#307,#311,.T.);
#313=ORIENTED_EDGE('',*,*,#312,.T.);
#314=CARTESIAN_POINT('',(119.090605115,74.399999833,3.000018128));
#315=VERTEX_POINT('',#314);
#316=CARTESIAN_POINT('',(119.090605115,74.399999833,2.292911347));
#317=DIRECTION('',(0.,1.,0.));
#318=DIRECTION('',(0.,-0.,1.));
#319=AXIS2_PLACEMENT_3D('',#316,#317,#318);
#320=CIRCLE('',#319,0.707106781);
#321=EDGE_CURVE('',#315,#307,#320,.T.);
#322=ORIENTED_EDGE('',*,*,#321,.F.);
#323=CARTESIAN_POINT('',(121.504818677,74.399999833,3.000018128));
#324=VERTEX_POINT('',#323);
#325=CARTESIAN_POINT('',(121.504818677,74.399999833,3.000018128));
#326=DIRECTION('',(-1.,0.,0.));
#327=VECTOR('',#326,2.414213562);
#328=LINE('',#325,#327);
#329=EDGE_CURVE('',#324,#315,#328,.T.);
#330=ORIENTED_EDGE('',*,*,#329,.F.);
#331=CARTESIAN_POINT('',(121.504818677,74.399999833,2.292911347));
#332=DIRECTION('',(0.,1.,0.));
#333=DIRECTION('',(0.,-0.,1.));
#334=AXIS2_PLACEMENT_3D('',#331,#332,#333);
#335=CIRCLE('',#334,0.707106781);
#336=EDGE_CURVE('',#291,#324,#335,.T.);
#337=ORIENTED_EDGE('',*,*,#336,.F.);
#338=EDGE_LOOP('',(#297,#305,#313,#322,#330,#337));
#339=FACE_BOUND('',#338,.T.);
#340=ADVANCED_FACE('',(#339),#287,.T.);
#341=CARTESIAN_POINT('',(59.487403007,216.984370773,0.000018128));
#342=DIRECTION('',(0.000315372,-0.99999995,0.));
#343=DIRECTION('',(0.99999995,0.000315372,0.));
#344=AXIS2_PLACEMENT_3D('',#341,#342,#343);
#345=PLANE('',#344);
#346=CARTESIAN_POINT('',(79.987401932,216.990835899,3.000018128));
#347=VERTEX_POINT('',#346);
#348=CARTESIAN_POINT('',(51.987403435,216.982005483,3.000018128));
#349=DIRECTION('',(0.99999995,0.000315372,0.));
#350=VECTOR('',#349,27.999999889);
#351=LINE('',#348,#350);
#352=EDGE_CURVE('',#101,#347,#351,.T.);
#353=ORIENTED_EDGE('',*,*,#352,.T.);
#354=CARTESIAN_POINT('',(79.987401932,216.990835899,0.000018128));
#355=VERTEX_POINT('',#354);
#356=CARTESIAN_POINT('',(79.987401932,216.990835899,0.000018128));
#357=CARTESIAN_POINT('',(79.987401932,216.990835899,1.000018128));
#358=CARTESIAN_POINT('',(79.987401932,216.990835899,2.000018128));
#359=CARTESIAN_POINT('',(79.987401932,216.990835899,3.000018128));
#360=B_SPLINE_CURVE_WITH_KNOTS('',3,(#356,#357,#358,#359),.UNSPECIFIED.,.F.,.F.,(4,4),(0.,1.),.UNSPECIFIED.);
#361=EDGE_CURVE('',#355,#347,#360,.T.);
#362=ORIENTED_EDGE('',*,*,#361,.F.);
#363=CARTESIAN_POINT('',(51.987403435,216.982005483,0.000018128));
#364=DIRECTION('',(0.99999995,0.000315372,0.));
#365=VECTOR('',#364,27.999999889);
#366=LINE('',#363,#365);
#367=EDGE_CURVE('',#109,#355,#366,.T.);
#368=ORIENTED_EDGE('',*,*,#367,.F.);
#369=ORIENTED_EDGE('',*,*,#114,.T.);
#370=EDGE_LOOP('',(#353,#362,#368,#369));
#371=FACE_BOUND('',#370,.T.);
#372=ADVANCED_FACE('',(#371),#345,.F.);
#373=CARTESIAN_POINT('',(196.902533526,96.999981872,0.000018128));
#374=CARTESIAN_POINT('',(196.902533526,96.999981872,3.000018128));
#375=CARTESIAN_POINT('',(196.902758011,105.137778826,0.000018128));
#376=CARTESIAN_POINT('',(196.902758011,105.137778826,3.000018128));
#377=CARTESIAN_POINT('',(196.455500719,113.075836694,0.000018128));
#378=CARTESIAN_POINT('',(196.455500719,113.075836694,3.000018128));
#379=CARTESIAN_POINT('',(195.454859813,120.849172486,0.000018128));
#380=CARTESIAN_POINT('',(195.454859813,120.849172486,3.000018128));
#381=CARTESIAN_POINT('',(194.455101156,128.621266375,0.000018128));
#382=CARTESIAN_POINT('',(194.455101156,128.621266375,3.000018128));
#383=CARTESIAN_POINT('',(192.902390261,136.228394901,0.000018128));
#384=CARTESIAN_POINT('',(192.902390261,136.228394901,3.000018128));
#385=CARTESIAN_POINT('',(190.636426785,143.654035518,0.000018128));
#386=CARTESIAN_POINT('',(190.636426785,143.654035518,3.000018128));
#387=CARTESIAN_POINT('',(189.50401254,147.366480408,0.000018128));
#388=CARTESIAN_POINT('',(189.50401254,147.366480408,3.000018128));
#389=CARTESIAN_POINT('',(188.193385065,151.033570486,0.000018128));
#390=CARTESIAN_POINT('',(188.193385065,151.033570486,3.000018128));
#391=CARTESIAN_POINT('',(186.686230324,154.632285634,0.000018128));
#392=CARTESIAN_POINT('',(186.686230324,154.632285634,3.000018128));
#393=CARTESIAN_POINT('',(185.179574584,158.230785327,0.000018128));
#394=CARTESIAN_POINT('',(185.179574584,158.230785327,3.000018128));
#395=CARTESIAN_POINT('',(183.476454715,161.760973961,0.000018128));
#396=CARTESIAN_POINT('',(183.476454715,161.760973961,3.000018128));
#397=CARTESIAN_POINT('',(181.558549606,165.199851622,0.000018128));
#398=CARTESIAN_POINT('',(181.558549606,165.199851622,3.000018128));
#399=CARTESIAN_POINT('',(179.641164365,168.638736258,0.000018128));
#400=CARTESIAN_POINT('',(179.641164365,168.638736258,3.000018128));
#401=CARTESIAN_POINT('',(177.508922845,171.986561215,0.000018128));
#402=CARTESIAN_POINT('',(177.508922845,171.986561215,3.000018128));
#403=CARTESIAN_POINT('',(175.170164701,175.202164106,0.000018128));
#404=CARTESIAN_POINT('',(175.170164701,175.202164106,3.000018128));
#405=CARTESIAN_POINT('',(172.831950733,178.417876801,0.000018128));
#406=CARTESIAN_POINT('',(172.831950733,178.417876801,3.000018128));
#407=CARTESIAN_POINT('',(170.287283115,181.50137738,0.000018128));
#408=CARTESIAN_POINT('',(170.287283115,181.50137738,3.000018128));
#409=CARTESIAN_POINT('',(167.544506082,184.411524849,0.000018128));
#410=CARTESIAN_POINT('',(167.544506082,184.411524849,3.000018128));
#411=CARTESIAN_POINT('',(164.802170366,187.322025994,0.000018128));
#412=CARTESIAN_POINT('',(164.802170366,187.322025994,3.000018128));
#413=CARTESIAN_POINT('',(161.861365382,190.059574303,0.000018128));
#414=CARTESIAN_POINT('',(161.861365382,190.059574303,3.000018128));
#415=CARTESIAN_POINT('',(158.760388733,192.600752085,0.000018128));
#416=CARTESIAN_POINT('',(158.760388733,192.600752085,3.000018128));
#417=CARTESIAN_POINT('',(155.659672572,195.142404519,0.000018128));
#418=CARTESIAN_POINT('',(155.659672572,195.142404519,3.000018128));
#419=CARTESIAN_POINT('',(152.398808464,197.487634516,0.000018128));
#420=CARTESIAN_POINT('',(152.398808464,197.487634516,3.000018128));
#421=CARTESIAN_POINT('',(149.016111998,199.613037827,0.000018128));
#422=CARTESIAN_POINT('',(149.016111998,199.613037827,3.000018128));
#423=CARTESIAN_POINT('',(145.633549553,201.738967193,0.000018128));
#424=CARTESIAN_POINT('',(145.633549553,201.738967193,3.000018128));
#425=CARTESIAN_POINT('',(142.128789638,203.645247714,0.000018128));
#426=CARTESIAN_POINT('',(142.128789638,203.645247714,3.000018128));
#427=CARTESIAN_POINT('',(138.532934201,205.342210785,0.000018128));
#428=CARTESIAN_POINT('',(138.532934201,205.342210785,3.000018128));
#429=CARTESIAN_POINT('',(134.936949187,207.039719955,0.000018128));
#430=CARTESIAN_POINT('',(134.936949187,207.039719955,3.000018128));
#431=CARTESIAN_POINT('',(131.249823082,208.527844627,0.000018128));
#432=CARTESIAN_POINT('',(131.249823082,208.527844627,3.000018128));
#433=CARTESIAN_POINT('',(127.502678587,209.816913399,0.000018128));
#434=CARTESIAN_POINT('',(127.502678587,209.816913399,3.000018128));
#435=CARTESIAN_POINT('',(120.007772392,212.396385005,0.000018128));
#436=CARTESIAN_POINT('',(120.007772392,212.396385005,3.000018128));
#437=CARTESIAN_POINT('',(112.272329042,214.179335746,0.000018128));
#438=CARTESIAN_POINT('',(112.272329042,214.179335746,3.000018128));
#439=CARTESIAN_POINT('',(104.351503006,215.328253666,0.000018128));
#440=CARTESIAN_POINT('',(104.351503006,215.328253666,3.000018128));
#441=CARTESIAN_POINT('',(96.429403246,216.478269267,0.000018128));
#442=CARTESIAN_POINT('',(96.429403246,216.478269267,3.000018128));
#443=CARTESIAN_POINT('',(88.322077517,216.993751305,0.000018128));
#444=CARTESIAN_POINT('',(88.322077517,216.993751305,3.000018128));
#445=CARTESIAN_POINT('',(79.987401932,216.990835899,0.000018128));
#446=CARTESIAN_POINT('',(79.987401932,216.990835899,3.000018128));
#447=B_SPLINE_SURFACE_WITH_KNOTS('',3,1,((#373,#374),(#375,#376),(#377,#378),(#379,#380),(#381,#382),(#383,#384),(#385,#386),(#387,#388),(#389,#390),(#391,#392),(#393,#394),(#395,#396),(#397,#398),(#399,#400),(#401,#402),(#403,#404),(#405,#406),(#407,#408),(#409,#410),(#411,#412),(#413,#414),(#415,#416),(#417,#418),(#419,#420),(#421,#422),(#423,#424),
(#425,#426),(#427,#428),(#429,#430),(#431,#432),(#433,#434),(#435,#436),(#437,#438),(#439,#440),(#441,#442),(#443,#444),(#445,#446)),.UNSPECIFIED.,.F.,.F.,.U.,(4,3,3,3,3,3,3,3,3,3,3,3,4),(2,2),(0.,0.125,0.25,0.3125,0.375,0.4375,0.5,0.5625,0.625,0.6875,0.75,0.875,1.),(0.,1.),.UNSPECIFIED.);
#448=CARTESIAN_POINT('',(196.902533526,96.999981872,3.000018128));
#449=VERTEX_POINT('',#448);
#450=CARTESIAN_POINT('',(196.902533526,96.999981872,3.000018128));
#451=CARTESIAN_POINT('',(196.902533526,100.987488644,3.000018128));
#452=CARTESIAN_POINT('',(196.794950058,104.976097068,3.000018128));
#453=CARTESIAN_POINT('',(196.560386277,108.950472928,3.000018128));
#454=CARTESIAN_POINT('',(196.325822497,112.924848787,3.000018128));
#455=CARTESIAN_POINT('',(195.964371412,116.887148742,3.000018128));
#456=CARTESIAN_POINT('',(195.456615475,120.835524817,3.000018128));
#457=CARTESIAN_POINT('',(195.202737507,122.809712854,3.000018128));
#458=CARTESIAN_POINT('',(194.91229607,124.780421135,3.000018128));
#459=CARTESIAN_POINT('',(194.581799225,126.74731733,3.000018128));
#460=CARTESIAN_POINT('',(194.25130238,128.714213525,3.000018128));
#461=CARTESIAN_POINT('',(193.881532634,130.67239969,3.000018128));
#462=CARTESIAN_POINT('',(193.470039995,132.619465954,3.000018128));
#463=CARTESIAN_POINT('',(192.647054717,136.513598482,3.000018128));
#464=CARTESIAN_POINT('',(191.656748814,140.365468604,3.000018128));
#465=CARTESIAN_POINT('',(190.477869368,144.169708187,3.000018128));
#466=CARTESIAN_POINT('',(190.183149507,145.120768083,3.000018128));
#467=CARTESIAN_POINT('',(189.876639208,146.06884991,3.000018128));
#468=CARTESIAN_POINT('',(189.557921312,147.013848301,3.000018128));
#469=CARTESIAN_POINT('',(189.239203416,147.958846693,3.000018128));
#470=CARTESIAN_POINT('',(188.908358348,148.90041517,3.000018128));
#471=CARTESIAN_POINT('',(188.566437291,149.834724196,3.000018128));
#472=CARTESIAN_POINT('',(187.882595178,151.703342249,3.000018128));
#473=CARTESIAN_POINT('',(187.153139342,153.546926633,3.000018128));
#474=CARTESIAN_POINT('',(186.376456483,155.36459194,3.000018128));
#475=CARTESIAN_POINT('',(184.823090763,158.999922552,3.000018128));
#476=CARTESIAN_POINT('',(183.080957199,162.531653823,3.000018128));
#477=CARTESIAN_POINT('',(181.135106909,165.951581526,3.000018128));
#478=CARTESIAN_POINT('',(179.189256619,169.371509228,3.000018128));
#479=CARTESIAN_POINT('',(177.04156643,172.6806634,3.000018128));
#480=CARTESIAN_POINT('',(174.678802973,175.871781321,3.000018128));
#481=CARTESIAN_POINT('',(174.088112109,176.669560801,3.000018128));
#482=CARTESIAN_POINT('',(173.483896567,177.459917684,3.000018128));
#483=CARTESIAN_POINT('',(172.865775884,178.242643164,3.000018128));
#484=CARTESIAN_POINT('',(172.247655202,179.025368644,3.000018128));
#485=CARTESIAN_POINT('',(171.614959607,179.801198668,3.000018128));
#486=CARTESIAN_POINT('',(170.97157388,180.564902799,3.000018128));
#487=CARTESIAN_POINT('',(169.684802428,182.09231106,3.000018128));
#488=CARTESIAN_POINT('',(168.352438709,183.574998189,3.000018128));
#489=CARTESIAN_POINT('',(166.973492243,185.01199263,3.000018128));
#490=CARTESIAN_POINT('',(165.594545776,186.448987071,3.000018128));
#491=CARTESIAN_POINT('',(164.169341851,187.840607897,3.000018128));
#492=CARTESIAN_POINT('',(162.698814014,189.187770818,3.000018128));
#493=CARTESIAN_POINT('',(161.963550096,189.861352279,3.000018128));
#494=CARTESIAN_POINT('',(161.216939803,190.523804161,3.000018128));
#495=CARTESIAN_POINT('',(160.459008395,191.175151241,3.000018128));
#496=CARTESIAN_POINT('',(159.701076987,191.826498322,3.000018128));
#497=CARTESIAN_POINT('',(158.932675068,192.465953015,3.000018128));
#498=CARTESIAN_POINT('',(158.157125999,193.091079054,3.000018128));
#499=CARTESIAN_POINT('',(155.054929723,195.591583213,3.000018128));
#500=CARTESIAN_POINT('',(151.824732539,197.876835313,3.000018128));
#501=CARTESIAN_POINT('',(148.470433616,199.95339237,3.000018128));
#502=CARTESIAN_POINT('',(145.116134693,202.029949428,3.000018128));
#503=CARTESIAN_POINT('',(141.637794377,203.897912924,3.000018128));
#504=CARTESIAN_POINT('',(138.04386588,205.571498159,3.000018128));
#505=CARTESIAN_POINT('',(136.246901632,206.408290776,3.000018128));
#506=CARTESIAN_POINT('',(134.420969012,207.196368883,3.000018128));
#507=CARTESIAN_POINT('',(132.566710048,207.936812142,3.000018128));
#508=CARTESIAN_POINT('',(130.712451085,208.677255401,3.000018128));
#509=CARTESIAN_POINT('',(128.839648132,209.366111251,3.000018128));
#510=CARTESIAN_POINT('',(126.952132271,210.004763522,3.000018128));
#511=CARTESIAN_POINT('',(125.06461641,210.643415794,3.000018128));
#512=CARTESIAN_POINT('',(123.161393593,211.232217799,3.000018128));
#513=CARTESIAN_POINT('',(121.24325045,211.773666123,3.000018128));
#514=CARTESIAN_POINT('',(120.284178879,212.044390285,3.000018128));
#515=CARTESIAN_POINT('',(119.321377223,212.303276014,3.000018128));
#516=CARTESIAN_POINT('',(118.354943801,212.550635354,3.000018128));
#517=CARTESIAN_POINT('',(117.388510378,212.797994694,3.000018128));
#518=CARTESIAN_POINT('',(116.417726981,213.033984185,3.000018128));
#519=CARTESIAN_POINT('',(115.445960119,213.258189356,3.000018128));
#520=CARTESIAN_POINT('',(111.558892671,214.155010042,3.000018128));
#521=CARTESIAN_POINT('',(107.651392852,214.865178413,3.000018128));
#522=CARTESIAN_POINT('',(103.72662107,215.417565174,3.000018128));
#523=CARTESIAN_POINT('',(95.877077504,216.522338696,3.000018128));
#524=CARTESIAN_POINT('',(87.95815751,216.993349652,3.000018128));
#525=CARTESIAN_POINT('',(79.987401932,216.990835899,3.000018128));
#526=B_SPLINE_CURVE_WITH_KNOTS('',3,(#450,#451,#452,#453,#454,#455,#456,#457,#458,#459,#460,#461,#462,#463,#464,#465,#466,#467,#468,#469,#470,#471,#472,#473,#474,#475,
#476,#477,#478,#479,#480,#481,#482,#483,#484,#485,#486,#487,#488,#489,#490,#491,#492,#493,#494,#495,#496,#497,#498,#499,#500,
#501,#502,#503,#504,#505,#506,#507,#508,#509,#510,#511,#512,#513,#514,#515,#516,#517,#518,#519,#520,#521,#522,#523,#524,#525),.UNSPECIFIED.,.F.,.F.,(4,3,3,3,3,3,3,3,3,3,3,3,3,3,3,3,3,3,3,3,3,3,3,3,3,4),(0.,0.011961351,0.023922701,0.029903376,0.035884052,0.047845402,0.05083574,0.053826078,0.059806753,0.071768104,0.083729454,0.086719792,0.089710129,0.095690805,0.10167148,0.104661818,0.107652155,0.119613506,0.131574857,0.137555532,0.143536207,0.149516882,0.15250722,0.155497558,0.167458908,0.19138161),.UNSPECIFIED.);
#527=EDGE_CURVE('',#449,#347,#526,.T.);
#528=ORIENTED_EDGE('',*,*,#527,.F.);
#529=CARTESIAN_POINT('',(196.902533526,96.999981872,0.000018128));
#530=VERTEX_POINT('',#529);
#531=CARTESIAN_POINT('',(196.902533526,96.999981872,0.000018128));
#532=DIRECTION('',(0.,0.,1.));
#533=VECTOR('',#532,3.);
#534=LINE('',#531,#533);
#535=EDGE_CURVE('',#530,#449,#534,.T.);
#536=ORIENTED_EDGE('',*,*,#535,.F.);
#537=CARTESIAN_POINT('',(196.902533526,96.999981872,0.000018128));
#538=CARTESIAN_POINT('',(196.902533526,100.987488644,0.000018128));
#539=CARTESIAN_POINT('',(196.794950058,104.976097068,0.000018128));
#540=CARTESIAN_POINT('',(196.560386277,108.950472928,0.000018128));
#541=CARTESIAN_POINT('',(196.325822497,112.924848787,0.000018128));
#542=CARTESIAN_POINT('',(195.964371412,116.887148742,0.000018128));
#543=CARTESIAN_POINT('',(195.456615475,120.835524817,0.000018128));
#544=CARTESIAN_POINT('',(195.202737507,122.809712854,0.000018128));
#545=CARTESIAN_POINT('',(194.91229607,124.780421135,0.000018128));
#546=CARTESIAN_POINT('',(194.581799225,126.74731733,0.000018128));
#547=CARTESIAN_POINT('',(194.25130238,128.714213525,0.000018128));
#548=CARTESIAN_POINT('',(193.881532634,130.67239969,0.000018128));
#549=CARTESIAN_POINT('',(193.470039995,132.619465954,0.000018128));
#550=CARTESIAN_POINT('',(192.647054717,136.513598482,0.000018128));
#551=CARTESIAN_POINT('',(191.656748814,140.365468604,0.000018128));
#552=CARTESIAN_POINT('',(190.477869368,144.169708187,0.000018128));
#553=CARTESIAN_POINT('',(190.183149507,145.120768083,0.000018128));
#554=CARTESIAN_POINT('',(189.876639208,146.06884991,0.000018128));
#555=CARTESIAN_POINT('',(189.557921312,147.013848301,0.000018128));
#556=CARTESIAN_POINT('',(189.239203416,147.958846693,0.000018128));
#557=CARTESIAN_POINT('',(188.908358348,148.90041517,0.000018128));
#558=CARTESIAN_POINT('',(188.566437291,149.834724196,0.000018128));
#559=CARTESIAN_POINT('',(187.882595178,151.703342249,0.000018128));
#560=CARTESIAN_POINT('',(187.153139342,153.546926633,0.000018128));
#561=CARTESIAN_POINT('',(186.376456483,155.36459194,0.000018128));
#562=CARTESIAN_POINT('',(184.823090763,158.999922552,0.000018128));
#563=CARTESIAN_POINT('',(183.080957199,162.531653823,0.000018128));
#564=CARTESIAN_POINT('',(181.135106909,165.951581526,0.000018128));
#565=CARTESIAN_POINT('',(179.189256619,169.371509228,0.000018128));
#566=CARTESIAN_POINT('',(177.041566429,172.6806634,0.000018128));
#567=CARTESIAN_POINT('',(174.678802973,175.871781321,0.000018128));
#568=CARTESIAN_POINT('',(174.088112109,176.669560801,0.000018128));
#569=CARTESIAN_POINT('',(173.483896567,177.459917684,0.000018128));
#570=CARTESIAN_POINT('',(172.865775884,178.242643164,0.000018128));
#571=CARTESIAN_POINT('',(172.247655202,179.025368644,0.000018128));
#572=CARTESIAN_POINT('',(171.614959607,179.801198668,0.000018128));
#573=CARTESIAN_POINT('',(170.97157388,180.564902799,0.000018128));
#574=CARTESIAN_POINT('',(169.684802428,182.09231106,0.000018128));
#575=CARTESIAN_POINT('',(168.352438709,183.574998189,0.000018128));
#576=CARTESIAN_POINT('',(166.973492243,185.01199263,0.000018128));
#577=CARTESIAN_POINT('',(165.594545776,186.448987071,0.000018128));
#578=CARTESIAN_POINT('',(164.169341851,187.840607897,0.000018128));
#579=CARTESIAN_POINT('',(162.698814014,189.187770818,0.000018128));
#580=CARTESIAN_POINT('',(161.963550096,189.861352279,0.000018128));
#581=CARTESIAN_POINT('',(161.216939803,190.523804161,0.000018128));
#582=CARTESIAN_POINT('',(160.459008395,191.175151241,0.000018128));
#583=CARTESIAN_POINT('',(159.701076987,191.826498322,0.000018128));
#584=CARTESIAN_POINT('',(158.932675068,192.465953015,0.000018128));
#585=CARTESIAN_POINT('',(158.157125999,193.091079054,0.000018128));
#586=CARTESIAN_POINT('',(155.054929723,195.591583213,0.000018128));
#587=CARTESIAN_POINT('',(151.824732539,197.876835313,0.000018128));
#588=CARTESIAN_POINT('',(148.470433616,199.95339237,0.000018128));
#589=CARTESIAN_POINT('',(145.116134693,202.029949428,0.000018128));
#590=CARTESIAN_POINT('',(141.637794377,203.897912924,0.000018128));
#591=CARTESIAN_POINT('',(138.04386588,205.571498159,0.000018128));
#592=CARTESIAN_POINT('',(136.246901632,206.408290776,0.000018128));
#593=CARTESIAN_POINT('',(134.420969012,207.196368883,0.000018128));
#594=CARTESIAN_POINT('',(132.566710048,207.936812142,0.000018128));
#595=CARTESIAN_POINT('',(130.712451085,208.677255401,0.000018128));
#596=CARTESIAN_POINT('',(128.839648132,209.366111251,0.000018128));
#597=CARTESIAN_POINT('',(126.952132271,210.004763522,0.000018128));
#598=CARTESIAN_POINT('',(125.06461641,210.643415794,0.000018128));
#599=CARTESIAN_POINT('',(123.161393593,211.232217799,0.000018128));
#600=CARTESIAN_POINT('',(121.24325045,211.773666123,0.000018128));
#601=CARTESIAN_POINT('',(120.284178879,212.044390285,0.000018128));
#602=CARTESIAN_POINT('',(119.321377223,212.303276014,0.000018128));
#603=CARTESIAN_POINT('',(118.354943801,212.550635354,0.000018128));
#604=CARTESIAN_POINT('',(117.388510378,212.797994694,0.000018128));
#605=CARTESIAN_POINT('',(116.417726981,213.033984185,0.000018128));
#606=CARTESIAN_POINT('',(115.445960119,213.258189356,0.000018128));
#607=CARTESIAN_POINT('',(111.558892671,214.155010042,0.000018128));
#608=CARTESIAN_POINT('',(107.651392852,214.865178413,0.000018128));
#609=CARTESIAN_POINT('',(103.72662107,215.417565174,0.000018128));
#610=CARTESIAN_POINT('',(95.877077504,216.522338696,0.000018128));
#611=CARTESIAN_POINT('',(87.95815751,216.993349652,0.000018128));
#612=CARTESIAN_POINT('',(79.987401932,216.990835899,0.000018128));
#613=B_SPLINE_CURVE_WITH_KNOTS('',3,(#537,#538,#539,#540,#541,#542,#543,#544,#545,#546,#547,#548,#549,#550,#551,#552,#553,#554,#555,#556,#557,#558,#559,#560,#561,#562,
#563,#564,#565,#566,#567,#568,#569,#570,#571,#572,#573,#574,#575,#576,#577,#578,#579,#580,#581,#582,#583,#584,#585,#586,#587,
#588,#589,#590,#591,#592,#593,#594,#595,#596,#597,#598,#599,#600,#601,#602,#603,#604,#605,#606,#607,#608,#609,#610,#611,#612),.UNSPECIFIED.,.F.,.F.,(4,3,3,3,3,3,3,3,3,3,3,3,3,3,3,3,3,3,3,3,3,3,3,3,3,4),(0.,0.011961351,0.023922701,0.029903376,0.035884052,0.047845402,0.05083574,0.053826078,0.059806753,0.071768104,0.083729454,0.086719792,0.089710129,0.095690805,0.10167148,0.104661818,0.107652155,0.119613506,0.131574857,0.137555532,0.143536207,0.149516882,0.15250722,0.155497558,0.167458908,0.19138161),.UNSPECIFIED.);
#614=EDGE_CURVE('',#530,#355,#613,.T.);
#615=ORIENTED_EDGE('',*,*,#614,.T.);
#616=ORIENTED_EDGE('',*,*,#361,.T.);
#617=EDGE_LOOP('',(#528,#536,#615,#616));
#618=FACE_BOUND('',#617,.T.);
#619=ADVANCED_FACE('',(#618),#447,.T.);
#620=CARTESIAN_POINT('',(196.902533526,76.499981872,0.000018128));
#621=DIRECTION('',(1.,-0.,0.));
#622=DIRECTION('',(0.,1.,0.));
#623=AXIS2_PLACEMENT_3D('',#620,#621,#622);
#624=PLANE('',#623);
#625=CARTESIAN_POINT('',(196.902533526,68.999981872,3.000018128));
#626=DIRECTION('',(0.,1.,0.));
#627=VECTOR('',#626,28.);
#628=LINE('',#625,#627);
#629=EDGE_CURVE('',#52,#449,#628,.T.);
#630=ORIENTED_EDGE('',*,*,#629,.F.);
#631=ORIENTED_EDGE('',*,*,#57,.F.);
#632=CARTESIAN_POINT('',(196.902533526,68.999981872,0.000018128));
#633=DIRECTION('',(0.,1.,0.));
#634=VECTOR('',#633,28.);
#635=LINE('',#632,#634);
#636=EDGE_CURVE('',#44,#530,#635,.T.);
#637=ORIENTED_EDGE('',*,*,#636,.T.);
#638=ORIENTED_EDGE('',*,*,#535,.T.);
#639=EDGE_LOOP('',(#630,#631,#637,#638));
#640=FACE_BOUND('',#639,.T.);
#641=ADVANCED_FACE('',(#640),#624,.T.);
#642=CARTESIAN_POINT('',(116.797711896,76.499981872,0.000018128));
#643=DIRECTION('',(-1.,0.,0.));
#644=DIRECTION('',(-0.,-1.,0.));
#645=AXIS2_PLACEMENT_3D('',#642,#643,#644);
#646=PLANE('',#645);
#647=CARTESIAN_POINT('',(116.797711896,76.999981872,2.39606569));
#648=VERTEX_POINT('',#647);
#649=CARTESIAN_POINT('',(116.797711894,68.999981872,2.396065731));
#650=DIRECTION('',(0.,1.,0.));
#651=VECTOR('',#650,8.);
#652=LINE('',#649,#651);
#653=EDGE_CURVE('',#35,#648,#652,.T.);
#654=ORIENTED_EDGE('',*,*,#653,.F.);
#655=ORIENTED_EDGE('',*,*,#71,.T.);
#656=CARTESIAN_POINT('',(116.797711896,96.999981872,3.000018128));
#657=VERTEX_POINT('',#656);
#658=CARTESIAN_POINT('',(116.797711896,96.999981872,3.000018128));
#659=DIRECTION('',(-0.,-1.,0.));
#660=VECTOR('',#659,28.);
#661=LINE('',#658,#660);
#662=EDGE_CURVE('',#657,#60,#661,.T.);
#663=ORIENTED_EDGE('',*,*,#662,.F.);
#664=CARTESIAN_POINT('',(116.797711896,96.999981872,0.000018128));
#665=VERTEX_POINT('',#664);
#666=CARTESIAN_POINT('',(116.797711896,96.999981872,0.000018128));
#667=DIRECTION('',(0.,0.,1.));
#668=VECTOR('',#667,3.);
#669=LINE('',#666,#668);
#670=EDGE_CURVE('',#665,#657,#669,.T.);
#671=ORIENTED_EDGE('',*,*,#670,.F.);
#672=CARTESIAN_POINT('',(116.797711896,76.999981872,0.000018128));
#673=VERTEX_POINT('',#672);
#674=CARTESIAN_POINT('',(116.797711896,96.999981872,0.000018128));
#675=DIRECTION('',(-0.,-1.,0.));
#676=VECTOR('',#675,20.);
#677=LINE('',#674,#676);
#678=EDGE_CURVE('',#665,#673,#677,.T.);
#679=ORIENTED_EDGE('',*,*,#678,.T.);
#680=CARTESIAN_POINT('',(116.797711896,76.999981872,0.000018128));
#681=DIRECTION('',(0.,0.,1.));
#682=VECTOR('',#681,2.396047562);
#683=LINE('',#680,#682);
#684=EDGE_CURVE('',#673,#648,#683,.T.);
#685=ORIENTED_EDGE('',*,*,#684,.T.);
#686=EDGE_LOOP('',(#654,#655,#663,#671,#679,#685));
#687=FACE_BOUND('',#686,.T.);
#688=ADVANCED_FACE('',(#687),#646,.T.);
#689=CARTESIAN_POINT('',(116.797711896,96.999981872,0.000018128));
#690=CARTESIAN_POINT('',(116.797711896,96.999981872,3.000018128));
#691=CARTESIAN_POINT('',(116.797711896,102.175141548,0.000018128));
#692=CARTESIAN_POINT('',(116.797711896,102.175141548,3.000018128));
#693=CARTESIAN_POINT('',(116.214595992,111.292896876,0.000018128));
#694=CARTESIAN_POINT('',(116.214595992,111.292896876,3.000018128));
#695=CARTESIAN_POINT('',(114.086235593,120.941165146,0.000018128));
#696=CARTESIAN_POINT('',(114.086235593,120.941165146,3.000018128));
#697=CARTESIAN_POINT('',(111.526615292,126.687191876,0.000018128));
#698=CARTESIAN_POINT('',(111.526615292,126.687191876,3.000018128));
#699=CARTESIAN_POINT('',(109.275764439,129.623367339,0.000018128));
#700=CARTESIAN_POINT('',(109.275764439,129.623367339,3.000018128));
#701=CARTESIAN_POINT('',(106.794277355,131.72213144,0.000018128));
#702=CARTESIAN_POINT('',(106.794277355,131.72213144,3.000018128));
#703=CARTESIAN_POINT('',(102.102753956,134.100070129,0.000018128));
#704=CARTESIAN_POINT('',(102.102753956,134.100070129,3.000018128));
#705=CARTESIAN_POINT('',(93.568333785,136.254628249,0.000018128));
#706=CARTESIAN_POINT('',(93.568333785,136.254628249,3.000018128));
#707=CARTESIAN_POINT('',(84.995821018,136.8875898,0.000018128));
#708=CARTESIAN_POINT('',(84.995821018,136.8875898,3.000018128));
#709=CARTESIAN_POINT('',(80.012664758,136.886018252,0.000018128));
#710=CARTESIAN_POINT('',(80.012664758,136.886018252,3.000018128));
#711=B_SPLINE_SURFACE_WITH_KNOTS('',3,1,((#689,#690),(#691,#692),(#693,#694),(#695,#696),(#697,#698),(#699,#700),(#701,#702),(#703,#704),(#705,#706),(#707,#708),(#709,#710)),.UNSPECIFIED.,.F.,.F.,.U.,(4,1,1,1,1,1,1,1,4),(2,2),(0.,0.125,0.25,0.375,0.5,0.625,0.75,0.875,1.),(0.,1.),.UNSPECIFIED.);
#712=CARTESIAN_POINT('',(80.012664758,136.886018252,3.000018128));
#713=VERTEX_POINT('',#712);
#714=CARTESIAN_POINT('',(116.797711896,96.999981872,3.000018128));
#715=CARTESIAN_POINT('',(116.797711896,102.175141548,3.000018128));
#716=CARTESIAN_POINT('',(116.214595992,111.292896876,3.000018128));
#717=CARTESIAN_POINT('',(114.086235593,120.941165146,3.000018128));
#718=CARTESIAN_POINT('',(111.526615292,126.687191876,3.000018128));
#719=CARTESIAN_POINT('',(109.275764439,129.623367339,3.000018128));
#720=CARTESIAN_POINT('',(106.794277355,131.72213144,3.000018128));
#721=CARTESIAN_POINT('',(102.102753956,134.100070129,3.000018128));
#722=CARTESIAN_POINT('',(93.568333785,136.254628249,3.000018128));
#723=CARTESIAN_POINT('',(84.995821018,136.8875898,3.000018128));
#724=CARTESIAN_POINT('',(80.012664758,136.886018252,3.000018128));
#725=B_SPLINE_CURVE_WITH_KNOTS('',3,(#714,#715,#716,#717,#718,#719,#720,#721,#722,#723,#724),.UNSPECIFIED.,.F.,.F.,(4,1,1,1,1,1,1,1,4),(0.,0.125,0.25,0.375,0.5,0.625,0.75,0.875,1.),.UNSPECIFIED.);
#726=EDGE_CURVE('',#657,#713,#725,.T.);
#727=ORIENTED_EDGE('',*,*,#726,.T.);
#728=CARTESIAN_POINT('',(80.012664758,136.886018252,0.000018128));
#729=VERTEX_POINT('',#728);
#730=CARTESIAN_POINT('',(80.012664758,136.886018252,0.000018128));
#731=DIRECTION('',(0.,0.,1.));
#732=VECTOR('',#731,3.);
#733=LINE('',#730,#732);
#734=EDGE_CURVE('',#729,#713,#733,.T.);
#735=ORIENTED_EDGE('',*,*,#734,.F.);
#736=CARTESIAN_POINT('',(116.797711896,96.999981872,0.000018128));
#737=CARTESIAN_POINT('',(116.797711896,102.175141548,0.000018128));
#738=CARTESIAN_POINT('',(116.214595992,111.292896876,0.000018128));
#739=CARTESIAN_POINT('',(114.086235593,120.941165146,0.000018128));
#740=CARTESIAN_POINT('',(111.526615292,126.687191876,0.000018128));
#741=CARTESIAN_POINT('',(109.275764439,129.623367339,0.000018128));
#742=CARTESIAN_POINT('',(106.794277355,131.72213144,0.000018128));
#743=CARTESIAN_POINT('',(102.102753956,134.100070129,0.000018128));
#744=CARTESIAN_POINT('',(93.568333785,136.254628249,0.000018128));
#745=CARTESIAN_POINT('',(84.995821018,136.8875898,0.000018128));
#746=CARTESIAN_POINT('',(80.012664758,136.886018252,0.000018128));
#747=B_SPLINE_CURVE_WITH_KNOTS('',3,(#736,#737,#738,#739,#740,#741,#742,#743,#744,#745,#746),.UNSPECIFIED.,.F.,.F.,(4,1,1,1,1,1,1,1,4),(0.,0.125,0.25,0.375,0.5,0.625,0.75,0.875,1.),.UNSPECIFIED.);
#748=EDGE_CURVE('',#665,#729,#747,.T.);
#749=ORIENTED_EDGE('',*,*,#748,.F.);
#750=ORIENTED_EDGE('',*,*,#670,.T.);
#751=EDGE_LOOP('',(#727,#735,#749,#750));
#752=FACE_BOUND('',#751,.T.);
#753=ADVANCED_FACE('',(#752),#711,.F.);
#754=CARTESIAN_POINT('',(61.,176.999999833,0.000018128));
#755=DIRECTION('',(1.,0.,0.));
#756=DIRECTION('',(0.,0.,-1.));
#757=AXIS2_PLACEMENT_3D('',#754,#755,#756);
#758=PLANE('',#757);
#759=CARTESIAN_POINT('',(61.,196.280025144,3.000018128));
#760=VERTEX_POINT('',#759);
#761=CARTESIAN_POINT('',(61.,196.284846774,3.000018128));
#762=VERTEX_POINT('',#761);
#763=CARTESIAN_POINT('',(61.,196.280025144,3.000018128));
#764=DIRECTION('',(0.,1.,0.));
#765=VECTOR('',#764,0.004821631);
#766=LINE('',#763,#765);
#767=EDGE_CURVE('',#760,#762,#766,.T.);
#768=ORIENTED_EDGE('',*,*,#767,.F.);
#769=CARTESIAN_POINT('',(61.,196.280025144,0.000018128));
#770=VERTEX_POINT('',#769);
#771=CARTESIAN_POINT('',(61.,196.280025144,3.000018128));
#772=DIRECTION('',(0.,0.,-1.));
#773=VECTOR('',#772,3.);
#774=LINE('',#771,#773);
#775=EDGE_CURVE('',#760,#770,#774,.T.);
#776=ORIENTED_EDGE('',*,*,#775,.T.);
#777=CARTESIAN_POINT('',(61.,196.284846774,0.000018128));
#778=VERTEX_POINT('',#777);
#779=CARTESIAN_POINT('',(61.,196.280025144,0.000018128));
#780=DIRECTION('',(0.,1.,0.));
#781=VECTOR('',#780,0.004821631);
#782=LINE('',#779,#781);
#783=EDGE_CURVE('',#770,#778,#782,.T.);
#784=ORIENTED_EDGE('',*,*,#783,.T.);
#785=CARTESIAN_POINT('',(61.,196.284846774,3.000018128));
#786=DIRECTION('',(0.,0.,-1.));
#787=VECTOR('',#786,3.);
#788=LINE('',#785,#787);
#789=EDGE_CURVE('',#762,#778,#788,.T.);
#790=ORIENTED_EDGE('',*,*,#789,.F.);
#791=EDGE_LOOP('',(#768,#776,#784,#790));
#792=FACE_BOUND('',#791,.T.);
#793=ADVANCED_FACE('',(#792),#758,.T.);
#794=CARTESIAN_POINT('',(69.993932207,196.282861578,0.000018128));
#795=DIRECTION('',(0.000315372,-0.99999995,0.));
#796=DIRECTION('',(0.99999995,0.000315372,0.));
#797=AXIS2_PLACEMENT_3D('',#794,#795,#796);
#798=PLANE('',#797);
#799=ORIENTED_EDGE('',*,*,#775,.F.);
#800=CARTESIAN_POINT('',(79.993931657,196.286015298,3.000018128));
#801=VERTEX_POINT('',#800);
#802=CARTESIAN_POINT('',(61.,196.280025144,3.000018128));
#803=DIRECTION('',(0.99999995,0.000315372,0.));
#804=VECTOR('',#803,18.993932602);
#805=LINE('',#802,#804);
#806=EDGE_CURVE('',#760,#801,#805,.T.);
#807=ORIENTED_EDGE('',*,*,#806,.T.);
#808=CARTESIAN_POINT('',(79.993931657,196.286015298,0.000018128));
#809=VERTEX_POINT('',#808);
#810=CARTESIAN_POINT('',(79.99393165,196.286015297,0.000018128));
#811=CARTESIAN_POINT('',(79.99393165,196.286015297,1.000018128));
#812=CARTESIAN_POINT('',(79.99393165,196.286015297,2.000018128));
#813=CARTESIAN_POINT('',(79.99393165,196.286015297,3.000018128));
#814=B_SPLINE_CURVE_WITH_KNOTS('',3,(#810,#811,#812,#813),.UNSPECIFIED.,.F.,.F.,(4,4),(0.,1.),.UNSPECIFIED.);
#815=EDGE_CURVE('',#809,#801,#814,.T.);
#816=ORIENTED_EDGE('',*,*,#815,.F.);
#817=CARTESIAN_POINT('',(61.,196.280025144,0.000018128));
#818=DIRECTION('',(0.99999995,0.000315372,0.));
#819=VECTOR('',#818,18.993932602);
#820=LINE('',#817,#819);
#821=EDGE_CURVE('',#770,#809,#820,.T.);
#822=ORIENTED_EDGE('',*,*,#821,.F.);
#823=EDGE_LOOP('',(#799,#807,#816,#822));
#824=FACE_BOUND('',#823,.T.);
#825=ADVANCED_FACE('',(#824),#798,.F.);
#826=CARTESIAN_POINT('',(79.99393165,196.286015297,0.000018128));
#827=CARTESIAN_POINT('',(79.99393165,196.286015297,3.000018128));
#828=CARTESIAN_POINT('',(80.585950444,196.285989498,0.000018128));
#829=CARTESIAN_POINT('',(80.585950444,196.285989498,3.000018128));
#830=CARTESIAN_POINT('',(81.179632182,196.283226676,0.000018128));
#831=CARTESIAN_POINT('',(81.179632182,196.283226676,3.000018128));
#832=CARTESIAN_POINT('',(81.774983098,196.277613917,0.000018128));
#833=CARTESIAN_POINT('',(81.774983098,196.277613917,3.000018128));
#834=CARTESIAN_POINT('',(82.372104286,196.271528615,0.000018128));
#835=CARTESIAN_POINT('',(82.372104286,196.271528615,3.000018128));
#836=CARTESIAN_POINT('',(82.970881136,196.262556848,0.000018128));
#837=CARTESIAN_POINT('',(82.970881136,196.262556848,3.000018128));
#838=CARTESIAN_POINT('',(83.571318535,196.250585203,0.000018128));
#839=CARTESIAN_POINT('',(83.571318535,196.250585203,3.000018128));
#840=CARTESIAN_POINT('',(84.173503869,196.238085506,0.000018128));
#841=CARTESIAN_POINT('',(84.173503869,196.238085506,3.000018128));
#842=CARTESIAN_POINT('',(84.777333446,196.22254848,0.000018128));
#843=CARTESIAN_POINT('',(84.777333446,196.22254848,3.000018128));
#844=CARTESIAN_POINT('',(85.382810707,196.203860295,0.000018128));
#845=CARTESIAN_POINT('',(85.382810707,196.203860295,3.000018128));
#846=CARTESIAN_POINT('',(85.990009236,196.184587297,0.000018128));
#847=CARTESIAN_POINT('',(85.990009236,196.184587297,3.000018128));
#848=CARTESIAN_POINT('',(86.598836161,196.162124946,0.000018128));
#849=CARTESIAN_POINT('',(86.598836161,196.162124946,3.000018128));
#850=CARTESIAN_POINT('',(87.209293385,196.136359088,0.000018128));
#851=CARTESIAN_POINT('',(87.209293385,196.136359088,3.000018128));
#852=CARTESIAN_POINT('',(87.885785596,196.107139851,0.000018128));
#853=CARTESIAN_POINT('',(87.885785596,196.107139851,3.000018128));
#854=CARTESIAN_POINT('',(88.564938788,196.073802658,0.000018128));
#855=CARTESIAN_POINT('',(88.564938788,196.073802658,3.000018128));
#856=CARTESIAN_POINT('',(89.246678443,196.036145969,0.000018128));
#857=CARTESIAN_POINT('',(89.246678443,196.036145969,3.000018128));
#858=CARTESIAN_POINT('',(89.931171526,195.997566308,0.000018128));
#859=CARTESIAN_POINT('',(89.931171526,195.997566308,3.000018128));
#860=CARTESIAN_POINT('',(90.618256298,195.954591589,0.000018128));
#861=CARTESIAN_POINT('',(90.618256298,195.954591589,3.000018128));
#862=CARTESIAN_POINT('',(91.307856589,195.907018132,0.000018128));
#863=CARTESIAN_POINT('',(91.307856589,195.907018132,3.000018128));
#864=CARTESIAN_POINT('',(92.00021549,195.858405165,0.000018128));
#865=CARTESIAN_POINT('',(92.00021549,195.858405165,3.000018128));
#866=CARTESIAN_POINT('',(92.695091434,195.805113655,0.000018128));
#867=CARTESIAN_POINT('',(92.695091434,195.805113655,3.000018128));
#868=CARTESIAN_POINT('',(93.392406202,195.746937824,0.000018128));
#869=CARTESIAN_POINT('',(93.392406202,195.746937824,3.000018128));
#870=CARTESIAN_POINT('',(94.092478606,195.687599659,0.000018128));
#871=CARTESIAN_POINT('',(94.092478606,195.687599659,3.000018128));
#872=CARTESIAN_POINT('',(94.794986843,195.623293244,0.000018128));
#873=CARTESIAN_POINT('',(94.794986843,195.623293244,3.000018128));
#874=CARTESIAN_POINT('',(95.49985022,195.553810785,0.000018128));
#875=CARTESIAN_POINT('',(95.49985022,195.553810785,3.000018128));
#876=CARTESIAN_POINT('',(96.206310007,195.483151802,0.000018128));
#877=CARTESIAN_POINT('',(96.206310007,195.483151802,3.000018128));
#878=CARTESIAN_POINT('',(96.915891467,195.407161551,0.000018128));
#879=CARTESIAN_POINT('',(96.915891467,195.407161551,3.000018128));
#880=CARTESIAN_POINT('',(97.628496846,195.325572904,0.000018128));
#881=CARTESIAN_POINT('',(97.628496846,195.325572904,3.000018128));
#882=CARTESIAN_POINT('',(98.344610302,195.242448168,0.000018128));
#883=CARTESIAN_POINT('',(98.344610302,195.242448168,3.000018128));
#884=CARTESIAN_POINT('',(99.063735297,195.153606834,0.000018128));
#885=CARTESIAN_POINT('',(99.063735297,195.153606834,3.000018128));
#886=CARTESIAN_POINT('',(99.785769892,195.058778758,0.000018128));
#887=CARTESIAN_POINT('',(99.785769892,195.058778758,3.000018128));
#888=CARTESIAN_POINT('',(100.511287378,194.962232878,0.000018128));
#889=CARTESIAN_POINT('',(100.511287378,194.962232878,3.000018128));
#890=CARTESIAN_POINT('',(101.239692941,194.859576287,0.000018128));
#891=CARTESIAN_POINT('',(101.239692941,194.859576287,3.000018128));
#892=CARTESIAN_POINT('',(101.970879671,194.750536111,0.000018128));
#893=CARTESIAN_POINT('',(101.970879671,194.750536111,3.000018128));
#894=CARTESIAN_POINT('',(102.337765109,194.695304678,0.000018128));
#895=CARTESIAN_POINT('',(102.337765109,194.695304678,3.000018128));
#896=CARTESIAN_POINT('',(102.705340003,194.638453234,0.000018128));
#897=CARTESIAN_POINT('',(102.705340003,194.638453234,3.000018128));
#898=CARTESIAN_POINT('',(103.073590458,194.579947445,0.000018128));
#899=CARTESIAN_POINT('',(103.073590458,194.579947445,3.000018128));
#900=CARTESIAN_POINT('',(103.442695048,194.520940329,0.000018128));
#901=CARTESIAN_POINT('',(103.442695048,194.520940329,3.000018128));
#902=CARTESIAN_POINT('',(103.812470424,194.460262455,0.000018128));
#903=CARTESIAN_POINT('',(103.812470424,194.460262455,3.000018128));
#904=CARTESIAN_POINT('',(104.182902305,194.397879357,0.000018128));
#905=CARTESIAN_POINT('',(104.182902305,194.397879357,3.000018128));
#906=CARTESIAN_POINT('',(104.582152409,194.330214432,0.000018128));
#907=CARTESIAN_POINT('',(104.582152409,194.330214432,3.000018128));
#908=CARTESIAN_POINT('',(104.982513551,194.26049531,0.000018128));
#909=CARTESIAN_POINT('',(104.982513551,194.26049531,3.000018128));
#910=CARTESIAN_POINT('',(105.383957245,194.188665086,0.000018128));
#911=CARTESIAN_POINT('',(105.383957245,194.188665086,3.000018128));
#912=CARTESIAN_POINT('',(105.786732496,194.11612251,0.000018128));
#913=CARTESIAN_POINT('',(105.786732496,194.11612251,3.000018128));
#914=CARTESIAN_POINT('',(106.190587938,194.041438756,0.000018128));
#915=CARTESIAN_POINT('',(106.190587938,194.041438756,3.000018128));
#916=CARTESIAN_POINT('',(106.595494461,193.964556422,0.000018128));
#917=CARTESIAN_POINT('',(106.595494461,193.964556422,3.000018128));
#918=CARTESIAN_POINT('',(107.001728025,193.886915891,0.000018128));
#919=CARTESIAN_POINT('',(107.001728025,193.886915891,3.000018128));
#920=CARTESIAN_POINT('',(107.409008977,193.80704574,0.000018128));
#921=CARTESIAN_POINT('',(107.409008977,193.80704574,3.000018128));
#922=CARTESIAN_POINT('',(107.817307501,193.724888096,0.000018128));
#923=CARTESIAN_POINT('',(107.817307501,193.724888096,3.000018128));
#924=CARTESIAN_POINT('',(108.226926436,193.641924999,0.000018128));
#925=CARTESIAN_POINT('',(108.226926436,193.641924999,3.000018128));
#926=CARTESIAN_POINT('',(108.637557761,193.556642454,0.000018128));
#927=CARTESIAN_POINT('',(108.637557761,193.556642454,3.000018128));
#928=CARTESIAN_POINT('',(109.049170873,193.468982149,0.000018128));
#929=CARTESIAN_POINT('',(109.049170873,193.468982149,3.000018128));
#930=CARTESIAN_POINT('',(109.462095407,193.380467811,0.000018128));
#931=CARTESIAN_POINT('',(109.462095407,193.380467811,3.000018128));
#932=CARTESIAN_POINT('',(109.875994891,193.289542909,0.000018128));
#933=CARTESIAN_POINT('',(109.875994891,193.289542909,3.000018128));
#934=CARTESIAN_POINT('',(110.290837854,193.196148727,0.000018128));
#935=CARTESIAN_POINT('',(110.290837854,193.196148727,3.000018128));
#936=CARTESIAN_POINT('',(110.706980644,193.101850717,0.000018128));
#937=CARTESIAN_POINT('',(110.706980644,193.101850717,3.000018128));
#938=CARTESIAN_POINT('',(111.124058252,193.005049855,0.000018128));
#939=CARTESIAN_POINT('',(111.124058252,193.005049855,3.000018128));
#940=CARTESIAN_POINT('',(111.542038255,192.905687063,0.000018128));
#941=CARTESIAN_POINT('',(111.542038255,192.905687063,3.000018128));
#942=CARTESIAN_POINT('',(111.961303628,192.805369567,0.000018128));
#943=CARTESIAN_POINT('',(111.961303628,192.805369567,3.000018128));
#944=CARTESIAN_POINT('',(112.381460743,192.702455897,0.000018128));
#945=CARTESIAN_POINT('',(112.381460743,192.702455897,3.000018128));
#946=CARTESIAN_POINT('',(112.802476137,192.596886665,0.000018128));
#947=CARTESIAN_POINT('',(112.802476137,192.596886665,3.000018128));
#948=CARTESIAN_POINT('',(113.224759328,192.490310926,0.000018128));
#949=CARTESIAN_POINT('',(113.224759328,192.490310926,3.000018128));
#950=CARTESIAN_POINT('',(113.647887982,192.381044822,0.000018128));
#951=CARTESIAN_POINT('',(113.647887982,192.381044822,3.000018128));
#952=CARTESIAN_POINT('',(114.071827513,192.269028716,0.000018128));
#953=CARTESIAN_POINT('',(114.071827513,192.269028716,3.000018128));
#954=CARTESIAN_POINT('',(114.43221507,192.173233695,0.000018128));
#955=CARTESIAN_POINT('',(114.43221507,192.173233695,3.000018128));
#956=CARTESIAN_POINT('',(114.79346021,192.075361348,0.000018128));
#957=CARTESIAN_POINT('',(114.79346021,192.075361348,3.000018128));
#958=CARTESIAN_POINT('',(115.155532852,191.975365777,0.000018128));
#959=CARTESIAN_POINT('',(115.155532852,191.975365777,3.000018128));
#960=CARTESIAN_POINT('',(115.518776942,191.87448985,0.000018128));
#961=CARTESIAN_POINT('',(115.518776942,191.87448985,3.000018128));
#962=CARTESIAN_POINT('',(115.882843522,191.771460371,0.000018128));
#963=CARTESIAN_POINT('',(115.882843522,191.771460371,3.000018128));
#964=CARTESIAN_POINT('',(116.247701791,191.666231043,0.000018128));
#965=CARTESIAN_POINT('',(116.247701791,191.666231043,3.000018128));
#966=CARTESIAN_POINT('',(116.613722869,191.560075283,0.000018128));
#967=CARTESIAN_POINT('',(116.613722869,191.560075283,3.000018128));
#968=CARTESIAN_POINT('',(116.980529102,191.451688581,0.000018128));
#969=CARTESIAN_POINT('',(116.980529102,191.451688581,3.000018128));
#970=CARTESIAN_POINT('',(117.34808889,191.341024276,0.000018128));
#971=CARTESIAN_POINT('',(117.34808889,191.341024276,3.000018128));
#972=CARTESIAN_POINT('',(117.716800456,191.229386369,0.000018128));
#973=CARTESIAN_POINT('',(117.716800456,191.229386369,3.000018128));
#974=CARTESIAN_POINT('',(118.086257373,191.115439074,0.000018128));
#975=CARTESIAN_POINT('',(118.086257373,191.115439074,3.000018128));
#976=CARTESIAN_POINT('',(118.456427164,190.999135405,0.000018128));
#977=CARTESIAN_POINT('',(118.456427164,190.999135405,3.000018128));
#978=CARTESIAN_POINT('',(118.827735083,190.881809984,0.000018128));
#979=CARTESIAN_POINT('',(118.827735083,190.881809984,3.000018128));
#980=CARTESIAN_POINT('',(119.199745848,190.762095798,0.000018128));
#981=CARTESIAN_POINT('',(119.199745848,190.762095798,3.000018128));
#982=CARTESIAN_POINT('',(119.572426035,190.63994558,0.000018128));
#983=CARTESIAN_POINT('',(119.572426035,190.63994558,3.000018128));
#984=CARTESIAN_POINT('',(119.946227843,190.516724626,0.000018128));
#985=CARTESIAN_POINT('',(119.946227843,190.516724626,3.000018128));
#986=CARTESIAN_POINT('',(120.320687066,190.391034742,0.000018128));
#987=CARTESIAN_POINT('',(120.320687066,190.391034742,3.000018128));
#988=CARTESIAN_POINT('',(120.695769249,190.262828438,0.000018128));
#989=CARTESIAN_POINT('',(120.695769249,190.262828438,3.000018128));
#990=CARTESIAN_POINT('',(121.071953465,190.133501738,0.000018128));
#991=CARTESIAN_POINT('',(121.071953465,190.133501738,3.000018128));
#992=CARTESIAN_POINT('',(121.448746501,190.001625329,0.000018128));
#993=CARTESIAN_POINT('',(121.448746501,190.001625329,3.000018128));
#994=CARTESIAN_POINT('',(121.826112798,189.867151559,0.000018128));
#995=CARTESIAN_POINT('',(121.826112798,189.867151559,3.000018128));
#996=CARTESIAN_POINT('',(122.204558224,189.731507247,0.000018128));
#997=CARTESIAN_POINT('',(122.204558224,189.731507247,3.000018128));
#998=CARTESIAN_POINT('',(122.583560483,189.593232028,0.000018128));
#999=CARTESIAN_POINT('',(122.583560483,189.593232028,3.000018128));
#1000=CARTESIAN_POINT('',(122.963082836,189.45227816,0.000018128));
#1001=CARTESIAN_POINT('',(122.963082836,189.45227816,3.000018128));
#1002=CARTESIAN_POINT('',(123.38302316,189.295349013,0.000018128));
#1003=CARTESIAN_POINT('',(123.38302316,189.295349013,3.000018128));
#1004=CARTESIAN_POINT('',(123.80376092,189.135044158,0.000018128));
#1005=CARTESIAN_POINT('',(123.80376092,189.135044158,3.000018128));
#1006=CARTESIAN_POINT('',(124.225234762,188.971293633,0.000018128));
#1007=CARTESIAN_POINT('',(124.225234762,188.971293633,3.000018128));
#1008=CARTESIAN_POINT('',(124.648149442,188.805904728,0.000018128));
#1009=CARTESIAN_POINT('',(124.648149442,188.805904728,3.000018128));
#1010=CARTESIAN_POINT('',(125.07178306,188.637013064,0.000018128));
#1011=CARTESIAN_POINT('',(125.07178306,188.637013064,3.000018128));
#1012=CARTESIAN_POINT('',(125.49607224,188.464548117,0.000018128));
#1013=CARTESIAN_POINT('',(125.49607224,188.464548117,3.000018128));
#1014=CARTESIAN_POINT('',(125.92177342,188.290358367,0.000018128));
#1015=CARTESIAN_POINT('',(125.92177342,188.290358367,3.000018128));
#1016=CARTESIAN_POINT('',(126.348108778,188.112537249,0.000018128));
#1017=CARTESIAN_POINT('',(126.348108778,188.112537249,3.000018128));
#1018=CARTESIAN_POINT('',(126.775012719,187.931013812,0.000018128));
#1019=CARTESIAN_POINT('',(126.775012719,187.931013812,3.000018128));
#1020=CARTESIAN_POINT('',(127.203293174,187.747677878,0.000018128));
#1021=CARTESIAN_POINT('',(127.203293174,187.747677878,3.000018128));
#1022=CARTESIAN_POINT('',(127.6321162,187.560580849,0.000018128));
#1023=CARTESIAN_POINT('',(127.6321162,187.560580849,3.000018128));
#1024=CARTESIAN_POINT('',(128.061413794,187.369651514,0.000018128));
#1025=CARTESIAN_POINT('',(128.061413794,187.369651514,3.000018128));
#1026=CARTESIAN_POINT('',(128.49243504,187.176646058,0.000018128));
#1027=CARTESIAN_POINT('',(128.49243504,187.176646058,3.000018128));
#1028=CARTESIAN_POINT('',(128.923891947,186.979746089,0.000018128));
#1029=CARTESIAN_POINT('',(128.923891947,186.979746089,3.000018128));
#1030=CARTESIAN_POINT('',(129.355710536,186.778882114,0.000018128));
#1031=CARTESIAN_POINT('',(129.355710536,186.778882114,3.000018128));
#1032=CARTESIAN_POINT('',(129.788815188,186.576024804,0.000018128));
#1033=CARTESIAN_POINT('',(129.788815188,186.576024804,3.000018128));
#1034=CARTESIAN_POINT('',(130.222254239,186.36913998,0.000018128));
#1035=CARTESIAN_POINT('',(130.222254239,186.36913998,3.000018128));
#1036=CARTESIAN_POINT('',(130.655951019,186.158157871,0.000018128));
#1037=CARTESIAN_POINT('',(130.655951019,186.158157871,3.000018128));
#1038=CARTESIAN_POINT('',(130.873265823,186.051885464,0.000018128));
#1039=CARTESIAN_POINT('',(130.873265823,186.051885464,3.000018128));
#1040=CARTESIAN_POINT('',(131.090639001,185.944576764,0.000018128));
#1041=CARTESIAN_POINT('',(131.090639001,185.944576764,3.000018128));
#1042=CARTESIAN_POINT('',(131.3080607,185.83622304,0.000018128));
#1043=CARTESIAN_POINT('',(131.3080607,185.83622304,3.000018128));
#1044=CARTESIAN_POINT('',(131.52578623,185.727335107,0.000018128));
#1045=CARTESIAN_POINT('',(131.52578623,185.727335107,3.000018128));
#1046=CARTESIAN_POINT('',(131.743555804,185.617394166,0.000018128));
#1047=CARTESIAN_POINT('',(131.743555804,185.617394166,3.000018128));
#1048=CARTESIAN_POINT('',(131.961359381,185.506391492,0.000018128));
#1049=CARTESIAN_POINT('',(131.961359381,185.506391492,3.000018128));
#1050=CARTESIAN_POINT('',(132.179459788,185.39484264,0.000018128));
#1051=CARTESIAN_POINT('',(132.179459788,185.39484264,3.000018128));
#1052=CARTESIAN_POINT('',(132.397589338,185.282224086,0.000018128));
#1053=CARTESIAN_POINT('',(132.397589338,185.282224086,3.000018128));
#1054=CARTESIAN_POINT('',(132.615737798,185.168527115,0.000018128));
#1055=CARTESIAN_POINT('',(132.615737798,185.168527115,3.000018128));
#1056=CARTESIAN_POINT('',(132.834175504,185.054272035,0.000018128));
#1057=CARTESIAN_POINT('',(132.834175504,185.054272035,3.000018128));
#1058=CARTESIAN_POINT('',(133.052626865,184.938930602,0.000018128));
#1059=CARTESIAN_POINT('',(133.052626865,184.938930602,3.000018128));
#1060=CARTESIAN_POINT('',(133.271081446,184.82249412,0.000018128));
#1061=CARTESIAN_POINT('',(133.271081446,184.82249412,3.000018128));
#1062=CARTESIAN_POINT('',(133.49091984,184.704896751,0.000018128));
#1063=CARTESIAN_POINT('',(133.49091984,184.704896751,3.000018128));
#1064=CARTESIAN_POINT('',(133.710710566,184.586209732,0.000018128));
#1065=CARTESIAN_POINT('',(133.710710566,184.586209732,3.000018128));
#1066=CARTESIAN_POINT('',(133.930442782,184.46642573,0.000018128));
#1067=CARTESIAN_POINT('',(133.930442782,184.46642573,3.000018128));
#1068=CARTESIAN_POINT('',(134.150407465,184.346078248,0.000018128));
#1069=CARTESIAN_POINT('',(134.150407465,184.346078248,3.000018128));
#1070=CARTESIAN_POINT('',(134.370310118,184.224625467,0.000018128));
#1071=CARTESIAN_POINT('',(134.370310118,184.224625467,3.000018128));
#1072=CARTESIAN_POINT('',(134.590139706,184.102060038,0.000018128));
#1073=CARTESIAN_POINT('',(134.590139706,184.102060038,3.000018128));
#1074=CARTESIAN_POINT('',(134.810196192,183.97891864,0.000018128));
#1075=CARTESIAN_POINT('',(134.810196192,183.97891864,3.000018128));
#1076=CARTESIAN_POINT('',(135.030175706,183.854656257,0.000018128));
#1077=CARTESIAN_POINT('',(135.030175706,183.854656257,3.000018128));
#1078=CARTESIAN_POINT('',(135.250067019,183.729265532,0.000018128));
#1079=CARTESIAN_POINT('',(135.250067019,183.729265532,3.000018128));
#1080=CARTESIAN_POINT('',(135.470179067,183.603286325,0.000018128));
#1081=CARTESIAN_POINT('',(135.470179067,183.603286325,3.000018128));
#1082=CARTESIAN_POINT('',(135.690198606,183.476170435,0.000018128));
#1083=CARTESIAN_POINT('',(135.690198606,183.476170435,3.000018128));
#1084=CARTESIAN_POINT('',(135.910114201,183.347910504,0.000018128));
#1085=CARTESIAN_POINT('',(135.910114201,183.347910504,3.000018128));
#1086=CARTESIAN_POINT('',(136.130243759,183.219049582,0.000018128));
#1087=CARTESIAN_POINT('',(136.130243759,183.219049582,3.000018128));
#1088=CARTESIAN_POINT('',(136.350264651,183.089036288,0.000018128));
#1089=CARTESIAN_POINT('',(136.350264651,183.089036288,3.000018128));
#1090=CARTESIAN_POINT('',(136.570165233,182.957863275,0.000018128));
#1091=CARTESIAN_POINT('',(136.570165233,182.957863275,3.000018128));
#1092=CARTESIAN_POINT('',(136.790272374,182.826076792,0.000018128));
#1093=CARTESIAN_POINT('',(136.790272374,182.826076792,3.000018128));
#1094=CARTESIAN_POINT('',(137.010254054,182.693122286,0.000018128));
#1095=CARTESIAN_POINT('',(137.010254054,182.693122286,3.000018128));
#1096=CARTESIAN_POINT('',(137.230098415,182.55899243,0.000018128));
#1097=CARTESIAN_POINT('',(137.230098415,182.55899243,3.000018128));
#1098=CARTESIAN_POINT('',(137.45014128,182.42423668,0.000018128));
#1099=CARTESIAN_POINT('',(137.45014128,182.42423668,3.000018128));
#1100=CARTESIAN_POINT('',(137.670041234,182.288297325,0.000018128));
#1101=CARTESIAN_POINT('',(137.670041234,182.288297325,3.000018128));
#1102=CARTESIAN_POINT('',(137.889786194,182.151167064,0.000018128));
#1103=CARTESIAN_POINT('',(137.889786194,182.151167064,3.000018128));
#1104=CARTESIAN_POINT('',(138.109720935,182.013398574,0.000018128));
#1105=CARTESIAN_POINT('',(138.109720935,182.013398574,3.000018128));
#1106=CARTESIAN_POINT('',(138.329494638,181.874430991,0.000018128));
#1107=CARTESIAN_POINT('',(138.329494638,181.874430991,3.000018128));
#1108=CARTESIAN_POINT('',(138.549094992,181.734257057,0.000018128));
#1109=CARTESIAN_POINT('',(138.549094992,181.734257057,3.000018128));
#1110=CARTESIAN_POINT('',(138.768143866,181.593902642,0.000018128));
#1111=CARTESIAN_POINT('',(138.768143866,181.593902642,3.000018128));
#1112=CARTESIAN_POINT('',(138.986899128,181.452416361,0.000018128));
#1113=CARTESIAN_POINT('',(138.986899128,181.452416361,3.000018128));
#1114=CARTESIAN_POINT('',(139.205349847,181.309794263,0.000018128));
#1115=CARTESIAN_POINT('',(139.205349847,181.309794263,3.000018128));
#1116=CARTESIAN_POINT('',(139.423858326,181.166590061,0.000018128));
#1117=CARTESIAN_POINT('',(139.423858326,181.166590061,3.000018128));
#1118=CARTESIAN_POINT('',(139.642058766,181.022243267,0.000018128));
#1119=CARTESIAN_POINT('',(139.642058766,181.022243267,3.000018128));
#1120=CARTESIAN_POINT('',(139.859940058,180.876749932,0.000018128));
#1121=CARTESIAN_POINT('',(139.859940058,180.876749932,3.000018128));
#1122=CARTESIAN_POINT('',(140.077873594,180.730664335,0.000018128));
#1123=CARTESIAN_POINT('',(140.077873594,180.730664335,3.000018128));
#1124=CARTESIAN_POINT('',(140.295484124,180.583425434,0.000018128));
#1125=CARTESIAN_POINT('',(140.295484124,180.583425434,3.000018128));
#1126=CARTESIAN_POINT('',(140.512760354,180.435029287,0.000018128));
#1127=CARTESIAN_POINT('',(140.512760354,180.435029287,3.000018128));
#1128=CARTESIAN_POINT('',(140.730082766,180.286030748,0.000018128));
#1129=CARTESIAN_POINT('',(140.730082766,180.286030748,3.000018128));
#1130=CARTESIAN_POINT('',(140.947066649,180.135868224,0.000018128));
#1131=CARTESIAN_POINT('',(140.947066649,180.135868224,3.000018128));
#1132=CARTESIAN_POINT('',(141.163700524,179.984537794,0.000018128));
#1133=CARTESIAN_POINT('',(141.163700524,179.984537794,3.000018128));
#1134=CARTESIAN_POINT('',(141.380373952,179.832594891,0.000018128));
#1135=CARTESIAN_POINT('',(141.380373952,179.832594891,3.000018128));
#1136=CARTESIAN_POINT('',(141.596692764,179.679477384,0.000018128));
#1137=CARTESIAN_POINT('',(141.596692764,179.679477384,3.000018128));
#1138=CARTESIAN_POINT('',(141.812645286,179.525181373,0.000018128));
#1139=CARTESIAN_POINT('',(141.812645286,179.525181373,3.000018128));
#1140=CARTESIAN_POINT('',(142.028630159,179.370262885,0.000018128));
#1141=CARTESIAN_POINT('',(142.028630159,179.370262885,3.000018128));
#1142=CARTESIAN_POINT('',(142.244243746,179.214159256,0.000018128));
#1143=CARTESIAN_POINT('',(142.244243746,179.214159256,3.000018128));
#1144=CARTESIAN_POINT('',(142.459474178,179.056866619,0.000018128));
#1145=CARTESIAN_POINT('',(142.459474178,179.056866619,3.000018128));
#1146=CARTESIAN_POINT('',(142.67472917,178.898941602,0.000018128));
#1147=CARTESIAN_POINT('',(142.67472917,178.898941602,3.000018128));
#1148=CARTESIAN_POINT('',(142.889595614,178.739821015,0.000018128));
#1149=CARTESIAN_POINT('',(142.889595614,178.739821015,3.000018128));
#1150=CARTESIAN_POINT('',(143.104061441,178.579501039,0.000018128));
#1151=CARTESIAN_POINT('',(143.104061441,178.579501039,3.000018128));
#1152=CARTESIAN_POINT('',(143.318543436,178.418538905,0.000018128));
#1153=CARTESIAN_POINT('',(143.318543436,178.418538905,3.000018128));
#1154=CARTESIAN_POINT('',(143.532619017,178.256370914,0.000018128));
#1155=CARTESIAN_POINT('',(143.532619017,178.256370914,3.000018128));
#1156=CARTESIAN_POINT('',(143.746275911,178.092993297,0.000018128));
#1157=CARTESIAN_POINT('',(143.746275911,178.092993297,3.000018128));
#1158=CARTESIAN_POINT('',(143.972669566,177.919171221,0.000018128));
#1159=CARTESIAN_POINT('',(143.972669566,177.919171221,3.000018128));
#1160=CARTESIAN_POINT('',(144.198374654,177.744147972,0.000018128));
#1161=CARTESIAN_POINT('',(144.198374654,177.744147972,3.000018128));
#1162=CARTESIAN_POINT('',(144.423380595,177.567925205,0.000018128));
#1163=CARTESIAN_POINT('',(144.423380595,177.567925205,3.000018128));
#1164=CARTESIAN_POINT('',(144.648177732,177.391127933,0.000018128));
#1165=CARTESIAN_POINT('',(144.648177732,177.391127933,3.000018128));
#1166=CARTESIAN_POINT('',(144.872273388,177.213127326,0.000018128));
#1167=CARTESIAN_POINT('',(144.872273388,177.213127326,3.000018128));
#1168=CARTESIAN_POINT('',(145.095656844,177.033925023,0.000018128));
#1169=CARTESIAN_POINT('',(145.095656844,177.033925023,3.000018128));
#1170=CARTESIAN_POINT('',(145.318827779,176.854142469,0.000018128));
#1171=CARTESIAN_POINT('',(145.318827779,176.854142469,3.000018128));
#1172=CARTESIAN_POINT('',(145.541283893,176.673154379,0.000018128));
#1173=CARTESIAN_POINT('',(145.541283893,176.673154379,3.000018128));
#1174=CARTESIAN_POINT('',(145.76301432,176.490962381,0.000018128));
#1175=CARTESIAN_POINT('',(145.76301432,176.490962381,3.000018128));
#1176=CARTESIAN_POINT('',(145.984528076,176.30818436,0.000018128));
#1177=CARTESIAN_POINT('',(145.984528076,176.30818436,3.000018128));
#1178=CARTESIAN_POINT('',(146.205313231,176.124198577,0.000018128));
#1179=CARTESIAN_POINT('',(146.205313231,176.124198577,3.000018128));
#1180=CARTESIAN_POINT('',(146.425358771,175.939006662,0.000018128));
#1181=CARTESIAN_POINT('',(146.425358771,175.939006662,3.000018128));
#1182=CARTESIAN_POINT('',(146.645183045,175.753222942,0.000018128));
#1183=CARTESIAN_POINT('',(146.645183045,175.753222942,3.000018128));
#1184=CARTESIAN_POINT('',(146.864264491,175.566229237,0.000018128));
#1185=CARTESIAN_POINT('',(146.864264491,175.566229237,3.000018128));
#1186=CARTESIAN_POINT('',(147.082591945,175.37802718,0.000018128));
#1187=CARTESIAN_POINT('',(147.082591945,175.37802718,3.000018128));
#1188=CARTESIAN_POINT('',(147.300693084,175.189227549,0.000018128));
#1189=CARTESIAN_POINT('',(147.300693084,175.189227549,3.000018128));
#1190=CARTESIAN_POINT('',(147.518036711,174.999215729,0.000018128));
#1191=CARTESIAN_POINT('',(147.518036711,174.999215729,3.000018128));
#1192=CARTESIAN_POINT('',(147.73461151,174.807993363,0.000018128));
#1193=CARTESIAN_POINT('',(147.73461151,174.807993363,3.000018128));
#1194=CARTESIAN_POINT('',(147.950954481,174.616167691,0.000018128));
#1195=CARTESIAN_POINT('',(147.950954481,174.616167691,3.000018128));
#1196=CARTESIAN_POINT('',(148.166524794,174.423127667,0.000018128));
#1197=CARTESIAN_POINT('',(148.166524794,174.423127667,3.000018128));
#1198=CARTESIAN_POINT('',(148.381310973,174.228874953,0.000018128));
#1199=CARTESIAN_POINT('',(148.381310973,174.228874953,3.000018128));
#1200=CARTESIAN_POINT('',(148.595859344,174.034013257,0.000018128));
#1201=CARTESIAN_POINT('',(148.595859344,174.034013257,3.000018128));
#1202=CARTESIAN_POINT('',(148.809619436,173.837935111,0.000018128));
#1203=CARTESIAN_POINT('',(148.809619436,173.837935111,3.000018128));
#1204=CARTESIAN_POINT('',(149.022579614,173.640642205,0.000018128));
#1205=CARTESIAN_POINT('',(149.022579614,173.640642205,3.000018128));
#1206=CARTESIAN_POINT('',(149.234921968,173.443083472,0.000018128));
#1207=CARTESIAN_POINT('',(149.234921968,173.443083472,3.000018128));
#1208=CARTESIAN_POINT('',(149.446202601,173.244555554,0.000018128));
#1209=CARTESIAN_POINT('',(149.446202601,173.244555554,3.000018128));
#1210=CARTESIAN_POINT('',(149.656416541,173.04506754,0.000018128));
#1211=CARTESIAN_POINT('',(149.656416541,173.04506754,3.000018128));
#1212=CARTESIAN_POINT('',(149.866127409,172.845212822,0.000018128));
#1213=CARTESIAN_POINT('',(149.866127409,172.845212822,3.000018128));
#1214=CARTESIAN_POINT('',(150.07477364,172.644399752,0.000018128));
#1215=CARTESIAN_POINT('',(150.07477364,172.644399752,3.000018128));
#1216=CARTESIAN_POINT('',(150.282350239,172.442637306,0.000018128));
#1217=CARTESIAN_POINT('',(150.282350239,172.442637306,3.000018128));
#1218=CARTESIAN_POINT('',(150.489426817,172.240510599,0.000018128));
#1219=CARTESIAN_POINT('',(150.489426817,172.240510599,3.000018128));
#1220=CARTESIAN_POINT('',(150.695435771,172.037436033,0.000018128));
#1221=CARTESIAN_POINT('',(150.695435771,172.037436033,3.000018128));
#1222=CARTESIAN_POINT('',(150.90037208,171.833422473,0.000018128));
#1223=CARTESIAN_POINT('',(150.90037208,171.833422473,3.000018128));
#1224=CARTESIAN_POINT('',(151.104811336,171.629046761,0.000018128));
#1225=CARTESIAN_POINT('',(151.104811336,171.629046761,3.000018128));
#1226=CARTESIAN_POINT('',(151.308179895,171.423733351,0.000018128));
#1227=CARTESIAN_POINT('',(151.308179895,171.423733351,3.000018128));
#1228=CARTESIAN_POINT('',(151.510472705,171.217491001,0.000018128));
#1229=CARTESIAN_POINT('',(151.510472705,171.217491001,3.000018128));
#1230=CARTESIAN_POINT('',(151.712271333,171.01088828,0.000018128));
#1231=CARTESIAN_POINT('',(151.712271333,171.01088828,3.000018128));
#1232=CARTESIAN_POINT('',(151.91299609,170.803357701,0.000018128));
#1233=CARTESIAN_POINT('',(151.91299609,170.803357701,3.000018128));
#1234=CARTESIAN_POINT('',(152.112641885,170.594907915,0.000018128));
#1235=CARTESIAN_POINT('',(152.112641885,170.594907915,3.000018128));
#1236=CARTESIAN_POINT('',(152.311796258,170.386099225,0.000018128));
#1237=CARTESIAN_POINT('',(152.311796258,170.386099225,3.000018128));
#1238=CARTESIAN_POINT('',(152.509873467,170.176372202,0.000018128));
#1239=CARTESIAN_POINT('',(152.509873467,170.176372202,3.000018128));
#1240=CARTESIAN_POINT('',(152.70686838,169.965735395,0.000018128));
#1241=CARTESIAN_POINT('',(152.70686838,169.965735395,3.000018128));
#1242=CARTESIAN_POINT('',(152.903374502,169.754740845,0.000018128));
#1243=CARTESIAN_POINT('',(152.903374502,169.754740845,3.000018128));
#1244=CARTESIAN_POINT('',(153.098800036,169.542837184,0.000018128));
#1245=CARTESIAN_POINT('',(153.098800036,169.542837184,3.000018128));
#1246=CARTESIAN_POINT('',(153.293139803,169.330032862,0.000018128));
#1247=CARTESIAN_POINT('',(153.293139803,169.330032862,3.000018128));
#1248=CARTESIAN_POINT('',(153.486993269,169.11687166,0.000018128));
#1249=CARTESIAN_POINT('',(153.486993269,169.11687166,3.000018128));
#1250=CARTESIAN_POINT('',(153.679762577,168.902810277,0.000018128));
#1251=CARTESIAN_POINT('',(153.679762577,168.902810277,3.000018128));
#1252=CARTESIAN_POINT('',(153.871442496,168.687857066,0.000018128));
#1253=CARTESIAN_POINT('',(153.871442496,168.687857066,3.000018128));
#1254=CARTESIAN_POINT('',(154.033902525,168.504965465,0.000018128));
#1255=CARTESIAN_POINT('',(154.033902525,168.504965465,3.000018128));
#1256=CARTESIAN_POINT('',(154.195431898,168.321595791,0.000018128));
#1257=CARTESIAN_POINT('',(154.195431898,168.321595791,3.000018128));
#1258=CARTESIAN_POINT('',(154.356031465,168.137756337,0.000018128));
#1259=CARTESIAN_POINT('',(154.356031465,168.137756337,3.000018128));
#1260=CARTESIAN_POINT('',(154.516140388,167.953829703,0.000018128));
#1261=CARTESIAN_POINT('',(154.516140388,167.953829703,3.000018128));
#1262=CARTESIAN_POINT('',(154.675322754,167.76943738,0.000018128));
#1263=CARTESIAN_POINT('',(154.675322754,167.76943738,3.000018128));
#1264=CARTESIAN_POINT('',(154.833579455,167.584587553,0.000018128));
#1265=CARTESIAN_POINT('',(154.833579455,167.584587553,3.000018128));
#1266=CARTESIAN_POINT('',(154.991350447,167.39965652,0.000018128));
#1267=CARTESIAN_POINT('',(154.991350447,167.39965652,3.000018128));
#1268=CARTESIAN_POINT('',(155.148199104,167.21427186,0.000018128));
#1269=CARTESIAN_POINT('',(155.148199104,167.21427186,3.000018128));
#1270=CARTESIAN_POINT('',(155.304126353,167.02844165,0.000018128));
#1271=CARTESIAN_POINT('',(155.304126353,167.02844165,3.000018128));
#1272=CARTESIAN_POINT('',(155.45957294,166.84253589,0.000018128));
#1273=CARTESIAN_POINT('',(155.45957294,166.84253589,3.000018128));
#1274=CARTESIAN_POINT('',(155.614101517,166.656188245,0.000018128));
#1275=CARTESIAN_POINT('',(155.614101517,166.656188245,3.000018128));
#1276=CARTESIAN_POINT('',(155.767713046,166.469406688,0.000018128));
#1277=CARTESIAN_POINT('',(155.767713046,166.469406688,3.000018128));
#1278=CARTESIAN_POINT('',(155.920849055,166.282554917,0.000018128));
#1279=CARTESIAN_POINT('',(155.920849055,166.282554917,3.000018128));
#1280=CARTESIAN_POINT('',(156.073071474,166.095272688,0.000018128));
#1281=CARTESIAN_POINT('',(156.073071474,166.095272688,3.000018128));
#1282=CARTESIAN_POINT('',(156.224381292,165.90756787,0.000018128));
#1283=CARTESIAN_POINT('',(156.224381292,165.90756787,3.000018128));
#1284=CARTESIAN_POINT('',(156.375220815,165.719797864,0.000018128));
#1285=CARTESIAN_POINT('',(156.375220815,165.719797864,3.000018128));
#1286=CARTESIAN_POINT('',(156.525151246,165.531608514,0.000018128));
#1287=CARTESIAN_POINT('',(156.525151246,165.531608514,3.000018128));
#1288=CARTESIAN_POINT('',(156.674173597,165.343007587,0.000018128));
#1289=CARTESIAN_POINT('',(156.674173597,165.343007587,3.000018128));
#1290=CARTESIAN_POINT('',(156.82273095,165.154346187,0.000018128));
#1291=CARTESIAN_POINT('',(156.82273095,165.154346187,3.000018128));
#1292=CARTESIAN_POINT('',(156.970383773,164.965276251,0.000018128));
#1293=CARTESIAN_POINT('',(156.970383773,164.965276251,3.000018128));
#1294=CARTESIAN_POINT('',(157.117133099,164.775805444,0.000018128));
#1295=CARTESIAN_POINT('',(157.117133099,164.775805444,3.000018128));
#1296=CARTESIAN_POINT('',(157.263422781,164.586278575,0.000018128));
#1297=CARTESIAN_POINT('',(157.263422781,164.586278575,3.000018128));
#1298=CARTESIAN_POINT('',(157.408812551,164.396353675,0.000018128));
#1299=CARTESIAN_POINT('',(157.408812551,164.396353675,3.000018128));
#1300=CARTESIAN_POINT('',(157.553303455,164.206038307,0.000018128));
#1301=CARTESIAN_POINT('',(157.553303455,164.206038307,3.000018128));
#1302=CARTESIAN_POINT('',(157.69852434,164.014103311,0.000018128));
#1303=CARTESIAN_POINT('',(157.69852434,164.014103311,3.000018128));
#1304=CARTESIAN_POINT('',(157.842759716,163.821874836,0.000018128));
#1305=CARTESIAN_POINT('',(157.842759716,163.821874836,3.000018128));
#1306=CARTESIAN_POINT('',(157.986013025,163.629362282,0.000018128));
#1307=CARTESIAN_POINT('',(157.986013025,163.629362282,3.000018128));
#1308=CARTESIAN_POINT('',(158.128736856,163.436903192,0.000018128));
#1309=CARTESIAN_POINT('',(158.128736856,163.436903192,3.000018128));
#1310=CARTESIAN_POINT('',(158.270484292,163.244163936,0.000018128));
#1311=CARTESIAN_POINT('',(158.270484292,163.244163936,3.000018128));
#1312=CARTESIAN_POINT('',(158.411258794,163.051153769,0.000018128));
#1313=CARTESIAN_POINT('',(158.411258794,163.051153769,3.000018128));
#1314=CARTESIAN_POINT('',(158.551512354,162.858202715,0.000018128));
#1315=CARTESIAN_POINT('',(158.551512354,162.858202715,3.000018128));
#1316=CARTESIAN_POINT('',(158.690798687,162.664984372,0.000018128));
#1317=CARTESIAN_POINT('',(158.690798687,162.664984372,3.000018128));
#1318=CARTESIAN_POINT('',(158.829121271,162.47150785,0.000018128));
#1319=CARTESIAN_POINT('',(158.829121271,162.47150785,3.000018128));
#1320=CARTESIAN_POINT('',(158.96693149,162.278095662,0.000018128));
#1321=CARTESIAN_POINT('',(158.96693149,162.278095662,3.000018128));
#1322=CARTESIAN_POINT('',(159.10378369,162.084428635,0.000018128));
#1323=CARTESIAN_POINT('',(159.10378369,162.084428635,3.000018128));
#1324=CARTESIAN_POINT('',(159.239681357,161.89051574,0.000018128));
#1325=CARTESIAN_POINT('',(159.239681357,161.89051574,3.000018128));
#1326=CARTESIAN_POINT('',(159.375075265,161.696671978,0.000018128));
#1327=CARTESIAN_POINT('',(159.375075265,161.696671978,3.000018128));
#1328=CARTESIAN_POINT('',(159.509520383,161.50258541,0.000018128));
#1329=CARTESIAN_POINT('',(159.509520383,161.50258541,3.000018128));
#1330=CARTESIAN_POINT('',(159.643020201,161.308264871,0.000018128));
#1331=CARTESIAN_POINT('',(159.643020201,161.308264871,3.000018128));
#1332=CARTESIAN_POINT('',(159.776024876,161.114017855,0.000018128));
#1333=CARTESIAN_POINT('',(159.776024876,161.114017855,3.000018128));
#1334=CARTESIAN_POINT('',(159.908089996,160.919539661,0.000018128));
#1335=CARTESIAN_POINT('',(159.908089996,160.919539661,3.000018128));
#1336=CARTESIAN_POINT('',(160.039219049,160.724838988,0.000018128));
#1337=CARTESIAN_POINT('',(160.039219049,160.724838988,3.000018128));
#1338=CARTESIAN_POINT('',(160.169861574,160.530215831,0.000018128));
#1339=CARTESIAN_POINT('',(160.169861574,160.530215831,3.000018128));
#1340=CARTESIAN_POINT('',(160.29957377,160.335372727,0.000018128));
#1341=CARTESIAN_POINT('',(160.29957377,160.335372727,3.000018128));
#1342=CARTESIAN_POINT('',(160.428359121,160.140318245,0.000018128));
#1343=CARTESIAN_POINT('',(160.428359121,160.140318245,3.000018128));
#1344=CARTESIAN_POINT('',(160.556666539,159.945344882,0.000018128));
#1345=CARTESIAN_POINT('',(160.556666539,159.945344882,3.000018128));
#1346=CARTESIAN_POINT('',(160.684052833,159.750162417,0.000018128));
#1347=CARTESIAN_POINT('',(160.684052833,159.750162417,3.000018128));
#1348=CARTESIAN_POINT('',(160.810521477,159.554779295,0.000018128));
#1349=CARTESIAN_POINT('',(160.810521477,159.554779295,3.000018128));
#1350=CARTESIAN_POINT('',(160.948816512,159.340387976,0.000018128));
#1351=CARTESIAN_POINT('',(160.948816512,159.340387976,3.000018128));
#1352=CARTESIAN_POINT('',(161.085943612,159.125865918,0.000018128));
#1353=CARTESIAN_POINT('',(161.085943612,159.125865918,3.000018128));
#1354=CARTESIAN_POINT('',(161.221910627,158.911224937,0.000018128));
#1355=CARTESIAN_POINT('',(161.221910627,158.911224937,3.000018128));
#1356=CARTESIAN_POINT('',(161.357254285,158.696802814,0.000018128));
#1357=CARTESIAN_POINT('',(161.357254285,158.696802814,3.000018128));
#1358=CARTESIAN_POINT('',(161.49144541,158.482268831,0.000018128));
#1359=CARTESIAN_POINT('',(161.49144541,158.482268831,3.000018128));
#1360=CARTESIAN_POINT('',(161.624491917,158.267634581,0.000018128));
#1361=CARTESIAN_POINT('',(161.624491917,158.267634581,3.000018128));
#1362=CARTESIAN_POINT('',(161.756926486,158.053229449,0.000018128));
#1363=CARTESIAN_POINT('',(161.756926486,158.053229449,3.000018128));
#1364=CARTESIAN_POINT('',(161.888224105,157.838730671,0.000018128));
#1365=CARTESIAN_POINT('',(161.888224105,157.838730671,3.000018128));
#1366=CARTESIAN_POINT('',(162.018392745,157.624149622,0.000018128));
#1367=CARTESIAN_POINT('',(162.018392745,157.624149622,3.000018128));
#1368=CARTESIAN_POINT('',(162.147961026,157.409807298,0.000018128));
#1369=CARTESIAN_POINT('',(162.147961026,157.409807298,3.000018128));
#1370=CARTESIAN_POINT('',(162.276408094,157.195388892,0.000018128));
#1371=CARTESIAN_POINT('',(162.276408094,157.195388892,3.000018128));
#1372=CARTESIAN_POINT('',(162.403741959,156.980905568,0.000018128));
#1373=CARTESIAN_POINT('',(162.403741959,156.980905568,3.000018128));
#1374=CARTESIAN_POINT('',(162.530487174,156.766669936,0.000018128));
#1375=CARTESIAN_POINT('',(162.530487174,156.766669936,3.000018128));
#1376=CARTESIAN_POINT('',(162.656127029,156.552375156,0.000018128));
#1377=CARTESIAN_POINT('',(162.656127029,156.552375156,3.000018128));
#1378=CARTESIAN_POINT('',(162.780669568,156.33803218,0.000018128));
#1379=CARTESIAN_POINT('',(162.780669568,156.33803218,3.000018128));
#1380=CARTESIAN_POINT('',(162.904635265,156.123945244,0.000018128));
#1381=CARTESIAN_POINT('',(162.904635265,156.123945244,3.000018128));
#1382=CARTESIAN_POINT('',(163.027511545,155.909815473,0.000018128));
#1383=CARTESIAN_POINT('',(163.027511545,155.909815473,3.000018128));
#1384=CARTESIAN_POINT('',(163.149306475,155.695653622,0.000018128));
#1385=CARTESIAN_POINT('',(163.149306475,155.695653622,3.000018128));
#1386=CARTESIAN_POINT('',(163.270536442,155.481755551,0.000018128));
#1387=CARTESIAN_POINT('',(163.270536442,155.481755551,3.000018128));
#1388=CARTESIAN_POINT('',(163.390692997,155.267830364,0.000018128));
#1389=CARTESIAN_POINT('',(163.390692997,155.267830364,3.000018128));
#1390=CARTESIAN_POINT('',(163.50978422,155.053888616,0.000018128));
#1391=CARTESIAN_POINT('',(163.50978422,155.053888616,3.000018128));
#1392=CARTESIAN_POINT('',(163.628322404,154.840217805,0.000018128));
#1393=CARTESIAN_POINT('',(163.628322404,154.840217805,3.000018128));
#1394=CARTESIAN_POINT('',(163.745803214,154.626535012,0.000018128));
#1395=CARTESIAN_POINT('',(163.745803214,154.626535012,3.000018128));
#1396=CARTESIAN_POINT('',(163.86223474,154.412850608,0.000018128));
#1397=CARTESIAN_POINT('',(163.86223474,154.412850608,3.000018128));
#1398=CARTESIAN_POINT('',(163.978125168,154.199443726,0.000018128));
#1399=CARTESIAN_POINT('',(163.978125168,154.199443726,3.000018128));
#1400=CARTESIAN_POINT('',(164.092974274,153.986039438,0.000018128));
#1401=CARTESIAN_POINT('',(164.092974274,153.986039438,3.000018128));
#1402=CARTESIAN_POINT('',(164.206790146,153.772647931,0.000018128));
#1403=CARTESIAN_POINT('',(164.206790146,153.772647931,3.000018128));
#1404=CARTESIAN_POINT('',(164.320076857,153.559539985,0.000018128));
#1405=CARTESIAN_POINT('',(164.320076857,153.559539985,3.000018128));
#1406=CARTESIAN_POINT('',(164.432338286,153.346448666,0.000018128));
#1407=CARTESIAN_POINT('',(164.432338286,153.346448666,3.000018128));
#1408=CARTESIAN_POINT('',(164.543582512,153.133383984,0.000018128));
#1409=CARTESIAN_POINT('',(164.543582512,153.133383984,3.000018128));
#1410=CARTESIAN_POINT('',(164.764523178,152.708123552,0.000018128));
#1411=CARTESIAN_POINT('',(164.764523178,152.708123552,3.000018128));
#1412=CARTESIAN_POINT('',(164.981442561,152.282990282,0.000018128));
#1413=CARTESIAN_POINT('',(164.981442561,152.282990282,3.000018128));
#1414=CARTESIAN_POINT('',(165.194405091,151.858062229,0.000018128));
#1415=CARTESIAN_POINT('',(165.194405091,151.858062229,3.000018128));
#1416=CARTESIAN_POINT('',(165.405393288,151.434328444,0.000018128));
#1417=CARTESIAN_POINT('',(165.405393288,151.434328444,3.000018128));
#1418=CARTESIAN_POINT('',(165.612487364,151.010822671,0.000018128));
#1419=CARTESIAN_POINT('',(165.612487364,151.010822671,3.000018128));
#1420=CARTESIAN_POINT('',(165.815751317,150.58762046,0.000018128));
#1421=CARTESIAN_POINT('',(165.815751317,150.58762046,3.000018128));
#1422=CARTESIAN_POINT('',(166.017134313,150.165643042,0.000018128));
#1423=CARTESIAN_POINT('',(166.017134313,150.165643042,3.000018128));
#1424=CARTESIAN_POINT('',(166.214748888,149.743987178,0.000018128));
#1425=CARTESIAN_POINT('',(166.214748888,149.743987178,3.000018128));
#1426=CARTESIAN_POINT('',(166.40865845,149.322726122,0.000018128));
#1427=CARTESIAN_POINT('',(166.40865845,149.322726122,3.000018128));
#1428=CARTESIAN_POINT('',(166.600226591,148.903924478,0.000018128));
#1429=CARTESIAN_POINT('',(166.600226591,148.903924478,3.000018128));
#1430=CARTESIAN_POINT('',(166.788134608,148.485610231,0.000018128));
#1431=CARTESIAN_POINT('',(166.788134608,148.485610231,3.000018128));
#1432=CARTESIAN_POINT('',(166.972452783,148.067845547,0.000018128));
#1433=CARTESIAN_POINT('',(166.972452783,148.067845547,3.000018128));
#1434=CARTESIAN_POINT('',(167.155037757,147.65144362,0.000018128));
#1435=CARTESIAN_POINT('',(167.155037757,147.65144362,3.000018128));
#1436=CARTESIAN_POINT('',(167.334085066,147.235623327,0.000018128));
#1437=CARTESIAN_POINT('',(167.334085066,147.235623327,3.000018128));
#1438=CARTESIAN_POINT('',(167.509665049,146.820444524,0.000018128));
#1439=CARTESIAN_POINT('',(167.509665049,146.820444524,3.000018128));
#1440=CARTESIAN_POINT('',(167.683590094,146.406673195,0.000018128));
#1441=CARTESIAN_POINT('',(167.683590094,146.406673195,3.000018128));
#1442=CARTESIAN_POINT('',(167.854099917,145.993570971,0.000018128));
#1443=CARTESIAN_POINT('',(167.854099917,145.993570971,3.000018128));
#1444=CARTESIAN_POINT('',(168.021264735,145.581195559,0.000018128));
#1445=CARTESIAN_POINT('',(168.021264735,145.581195559,3.000018128));
#1446=CARTESIAN_POINT('',(168.186852516,145.170265885,0.000018128));
#1447=CARTESIAN_POINT('',(168.186852516,145.170265885,3.000018128));
#1448=CARTESIAN_POINT('',(168.349146993,144.760086496,0.000018128));
#1449=CARTESIAN_POINT('',(168.349146993,144.760086496,3.000018128));
#1450=CARTESIAN_POINT('',(168.508218106,144.350713107,0.000018128));
#1451=CARTESIAN_POINT('',(168.508218106,144.350713107,3.000018128));
#1452=CARTESIAN_POINT('',(168.666450725,143.941099476,0.000018128));
#1453=CARTESIAN_POINT('',(168.666450725,143.941099476,3.000018128));
#1454=CARTESIAN_POINT('',(168.821574524,143.532079912,0.000018128));
#1455=CARTESIAN_POINT('',(168.821574524,143.532079912,3.000018128));
#1456=CARTESIAN_POINT('',(168.973649741,143.123704085,0.000018128));
#1457=CARTESIAN_POINT('',(168.973649741,143.123704085,3.000018128));
#1458=CARTESIAN_POINT('',(169.124371176,142.716606219,0.000018128));
#1459=CARTESIAN_POINT('',(169.124371176,142.716606219,3.000018128));
#1460=CARTESIAN_POINT('',(169.272087668,142.310167866,0.000018128));
#1461=CARTESIAN_POINT('',(169.272087668,142.310167866,3.000018128));
#1462=CARTESIAN_POINT('',(169.416859127,141.90443721,0.000018128));
#1463=CARTESIAN_POINT('',(169.416859127,141.90443721,3.000018128));
#1464=CARTESIAN_POINT('',(169.560341735,141.500006003,0.000018128));
#1465=CARTESIAN_POINT('',(169.560341735,141.500006003,3.000018128));
#1466=CARTESIAN_POINT('',(169.700922209,141.096295419,0.000018128));
#1467=CARTESIAN_POINT('',(169.700922209,141.096295419,3.000018128));
#1468=CARTESIAN_POINT('',(169.838660052,140.693352277,0.000018128));
#1469=CARTESIAN_POINT('',(169.838660052,140.693352277,3.000018128));
#1470=CARTESIAN_POINT('',(169.975172741,140.291725982,0.000018128));
#1471=CARTESIAN_POINT('',(169.975172741,140.291725982,3.000018128));
#1472=CARTESIAN_POINT('',(170.108884802,139.890877449,0.000018128));
#1473=CARTESIAN_POINT('',(170.108884802,139.890877449,3.000018128));
#1474=CARTESIAN_POINT('',(170.239855253,139.490852256,0.000018128));
#1475=CARTESIAN_POINT('',(170.239855253,139.490852256,3.000018128));
#1476=CARTESIAN_POINT('',(170.379236549,139.062664506,0.000018128));
#1477=CARTESIAN_POINT('',(170.379236549,139.062664506,3.000018128));
#1478=CARTESIAN_POINT('',(170.51554548,138.635305252,0.000018128));
#1479=CARTESIAN_POINT('',(170.51554548,138.635305252,3.000018128));
#1480=CARTESIAN_POINT('',(170.648850815,138.208820217,0.000018128));
#1481=CARTESIAN_POINT('',(170.648850815,138.208820217,3.000018128));
#1482=CARTESIAN_POINT('',(170.78092409,137.783760952,0.000018128));
#1483=CARTESIAN_POINT('',(170.78092409,137.783760952,3.000018128));
#1484=CARTESIAN_POINT('',(170.91003679,137.359592042,0.000018128));
#1485=CARTESIAN_POINT('',(170.91003679,137.359592042,3.000018128));
#1486=CARTESIAN_POINT('',(171.036257342,136.936357744,0.000018128));
#1487=CARTESIAN_POINT('',(171.036257342,136.936357744,3.000018128));
#1488=CARTESIAN_POINT('',(171.161309813,136.51457128,0.000018128));
#1489=CARTESIAN_POINT('',(171.161309813,136.51457128,3.000018128));
#1490=CARTESIAN_POINT('',(171.283512385,136.093732759,0.000018128));
#1491=CARTESIAN_POINT('',(171.283512385,136.093732759,3.000018128));
#1492=CARTESIAN_POINT('',(171.402933057,135.673885096,0.000018128));
#1493=CARTESIAN_POINT('',(171.402933057,135.673885096,3.000018128));
#1494=CARTESIAN_POINT('',(171.521248349,135.255503307,0.000018128));
#1495=CARTESIAN_POINT('',(171.521248349,135.255503307,3.000018128));
#1496=CARTESIAN_POINT('',(171.636823061,134.83812315,0.000018128));
#1497=CARTESIAN_POINT('',(171.636823061,134.83812315,3.000018128));
#1498=CARTESIAN_POINT('',(171.749724692,134.421786322,0.000018128));
#1499=CARTESIAN_POINT('',(171.749724692,134.421786322,3.000018128));
#1500=CARTESIAN_POINT('',(171.860993812,134.009116857,0.000018128));
#1501=CARTESIAN_POINT('',(171.860993812,134.009116857,3.000018128));
#1502=CARTESIAN_POINT('',(171.969712416,133.597280477,0.000018128));
#1503=CARTESIAN_POINT('',(171.969712416,133.597280477,3.000018128));
#1504=CARTESIAN_POINT('',(172.075938373,133.186310502,0.000018128));
#1505=CARTESIAN_POINT('',(172.075938373,133.186310502,3.000018128));
#1506=CARTESIAN_POINT('',(172.181237617,132.776611896,0.000018128));
#1507=CARTESIAN_POINT('',(172.181237617,132.776611896,3.000018128));
#1508=CARTESIAN_POINT('',(172.284076879,132.367789593,0.000018128));
#1509=CARTESIAN_POINT('',(172.284076879,132.367789593,3.000018128));
#1510=CARTESIAN_POINT('',(172.38451371,131.959875965,0.000018128));
#1511=CARTESIAN_POINT('',(172.38451371,131.959875965,3.000018128));
#1512=CARTESIAN_POINT('',(172.484072324,131.553247167,0.000018128));
#1513=CARTESIAN_POINT('',(172.484072324,131.553247167,3.000018128));
#1514=CARTESIAN_POINT('',(172.581260484,131.147535128,0.000018128));
#1515=CARTESIAN_POINT('',(172.581260484,131.147535128,3.000018128));
#1516=CARTESIAN_POINT('',(172.676135372,130.742771355,0.000018128));
#1517=CARTESIAN_POINT('',(172.676135372,130.742771355,3.000018128));
#1518=CARTESIAN_POINT('',(172.770179443,130.339303272,0.000018128));
#1519=CARTESIAN_POINT('',(172.770179443,130.339303272,3.000018128));
#1520=CARTESIAN_POINT('',(172.861941448,129.936789885,0.000018128));
#1521=CARTESIAN_POINT('',(172.861941448,129.936789885,3.000018128));
#1522=CARTESIAN_POINT('',(172.951478165,129.535261916,0.000018128));
#1523=CARTESIAN_POINT('',(172.951478165,129.535261916,3.000018128));
#1524=CARTESIAN_POINT('',(173.100225171,128.863244417,0.000018128));
#1525=CARTESIAN_POINT('',(173.100225171,128.863244417,3.000018128));
#1526=CARTESIAN_POINT('',(173.242947002,128.193331332,0.000018128));
#1527=CARTESIAN_POINT('',(173.242947002,128.193331332,3.000018128));
#1528=CARTESIAN_POINT('',(173.379864382,127.52563597,0.000018128));
#1529=CARTESIAN_POINT('',(173.379864382,127.52563597,3.000018128));
#1530=CARTESIAN_POINT('',(173.514892884,126.860965535,0.000018128));
#1531=CARTESIAN_POINT('',(173.514892884,126.860965535,3.000018128));
#1532=CARTESIAN_POINT('',(173.64422839,126.198537748,0.000018128));
#1533=CARTESIAN_POINT('',(173.64422839,126.198537748,3.000018128));
#1534=CARTESIAN_POINT('',(173.768089578,125.538461409,0.000018128));
#1535=CARTESIAN_POINT('',(173.768089578,125.538461409,3.000018128));
#1536=CARTESIAN_POINT('',(173.890225868,124.881440913,0.000018128));
#1537=CARTESIAN_POINT('',(173.890225868,124.881440913,3.000018128));
#1538=CARTESIAN_POINT('',(174.006994909,124.226788421,0.000018128));
#1539=CARTESIAN_POINT('',(174.006994909,124.226788421,3.000018128));
#1540=CARTESIAN_POINT('',(174.118613058,123.574608865,0.000018128));
#1541=CARTESIAN_POINT('',(174.118613058,123.574608865,3.000018128));
#1542=CARTESIAN_POINT('',(174.228663326,122.925504461,0.000018128));
#1543=CARTESIAN_POINT('',(174.228663326,122.925504461,3.000018128));
#1544=CARTESIAN_POINT('',(174.333664908,122.278882432,0.000018128));
#1545=CARTESIAN_POINT('',(174.333664908,122.278882432,3.000018128));
#1546=CARTESIAN_POINT('',(174.433831636,121.634844456,0.000018128));
#1547=CARTESIAN_POINT('',(174.433831636,121.634844456,3.000018128));
#1548=CARTESIAN_POINT('',(174.543060963,120.925499911,0.000018128));
#1549=CARTESIAN_POINT('',(174.543060963,120.925499911,3.000018128));
#1550=CARTESIAN_POINT('',(174.646625027,120.218405563,0.000018128));
#1551=CARTESIAN_POINT('',(174.646625027,120.218405563,3.000018128));
#1552=CARTESIAN_POINT('',(174.744746435,119.513643049,0.000018128));
#1553=CARTESIAN_POINT('',(174.744746435,119.513643049,3.000018128));
#1554=CARTESIAN_POINT('',(174.841418047,118.811766069,0.000018128));
#1555=CARTESIAN_POINT('',(174.841418047,118.811766069,3.000018128));
#1556=CARTESIAN_POINT('',(174.932740216,118.112243752,0.000018128));
#1557=CARTESIAN_POINT('',(174.932740216,118.112243752,3.000018128));
#1558=CARTESIAN_POINT('',(175.018933905,117.415154044,0.000018128));
#1559=CARTESIAN_POINT('',(175.018933905,117.415154044,3.000018128));
#1560=CARTESIAN_POINT('',(175.103815039,116.720978799,0.000018128));
#1561=CARTESIAN_POINT('',(175.103815039,116.720978799,3.000018128));
#1562=CARTESIAN_POINT('',(175.183657377,116.029252102,0.000018128));
#1563=CARTESIAN_POINT('',(175.183657377,116.029252102,3.000018128));
#1564=CARTESIAN_POINT('',(175.258680013,115.340048695,0.000018128));
#1565=CARTESIAN_POINT('',(175.258680013,115.340048695,3.000018128));
#1566=CARTESIAN_POINT('',(175.332521732,114.653779058,0.000018128));
#1567=CARTESIAN_POINT('',(175.332521732,114.653779058,3.000018128));
#1568=CARTESIAN_POINT('',(175.401629512,113.970042711,0.000018128));
#1569=CARTESIAN_POINT('',(175.401629512,113.970042711,3.000018128));
#1570=CARTESIAN_POINT('',(175.466220405,113.288911655,0.000018128));
#1571=CARTESIAN_POINT('',(175.466220405,113.288911655,3.000018128));
#1572=CARTESIAN_POINT('',(175.529805035,112.610187289,0.000018128));
#1573=CARTESIAN_POINT('',(175.529805035,112.610187289,3.000018128));
#1574=CARTESIAN_POINT('',(175.588998775,111.933486472,0.000018128));
#1575=CARTESIAN_POINT('',(175.588998775,111.933486472,3.000018128));
#1576=CARTESIAN_POINT('',(175.643973964,111.258875871,0.000018128));
#1577=CARTESIAN_POINT('',(175.643973964,111.258875871,3.000018128));
#1578=CARTESIAN_POINT('',(175.698044947,110.586626653,0.000018128));
#1579=CARTESIAN_POINT('',(175.698044947,110.586626653,3.000018128));
#1580=CARTESIAN_POINT('',(175.747960232,109.916467493,0.000018128));
#1581=CARTESIAN_POINT('',(175.747960232,109.916467493,3.000018128));
#1582=CARTESIAN_POINT('',(175.793890639,109.248463542,0.000018128));
#1583=CARTESIAN_POINT('',(175.793890639,109.248463542,3.000018128));
#1584=CARTESIAN_POINT('',(175.839008829,108.582818583,0.000018128));
#1585=CARTESIAN_POINT('',(175.839008829,108.582818583,3.000018128));
#1586=CARTESIAN_POINT('',(175.880201926,107.919325912,0.000018128));
#1587=CARTESIAN_POINT('',(175.880201926,107.919325912,3.000018128));
#1588=CARTESIAN_POINT('',(175.917639201,107.258049428,0.000018128));
#1589=CARTESIAN_POINT('',(175.917639201,107.258049428,3.000018128));
#1590=CARTESIAN_POINT('',(175.954351603,106.599125797,0.000018128));
#1591=CARTESIAN_POINT('',(175.954351603,106.599125797,3.000018128));
#1592=CARTESIAN_POINT('',(175.987364852,105.942413188,0.000018128));
#1593=CARTESIAN_POINT('',(175.987364852,105.942413188,3.000018128));
#1594=CARTESIAN_POINT('',(176.016846656,105.287974504,0.000018128));
#1595=CARTESIAN_POINT('',(176.016846656,105.287974504,3.000018128));
#1596=CARTESIAN_POINT('',(176.047813834,104.587270439,0.000018128));
#1597=CARTESIAN_POINT('',(176.047813834,104.587270439,3.000018128));
#1598=CARTESIAN_POINT('',(176.074798482,103.888349653,0.000018128));
#1599=CARTESIAN_POINT('',(176.074798482,103.888349653,3.000018128));
#1600=CARTESIAN_POINT('',(176.097946071,103.19120599,0.000018128));
#1601=CARTESIAN_POINT('',(176.097946071,103.19120599,3.000018128));
#1602=CARTESIAN_POINT('',(176.120456716,102.495954202,0.000018128));
#1603=CARTESIAN_POINT('',(176.120456716,102.495954202,3.000018128));
#1604=CARTESIAN_POINT('',(176.139173937,101.802502518,0.000018128));
#1605=CARTESIAN_POINT('',(176.139173937,101.802502518,3.000018128));
#1606=CARTESIAN_POINT('',(176.154242837,101.11084291,0.000018128));
#1607=CARTESIAN_POINT('',(176.154242837,101.11084291,3.000018128));
#1608=CARTESIAN_POINT('',(176.16873963,100.421106888,0.000018128));
#1609=CARTESIAN_POINT('',(176.16873963,100.421106888,3.000018128));
#1610=CARTESIAN_POINT('',(176.179630866,99.733182291,0.000018128));
#1611=CARTESIAN_POINT('',(176.179630866,99.733182291,3.000018128));
#1612=CARTESIAN_POINT('',(176.187061151,99.047059331,0.000018128));
#1613=CARTESIAN_POINT('',(176.187061151,99.047059331,3.000018128));
#1614=CARTESIAN_POINT('',(176.193982684,98.362886395,0.000018128));
#1615=CARTESIAN_POINT('',(176.193982684,98.362886395,3.000018128));
#1616=CARTESIAN_POINT('',(176.197484931,97.68053105,0.000018128));
#1617=CARTESIAN_POINT('',(176.197484931,97.68053105,3.000018128));
#1618=CARTESIAN_POINT('',(176.197711896,96.999981872,0.000018128));
#1619=CARTESIAN_POINT('',(176.197711896,96.999981872,3.000018128));
#1620=B_SPLINE_SURFACE_WITH_KNOTS('',3,1,((#826,#827),(#828,#829),(#830,#831),(#832,#833),(#834,#835),(#836,#837),(#838,#839),(#840,#841),(#842,#843),(#844,#845),(#846,#847),(#848,#849),(#850,#851),(#852,#853),(#854,#855),(#856,#857),(#858,#859),(#860,#861),(#862,#863),(#864,#865),(#866,#867),(#868,#869),(#870,#871),(#872,#873),(#874,#875),(#876,#877),
(#878,#879),(#880,#881),(#882,#883),(#884,#885),(#886,#887),(#888,#889),(#890,#891),(#892,#893),(#894,#895),(#896,#897),(#898,#899),(#900,#901),(#902,#903),(#904,#905),(#906,#907),(#908,#909),(#910,#911),(#912,#913),(#914,#915),(#916,#917),(#918,#919),(#920,#921),(#922,#923),(#924,#925),(#926,#927),
(#928,#929),(#930,#931),(#932,#933),(#934,#935),(#936,#937),(#938,#939),(#940,#941),(#942,#943),(#944,#945),(#946,#947),(#948,#949),(#950,#951),(#952,#953),(#954,#955),(#956,#957),(#958,#959),(#960,#961),(#962,#963),(#964,#965),(#966,#967),(#968,#969),(#970,#971),(#972,#973),(#974,#975),(#976,#977),
(#978,#979),(#980,#981),(#982,#983),(#984,#985),(#986,#987),(#988,#989),(#990,#991),(#992,#993),(#994,#995),(#996,#997),(#998,#999),(#1000,#1001),(#1002,#1003),(#1004,#1005),(#1006,#1007),(#1008,#1009),(#1010,#1011),(#1012,#1013),(#1014,#1015),(#1016,#1017),(#1018,#1019),(#1020,#1021),(#1022,#1023),(#1024,#1025),(#1026,#1027),
(#1028,#1029),(#1030,#1031),(#1032,#1033),(#1034,#1035),(#1036,#1037),(#1038,#1039),(#1040,#1041),(#1042,#1043),(#1044,#1045),(#1046,#1047),(#1048,#1049),(#1050,#1051),(#1052,#1053),(#1054,#1055),(#1056,#1057),(#1058,#1059),(#1060,#1061),(#1062,#1063),(#1064,#1065),(#1066,#1067),(#1068,#1069),(#1070,#1071),(#1072,#1073),(#1074,#1075),(#1076,#1077),
(#1078,#1079),(#1080,#1081),(#1082,#1083),(#1084,#1085),(#1086,#1087),(#1088,#1089),(#1090,#1091),(#1092,#1093),(#1094,#1095),(#1096,#1097),(#1098,#1099),(#1100,#1101),(#1102,#1103),(#1104,#1105),(#1106,#1107),(#1108,#1109),(#1110,#1111),(#1112,#1113),(#1114,#1115),(#1116,#1117),(#1118,#1119),(#1120,#1121),(#1122,#1123),(#1124,#1125),(#1126,#1127),
(#1128,#1129),(#1130,#1131),(#1132,#1133),(#1134,#1135),(#1136,#1137),(#1138,#1139),(#1140,#1141),(#1142,#1143),(#1144,#1145),(#1146,#1147),(#1148,#1149),(#1150,#1151),(#1152,#1153),(#1154,#1155),(#1156,#1157),(#1158,#1159),(#1160,#1161),(#1162,#1163),(#1164,#1165),(#1166,#1167),(#1168,#1169),(#1170,#1171),(#1172,#1173),(#1174,#1175),(#1176,#1177),
(#1178,#1179),(#1180,#1181),(#1182,#1183),(#1184,#1185),(#1186,#1187),(#1188,#1189),(#1190,#1191),(#1192,#1193),(#1194,#1195),(#1196,#1197),(#1198,#1199),(#1200,#1201),(#1202,#1203),(#1204,#1205),(#1206,#1207),(#1208,#1209),(#1210,#1211),(#1212,#1213),(#1214,#1215),(#1216,#1217),(#1218,#1219),(#1220,#1221),(#1222,#1223),(#1224,#1225),(#1226,#1227),
(#1228,#1229),(#1230,#1231),(#1232,#1233),(#1234,#1235),(#1236,#1237),(#1238,#1239),(#1240,#1241),(#1242,#1243),(#1244,#1245),(#1246,#1247),(#1248,#1249),(#1250,#1251),(#1252,#1253),(#1254,#1255),(#1256,#1257),(#1258,#1259),(#1260,#1261),(#1262,#1263),(#1264,#1265),(#1266,#1267),(#1268,#1269),(#1270,#1271),(#1272,#1273),(#1274,#1275),(#1276,#1277),
(#1278,#1279),(#1280,#1281),(#1282,#1283),(#1284,#1285),(#1286,#1287),(#1288,#1289),(#1290,#1291),(#1292,#1293),(#1294,#1295),(#1296,#1297),(#1298,#1299),(#1300,#1301),(#1302,#1303),(#1304,#1305),(#1306,#1307),(#1308,#1309),(#1310,#1311),(#1312,#1313),(#1314,#1315),(#1316,#1317),(#1318,#1319),(#1320,#1321),(#1322,#1323),(#1324,#1325),(#1326,#1327),
(#1328,#1329),(#1330,#1331),(#1332,#1333),(#1334,#1335),(#1336,#1337),(#1338,#1339),(#1340,#1341),(#1342,#1343),(#1344,#1345),(#1346,#1347),(#1348,#1349),(#1350,#1351),(#1352,#1353),(#1354,#1355),(#1356,#1357),(#1358,#1359),(#1360,#1361),(#1362,#1363),(#1364,#1365),(#1366,#1367),(#1368,#1369),(#1370,#1371),(#1372,#1373),(#1374,#1375),(#1376,#1377),
(#1378,#1379),(#1380,#1381),(#1382,#1383),(#1384,#1385),(#1386,#1387),(#1388,#1389),(#1390,#1391),(#1392,#1393),(#1394,#1395),(#1396,#1397),(#1398,#1399),(#1400,#1401),(#1402,#1403),(#1404,#1405),(#1406,#1407),(#1408,#1409),(#1410,#1411),(#1412,#1413),(#1414,#1415),(#1416,#1417),(#1418,#1419),(#1420,#1421),(#1422,#1423),(#1424,#1425),(#1426,#1427),
(#1428,#1429),(#1430,#1431),(#1432,#1433),(#1434,#1435),(#1436,#1437),(#1438,#1439),(#1440,#1441),(#1442,#1443),(#1444,#1445),(#1446,#1447),(#1448,#1449),(#1450,#1451),(#1452,#1453),(#1454,#1455),(#1456,#1457),(#1458,#1459),(#1460,#1461),(#1462,#1463),(#1464,#1465),(#1466,#1467),(#1468,#1469),(#1470,#1471),(#1472,#1473),(#1474,#1475),(#1476,#1477),
(#1478,#1479),(#1480,#1481),(#1482,#1483),(#1484,#1485),(#1486,#1487),(#1488,#1489),(#1490,#1491),(#1492,#1493),(#1494,#1495),(#1496,#1497),(#1498,#1499),(#1500,#1501),(#1502,#1503),(#1504,#1505),(#1506,#1507),(#1508,#1509),(#1510,#1511),(#1512,#1513),(#1514,#1515),(#1516,#1517),(#1518,#1519),(#1520,#1521),(#1522,#1523),(#1524,#1525),(#1526,#1527),
(#1528,#1529),(#1530,#1531),(#1532,#1533),(#1534,#1535),(#1536,#1537),(#1538,#1539),(#1540,#1541),(#1542,#1543),(#1544,#1545),(#1546,#1547),(#1548,#1549),(#1550,#1551),(#1552,#1553),(#1554,#1555),(#1556,#1557),(#1558,#1559),(#1560,#1561),(#1562,#1563),(#1564,#1565),(#1566,#1567),(#1568,#1569),(#1570,#1571),(#1572,#1573),(#1574,#1575),(#1576,#1577),
(#1578,#1579),(#1580,#1581),(#1582,#1583),(#1584,#1585),(#1586,#1587),(#1588,#1589),(#1590,#1591),(#1592,#1593),(#1594,#1595),(#1596,#1597),(#1598,#1599),(#1600,#1601),(#1602,#1603),(#1604,#1605),(#1606,#1607),(#1608,#1609),(#1610,#1611),(#1612,#1613),(#1614,#1615),(#1616,#1617),(#1618,#1619)),.UNSPECIFIED.,.F.,.F.,.U.,(4,3,3,3,3,3,3,3,3,3,3,3,3,3,3,3,3,3,3,3,3,3,3,3,3,3,
3,3,3,3,3,3,3,3,3,3,3,3,3,3,3,3,3,3,3,3,3,3,3,3,3,
3,3,3,3,3,3,3,3,3,3,3,3,3,3,3,3,3,3,3,3,3,3,3,3,3,
3,3,3,3,3,3,3,3,3,3,3,3,3,3,3,3,3,3,3,3,3,3,3,3,3,
3,3,3,3,3,3,3,3,3,3,3,3,3,3,3,3,3,3,3,3,3,3,3,3,3,
3,3,3,3,3,3,4),(2,2),(0.,0.001387749,0.002775497,0.004163246,0.005550994,0.007083614,0.008616234,0.010148853,0.011681473,0.013210753,0.014740033,0.016269313,0.017033953,0.017798593,0.018620403,0.019442213,0.020264022,0.021085832,0.021907641,0.022729451,0.02355126,0.02437307,0.025069516,0.025765962,0.026462409,0.027158855,
0.027855301,0.028551747,0.029248194,0.02994464,0.030712846,0.031481052,0.032249259,0.033017465,0.033786376,0.034555287,0.034939743,0.035324198,0.035708654,0.036093109,0.036479542,0.036865975,0.037252408,0.037638841,0.038025274,0.038411707,0.03879814,0.039184573,0.039569821,0.03995507,0.040340319,
0.040725567,0.041110816,0.041496064,0.041881313,0.042266562,0.042674954,0.043083346,0.043491738,0.043900131,0.044308523,0.044716915,0.045125307,0.0455337,0.045941625,0.046349551,0.046757477,0.047165402,0.047573328,0.047981254,0.04838918,0.048797105,0.049143811,0.049490517,0.049837222,0.050183928,
0.050530634,0.050877339,0.051224045,0.05157075,0.051920402,0.052270054,0.052619706,0.052969358,0.05331901,0.053668662,0.054018313,0.054367965,0.054751903,0.055135841,0.055519779,0.055903718,0.056287656,0.056671594,0.057055532,0.05743947,0.057823408,0.058207346,0.058975222,0.059743098,0.060510974,
0.061276701,0.062042427,0.062808153,0.063573879,0.064342613,0.065111348,0.065880082,0.066648816,0.06747439,0.068299964,0.069125537,0.069951111,0.070772117,0.071593123,0.072414129,0.073235135,0.074614504,0.075993873,0.077373242,0.078752611,0.080278557,0.081804502,0.083330448,0.084856394,0.08638289,
0.087909386,0.089435882,0.090962378,0.092601895,0.094241412,0.095880929,0.097520445),(0.,1.),.UNSPECIFIED.);
#1621=CARTESIAN_POINT('',(176.197711896,96.999981872,3.000018128));
#1622=VERTEX_POINT('',#1621);
#1623=CARTESIAN_POINT('',(79.993931657,196.286015298,3.000018128));
#1624=CARTESIAN_POINT('',(83.300395765,196.287058065,3.000018128));
#1625=CARTESIAN_POINT('',(86.603380777,196.196493802,3.000018128));
#1626=CARTESIAN_POINT('',(89.902272573,195.998152365,3.000018128));
#1627=CARTESIAN_POINT('',(91.551718472,195.898981647,3.000018128));
#1628=CARTESIAN_POINT('',(93.201998857,195.772519276,3.000018128));
#1629=CARTESIAN_POINT('',(94.843992095,195.617355515,3.000018128));
#1630=CARTESIAN_POINT('',(96.485985333,195.462191754,3.000018128));
#1631=CARTESIAN_POINT('',(98.120688966,195.278383403,3.000018128));
#1632=CARTESIAN_POINT('',(99.747566682,195.063823021,3.000018128));
#1633=CARTESIAN_POINT('',(103.001322116,194.634702256,3.000018128));
#1634=CARTESIAN_POINT('',(106.22393272,194.083197516,3.000018128));
#1635=CARTESIAN_POINT('',(109.410762055,193.391089848,3.000018128));
#1636=CARTESIAN_POINT('',(112.59759139,192.69898218,3.000018128));
#1637=CARTESIAN_POINT('',(115.748679839,191.86643027,3.000018128));
#1638=CARTESIAN_POINT('',(118.858443784,190.871493231,3.000018128));
#1639=CARTESIAN_POINT('',(121.968207729,189.876556192,3.000018128));
#1640=CARTESIAN_POINT('',(125.03665006,188.719245377,3.000018128));
#1641=CARTESIAN_POINT('',(128.056695157,187.371757055,3.000018128));
#1642=CARTESIAN_POINT('',(128.811706432,187.034884975,3.000018128));
#1643=CARTESIAN_POINT('',(129.563682163,186.686084691,3.000018128));
#1644=CARTESIAN_POINT('',(130.312490289,186.324837264,3.000018128));
#1645=CARTESIAN_POINT('',(131.061298415,185.963589838,3.000018128));
#1646=CARTESIAN_POINT('',(131.805314145,185.590629999,3.000018128));
#1647=CARTESIAN_POINT('',(132.540693441,185.207658977,3.000018128));
#1648=CARTESIAN_POINT('',(134.011452031,184.441716932,3.000018128));
#1649=CARTESIAN_POINT('',(135.452145373,183.633592407,3.000018128));
#1650=CARTESIAN_POINT('',(136.862191461,182.78246883,3.000018128));
#1651=CARTESIAN_POINT('',(139.682283636,181.080221678,3.000018128));
#1652=CARTESIAN_POINT('',(142.379831913,179.206041619,3.000018128));
#1653=CARTESIAN_POINT('',(144.948896943,177.151595567,3.000018128));
#1654=CARTESIAN_POINT('',(146.233429458,176.124372541,3.000018128));
#1655=CARTESIAN_POINT('',(147.485872283,175.05212668,3.000018128));
#1656=CARTESIAN_POINT('',(148.705253441,173.933494271,3.000018128));
#1657=CARTESIAN_POINT('',(149.31494402,173.374178067,3.000018128));
#1658=CARTESIAN_POINT('',(149.916351613,172.803240576,3.000018128));
#1659=CARTESIAN_POINT('',(150.509373534,172.220537726,3.000018128));
#1660=CARTESIAN_POINT('',(151.102395455,171.637834876,3.000018128));
#1661=CARTESIAN_POINT('',(151.687385684,171.042910505,3.000018128));
#1662=CARTESIAN_POINT('',(152.25946969,170.440833913,3.000018128));
#1663=CARTESIAN_POINT('',(154.547805718,168.032527544,3.000018128));
#1664=CARTESIAN_POINT('',(156.647960968,165.492349785,3.000018128));
#1665=CARTESIAN_POINT('',(158.57237976,162.829021237,3.000018128));
#1666=CARTESIAN_POINT('',(160.496798553,160.165692689,3.000018128));
#1667=CARTESIAN_POINT('',(162.245338311,157.37911344,3.000018128));
#1668=CARTESIAN_POINT('',(163.827774801,154.476134049,3.000018128));
#1669=CARTESIAN_POINT('',(164.223383923,153.750389201,3.000018128));
#1670=CARTESIAN_POINT('',(164.608607039,153.017366154,3.000018128));
#1671=CARTESIAN_POINT('',(164.983578835,152.277159293,3.000018128));
#1672=CARTESIAN_POINT('',(165.358550631,151.536952432,3.000018128));
#1673=CARTESIAN_POINT('',(165.723822207,150.788338166,3.000018128));
#1674=CARTESIAN_POINT('',(166.07710476,150.036663237,3.000018128));
#1675=CARTESIAN_POINT('',(166.783669865,148.533313379,3.000018128));
#1676=CARTESIAN_POINT('',(167.44309715,147.016512872,3.000018128));
#1677=CARTESIAN_POINT('',(168.05913903,145.48733246,3.000018128));
#1678=CARTESIAN_POINT('',(169.291222791,142.428971636,3.000018128));
#1679=CARTESIAN_POINT('',(170.350297876,139.321243263,3.000018128));
#1680=CARTESIAN_POINT('',(171.260599714,136.171062852,3.000018128));
#1681=CARTESIAN_POINT('',(172.170901552,133.020882442,3.000018128));
#1682=CARTESIAN_POINT('',(172.932510512,129.828272927,3.000018128));
#1683=CARTESIAN_POINT('',(173.56520888,126.59887913,3.000018128));
#1684=CARTESIAN_POINT('',(173.881558064,124.984182232,3.000018128));
#1685=CARTESIAN_POINT('',(174.165538756,123.360249073,3.000018128));
#1686=CARTESIAN_POINT('',(174.419420804,121.727727349,3.000018128));
#1687=CARTESIAN_POINT('',(174.673302853,120.095205625,3.000018128));
#1688=CARTESIAN_POINT('',(174.897308746,118.452043767,3.000018128));
#1689=CARTESIAN_POINT('',(175.092282721,116.807762419,3.000018128));
#1690=CARTESIAN_POINT('',(175.482230672,113.519199722,3.000018128));
#1691=CARTESIAN_POINT('',(175.757365754,110.223529759,3.000018128));
#1692=CARTESIAN_POINT('',(175.936180632,106.921897282,3.000018128));
#1693=CARTESIAN_POINT('',(176.11499551,103.620264804,3.000018128));
#1694=CARTESIAN_POINT('',(176.197711896,100.312683536,3.000018128));
#1695=CARTESIAN_POINT('',(176.197711896,96.999981872,3.000018128));
#1696=B_SPLINE_CURVE_WITH_KNOTS('',3,(#1623,#1624,#1625,#1626,#1627,#1628,#1629,#1630,#1631,#1632,#1633,#1634,#1635,#1636,#1637,#1638,#1639,#1640,#1641,#1642,#1643,#1644,#1645,#1646,#1647,#1648,
#1649,#1650,#1651,#1652,#1653,#1654,#1655,#1656,#1657,#1658,#1659,#1660,#1661,#1662,#1663,#1664,#1665,#1666,#1667,#1668,#1669,#1670,#1671,#1672,#1673,
#1674,#1675,#1676,#1677,#1678,#1679,#1680,#1681,#1682,#1683,#1684,#1685,#1686,#1687,#1688,#1689,#1690,#1691,#1692,#1693,#1694,#1695),.UNSPECIFIED.,.F.,.F.,(4,3,3,3,3,3,3,3,3,3,3,3,3,3,3,3,3,3,3,3,3,3,3,3,4),(0.,0.009912128,0.014868191,0.019824255,0.029736383,0.039648511,0.049560638,0.05203867,0.054516702,0.059472766,0.069384893,0.074340957,0.076818989,0.079297021,0.089209149,0.099121276,0.101599308,0.10407734,0.109033404,0.118945532,0.128857659,0.133813723,0.138769787,0.148681915,0.158594042),.UNSPECIFIED.);
#1697=EDGE_CURVE('',#801,#1622,#1696,.T.);
#1698=ORIENTED_EDGE('',*,*,#1697,.T.);
#1699=CARTESIAN_POINT('',(176.197711896,96.999981872,0.000018128));
#1700=VERTEX_POINT('',#1699);
#1701=CARTESIAN_POINT('',(176.197711896,96.999981872,0.000018128));
#1702=DIRECTION('',(0.,0.,1.));
#1703=VECTOR('',#1702,3.);
#1704=LINE('',#1701,#1703);
#1705=EDGE_CURVE('',#1700,#1622,#1704,.T.);
#1706=ORIENTED_EDGE('',*,*,#1705,.F.);
#1707=CARTESIAN_POINT('',(79.993931657,196.286015298,0.000018128));
#1708=CARTESIAN_POINT('',(83.300395765,196.287058065,0.000018128));
#1709=CARTESIAN_POINT('',(86.603380777,196.196493802,0.000018128));
#1710=CARTESIAN_POINT('',(89.902272573,195.998152365,0.000018128));
#1711=CARTESIAN_POINT('',(91.551718472,195.898981647,0.000018128));
#1712=CARTESIAN_POINT('',(93.201998857,195.772519276,0.000018128));
#1713=CARTESIAN_POINT('',(94.843992095,195.617355515,0.000018128));
#1714=CARTESIAN_POINT('',(96.485985333,195.462191754,0.000018128));
#1715=CARTESIAN_POINT('',(98.120688966,195.278383403,0.000018128));
#1716=CARTESIAN_POINT('',(99.747566682,195.063823021,0.000018128));
#1717=CARTESIAN_POINT('',(103.001322116,194.634702256,0.000018128));
#1718=CARTESIAN_POINT('',(106.22393272,194.083197516,0.000018128));
#1719=CARTESIAN_POINT('',(109.410762055,193.391089848,0.000018128));
#1720=CARTESIAN_POINT('',(112.59759139,192.69898218,0.000018128));
#1721=CARTESIAN_POINT('',(115.748679839,191.86643027,0.000018128));
#1722=CARTESIAN_POINT('',(118.858443784,190.871493231,0.000018128));
#1723=CARTESIAN_POINT('',(121.968207729,189.876556192,0.000018128));
#1724=CARTESIAN_POINT('',(125.03665006,188.719245377,0.000018128));
#1725=CARTESIAN_POINT('',(128.056695157,187.371757055,0.000018128));
#1726=CARTESIAN_POINT('',(128.811706432,187.034884975,0.000018128));
#1727=CARTESIAN_POINT('',(129.563682163,186.686084691,0.000018128));
#1728=CARTESIAN_POINT('',(130.312490289,186.324837264,0.000018128));
#1729=CARTESIAN_POINT('',(131.061298415,185.963589838,0.000018128));
#1730=CARTESIAN_POINT('',(131.805314145,185.590629999,0.000018128));
#1731=CARTESIAN_POINT('',(132.540693441,185.207658977,0.000018128));
#1732=CARTESIAN_POINT('',(134.011452031,184.441716932,0.000018128));
#1733=CARTESIAN_POINT('',(135.452145373,183.633592407,0.000018128));
#1734=CARTESIAN_POINT('',(136.862191461,182.78246883,0.000018128));
#1735=CARTESIAN_POINT('',(139.682283636,181.080221678,0.000018128));
#1736=CARTESIAN_POINT('',(142.379831913,179.206041619,0.000018128));
#1737=CARTESIAN_POINT('',(144.948896943,177.151595567,0.000018128));
#1738=CARTESIAN_POINT('',(146.233429458,176.124372541,0.000018128));
#1739=CARTESIAN_POINT('',(147.485872283,175.05212668,0.000018128));
#1740=CARTESIAN_POINT('',(148.705253441,173.933494271,0.000018128));
#1741=CARTESIAN_POINT('',(149.31494402,173.374178067,0.000018128));
#1742=CARTESIAN_POINT('',(149.916351613,172.803240576,0.000018128));
#1743=CARTESIAN_POINT('',(150.509373534,172.220537726,0.000018128));
#1744=CARTESIAN_POINT('',(151.102395455,171.637834876,0.000018128));
#1745=CARTESIAN_POINT('',(151.687385684,171.042910505,0.000018128));
#1746=CARTESIAN_POINT('',(152.25946969,170.440833913,0.000018128));
#1747=CARTESIAN_POINT('',(154.547805718,168.032527544,0.000018128));
#1748=CARTESIAN_POINT('',(156.647960968,165.492349784,0.000018128));
#1749=CARTESIAN_POINT('',(158.57237976,162.829021237,0.000018128));
#1750=CARTESIAN_POINT('',(160.496798553,160.165692689,0.000018128));
#1751=CARTESIAN_POINT('',(162.245338311,157.37911344,0.000018128));
#1752=CARTESIAN_POINT('',(163.827774801,154.476134049,0.000018128));
#1753=CARTESIAN_POINT('',(164.223383923,153.750389201,0.000018128));
#1754=CARTESIAN_POINT('',(164.608607039,153.017366154,0.000018128));
#1755=CARTESIAN_POINT('',(164.983578835,152.277159293,0.000018128));
#1756=CARTESIAN_POINT('',(165.358550631,151.536952432,0.000018128));
#1757=CARTESIAN_POINT('',(165.723822207,150.788338166,0.000018128));
#1758=CARTESIAN_POINT('',(166.07710476,150.036663237,0.000018128));
#1759=CARTESIAN_POINT('',(166.783669865,148.533313379,0.000018128));
#1760=CARTESIAN_POINT('',(167.44309715,147.016512872,0.000018128));
#1761=CARTESIAN_POINT('',(168.05913903,145.48733246,0.000018128));
#1762=CARTESIAN_POINT('',(169.291222791,142.428971636,0.000018128));
#1763=CARTESIAN_POINT('',(170.350297876,139.321243263,0.000018128));
#1764=CARTESIAN_POINT('',(171.260599714,136.171062852,0.000018128));
#1765=CARTESIAN_POINT('',(172.170901552,133.020882442,0.000018128));
#1766=CARTESIAN_POINT('',(172.932510512,129.828272927,0.000018128));
#1767=CARTESIAN_POINT('',(173.56520888,126.59887913,0.000018128));
#1768=CARTESIAN_POINT('',(173.881558064,124.984182232,0.000018128));
#1769=CARTESIAN_POINT('',(174.165538756,123.360249073,0.000018128));
#1770=CARTESIAN_POINT('',(174.419420804,121.727727349,0.000018128));
#1771=CARTESIAN_POINT('',(174.673302853,120.095205625,0.000018128));
#1772=CARTESIAN_POINT('',(174.897308746,118.452043767,0.000018128));
#1773=CARTESIAN_POINT('',(175.092282721,116.807762419,0.000018128));
#1774=CARTESIAN_POINT('',(175.482230672,113.519199722,0.000018128));
#1775=CARTESIAN_POINT('',(175.757365754,110.223529759,0.000018128));
#1776=CARTESIAN_POINT('',(175.936180632,106.921897282,0.000018128));
#1777=CARTESIAN_POINT('',(176.11499551,103.620264804,0.000018128));
#1778=CARTESIAN_POINT('',(176.197711896,100.312683536,0.000018128));
#1779=CARTESIAN_POINT('',(176.197711896,96.999981872,0.000018128));
#1780=B_SPLINE_CURVE_WITH_KNOTS('',3,(#1707,#1708,#1709,#1710,#1711,#1712,#1713,#1714,#1715,#1716,#1717,#1718,#1719,#1720,#1721,#1722,#1723,#1724,#1725,#1726,#1727,#1728,#1729,#1730,#1731,#1732,
#1733,#1734,#1735,#1736,#1737,#1738,#1739,#1740,#1741,#1742,#1743,#1744,#1745,#1746,#1747,#1748,#1749,#1750,#1751,#1752,#1753,#1754,#1755,#1756,#1757,
#1758,#1759,#1760,#1761,#1762,#1763,#1764,#1765,#1766,#1767,#1768,#1769,#1770,#1771,#1772,#1773,#1774,#1775,#1776,#1777,#1778,#1779),.UNSPECIFIED.,.F.,.F.,(4,3,3,3,3,3,3,3,3,3,3,3,3,3,3,3,3,3,3,3,3,3,3,3,4),(0.,0.009912128,0.014868191,0.019824255,0.029736383,0.039648511,0.049560638,0.05203867,0.054516702,0.059472766,0.069384893,0.074340957,0.076818989,0.079297021,0.089209149,0.099121276,0.101599308,0.10407734,0.109033404,0.118945532,0.128857659,0.133813723,0.138769787,0.148681915,0.158594042),.UNSPECIFIED.);
#1781=EDGE_CURVE('',#809,#1700,#1780,.T.);
#1782=ORIENTED_EDGE('',*,*,#1781,.F.);
#1783=ORIENTED_EDGE('',*,*,#815,.T.);
#1784=EDGE_LOOP('',(#1698,#1706,#1782,#1783));
#1785=FACE_BOUND('',#1784,.T.);
#1786=ADVANCED_FACE('',(#1785),#1620,.F.);
#1787=CARTESIAN_POINT('',(176.197711896,86.999990852,0.000018128));
#1788=DIRECTION('',(-1.,0.,0.));
#1789=DIRECTION('',(0.,0.,1.));
#1790=AXIS2_PLACEMENT_3D('',#1787,#1788,#1789);
#1791=PLANE('',#1790);
#1792=CARTESIAN_POINT('',(176.197711896,78.999999833,3.000018128));
#1793=VERTEX_POINT('',#1792);
#1794=CARTESIAN_POINT('',(176.197711896,96.999981872,3.000018128));
#1795=DIRECTION('',(0.,-1.,0.));
#1796=VECTOR('',#1795,17.999982039);
#1797=LINE('',#1794,#1796);
#1798=EDGE_CURVE('',#1622,#1793,#1797,.T.);
#1799=ORIENTED_EDGE('',*,*,#1798,.T.);
#1800=CARTESIAN_POINT('',(176.197711896,78.999999833,0.000018128));
#1801=VERTEX_POINT('',#1800);
#1802=CARTESIAN_POINT('',(176.197711896,78.999999833,3.000018128));
#1803=DIRECTION('',(0.,0.,-1.));
#1804=VECTOR('',#1803,3.);
#1805=LINE('',#1802,#1804);
#1806=EDGE_CURVE('',#1793,#1801,#1805,.T.);
#1807=ORIENTED_EDGE('',*,*,#1806,.T.);
#1808=CARTESIAN_POINT('',(176.197711896,96.999981872,0.000018128));
#1809=DIRECTION('',(0.,-1.,0.));
#1810=VECTOR('',#1809,17.999982039);
#1811=LINE('',#1808,#1810);
#1812=EDGE_CURVE('',#1700,#1801,#1811,.T.);
#1813=ORIENTED_EDGE('',*,*,#1812,.F.);
#1814=ORIENTED_EDGE('',*,*,#1705,.T.);
#1815=EDGE_LOOP('',(#1799,#1807,#1813,#1814));
#1816=FACE_BOUND('',#1815,.T.);
#1817=ADVANCED_FACE('',(#1816),#1791,.F.);
#1818=CARTESIAN_POINT('',(157.,78.999999833,0.000018128));
#1819=DIRECTION('',(0.,1.,0.));
#1820=DIRECTION('',(0.,0.,1.));
#1821=AXIS2_PLACEMENT_3D('',#1818,#1819,#1820);
#1822=PLANE('',#1821);
#1823=CARTESIAN_POINT('',(176.202533526,78.999999833,3.000018128));
#1824=VERTEX_POINT('',#1823);
#1825=CARTESIAN_POINT('',(176.202533526,78.999999833,3.000018128));
#1826=DIRECTION('',(-1.,0.,0.));
#1827=VECTOR('',#1826,0.00482163);
#1828=LINE('',#1825,#1827);
#1829=EDGE_CURVE('',#1824,#1793,#1828,.T.);
#1830=ORIENTED_EDGE('',*,*,#1829,.F.);
#1831=CARTESIAN_POINT('',(176.202533526,78.999999833,0.000018128));
#1832=VERTEX_POINT('',#1831);
#1833=CARTESIAN_POINT('',(176.202533526,78.999999833,3.000018128));
#1834=DIRECTION('',(0.,0.,-1.));
#1835=VECTOR('',#1834,3.);
#1836=LINE('',#1833,#1835);
#1837=EDGE_CURVE('',#1824,#1832,#1836,.T.);
#1838=ORIENTED_EDGE('',*,*,#1837,.T.);
#1839=CARTESIAN_POINT('',(176.202533526,78.999999833,0.000018128));
#1840=DIRECTION('',(-1.,0.,0.));
#1841=VECTOR('',#1840,0.00482163);
#1842=LINE('',#1839,#1841);
#1843=EDGE_CURVE('',#1832,#1801,#1842,.T.);
#1844=ORIENTED_EDGE('',*,*,#1843,.T.);
#1845=ORIENTED_EDGE('',*,*,#1806,.F.);
#1846=EDGE_LOOP('',(#1830,#1838,#1844,#1845));
#1847=FACE_BOUND('',#1846,.T.);
#1848=ADVANCED_FACE('',(#1847),#1822,.T.);
#1849=CARTESIAN_POINT('',(176.202533526,86.999990853,0.000018128));
#1850=DIRECTION('',(1.,0.,0.));
#1851=DIRECTION('',(0.,0.,-1.));
#1852=AXIS2_PLACEMENT_3D('',#1849,#1850,#1851);
#1853=PLANE('',#1852);
#1854=ORIENTED_EDGE('',*,*,#1837,.F.);
#1855=CARTESIAN_POINT('',(176.202533526,96.999981872,3.000018128));
#1856=VERTEX_POINT('',#1855);
#1857=CARTESIAN_POINT('',(176.202533526,78.999999833,3.000018128));
#1858=DIRECTION('',(0.,1.,0.));
#1859=VECTOR('',#1858,17.999982039);
#1860=LINE('',#1857,#1859);
#1861=EDGE_CURVE('',#1824,#1856,#1860,.T.);
#1862=ORIENTED_EDGE('',*,*,#1861,.T.);
#1863=CARTESIAN_POINT('',(176.202533526,96.999981872,0.000018128));
#1864=VERTEX_POINT('',#1863);
#1865=CARTESIAN_POINT('',(176.202533526,96.999981872,0.000018128));
#1866=DIRECTION('',(0.,0.,1.));
#1867=VECTOR('',#1866,3.);
#1868=LINE('',#1865,#1867);
#1869=EDGE_CURVE('',#1864,#1856,#1868,.T.);
#1870=ORIENTED_EDGE('',*,*,#1869,.F.);
#1871=CARTESIAN_POINT('',(176.202533526,78.999999833,0.000018128));
#1872=DIRECTION('',(0.,1.,0.));
#1873=VECTOR('',#1872,17.999982039);
#1874=LINE('',#1871,#1873);
#1875=EDGE_CURVE('',#1832,#1864,#1874,.T.);
#1876=ORIENTED_EDGE('',*,*,#1875,.F.);
#1877=EDGE_LOOP('',(#1854,#1862,#1870,#1876));
#1878=FACE_BOUND('',#1877,.T.);
#1879=ADVANCED_FACE('',(#1878),#1853,.F.);
#1880=CARTESIAN_POINT('',(176.202533526,96.999981872,0.000018128));
#1881=CARTESIAN_POINT('',(176.202533526,96.999981872,3.000018128));
#1882=CARTESIAN_POINT('',(176.202533526,99.996570069,0.000018128));
#1883=CARTESIAN_POINT('',(176.202533526,99.996570069,3.000018128));
#1884=CARTESIAN_POINT('',(176.061151931,106.314049629,0.000018128));
#1885=CARTESIAN_POINT('',(176.061151931,106.314049629,3.000018128));
#1886=CARTESIAN_POINT('',(175.313495454,115.924105453,0.000018128));
#1887=CARTESIAN_POINT('',(175.313495454,115.924105453,3.000018128));
#1888=CARTESIAN_POINT('',(173.83044781,126.00880716,0.000018128));
#1889=CARTESIAN_POINT('',(173.83044781,126.00880716,3.000018128));
#1890=CARTESIAN_POINT('',(171.583333659,135.621837918,0.000018128));
#1891=CARTESIAN_POINT('',(171.583333659,135.621837918,3.000018128));
#1892=CARTESIAN_POINT('',(168.441530565,144.982461678,0.000018128));
#1893=CARTESIAN_POINT('',(168.441530565,144.982461678,3.000018128));
#1894=CARTESIAN_POINT('',(165.134417631,152.250403123,0.000018128));
#1895=CARTESIAN_POINT('',(165.134417631,152.250403123,3.000018128));
#1896=CARTESIAN_POINT('',(161.846597752,158.016037851,0.000018128));
#1897=CARTESIAN_POINT('',(161.846597752,158.016037851,3.000018128));
#1898=CARTESIAN_POINT('',(159.048978404,162.271538019,0.000018128));
#1899=CARTESIAN_POINT('',(159.048978404,162.271538019,3.000018128));
#1900=CARTESIAN_POINT('',(155.896835345,166.420188213,0.000018128));
#1901=CARTESIAN_POINT('',(155.896835345,166.420188213,3.000018128));
#1902=CARTESIAN_POINT('',(151.57020979,171.334967241,0.000018128));
#1903=CARTESIAN_POINT('',(151.57020979,171.334967241,3.000018128));
#1904=CARTESIAN_POINT('',(146.861041258,175.725513873,0.000018128));
#1905=CARTESIAN_POINT('',(146.861041258,175.725513873,3.000018128));
#1906=CARTESIAN_POINT('',(141.850999109,179.571440214,0.000018128));
#1907=CARTESIAN_POINT('',(141.850999109,179.571440214,3.000018128));
#1908=CARTESIAN_POINT('',(136.329273886,183.253033016,0.000018128));
#1909=CARTESIAN_POINT('',(136.329273886,183.253033016,3.000018128));
#1910=CARTESIAN_POINT('',(128.794805964,187.276526809,0.000018128));
#1911=CARTESIAN_POINT('',(128.794805964,187.276526809,3.000018128));
#1912=CARTESIAN_POINT('',(119.576121791,190.822211375,0.000018128));
#1913=CARTESIAN_POINT('',(119.576121791,190.822211375,3.000018128));
#1914=CARTESIAN_POINT('',(110.043103604,193.398261514,0.000018128));
#1915=CARTESIAN_POINT('',(110.043103604,193.398261514,3.000018128));
#1916=CARTESIAN_POINT('',(100.552252408,195.091400008,0.000018128));
#1917=CARTESIAN_POINT('',(100.552252408,195.091400008,3.000018128));
#1918=CARTESIAN_POINT('',(90.408334828,196.089915866,0.000018128));
#1919=CARTESIAN_POINT('',(90.408334828,196.089915866,3.000018128));
#1920=CARTESIAN_POINT('',(83.543733413,196.291956437,0.000018128));
#1921=CARTESIAN_POINT('',(83.543733413,196.291956437,3.000018128));
#1922=CARTESIAN_POINT('',(79.993930132,196.290836928,0.000018128));
#1923=CARTESIAN_POINT('',(79.993930132,196.290836928,3.000018128));
#1924=B_SPLINE_SURFACE_WITH_KNOTS('',3,1,((#1880,#1881),(#1882,#1883),(#1884,#1885),(#1886,#1887),(#1888,#1889),(#1890,#1891),(#1892,#1893),(#1894,#1895),(#1896,#1897),(#1898,#1899),(#1900,#1901),(#1902,#1903),(#1904,#1905),(#1906,#1907),(#1908,#1909),(#1910,#1911),(#1912,#1913),(#1914,#1915),(#1916,#1917),(#1918,#1919),(#1920,#1921),(#1922,#1923)),.UNSPECIFIED.,.F.,.F.,.U.,(4,1,1,1,1,1,1,1,1,1,1,1,1,1,1,1,1,1,1,4),(2,2),(0.,0.008994977,0.018963454,0.028919731,0.039572201,0.048563825,0.058527076,0.063500975,0.068476409,0.073806899,0.07913083,0.08811886,0.093095491,0.09807954,0.108028956,0.118682904,0.127675141,0.13764172,0.147596609,0.15824988),(0.,1.),.UNSPECIFIED.);
#1925=CARTESIAN_POINT('',(79.993930133,196.290836928,3.000018128));
#1926=VERTEX_POINT('',#1925);
#1927=CARTESIAN_POINT('',(176.202533526,96.999981872,3.000018128));
#1928=CARTESIAN_POINT('',(176.202533526,99.996570069,3.000018128));
#1929=CARTESIAN_POINT('',(176.061151931,106.314049629,3.000018128));
#1930=CARTESIAN_POINT('',(175.313495454,115.924105453,3.000018128));
#1931=CARTESIAN_POINT('',(173.83044781,126.00880716,3.000018128));
#1932=CARTESIAN_POINT('',(171.583333659,135.621837918,3.000018128));
#1933=CARTESIAN_POINT('',(168.441530565,144.982461678,3.000018128));
#1934=CARTESIAN_POINT('',(165.134417631,152.250403123,3.000018128));
#1935=CARTESIAN_POINT('',(161.846597752,158.016037851,3.000018128));
#1936=CARTESIAN_POINT('',(159.048978404,162.271538019,3.000018128));
#1937=CARTESIAN_POINT('',(155.896835345,166.420188213,3.000018128));
#1938=CARTESIAN_POINT('',(151.57020979,171.334967241,3.000018128));
#1939=CARTESIAN_POINT('',(146.861041258,175.725513873,3.000018128));
#1940=CARTESIAN_POINT('',(141.850999109,179.571440214,3.000018128));
#1941=CARTESIAN_POINT('',(136.329273886,183.253033016,3.000018128));
#1942=CARTESIAN_POINT('',(128.794805964,187.276526809,3.000018128));
#1943=CARTESIAN_POINT('',(119.576121791,190.822211375,3.000018128));
#1944=CARTESIAN_POINT('',(110.043103604,193.398261514,3.000018128));
#1945=CARTESIAN_POINT('',(100.552252408,195.091400008,3.000018128));
#1946=CARTESIAN_POINT('',(90.408334828,196.089915866,3.000018128));
#1947=CARTESIAN_POINT('',(83.543733413,196.291956437,3.000018128));
#1948=CARTESIAN_POINT('',(79.993930132,196.290836928,3.000018128));
#1949=B_SPLINE_CURVE_WITH_KNOTS('',3,(#1927,#1928,#1929,#1930,#1931,#1932,#1933,#1934,#1935,#1936,#1937,#1938,#1939,#1940,#1941,#1942,#1943,#1944,#1945,#1946,#1947,#1948),.UNSPECIFIED.,.F.,.F.,(4,1,1,1,1,1,1,1,1,1,1,1,1,1,1,1,1,1,1,4),(0.,0.008994977,0.018963454,0.028919731,0.039572201,0.048563825,0.058527076,0.063500975,0.068476409,0.073806899,0.07913083,0.08811886,0.093095491,0.09807954,0.108028956,0.118682904,0.127675141,0.13764172,0.147596609,0.15824988),.UNSPECIFIED.);
#1950=EDGE_CURVE('',#1856,#1926,#1949,.T.);
#1951=ORIENTED_EDGE('',*,*,#1950,.T.);
#1952=CARTESIAN_POINT('',(79.993930133,196.290836928,0.000018128));
#1953=VERTEX_POINT('',#1952);
#1954=CARTESIAN_POINT('',(79.993930133,196.290836928,0.000018128));
#1955=DIRECTION('',(0.,0.,1.));
#1956=VECTOR('',#1955,3.);
#1957=LINE('',#1954,#1956);
#1958=EDGE_CURVE('',#1953,#1926,#1957,.T.);
#1959=ORIENTED_EDGE('',*,*,#1958,.F.);
#1960=CARTESIAN_POINT('',(176.202533526,96.999981872,0.000018128));
#1961=CARTESIAN_POINT('',(176.202533526,99.996570069,0.000018128));
#1962=CARTESIAN_POINT('',(176.061151931,106.314049629,0.000018128));
#1963=CARTESIAN_POINT('',(175.313495454,115.924105453,0.000018128));
#1964=CARTESIAN_POINT('',(173.83044781,126.00880716,0.000018128));
#1965=CARTESIAN_POINT('',(171.583333659,135.621837918,0.000018128));
#1966=CARTESIAN_POINT('',(168.441530565,144.982461678,0.000018128));
#1967=CARTESIAN_POINT('',(165.134417631,152.250403123,0.000018128));
#1968=CARTESIAN_POINT('',(161.846597752,158.016037851,0.000018128));
#1969=CARTESIAN_POINT('',(159.048978404,162.271538019,0.000018128));
#1970=CARTESIAN_POINT('',(155.896835345,166.420188213,0.000018128));
#1971=CARTESIAN_POINT('',(151.57020979,171.334967241,0.000018128));
#1972=CARTESIAN_POINT('',(146.861041258,175.725513873,0.000018128));
#1973=CARTESIAN_POINT('',(141.850999109,179.571440214,0.000018128));
#1974=CARTESIAN_POINT('',(136.329273886,183.253033016,0.000018128));
#1975=CARTESIAN_POINT('',(128.794805964,187.276526809,0.000018128));
#1976=CARTESIAN_POINT('',(119.576121791,190.822211375,0.000018128));
#1977=CARTESIAN_POINT('',(110.043103604,193.398261514,0.000018128));
#1978=CARTESIAN_POINT('',(100.552252408,195.091400008,0.000018128));
#1979=CARTESIAN_POINT('',(90.408334828,196.089915866,0.000018128));
#1980=CARTESIAN_POINT('',(83.543733413,196.291956437,0.000018128));
#1981=CARTESIAN_POINT('',(79.993930132,196.290836928,0.000018128));
#1982=B_SPLINE_CURVE_WITH_KNOTS('',3,(#1960,#1961,#1962,#1963,#1964,#1965,#1966,#1967,#1968,#1969,#1970,#1971,#1972,#1973,#1974,#1975,#1976,#1977,#1978,#1979,#1980,#1981),.UNSPECIFIED.,.F.,.F.,(4,1,1,1,1,1,1,1,1,1,1,1,1,1,1,1,1,1,1,4),(0.,0.008994977,0.018963454,0.028919731,0.039572201,0.048563825,0.058527076,0.063500975,0.068476409,0.073806899,0.07913083,0.08811886,0.093095491,0.09807954,0.108028956,0.118682904,0.127675141,0.13764172,0.147596609,0.15824988),.UNSPECIFIED.);
#1983=EDGE_CURVE('',#1864,#1953,#1982,.T.);
#1984=ORIENTED_EDGE('',*,*,#1983,.F.);
#1985=ORIENTED_EDGE('',*,*,#1869,.T.);
#1986=EDGE_LOOP('',(#1951,#1959,#1984,#1985));
#1987=FACE_BOUND('',#1986,.T.);
#1988=ADVANCED_FACE('',(#1987),#1924,.F.);
#1989=CARTESIAN_POINT('',(69.996965067,196.287684165,0.000018128));
#1990=DIRECTION('',(-0.000315372,0.99999995,0.));
#1991=DIRECTION('',(-0.99999995,-0.000315372,0.));
#1992=AXIS2_PLACEMENT_3D('',#1989,#1990,#1991);
#1993=PLANE('',#1992);
#1994=CARTESIAN_POINT('',(79.993930133,196.290836928,3.000018128));
#1995=DIRECTION('',(-0.99999995,-0.000315372,0.));
#1996=VECTOR('',#1995,18.993931078);
#1997=LINE('',#1994,#1996);
#1998=EDGE_CURVE('',#1926,#762,#1997,.T.);
#1999=ORIENTED_EDGE('',*,*,#1998,.T.);
#2000=ORIENTED_EDGE('',*,*,#789,.T.);
#2001=CARTESIAN_POINT('',(79.993930133,196.290836928,0.000018128));
#2002=DIRECTION('',(-0.99999995,-0.000315372,0.));
#2003=VECTOR('',#2002,18.993931078);
#2004=LINE('',#2001,#2003);
#2005=EDGE_CURVE('',#1953,#778,#2004,.T.);
#2006=ORIENTED_EDGE('',*,*,#2005,.F.);
#2007=ORIENTED_EDGE('',*,*,#1958,.T.);
#2008=EDGE_LOOP('',(#1999,#2000,#2006,#2007));
#2009=FACE_BOUND('',#2008,.T.);
#2010=ADVANCED_FACE('',(#2009),#1993,.F.);
#2011=CARTESIAN_POINT('',(59.512665829,136.879553126,0.000018128));
#2012=DIRECTION('',(0.000315372,-0.99999995,0.));
#2013=DIRECTION('',(0.99999995,0.000315372,0.));
#2014=AXIS2_PLACEMENT_3D('',#2011,#2012,#2013);
#2015=PLANE('',#2014);
#2016=CARTESIAN_POINT('',(60.012665965,136.879710812,2.39606569));
#2017=VERTEX_POINT('',#2016);
#2018=CARTESIAN_POINT('',(60.012665965,136.879710812,2.396065693));
#2019=DIRECTION('',(-0.99999995,-0.000315372,-0.));
#2020=VECTOR('',#2019,8.00000011);
#2021=LINE('',#2018,#2020);
#2022=EDGE_CURVE('',#2017,#82,#2021,.T.);
#2023=ORIENTED_EDGE('',*,*,#2022,.F.);
#2024=CARTESIAN_POINT('',(60.012665965,136.879710812,0.000018128));
#2025=VERTEX_POINT('',#2024);
#2026=CARTESIAN_POINT('',(60.012665965,136.879710812,2.39606569));
#2027=DIRECTION('',(0.,0.,-1.));
#2028=VECTOR('',#2027,2.396047562);
#2029=LINE('',#2026,#2028);
#2030=EDGE_CURVE('',#2017,#2025,#2029,.T.);
#2031=ORIENTED_EDGE('',*,*,#2030,.T.);
#2032=CARTESIAN_POINT('',(60.012665965,136.879710812,0.000018128));
#2033=DIRECTION('',(0.99999995,0.000315372,0.));
#2034=VECTOR('',#2033,19.999999788);
#2035=LINE('',#2032,#2034);
#2036=EDGE_CURVE('',#2025,#729,#2035,.T.);
#2037=ORIENTED_EDGE('',*,*,#2036,.T.);
#2038=ORIENTED_EDGE('',*,*,#734,.T.);
#2039=CARTESIAN_POINT('',(52.012666253,136.877187836,3.000018128));
#2040=DIRECTION('',(0.99999995,0.000315372,0.));
#2041=VECTOR('',#2040,27.999999897);
#2042=LINE('',#2039,#2041);
#2043=EDGE_CURVE('',#93,#713,#2042,.T.);
#2044=ORIENTED_EDGE('',*,*,#2043,.F.);
#2045=ORIENTED_EDGE('',*,*,#98,.F.);
#2046=EDGE_LOOP('',(#2023,#2031,#2037,#2038,#2044,#2045));
#2047=FACE_BOUND('',#2046,.T.);
#2048=ADVANCED_FACE('',(#2047),#2015,.T.);
#2049=CARTESIAN_POINT('',(10.5,226.999981872,0.000018128));
#2050=DIRECTION('',(0.,0.,-1.));
#2051=DIRECTION('',(0.,1.,0.));
#2052=AXIS2_PLACEMENT_3D('',#2049,#2050,#2051);
#2053=PLANE('',#2052);
#2054=CARTESIAN_POINT('',(116.98617375,76.999981872,0.000018128));
#2055=VERTEX_POINT('',#2054);
#2056=CARTESIAN_POINT('',(116.98617375,76.999981872,0.000018128));
#2057=DIRECTION('',(-0.,-1.,-0.));
#2058=VECTOR('',#2057,8.);
#2059=LINE('',#2056,#2058);
#2060=EDGE_CURVE('',#2055,#33,#2059,.T.);
#2061=ORIENTED_EDGE('',*,*,#2060,.F.);
#2062=CARTESIAN_POINT('',(116.98617375,76.999981872,0.000018128));
#2063=DIRECTION('',(-1.,0.,0.));
#2064=VECTOR('',#2063,0.188461854);
#2065=LINE('',#2062,#2064);
#2066=EDGE_CURVE('',#2055,#673,#2065,.T.);
#2067=ORIENTED_EDGE('',*,*,#2066,.T.);
#2068=ORIENTED_EDGE('',*,*,#678,.F.);
#2069=ORIENTED_EDGE('',*,*,#748,.T.);
#2070=ORIENTED_EDGE('',*,*,#2036,.F.);
#2071=CARTESIAN_POINT('',(60.012606529,137.068172657,0.000018128));
#2072=VERTEX_POINT('',#2071);
#2073=CARTESIAN_POINT('',(60.012665965,136.879710812,0.000018128));
#2074=DIRECTION('',(-0.000315372,0.99999995,0.));
#2075=VECTOR('',#2074,0.188461854);
#2076=LINE('',#2073,#2075);
#2077=EDGE_CURVE('',#2025,#2072,#2076,.T.);
#2078=ORIENTED_EDGE('',*,*,#2077,.T.);
#2079=CARTESIAN_POINT('',(52.012606818,137.065649681,0.000018128));
#2080=DIRECTION('',(0.99999995,0.000315372,0.));
#2081=VECTOR('',#2080,8.00000011);
#2082=LINE('',#2079,#2081);
#2083=EDGE_CURVE('',#84,#2072,#2082,.T.);
#2084=ORIENTED_EDGE('',*,*,#2083,.F.);
#2085=ORIENTED_EDGE('',*,*,#120,.F.);
#2086=ORIENTED_EDGE('',*,*,#367,.T.);
#2087=ORIENTED_EDGE('',*,*,#614,.F.);
#2088=ORIENTED_EDGE('',*,*,#636,.F.);
#2089=ORIENTED_EDGE('',*,*,#49,.F.);
#2090=EDGE_LOOP('',(#2061,#2067,#2068,#2069,#2070,#2078,#2084,#2085,#2086,#2087,#2088,#2089));
#2091=FACE_BOUND('',#2090,.T.);
#2092=ORIENTED_EDGE('',*,*,#2005,.T.);
#2093=ORIENTED_EDGE('',*,*,#783,.F.);
#2094=ORIENTED_EDGE('',*,*,#821,.T.);
#2095=ORIENTED_EDGE('',*,*,#1781,.T.);
#2096=ORIENTED_EDGE('',*,*,#1812,.T.);
#2097=ORIENTED_EDGE('',*,*,#1843,.F.);
#2098=ORIENTED_EDGE('',*,*,#1875,.T.);
#2099=ORIENTED_EDGE('',*,*,#1983,.T.);
#2100=EDGE_LOOP('',(#2092,#2093,#2094,#2095,#2096,#2097,#2098,#2099));
#2101=FACE_BOUND('',#2100,.T.);
#2102=ADVANCED_FACE('',(#2091,#2101),#2053,.T.);
#2103=CARTESIAN_POINT('',(10.5,226.999981872,3.000018128));
#2104=DIRECTION('',(0.,0.,-1.));
#2105=DIRECTION('',(0.,1.,0.));
#2106=AXIS2_PLACEMENT_3D('',#2103,#2104,#2105);
#2107=PLANE('',#2106);
#2108=CARTESIAN_POINT('',(80.011941643,139.178911357,3.000018128));
#2109=VERTEX_POINT('',#2108);
#2110=CARTESIAN_POINT('',(80.011941643,139.178911357,3.000018128));
#2111=DIRECTION('',(-0.99999995,-0.000315372,-0.));
#2112=VECTOR('',#2111,22.011942737);
#2113=LINE('',#2110,#2112);
#2114=EDGE_CURVE('',#2109,#166,#2113,.T.);
#2115=ORIENTED_EDGE('',*,*,#2114,.T.);
#2116=ORIENTED_EDGE('',*,*,#171,.T.);
#2117=CARTESIAN_POINT('',(80.011180268,141.593124799,3.000018128));
#2118=VERTEX_POINT('',#2117);
#2119=CARTESIAN_POINT('',(58.000000001,141.586183089,3.000018128));
#2120=DIRECTION('',(0.99999995,0.000315372,-0.));
#2121=VECTOR('',#2120,22.011181361);
#2122=LINE('',#2119,#2121);
#2123=EDGE_CURVE('',#157,#2118,#2122,.T.);
#2124=ORIENTED_EDGE('',*,*,#2123,.T.);
#2125=CARTESIAN_POINT('',(121.504818677,96.999981872,3.000018128));
#2126=VERTEX_POINT('',#2125);
#2127=CARTESIAN_POINT('',(80.011180268,141.593124799,3.000018128));
#2128=CARTESIAN_POINT('',(84.730646069,141.594613187,3.000018128));
#2129=CARTESIAN_POINT('',(88.949951461,141.233639996,3.000018128));
#2130=CARTESIAN_POINT('',(91.28273642,141.034063821,3.000018128));
#2131=CARTESIAN_POINT('',(93.406475618,140.729598704,3.000018128));
#2132=CARTESIAN_POINT('',(95.708706265,140.39954456,3.000018128));
#2133=CARTESIAN_POINT('',(97.830171903,139.937082683,3.000018128));
#2134=CARTESIAN_POINT('',(100.145498057,139.432360826,3.000018128));
#2135=CARTESIAN_POINT('',(102.18883282,138.780185225,3.000018128));
#2136=CARTESIAN_POINT('',(104.498295381,138.043069036,3.000018128));
#2137=CARTESIAN_POINT('',(106.415261458,137.129202972,3.000018128));
#2138=CARTESIAN_POINT('',(107.47150709,136.625664046,3.000018128));
#2139=CARTESIAN_POINT('',(108.432447939,136.057118317,3.000018128));
#2140=CARTESIAN_POINT('',(109.472883794,135.441538948,3.000018128));
#2141=CARTESIAN_POINT('',(110.34741013,134.786985471,3.000018128));
#2142=CARTESIAN_POINT('',(112.165369431,133.426304228,3.000018128));
#2143=CARTESIAN_POINT('',(113.6535178,131.574259506,3.000018128));
#2144=CARTESIAN_POINT('',(114.354418711,130.701967562,3.000018128));
#2145=CARTESIAN_POINT('',(114.987228901,129.698962365,3.000018128));
#2146=CARTESIAN_POINT('',(115.569895517,128.775434816,3.000018128));
#2147=CARTESIAN_POINT('',(116.115543006,127.712619738,3.000018128));
#2148=CARTESIAN_POINT('',(117.09511638,125.804601514,3.000018128));
#2149=CARTESIAN_POINT('',(117.898464553,123.542610456,3.000018128));
#2150=CARTESIAN_POINT('',(119.263453484,119.69920499,3.000018128));
#2151=CARTESIAN_POINT('',(120.125900181,114.826326028,3.000018128));
#2152=CARTESIAN_POINT('',(120.854512508,110.709619815,3.000018128));
#2153=CARTESIAN_POINT('',(121.198848679,105.932621185,3.000018128));
#2154=CARTESIAN_POINT('',(121.504818678,101.687879029,3.000018128));
#2155=CARTESIAN_POINT('',(121.504818677,96.999981872,3.000018128));
#2156=B_SPLINE_CURVE_WITH_KNOTS('',2,(#2127,#2128,#2129,#2130,#2131,#2132,#2133,#2134,#2135,#2136,#2137,#2138,#2139,#2140,#2141,#2142,#2143,#2144,#2145,#2146,#2147,#2148,#2149,#2150,#2151,#2152,
#2153,#2154,#2155),.UNSPECIFIED.,.F.,.F.,(3,2,2,2,2,2,2,2,2,2,2,2,2,2,3),(0.,0.125,0.1875,0.25,0.3125,0.375,0.40625,0.4375,0.5,0.53125,0.5625,0.625,0.75,0.875,1.),.UNSPECIFIED.);
#2157=EDGE_CURVE('',#2118,#2126,#2156,.T.);
#2158=ORIENTED_EDGE('',*,*,#2157,.T.);
#2159=CARTESIAN_POINT('',(121.504818677,96.999981872,3.000018128));
#2160=DIRECTION('',(-0.,-1.,0.));
#2161=VECTOR('',#2160,22.599982039);
#2162=LINE('',#2159,#2161);
#2163=EDGE_CURVE('',#2126,#324,#2162,.T.);
#2164=ORIENTED_EDGE('',*,*,#2163,.T.);
#2165=ORIENTED_EDGE('',*,*,#329,.T.);
#2166=CARTESIAN_POINT('',(119.090605115,96.999981872,3.000018128));
#2167=VERTEX_POINT('',#2166);
#2168=CARTESIAN_POINT('',(119.090605115,74.399999833,3.000018128));
#2169=DIRECTION('',(0.,1.,-0.));
#2170=VECTOR('',#2169,22.599982039);
#2171=LINE('',#2168,#2170);
#2172=EDGE_CURVE('',#315,#2167,#2171,.T.);
#2173=ORIENTED_EDGE('',*,*,#2172,.T.);
#2174=CARTESIAN_POINT('',(119.090605115,96.999981872,3.000018128));
#2175=CARTESIAN_POINT('',(119.090605115,101.531750897,3.000018128));
#2176=CARTESIAN_POINT('',(118.79961219,105.636582935,3.000018128));
#2177=CARTESIAN_POINT('',(118.473540993,110.23623943,3.000018128));
#2178=CARTESIAN_POINT('',(117.785741186,114.193891844,3.000018128));
#2179=CARTESIAN_POINT('',(116.976904061,118.8480022,3.000018128));
#2180=CARTESIAN_POINT('',(115.704164176,122.505113952,3.000018128));
#2181=CARTESIAN_POINT('',(114.962140417,124.637257247,3.000018128));
#2182=CARTESIAN_POINT('',(114.061854202,126.425025344,3.000018128));
#2183=CARTESIAN_POINT('',(113.38674545,127.765641106,3.000018128));
#2184=CARTESIAN_POINT('',(112.656097461,128.855875894,3.000018128));
#2185=CARTESIAN_POINT('',(112.259786829,129.447229933,3.000018128));
#2186=CARTESIAN_POINT('',(111.836693826,129.980624982,3.000018128));
#2187=CARTESIAN_POINT('',(111.087995038,130.924512553,3.000018128));
#2188=CARTESIAN_POINT('',(110.229017238,131.736286235,3.000018128));
#2189=CARTESIAN_POINT('',(109.583854003,132.345995281,3.000018128));
#2190=CARTESIAN_POINT('',(108.866872013,132.879674875,3.000018128));
#2191=CARTESIAN_POINT('',(108.075108602,133.4690174,3.000018128));
#2192=CARTESIAN_POINT('',(107.117236158,134.029865802,3.000018128));
#2193=CARTESIAN_POINT('',(106.231951661,134.548212895,3.000018128));
#2194=CARTESIAN_POINT('',(105.250111834,135.00974869,3.000018128));
#2195=CARTESIAN_POINT('',(103.46317214,135.849739707,3.000018128));
#2196=CARTESIAN_POINT('',(101.285343676,136.533908041,3.000018128));
#2197=CARTESIAN_POINT('',(99.348559995,137.142351767,3.000018128));
#2198=CARTESIAN_POINT('',(97.145369426,137.615133495,3.000018128));
#2199=CARTESIAN_POINT('',(95.121316358,138.049474184,3.000018128));
#2200=CARTESIAN_POINT('',(92.9161353,138.360722285,3.000018128));
#2201=CARTESIAN_POINT('',(90.877941733,138.648401102,3.000018128));
#2202=CARTESIAN_POINT('',(88.636049068,138.837369714,3.000018128));
#2203=CARTESIAN_POINT('',(84.567012041,139.180347899,3.000018128));
#2204=CARTESIAN_POINT('',(80.011941643,139.178911357,3.000018128));
#2205=B_SPLINE_CURVE_WITH_KNOTS('',2,(#2174,#2175,#2176,#2177,#2178,#2179,#2180,#2181,#2182,#2183,#2184,#2185,#2186,#2187,#2188,#2189,#2190,#2191,#2192,#2193,#2194,#2195,#2196,#2197,#2198,#2199,
#2200,#2201,#2202,#2203,#2204),.UNSPECIFIED.,.F.,.F.,(3,2,2,2,2,2,2,2,2,2,2,2,2,2,2,3),(0.,0.125,0.25,0.375,0.4375,0.479166667,0.5,0.535714286,0.5625,0.59375,0.625,0.6875,0.75,0.8125,0.875,1.),.UNSPECIFIED.);
#2206=EDGE_CURVE('',#2167,#2109,#2205,.T.);
#2207=ORIENTED_EDGE('',*,*,#2206,.T.);
#2208=EDGE_LOOP('',(#2115,#2116,#2124,#2158,#2164,#2165,#2173,#2207));
#2209=FACE_BOUND('',#2208,.T.);
#2210=ORIENTED_EDGE('',*,*,#228,.T.);
#2211=CARTESIAN_POINT('',(79.987938064,215.290835983,3.000018128));
#2212=VERTEX_POINT('',#2211);
#2213=CARTESIAN_POINT('',(57.5,215.283743917,3.000018128));
#2214=DIRECTION('',(0.99999995,0.000315372,0.));
#2215=VECTOR('',#2214,22.487939182);
#2216=LINE('',#2213,#2215);
#2217=EDGE_CURVE('',#216,#2212,#2216,.T.);
#2218=ORIENTED_EDGE('',*,*,#2217,.T.);
#2219=CARTESIAN_POINT('',(195.202533526,96.999981872,3.000018128));
#2220=VERTEX_POINT('',#2219);
#2221=CARTESIAN_POINT('',(79.987938064,215.290835983,3.000018128));
#2222=CARTESIAN_POINT('',(83.905420564,215.292071448,3.000018128));
#2223=CARTESIAN_POINT('',(87.819249869,215.177926826,3.000018128));
#2224=CARTESIAN_POINT('',(91.728747855,214.926984792,3.000018128));
#2225=CARTESIAN_POINT('',(93.683496849,214.801513774,3.000018128));
#2226=CARTESIAN_POINT('',(95.635466535,214.641914227,3.000018128));
#2227=CARTESIAN_POINT('',(97.583952523,214.445628575,3.000018128));
#2228=CARTESIAN_POINT('',(99.532438511,214.249342922,3.000018128));
#2229=CARTESIAN_POINT('',(101.477904723,214.016288801,3.000018128));
#2230=CARTESIAN_POINT('',(103.417116247,213.744352215,3.000018128));
#2231=CARTESIAN_POINT('',(107.295539297,213.200479044,3.000018128));
#2232=CARTESIAN_POINT('',(111.154152326,212.500611779,3.000018128));
#2233=CARTESIAN_POINT('',(114.972084515,211.622710263,3.000018128));
#2234=CARTESIAN_POINT('',(116.881050609,211.183759505,3.000018128));
#2235=CARTESIAN_POINT('',(118.779270505,210.700470457,3.000018128));
#2236=CARTESIAN_POINT('',(120.664111986,210.170533506,3.000018128));
#2237=CARTESIAN_POINT('',(122.548953466,209.640596555,3.000018128));
#2238=CARTESIAN_POINT('',(124.421708617,209.063610702,3.000018128));
#2239=CARTESIAN_POINT('',(126.277903536,208.438113471,3.000018128));
#2240=CARTESIAN_POINT('',(129.990293375,207.187119009,3.000018128));
#2241=CARTESIAN_POINT('',(133.635639812,205.742672227,3.000018128));
#2242=CARTESIAN_POINT('',(137.189329074,204.094119382,3.000018128));
#2243=CARTESIAN_POINT('',(140.743018337,202.445566538,3.000018128));
#2244=CARTESIAN_POINT('',(144.200630328,200.59468403,3.000018128));
#2245=CARTESIAN_POINT('',(147.53262213,198.53452702,3.000018128));
#2246=CARTESIAN_POINT('',(150.864613932,196.474370011,3.000018128));
#2247=CARTESIAN_POINT('',(154.065603183,194.207792954,3.000018128));
#2248=CARTESIAN_POINT('',(157.114840167,191.748316885,3.000018128));
#2249=CARTESIAN_POINT('',(158.639458658,190.518578851,3.000018128));
#2250=CARTESIAN_POINT('',(160.125729576,189.240727033,3.000018128));
#2251=CARTESIAN_POINT('',(161.568589983,187.918071024,3.000018128));
#2252=CARTESIAN_POINT('',(163.01145039,186.595415016,3.000018128));
#2253=CARTESIAN_POINT('',(164.412658528,185.226407733,3.000018128));
#2254=CARTESIAN_POINT('',(165.7683938,183.812548667,3.000018128));
#2255=CARTESIAN_POINT('',(168.479864344,180.984830535,3.000018128));
#2256=CARTESIAN_POINT('',(171.005613507,177.97876447,3.000018128));
#2257=CARTESIAN_POINT('',(173.334079325,174.831610585,3.000018128));
#2258=CARTESIAN_POINT('',(175.662545143,171.684456699,3.000018128));
#2259=CARTESIAN_POINT('',(177.799069736,168.389156642,3.000018128));
#2260=CARTESIAN_POINT('',(179.729957549,164.983426656,3.000018128));
#2261=CARTESIAN_POINT('',(181.660845363,161.577696669,3.000018128));
#2262=CARTESIAN_POINT('',(183.389476803,158.052401409,3.000018128));
#2263=CARTESIAN_POINT('',(184.918966282,154.448078929,3.000018128));
#2264=CARTESIAN_POINT('',(186.44845576,150.843756449,3.000018128));
#2265=CARTESIAN_POINT('',(187.78223537,147.153890161,3.000018128));
#2266=CARTESIAN_POINT('',(188.933527484,143.409029387,3.000018128));
#2267=CARTESIAN_POINT('',(190.084819598,139.664168613,3.000018128));
#2268=CARTESIAN_POINT('',(191.053090037,135.866066738,3.000018128));
#2269=CARTESIAN_POINT('',(191.85637437,132.031646583,3.000018128));
#2270=CARTESIAN_POINT('',(192.659658704,128.197226429,3.000018128));
#2271=CARTESIAN_POINT('',(193.297493783,124.329652571,3.000018128));
#2272=CARTESIAN_POINT('',(193.792817426,120.444406176,3.000018128));
#2273=CARTESIAN_POINT('',(194.288141069,116.559159781,3.000018128));
#2274=CARTESIAN_POINT('',(194.640907102,112.655712195,3.000018128));
#2275=CARTESIAN_POINT('',(194.869462971,108.745307732,3.000018128));
#2276=CARTESIAN_POINT('',(195.098018841,104.834903269,3.000018128));
#2277=CARTESIAN_POINT('',(195.202533526,100.917605526,3.000018128));
#2278=CARTESIAN_POINT('',(195.202533526,96.999981872,3.000018128));
#2279=B_SPLINE_CURVE_WITH_KNOTS('',3,(#2221,#2222,#2223,#2224,#2225,#2226,#2227,#2228,#2229,#2230,#2231,#2232,#2233,#2234,#2235,#2236,#2237,#2238,#2239,#2240,#2241,#2242,#2243,#2244,#2245,#2246,
#2247,#2248,#2249,#2250,#2251,#2252,#2253,#2254,#2255,#2256,#2257,#2258,#2259,#2260,#2261,#2262,#2263,#2264,#2265,#2266,#2267,#2268,#2269,#2270,#2271,
#2272,#2273,#2274,#2275,#2276,#2277,#2278),.UNSPECIFIED.,.F.,.F.,(4,3,3,3,3,3,3,3,3,3,3,3,3,3,3,3,3,3,3,4),(0.,0.011752744,0.017629117,0.023505489,0.035258233,0.041134606,0.047010978,0.058763722,0.070516467,0.082269211,0.088145583,0.094021956,0.1057747,0.117527445,0.129280189,0.141032933,0.152785678,0.164538422,0.176291167,0.188043911),.UNSPECIFIED.);
#2280=EDGE_CURVE('',#2212,#2220,#2279,.T.);
#2281=ORIENTED_EDGE('',*,*,#2280,.T.);
#2282=CARTESIAN_POINT('',(195.202533526,96.999981872,3.000018128));
#2283=DIRECTION('',(-0.,-1.,0.));
#2284=VECTOR('',#2283,21.599982039);
#2285=LINE('',#2282,#2284);
#2286=EDGE_CURVE('',#2220,#266,#2285,.T.);
#2287=ORIENTED_EDGE('',*,*,#2286,.T.);
#2288=ORIENTED_EDGE('',*,*,#271,.T.);
#2289=CARTESIAN_POINT('',(192.495426745,96.999981872,3.000018128));
#2290=VERTEX_POINT('',#2289);
#2291=CARTESIAN_POINT('',(192.495426745,75.399999833,3.000018128));
#2292=DIRECTION('',(0.,1.,-0.));
#2293=VECTOR('',#2292,21.599982039);
#2294=LINE('',#2291,#2293);
#2295=EDGE_CURVE('',#257,#2290,#2294,.T.);
#2296=ORIENTED_EDGE('',*,*,#2295,.T.);
#2297=CARTESIAN_POINT('',(79.98879181,212.583729337,3.000018128));
#2298=VERTEX_POINT('',#2297);
#2299=CARTESIAN_POINT('',(192.495426745,96.999981872,3.000018128));
#2300=CARTESIAN_POINT('',(192.495426747,109.137921907,3.000018128));
#2301=CARTESIAN_POINT('',(191.125028714,119.963647575,3.000018128));
#2302=CARTESIAN_POINT('',(190.383097418,125.82467807,3.000018128));
#2303=CARTESIAN_POINT('',(189.24288605,131.303480823,3.000018128));
#2304=CARTESIAN_POINT('',(188.047497077,137.04741618,3.000018128));
#2305=CARTESIAN_POINT('',(186.401561912,142.432090174,3.000018128));
#2306=CARTESIAN_POINT('',(182.913184265,153.844311502,3.000018128));
#2307=CARTESIAN_POINT('',(177.448346069,163.518695502,3.000018128));
#2308=CARTESIAN_POINT('',(174.606233923,168.550076721,3.000018128));
#2309=CARTESIAN_POINT('',(171.218911364,173.13905095,3.000018128));
#2310=CARTESIAN_POINT('',(167.776666803,177.802430744,3.000018128));
#2311=CARTESIAN_POINT('',(163.845761839,181.906243445,3.000018128));
#2312=CARTESIAN_POINT('',(159.901551176,186.023947119,3.000018128));
#2313=CARTESIAN_POINT('',(155.404450163,189.650142353,3.000018128));
#2314=CARTESIAN_POINT('',(150.940084354,193.249941862,3.000018128));
#2315=CARTESIAN_POINT('',(146.050969279,196.267820629,3.000018128));
#2316=CARTESIAN_POINT('',(141.237673832,199.238898606,3.000018128));
#2317=CARTESIAN_POINT('',(135.949510243,201.685022884,3.000018128));
#2318=CARTESIAN_POINT('',(130.816224278,204.059506051,3.000018128));
#2319=CARTESIAN_POINT('',(125.287279438,205.915163998,3.000018128));
#2320=CARTESIAN_POINT('',(119.947778324,207.707239696,3.000018128));
#2321=CARTESIAN_POINT('',(114.234080876,209.014542934,3.000018128));
#2322=CARTESIAN_POINT('',(108.771085621,210.264485104,3.000018128));
#2323=CARTESIAN_POINT('',(102.931821701,211.078767548,3.000018128));
#2324=CARTESIAN_POINT('',(92.112240664,212.587552733,3.000018128));
#2325=CARTESIAN_POINT('',(79.98879181,212.583729337,3.000018128));
#2326=B_SPLINE_CURVE_WITH_KNOTS('',2,(#2299,#2300,#2301,#2302,#2303,#2304,#2305,#2306,#2307,#2308,#2309,#2310,#2311,#2312,#2313,#2314,#2315,#2316,#2317,#2318,#2319,#2320,#2321,#2322,#2323,#2324,
#2325),.UNSPECIFIED.,.F.,.F.,(3,2,2,2,2,2,2,2,2,2,2,2,2,3),(0.,0.125,0.1875,0.25,0.375,0.4375,0.5,0.5625,0.625,0.6875,0.75,0.8125,0.875,1.),.UNSPECIFIED.);
#2327=EDGE_CURVE('',#2290,#2298,#2326,.T.);
#2328=ORIENTED_EDGE('',*,*,#2327,.T.);
#2329=CARTESIAN_POINT('',(79.98879181,212.583729337,3.000018128));
#2330=DIRECTION('',(-0.99999995,-0.000315372,-0.));
#2331=VECTOR('',#2330,22.488792927);
#2332=LINE('',#2329,#2331);
#2333=EDGE_CURVE('',#2298,#189,#2332,.T.);
#2334=ORIENTED_EDGE('',*,*,#2333,.T.);
#2335=EDGE_LOOP('',(#2210,#2218,#2281,#2287,#2288,#2296,#2328,#2334));
#2336=FACE_BOUND('',#2335,.T.);
#2337=ORIENTED_EDGE('',*,*,#767,.T.);
#2338=ORIENTED_EDGE('',*,*,#1998,.F.);
#2339=ORIENTED_EDGE('',*,*,#1950,.F.);
#2340=ORIENTED_EDGE('',*,*,#1861,.F.);
#2341=ORIENTED_EDGE('',*,*,#1829,.T.);
#2342=ORIENTED_EDGE('',*,*,#1798,.F.);
#2343=ORIENTED_EDGE('',*,*,#1697,.F.);
#2344=ORIENTED_EDGE('',*,*,#806,.F.);
#2345=EDGE_LOOP('',(#2337,#2338,#2339,#2340,#2341,#2342,#2343,#2344));
#2346=FACE_BOUND('',#2345,.T.);
#2347=ORIENTED_EDGE('',*,*,#106,.T.);
#2348=ORIENTED_EDGE('',*,*,#2043,.T.);
#2349=ORIENTED_EDGE('',*,*,#726,.F.);
#2350=ORIENTED_EDGE('',*,*,#662,.T.);
#2351=ORIENTED_EDGE('',*,*,#65,.T.);
#2352=ORIENTED_EDGE('',*,*,#629,.T.);
#2353=ORIENTED_EDGE('',*,*,#527,.T.);
#2354=ORIENTED_EDGE('',*,*,#352,.F.);
#2355=EDGE_LOOP('',(#2347,#2348,#2349,#2350,#2351,#2352,#2353,#2354));
#2356=FACE_BOUND('',#2355,.T.);
#2357=ADVANCED_FACE('',(#2209,#2336,#2346,#2356),#2107,.F.);
#2358=CARTESIAN_POINT('',(61.511404241,140.880183671,2.000018128));
#2359=DIRECTION('',(-0.000315372,0.99999995,0.));
#2360=DIRECTION('',(-0.99999995,-0.000315372,0.));
#2361=AXIS2_PLACEMENT_3D('',#2358,#2359,#2360);
#2362=PLANE('',#2361);
#2363=ORIENTED_EDGE('',*,*,#154,.F.);
#2364=CARTESIAN_POINT('',(80.011403269,140.886018053,2.000018128));
#2365=VERTEX_POINT('',#2364);
#2366=CARTESIAN_POINT('',(80.011403269,140.886018053,2.000018128));
#2367=DIRECTION('',(-0.99999995,-0.000315372,0.));
#2368=VECTOR('',#2367,22.011404364);
#2369=LINE('',#2366,#2368);
#2370=EDGE_CURVE('',#2365,#141,#2369,.T.);
#2371=ORIENTED_EDGE('',*,*,#2370,.F.);
#2372=CARTESIAN_POINT('',(80.011403269,140.886018053,2.292911336));
#2373=VERTEX_POINT('',#2372);
#2374=CARTESIAN_POINT('',(80.011403269,140.886018053,2.000018128));
#2375=DIRECTION('',(0.,0.,1.));
#2376=VECTOR('',#2375,0.292893208);
#2377=LINE('',#2374,#2376);
#2378=EDGE_CURVE('',#2365,#2373,#2377,.T.);
#2379=ORIENTED_EDGE('',*,*,#2378,.T.);
#2380=CARTESIAN_POINT('',(80.011403269,140.886018053,2.292911347));
#2381=DIRECTION('',(-0.99999995,-0.000315372,0.));
#2382=VECTOR('',#2381,22.011404364);
#2383=LINE('',#2380,#2382);
#2384=EDGE_CURVE('',#2373,#149,#2383,.T.);
#2385=ORIENTED_EDGE('',*,*,#2384,.T.);
#2386=EDGE_LOOP('',(#2363,#2371,#2379,#2385));
#2387=FACE_BOUND('',#2386,.T.);
#2388=ADVANCED_FACE('',(#2387),#2362,.F.);
#2389=CARTESIAN_POINT('',(120.797711896,96.999981872,2.000018128));
#2390=CARTESIAN_POINT('',(120.797711896,96.999981872,2.292911347));
#2391=CARTESIAN_POINT('',(120.797711896,102.323983811,2.000018128));
#2392=CARTESIAN_POINT('',(120.797711896,102.323983811,2.292911347));
#2393=CARTESIAN_POINT('',(120.199027906,111.777941448,2.000018128));
#2394=CARTESIAN_POINT('',(120.199027906,111.777941448,2.292911347));
#2395=CARTESIAN_POINT('',(117.94429878,122.084527515,2.000018128));
#2396=CARTESIAN_POINT('',(117.94429878,122.084527515,2.292911347));
#2397=CARTESIAN_POINT('',(115.066467878,128.628511945,2.000018128));
#2398=CARTESIAN_POINT('',(115.066467878,128.628511945,2.292911347));
#2399=CARTESIAN_POINT('',(112.22494038,132.393749052,2.000018128));
#2400=CARTESIAN_POINT('',(112.22494038,132.393749052,2.292911347));
#2401=CARTESIAN_POINT('',(108.926975634,135.156050382,2.000018128));
#2402=CARTESIAN_POINT('',(108.926975634,135.156050382,2.292911347));
#2403=CARTESIAN_POINT('',(103.383152693,137.920670362,2.000018128));
#2404=CARTESIAN_POINT('',(103.383152693,137.920670362,2.292911347));
#2405=CARTESIAN_POINT('',(94.115964236,140.234783587,2.000018128));
#2406=CARTESIAN_POINT('',(94.115964236,140.234783587,2.292911347));
#2407=CARTESIAN_POINT('',(85.162185477,140.887642466,2.000018128));
#2408=CARTESIAN_POINT('',(85.162185477,140.887642466,2.292911347));
#2409=CARTESIAN_POINT('',(80.011403269,140.886018053,2.000018128));
#2410=CARTESIAN_POINT('',(80.011403269,140.886018053,2.292911347));
#2411=B_SPLINE_SURFACE_WITH_KNOTS('',3,1,((#2389,#2390),(#2391,#2392),(#2393,#2394),(#2395,#2396),(#2397,#2398),(#2399,#2400),(#2401,#2402),(#2403,#2404),(#2405,#2406),(#2407,#2408),(#2409,#2410)),.UNSPECIFIED.,.F.,.F.,.U.,(4,1,1,1,1,1,1,1,4),(2,2),(0.,0.125,0.25,0.375,0.5,0.625,0.75,0.875,1.),(0.,0.292893219),.UNSPECIFIED.);
#2412=CARTESIAN_POINT('',(120.797711896,96.999981872,2.000018128));
#2413=VERTEX_POINT('',#2412);
#2414=CARTESIAN_POINT('',(120.797711896,96.999980265,2.292911347));
#2415=VERTEX_POINT('',#2414);
#2416=CARTESIAN_POINT('',(120.797711896,96.999981872,2.000018128));
#2417=DIRECTION('',(0.,0.,1.));
#2418=VECTOR('',#2417,0.292893219);
#2419=LINE('',#2416,#2418);
#2420=EDGE_CURVE('',#2413,#2415,#2419,.T.);
#2421=ORIENTED_EDGE('',*,*,#2420,.T.);
#2422=CARTESIAN_POINT('',(120.797711896,96.999981872,2.292911347));
#2423=CARTESIAN_POINT('',(120.797711896,102.323983811,2.292911347));
#2424=CARTESIAN_POINT('',(120.498369901,107.050962629,2.292911347));
#2425=CARTESIAN_POINT('',(119.972910716,111.132216383,2.292911347));
#2426=CARTESIAN_POINT('',(119.44745153,115.213470137,2.292911347));
#2427=CARTESIAN_POINT('',(118.695875155,118.648998826,2.292911347));
#2428=CARTESIAN_POINT('',(117.840448484,121.457427242,2.292911347));
#2429=CARTESIAN_POINT('',(116.985021812,124.265855658,2.292911347));
#2430=CARTESIAN_POINT('',(116.025744845,126.447183801,2.292911347));
#2431=CARTESIAN_POINT('',(115.072518445,128.165387391,2.292911347));
#2432=CARTESIAN_POINT('',(114.119292046,129.88359098,2.292911347));
#2433=CARTESIAN_POINT('',(113.172116213,131.138670016,2.292911347));
#2434=CARTESIAN_POINT('',(112.148867505,132.226593089,2.292911347));
#2435=CARTESIAN_POINT('',(111.125618798,133.314516162,2.292911347));
#2436=CARTESIAN_POINT('',(110.026297216,134.235283272,2.292911347));
#2437=CARTESIAN_POINT('',(108.552665935,135.156436823,2.292911347));
#2438=CARTESIAN_POINT('',(107.079034653,136.077590375,2.292911347));
#2439=CARTESIAN_POINT('',(105.231093673,136.999130368,2.292911347));
#2440=CARTESIAN_POINT('',(102.762591774,137.845585903,2.292911347));
#2441=CARTESIAN_POINT('',(100.294089874,138.692041437,2.292911347));
#2442=CARTESIAN_POINT('',(97.205027055,139.463412512,2.292911347));
#2443=CARTESIAN_POINT('',(93.422050956,140.012312769,2.292911347));
#2444=CARTESIAN_POINT('',(89.639074857,140.561213027,2.292911347));
#2445=CARTESIAN_POINT('',(85.162185477,140.887642466,2.292911347));
#2446=CARTESIAN_POINT('',(80.011403269,140.886018053,2.292911347));
#2447=B_SPLINE_CURVE_WITH_KNOTS('',3,(#2422,#2423,#2424,#2425,#2426,#2427,#2428,#2429,#2430,#2431,#2432,#2433,#2434,#2435,#2436,#2437,#2438,#2439,#2440,#2441,#2442,#2443,#2444,#2445,#2446),.UNSPECIFIED.,.F.,.F.,(4,3,3,3,3,3,3,3,4),(0.,0.125,0.25,0.375,0.5,0.625,0.75,0.875,1.),.UNSPECIFIED.);
#2448=EDGE_CURVE('',#2415,#2373,#2447,.T.);
#2449=ORIENTED_EDGE('',*,*,#2448,.T.);
#2450=ORIENTED_EDGE('',*,*,#2378,.F.);
#2451=CARTESIAN_POINT('',(120.797711896,96.999981872,2.000018128));
#2452=CARTESIAN_POINT('',(120.797711896,102.323983811,2.000018128));
#2453=CARTESIAN_POINT('',(120.199027906,111.777941448,2.000018128));
#2454=CARTESIAN_POINT('',(117.94429878,122.084527515,2.000018128));
#2455=CARTESIAN_POINT('',(115.066467878,128.628511945,2.000018128));
#2456=CARTESIAN_POINT('',(112.22494038,132.393749052,2.000018128));
#2457=CARTESIAN_POINT('',(108.926975634,135.156050382,2.000018128));
#2458=CARTESIAN_POINT('',(103.383152693,137.920670362,2.000018128));
#2459=CARTESIAN_POINT('',(94.115964236,140.234783587,2.000018128));
#2460=CARTESIAN_POINT('',(85.162185477,140.887642466,2.000018128));
#2461=CARTESIAN_POINT('',(80.011403269,140.886018053,2.000018128));
#2462=B_SPLINE_CURVE_WITH_KNOTS('',3,(#2451,#2452,#2453,#2454,#2455,#2456,#2457,#2458,#2459,#2460,#2461),.UNSPECIFIED.,.F.,.F.,(4,1,1,1,1,1,1,1,4),(0.,0.125,0.25,0.375,0.5,0.625,0.75,0.875,1.),.UNSPECIFIED.);
#2463=EDGE_CURVE('',#2413,#2365,#2462,.T.);
#2464=ORIENTED_EDGE('',*,*,#2463,.F.);
#2465=EDGE_LOOP('',(#2421,#2449,#2450,#2464));
#2466=FACE_BOUND('',#2465,.T.);
#2467=ADVANCED_FACE('',(#2466),#2411,.F.);
#2468=CARTESIAN_POINT('',(120.797711896,78.499981872,2.000018128));
#2469=DIRECTION('',(-1.,0.,0.));
#2470=DIRECTION('',(-0.,-1.,0.));
#2471=AXIS2_PLACEMENT_3D('',#2468,#2469,#2470);
#2472=PLANE('',#2471);
#2473=CARTESIAN_POINT('',(120.797711896,96.999981872,2.000018128));
#2474=DIRECTION('',(-0.,-1.,0.));
#2475=VECTOR('',#2474,22.599982039);
#2476=LINE('',#2473,#2475);
#2477=EDGE_CURVE('',#2413,#289,#2476,.T.);
#2478=ORIENTED_EDGE('',*,*,#2477,.T.);
#2479=ORIENTED_EDGE('',*,*,#296,.T.);
#2480=CARTESIAN_POINT('',(120.797711896,74.399999833,2.292911347));
#2481=DIRECTION('',(0.,1.,-0.));
#2482=VECTOR('',#2481,22.599980432);
#2483=LINE('',#2480,#2482);
#2484=EDGE_CURVE('',#291,#2415,#2483,.T.);
#2485=ORIENTED_EDGE('',*,*,#2484,.T.);
#2486=ORIENTED_EDGE('',*,*,#2420,.F.);
#2487=EDGE_LOOP('',(#2478,#2479,#2485,#2486));
#2488=FACE_BOUND('',#2487,.T.);
#2489=ADVANCED_FACE('',(#2488),#2472,.T.);
#2490=CARTESIAN_POINT('',(119.797711896,77.999981872,2.000018128));
#2491=DIRECTION('',(-1.,0.,0.));
#2492=DIRECTION('',(-0.,-1.,0.));
#2493=AXIS2_PLACEMENT_3D('',#2490,#2491,#2492);
#2494=PLANE('',#2493);
#2495=ORIENTED_EDGE('',*,*,#312,.F.);
#2496=CARTESIAN_POINT('',(119.797711896,96.999981872,2.000018128));
#2497=VERTEX_POINT('',#2496);
#2498=CARTESIAN_POINT('',(119.797711896,96.999981872,2.000018128));
#2499=DIRECTION('',(-0.,-1.,0.));
#2500=VECTOR('',#2499,22.599982039);
#2501=LINE('',#2498,#2500);
#2502=EDGE_CURVE('',#2497,#299,#2501,.T.);
#2503=ORIENTED_EDGE('',*,*,#2502,.F.);
#2504=CARTESIAN_POINT('',(119.797711896,96.999981872,2.292911348));
#2505=VERTEX_POINT('',#2504);
#2506=CARTESIAN_POINT('',(119.797711896,96.999981872,2.000018128));
#2507=DIRECTION('',(0.,0.,1.));
#2508=VECTOR('',#2507,0.29289322);
#2509=LINE('',#2506,#2508);
#2510=EDGE_CURVE('',#2497,#2505,#2509,.T.);
#2511=ORIENTED_EDGE('',*,*,#2510,.T.);
#2512=CARTESIAN_POINT('',(119.797711896,96.999981872,2.292911347));
#2513=DIRECTION('',(-0.,-1.,0.));
#2514=VECTOR('',#2513,22.599982039);
#2515=LINE('',#2512,#2514);
#2516=EDGE_CURVE('',#2505,#307,#2515,.T.);
#2517=ORIENTED_EDGE('',*,*,#2516,.T.);
#2518=EDGE_LOOP('',(#2495,#2503,#2511,#2517));
#2519=FACE_BOUND('',#2518,.T.);
#2520=ADVANCED_FACE('',(#2519),#2494,.F.);
#2521=CARTESIAN_POINT('',(119.797711896,96.999981872,2.000018128));
#2522=CARTESIAN_POINT('',(119.797711896,96.999981872,2.292911348));
#2523=CARTESIAN_POINT('',(119.797711896,102.286773245,2.000018128));
#2524=CARTESIAN_POINT('',(119.797711896,102.286773245,2.292911348));
#2525=CARTESIAN_POINT('',(119.202919927,111.656680305,2.000018128));
#2526=CARTESIAN_POINT('',(119.202919927,111.656680305,2.292911348));
#2527=CARTESIAN_POINT('',(116.979782983,121.798686923,2.000018128));
#2528=CARTESIAN_POINT('',(116.979782983,121.798686923,2.292911348));
#2529=CARTESIAN_POINT('',(114.181504732,128.143181928,2.000018128));
#2530=CARTESIAN_POINT('',(114.181504732,128.143181928,2.292911348));
#2531=CARTESIAN_POINT('',(111.487646395,131.701153624,2.000018128));
#2532=CARTESIAN_POINT('',(111.487646395,131.701153624,2.292911348));
#2533=CARTESIAN_POINT('',(108.393801064,134.297570646,2.000018128));
#2534=CARTESIAN_POINT('',(108.393801064,134.297570646,2.292911348));
#2535=CARTESIAN_POINT('',(103.063053009,136.965520304,2.000018128));
#2536=CARTESIAN_POINT('',(103.063053009,136.965520304,2.292911348));
#2537=CARTESIAN_POINT('',(93.979056623,139.239744753,2.000018128));
#2538=CARTESIAN_POINT('',(93.979056623,139.239744753,2.292911348));
#2539=CARTESIAN_POINT('',(85.120594362,139.8876293,2.000018128));
#2540=CARTESIAN_POINT('',(85.120594362,139.8876293,2.292911348));
#2541=CARTESIAN_POINT('',(80.011718642,139.886018103,2.000018128));
#2542=CARTESIAN_POINT('',(80.011718642,139.886018103,2.292911348));
#2543=B_SPLINE_SURFACE_WITH_KNOTS('',3,1,((#2521,#2522),(#2523,#2524),(#2525,#2526),(#2527,#2528),(#2529,#2530),(#2531,#2532),(#2533,#2534),(#2535,#2536),(#2537,#2538),(#2539,#2540),(#2541,#2542)),.UNSPECIFIED.,.F.,.F.,.U.,(4,1,1,1,1,1,1,1,4),(2,2),(0.,0.125,0.25,0.375,0.5,0.625,0.75,0.875,1.),(0.,0.29289322),.UNSPECIFIED.);
#2544=CARTESIAN_POINT('',(80.011718642,139.886018103,2.000018128));
#2545=VERTEX_POINT('',#2544);
#2546=CARTESIAN_POINT('',(80.011717328,139.886018102,2.292911347));
#2547=VERTEX_POINT('',#2546);
#2548=CARTESIAN_POINT('',(80.011718642,139.886018103,2.000018128));
#2549=DIRECTION('',(0.,0.,1.));
#2550=VECTOR('',#2549,0.292893219);
#2551=LINE('',#2548,#2550);
#2552=EDGE_CURVE('',#2545,#2547,#2551,.T.);
#2553=ORIENTED_EDGE('',*,*,#2552,.T.);
#2554=CARTESIAN_POINT('',(80.011718642,139.886018103,2.292911347));
#2555=CARTESIAN_POINT('',(85.120594362,139.8876293,2.292911347));
#2556=CARTESIAN_POINT('',(89.549825493,139.563687026,2.292911347));
#2557=CARTESIAN_POINT('',(93.278440456,139.022678481,2.292911347));
#2558=CARTESIAN_POINT('',(97.007055419,138.481669936,2.292911347));
#2559=CARTESIAN_POINT('',(100.035054214,137.72359512,2.292911347));
#2560=CARTESIAN_POINT('',(102.437511621,136.899899435,2.292911347));
#2561=CARTESIAN_POINT('',(104.839969027,136.076203751,2.292911347));
#2562=CARTESIAN_POINT('',(106.616885046,135.186887199,2.292911347));
#2563=CARTESIAN_POINT('',(108.020983943,134.309492752,2.292911347));
#2564=CARTESIAN_POINT('',(109.425082841,133.432098305,2.292911347));
#2565=CARTESIAN_POINT('',(110.456364618,132.566625964,2.292911347));
#2566=CARTESIAN_POINT('',(111.420981896,131.540894511,2.292911347));
#2567=CARTESIAN_POINT('',(112.385599174,130.515163058,2.292911347));
#2568=CARTESIAN_POINT('',(113.283551953,129.329172493,2.292911347));
#2569=CARTESIAN_POINT('',(114.198908051,127.678761376,2.292911347));
#2570=CARTESIAN_POINT('',(115.114264149,126.028350259,2.292911347));
#2571=CARTESIAN_POINT('',(116.047023566,123.913518591,2.292911347));
#2572=CARTESIAN_POINT('',(116.883926098,121.16576832,2.292911347));
#2573=CARTESIAN_POINT('',(117.720828631,118.41801805,2.292911347));
#2574=CARTESIAN_POINT('',(118.461874279,115.037349177,2.292911347));
#2575=CARTESIAN_POINT('',(118.981095096,111.004537976,2.292911347));
#2576=CARTESIAN_POINT('',(119.500315912,106.971726775,2.292911347));
#2577=CARTESIAN_POINT('',(119.797711896,102.286773245,2.292911347));
#2578=CARTESIAN_POINT('',(119.797711896,96.999981872,2.292911347));
#2579=B_SPLINE_CURVE_WITH_KNOTS('',3,(#2554,#2555,#2556,#2557,#2558,#2559,#2560,#2561,#2562,#2563,#2564,#2565,#2566,#2567,#2568,#2569,#2570,#2571,#2572,#2573,#2574,#2575,#2576,#2577,#2578),.UNSPECIFIED.,.F.,.F.,(4,3,3,3,3,3,3,3,4),(0.,0.125,0.25,0.375,0.5,0.625,0.75,0.875,1.),.UNSPECIFIED.);
#2580=EDGE_CURVE('',#2547,#2505,#2579,.T.);
#2581=ORIENTED_EDGE('',*,*,#2580,.T.);
#2582=ORIENTED_EDGE('',*,*,#2510,.F.);
#2583=CARTESIAN_POINT('',(119.797711896,96.999981872,2.000018128));
#2584=CARTESIAN_POINT('',(119.797711896,102.286773245,2.000018128));
#2585=CARTESIAN_POINT('',(119.202919927,111.656680305,2.000018128));
#2586=CARTESIAN_POINT('',(116.979782983,121.798686923,2.000018128));
#2587=CARTESIAN_POINT('',(114.181504732,128.143181928,2.000018128));
#2588=CARTESIAN_POINT('',(111.487646395,131.701153624,2.000018128));
#2589=CARTESIAN_POINT('',(108.393801064,134.297570646,2.000018128));
#2590=CARTESIAN_POINT('',(103.063053009,136.965520304,2.000018128));
#2591=CARTESIAN_POINT('',(93.979056623,139.239744753,2.000018128));
#2592=CARTESIAN_POINT('',(85.120594362,139.8876293,2.000018128));
#2593=CARTESIAN_POINT('',(80.011718642,139.886018103,2.000018128));
#2594=B_SPLINE_CURVE_WITH_KNOTS('',3,(#2583,#2584,#2585,#2586,#2587,#2588,#2589,#2590,#2591,#2592,#2593),.UNSPECIFIED.,.F.,.F.,(4,1,1,1,1,1,1,1,4),(0.,0.125,0.25,0.375,0.5,0.625,0.75,0.875,1.),.UNSPECIFIED.);
#2595=EDGE_CURVE('',#2497,#2545,#2594,.T.);
#2596=ORIENTED_EDGE('',*,*,#2595,.T.);
#2597=EDGE_LOOP('',(#2553,#2581,#2582,#2596));
#2598=FACE_BOUND('',#2597,.T.);
#2599=ADVANCED_FACE('',(#2598),#2543,.T.);
#2600=CARTESIAN_POINT('',(61.011719638,139.880026035,2.000018128));
#2601=DIRECTION('',(0.000315372,-0.99999995,0.));
#2602=DIRECTION('',(0.99999995,0.000315372,0.));
#2603=AXIS2_PLACEMENT_3D('',#2600,#2601,#2602);
#2604=PLANE('',#2603);
#2605=ORIENTED_EDGE('',*,*,#138,.F.);
#2606=CARTESIAN_POINT('',(58.,139.879076223,2.292911347));
#2607=DIRECTION('',(0.99999995,0.000315372,0.));
#2608=VECTOR('',#2607,22.011718423);
#2609=LINE('',#2606,#2608);
#2610=EDGE_CURVE('',#131,#2547,#2609,.T.);
#2611=ORIENTED_EDGE('',*,*,#2610,.T.);
#2612=ORIENTED_EDGE('',*,*,#2552,.F.);
#2613=CARTESIAN_POINT('',(58.,139.879076223,2.000018128));
#2614=DIRECTION('',(0.99999995,0.000315372,0.));
#2615=VECTOR('',#2614,22.011719736);
#2616=LINE('',#2613,#2615);
#2617=EDGE_CURVE('',#133,#2545,#2616,.T.);
#2618=ORIENTED_EDGE('',*,*,#2617,.F.);
#2619=EDGE_LOOP('',(#2605,#2611,#2612,#2618));
#2620=FACE_BOUND('',#2619,.T.);
#2621=ADVANCED_FACE('',(#2620),#2604,.F.);
#2622=CARTESIAN_POINT('',(10.5,226.999981872,2.000018128));
#2623=DIRECTION('',(0.,0.,-1.));
#2624=DIRECTION('',(0.,1.,0.));
#2625=AXIS2_PLACEMENT_3D('',#2622,#2623,#2624);
#2626=PLANE('',#2625);
#2627=ORIENTED_EDGE('',*,*,#146,.F.);
#2628=ORIENTED_EDGE('',*,*,#2617,.T.);
#2629=ORIENTED_EDGE('',*,*,#2595,.F.);
#2630=ORIENTED_EDGE('',*,*,#2502,.T.);
#2631=ORIENTED_EDGE('',*,*,#304,.F.);
#2632=ORIENTED_EDGE('',*,*,#2477,.F.);
#2633=ORIENTED_EDGE('',*,*,#2463,.T.);
#2634=ORIENTED_EDGE('',*,*,#2370,.T.);
#2635=EDGE_LOOP('',(#2627,#2628,#2629,#2630,#2631,#2632,#2633,#2634));
#2636=FACE_BOUND('',#2635,.T.);
#2637=ADVANCED_FACE('',(#2636),#2626,.F.);
#2638=CARTESIAN_POINT('',(193.202533526,78.499981872,2.000018128));
#2639=DIRECTION('',(-1.,0.,0.));
#2640=DIRECTION('',(-0.,-1.,0.));
#2641=AXIS2_PLACEMENT_3D('',#2638,#2639,#2640);
#2642=PLANE('',#2641);
#2643=ORIENTED_EDGE('',*,*,#254,.F.);
#2644=CARTESIAN_POINT('',(193.202533526,96.999981872,2.000018128));
#2645=VERTEX_POINT('',#2644);
#2646=CARTESIAN_POINT('',(193.202533526,96.999981872,2.000018128));
#2647=DIRECTION('',(-0.,-1.,0.));
#2648=VECTOR('',#2647,21.599982039);
#2649=LINE('',#2646,#2648);
#2650=EDGE_CURVE('',#2645,#241,#2649,.T.);
#2651=ORIENTED_EDGE('',*,*,#2650,.F.);
#2652=CARTESIAN_POINT('',(193.202533526,96.999981872,2.292911344));
#2653=VERTEX_POINT('',#2652);
#2654=CARTESIAN_POINT('',(193.202533526,96.999981872,2.000018128));
#2655=DIRECTION('',(0.,0.,1.));
#2656=VECTOR('',#2655,0.292893216);
#2657=LINE('',#2654,#2656);
#2658=EDGE_CURVE('',#2645,#2653,#2657,.T.);
#2659=ORIENTED_EDGE('',*,*,#2658,.T.);
#2660=CARTESIAN_POINT('',(193.202533526,96.999981872,2.292911347));
#2661=DIRECTION('',(-0.,-1.,0.));
#2662=VECTOR('',#2661,21.599982039);
#2663=LINE('',#2660,#2662);
#2664=EDGE_CURVE('',#2653,#249,#2663,.T.);
#2665=ORIENTED_EDGE('',*,*,#2664,.T.);
#2666=EDGE_LOOP('',(#2643,#2651,#2659,#2665));
#2667=FACE_BOUND('',#2666,.T.);
#2668=ADVANCED_FACE('',(#2667),#2642,.F.);
#2669=CARTESIAN_POINT('',(193.202533526,96.999981872,2.000018128));
#2670=CARTESIAN_POINT('',(193.202533526,96.999981872,2.292911347));
#2671=CARTESIAN_POINT('',(193.202533526,105.00221286,2.000018128));
#2672=CARTESIAN_POINT('',(193.202533526,105.00221286,2.292911347));
#2673=CARTESIAN_POINT('',(192.322049215,120.565256336,2.000018128));
#2674=CARTESIAN_POINT('',(192.322049215,120.565256336,2.292911347));
#2675=CARTESIAN_POINT('',(187.779890159,142.77877552,2.000018128));
#2676=CARTESIAN_POINT('',(187.779890159,142.77877552,2.292911347));
#2677=CARTESIAN_POINT('',(179.142077171,163.769278238,2.000018128));
#2678=CARTESIAN_POINT('',(179.142077171,163.769278238,2.292911347));
#2679=CARTESIAN_POINT('',(165.608540633,182.540854708,2.000018128));
#2680=CARTESIAN_POINT('',(165.608540633,182.540854708,2.292911347));
#2681=CARTESIAN_POINT('',(147.531531593,197.314160818,2.000018128));
#2682=CARTESIAN_POINT('',(147.531531593,197.314160818,2.292911347));
#2683=CARTESIAN_POINT('',(126.559367109,207.078129477,2.000018128));
#2684=CARTESIAN_POINT('',(126.559367109,207.078129477,2.292911347));
#2685=CARTESIAN_POINT('',(104.030773612,212.280396504,2.000018128));
#2686=CARTESIAN_POINT('',(104.030773612,212.280396504,2.292911347));
#2687=CARTESIAN_POINT('',(88.169191287,213.293416022,2.000018128));
#2688=CARTESIAN_POINT('',(88.169191287,213.293416022,2.292911347));
#2689=CARTESIAN_POINT('',(79.988568808,213.290836083,2.000018128));
#2690=CARTESIAN_POINT('',(79.988568808,213.290836083,2.292911347));
#2691=B_SPLINE_SURFACE_WITH_KNOTS('',3,1,((#2669,#2670),(#2671,#2672),(#2673,#2674),(#2675,#2676),(#2677,#2678),(#2679,#2680),(#2681,#2682),(#2683,#2684),(#2685,#2686),(#2687,#2688),(#2689,#2690)),.UNSPECIFIED.,.F.,.F.,.U.,(4,1,1,1,1,1,1,1,4),(2,2),(0.,0.125,0.25,0.375,0.5,0.625,0.75,0.875,1.),(0.,0.292893219),.UNSPECIFIED.);
#2692=CARTESIAN_POINT('',(79.988568808,213.290836083,2.000018128));
#2693=VERTEX_POINT('',#2692);
#2694=CARTESIAN_POINT('',(79.988568808,213.290836083,2.292916085));
#2695=VERTEX_POINT('',#2694);
#2696=CARTESIAN_POINT('',(79.988568808,213.290836083,2.000018128));
#2697=DIRECTION('',(0.,0.,1.));
#2698=VECTOR('',#2697,0.292897957);
#2699=LINE('',#2696,#2698);
#2700=EDGE_CURVE('',#2693,#2695,#2699,.T.);
#2701=ORIENTED_EDGE('',*,*,#2700,.T.);
#2702=CARTESIAN_POINT('',(79.988568808,213.290836083,2.292911347));
#2703=CARTESIAN_POINT('',(88.169191287,213.293416022,2.292911347));
#2704=CARTESIAN_POINT('',(96.099982449,212.786906263,2.292911347));
#2705=CARTESIAN_POINT('',(103.820143613,211.666606879,2.292911347));
#2706=CARTESIAN_POINT('',(111.540304778,210.546307495,2.292911347));
#2707=CARTESIAN_POINT('',(119.049835943,208.812218486,2.292911347));
#2708=CARTESIAN_POINT('',(126.299962274,206.317845871,2.292911347));
#2709=CARTESIAN_POINT('',(133.550088604,203.823473257,2.292911347));
#2710=CARTESIAN_POINT('',(140.540810098,200.568817037,2.292911347));
#2711=CARTESIAN_POINT('',(147.049005686,196.479271242,2.292911347));
#2712=CARTESIAN_POINT('',(153.557201273,192.389725448,2.292911347));
#2713=CARTESIAN_POINT('',(159.582870953,187.465290078,2.292911347));
#2714=CARTESIAN_POINT('',(164.851295216,181.874476314,2.292911347));
#2715=CARTESIAN_POINT('',(170.119719479,176.283662551,2.292911347));
#2716=CARTESIAN_POINT('',(174.630898325,170.026470395,2.292911347));
#2717=CARTESIAN_POINT('',(178.326123246,163.399457197,2.292911347));
#2718=CARTESIAN_POINT('',(182.021348167,156.772443999,2.292911347));
#2719=CARTESIAN_POINT('',(184.900619163,149.77560976,2.292911347));
#2720=CARTESIAN_POINT('',(187.09728117,142.574939443,2.292911347));
#2721=CARTESIAN_POINT('',(189.293943178,135.374269126,2.292911347));
#2722=CARTESIAN_POINT('',(190.807996196,127.969762731,2.292911347));
#2723=CARTESIAN_POINT('',(191.785143783,120.376748664,2.292911347));
#2724=CARTESIAN_POINT('',(192.762291371,112.783734598,2.292911347));
#2725=CARTESIAN_POINT('',(193.202533526,105.00221286,2.292911347));
#2726=CARTESIAN_POINT('',(193.202533526,96.999981872,2.292911347));
#2727=B_SPLINE_CURVE_WITH_KNOTS('',3,(#2702,#2703,#2704,#2705,#2706,#2707,#2708,#2709,#2710,#2711,#2712,#2713,#2714,#2715,#2716,#2717,#2718,#2719,#2720,#2721,#2722,#2723,#2724,#2725,#2726),.UNSPECIFIED.,.F.,.F.,(4,3,3,3,3,3,3,3,4),(0.,0.125,0.25,0.375,0.5,0.625,0.75,0.875,1.),.UNSPECIFIED.);
#2728=EDGE_CURVE('',#2695,#2653,#2727,.T.);
#2729=ORIENTED_EDGE('',*,*,#2728,.T.);
#2730=ORIENTED_EDGE('',*,*,#2658,.F.);
#2731=CARTESIAN_POINT('',(193.202533526,96.999981872,2.000018128));
#2732=CARTESIAN_POINT('',(193.202533526,105.00221286,2.000018128));
#2733=CARTESIAN_POINT('',(192.322049215,120.565256336,2.000018128));
#2734=CARTESIAN_POINT('',(187.779890159,142.77877552,2.000018128));
#2735=CARTESIAN_POINT('',(179.142077171,163.769278238,2.000018128));
#2736=CARTESIAN_POINT('',(165.608540633,182.540854708,2.000018128));
#2737=CARTESIAN_POINT('',(147.531531593,197.314160818,2.000018128));
#2738=CARTESIAN_POINT('',(126.559367109,207.078129477,2.000018128));
#2739=CARTESIAN_POINT('',(104.030773612,212.280396504,2.000018128));
#2740=CARTESIAN_POINT('',(88.169191287,213.293416022,2.000018128));
#2741=CARTESIAN_POINT('',(79.988568808,213.290836083,2.000018128));
#2742=B_SPLINE_CURVE_WITH_KNOTS('',3,(#2731,#2732,#2733,#2734,#2735,#2736,#2737,#2738,#2739,#2740,#2741),.UNSPECIFIED.,.F.,.F.,(4,1,1,1,1,1,1,1,4),(0.,0.125,0.25,0.375,0.5,0.625,0.75,0.875,1.),.UNSPECIFIED.);
#2743=EDGE_CURVE('',#2645,#2693,#2742,.T.);
#2744=ORIENTED_EDGE('',*,*,#2743,.T.);
#2745=EDGE_LOOP('',(#2701,#2729,#2730,#2744));
#2746=FACE_BOUND('',#2745,.T.);
#2747=ADVANCED_FACE('',(#2746),#2691,.T.);
#2748=CARTESIAN_POINT('',(61.488569784,213.285001701,2.000018128));
#2749=DIRECTION('',(0.000315372,-0.99999995,0.));
#2750=DIRECTION('',(0.99999995,0.000315372,0.));
#2751=AXIS2_PLACEMENT_3D('',#2748,#2749,#2750);
#2752=PLANE('',#2751);
#2753=ORIENTED_EDGE('',*,*,#205,.F.);
#2754=CARTESIAN_POINT('',(57.5,213.283743818,2.292911347));
#2755=DIRECTION('',(0.99999995,0.000315372,0.));
#2756=VECTOR('',#2755,22.488569926);
#2757=LINE('',#2754,#2756);
#2758=EDGE_CURVE('',#191,#2695,#2757,.T.);
#2759=ORIENTED_EDGE('',*,*,#2758,.T.);
#2760=ORIENTED_EDGE('',*,*,#2700,.F.);
#2761=CARTESIAN_POINT('',(57.5,213.283743818,2.000018128));
#2762=DIRECTION('',(0.99999995,0.000315372,0.));
#2763=VECTOR('',#2762,22.488569926);
#2764=LINE('',#2761,#2763);
#2765=EDGE_CURVE('',#200,#2693,#2764,.T.);
#2766=ORIENTED_EDGE('',*,*,#2765,.F.);
#2767=EDGE_LOOP('',(#2753,#2759,#2760,#2766));
#2768=FACE_BOUND('',#2767,.T.);
#2769=ADVANCED_FACE('',(#2768),#2752,.F.);
#2770=CARTESIAN_POINT('',(10.5,226.999981872,2.000018128));
#2771=DIRECTION('',(0.,0.,-1.));
#2772=DIRECTION('',(0.,1.,0.));
#2773=AXIS2_PLACEMENT_3D('',#2770,#2771,#2772);
#2774=PLANE('',#2773);
#2775=ORIENTED_EDGE('',*,*,#213,.F.);
#2776=ORIENTED_EDGE('',*,*,#2765,.T.);
#2777=ORIENTED_EDGE('',*,*,#2743,.F.);
#2778=ORIENTED_EDGE('',*,*,#2650,.T.);
#2779=ORIENTED_EDGE('',*,*,#246,.F.);
#2780=CARTESIAN_POINT('',(194.202533526,96.999981872,2.000018128));
#2781=VERTEX_POINT('',#2780);
#2782=CARTESIAN_POINT('',(194.202533526,96.999981872,2.000018128));
#2783=DIRECTION('',(-0.,-1.,0.));
#2784=VECTOR('',#2783,21.599982039);
#2785=LINE('',#2782,#2784);
#2786=EDGE_CURVE('',#2781,#239,#2785,.T.);
#2787=ORIENTED_EDGE('',*,*,#2786,.F.);
#2788=CARTESIAN_POINT('',(79.988253436,214.290836033,2.000018128));
#2789=VERTEX_POINT('',#2788);
#2790=CARTESIAN_POINT('',(194.202533526,96.999981872,2.000018128));
#2791=CARTESIAN_POINT('',(194.202533526,105.03900522,2.000018128));
#2792=CARTESIAN_POINT('',(193.318157214,120.686711569,2.000018128));
#2793=CARTESIAN_POINT('',(188.744405882,143.064564106,2.000018128));
#2794=CARTESIAN_POINT('',(180.027040591,164.254622191,2.000018128));
#2795=CARTESIAN_POINT('',(166.3458336,183.233446402,2.000018128));
#2796=CARTESIAN_POINT('',(148.064709962,198.172641555,2.000018128));
#2797=CARTESIAN_POINT('',(126.879452615,208.033279261,2.000018128));
#2798=CARTESIAN_POINT('',(104.167734139,213.275435432,2.000018128));
#2799=CARTESIAN_POINT('',(88.210668387,214.293429152,2.000018128));
#2800=CARTESIAN_POINT('',(79.988253436,214.290836033,2.000018128));
#2801=B_SPLINE_CURVE_WITH_KNOTS('',3,(#2790,#2791,#2792,#2793,#2794,#2795,#2796,#2797,#2798,#2799,#2800),.UNSPECIFIED.,.F.,.F.,(4,1,1,1,1,1,1,1,4),(0.,0.125,0.25,0.375,0.5,0.625,0.75,0.875,1.),.UNSPECIFIED.);
#2802=EDGE_CURVE('',#2781,#2789,#2801,.T.);
#2803=ORIENTED_EDGE('',*,*,#2802,.T.);
#2804=CARTESIAN_POINT('',(57.5,214.283743867,2.000018128));
#2805=DIRECTION('',(0.99999995,0.000315372,0.));
#2806=VECTOR('',#2805,22.488254554);
#2807=LINE('',#2804,#2806);
#2808=EDGE_CURVE('',#208,#2789,#2807,.T.);
#2809=ORIENTED_EDGE('',*,*,#2808,.F.);
#2810=EDGE_LOOP('',(#2775,#2776,#2777,#2778,#2779,#2787,#2803,#2809));
#2811=FACE_BOUND('',#2810,.T.);
#2812=ADVANCED_FACE('',(#2811),#2774,.F.);
#2813=CARTESIAN_POINT('',(61.01194264,139.172919289,2.292911347));
#2814=DIRECTION('',(0.99999995,0.000315372,0.));
#2815=DIRECTION('',(-0.000315372,0.99999995,0.));
#2816=AXIS2_PLACEMENT_3D('',#2813,#2814,#2815);
#2817=CYLINDRICAL_SURFACE('',#2816,0.707106781);
#2818=ORIENTED_EDGE('',*,*,#178,.F.);
#2819=ORIENTED_EDGE('',*,*,#2114,.F.);
#2820=CARTESIAN_POINT('',(80.011941643,139.178911357,2.292911347));
#2821=DIRECTION('',(0.99999995,0.000315372,0.));
#2822=DIRECTION('',(-0.000315372,0.99999995,0.));
#2823=AXIS2_PLACEMENT_3D('',#2820,#2821,#2822);
#2824=CIRCLE('',#2823,0.707106781);
#2825=EDGE_CURVE('',#2547,#2109,#2824,.T.);
#2826=ORIENTED_EDGE('',*,*,#2825,.F.);
#2827=ORIENTED_EDGE('',*,*,#2610,.F.);
#2828=EDGE_LOOP('',(#2818,#2819,#2826,#2827));
#2829=FACE_BOUND('',#2828,.T.);
#2830=ADVANCED_FACE('',(#2829),#2817,.T.);
#2831=CARTESIAN_POINT('',(80.011718642,139.886018103,2.292911347));
#2832=CARTESIAN_POINT('',(82.91025778,139.886932221,2.292911347));
#2833=CARTESIAN_POINT('',(85.808154395,139.78532851,2.292911347));
#2834=CARTESIAN_POINT('',(91.582717519,139.298628002,2.292911347));
#2835=CARTESIAN_POINT('',(94.460813568,138.91438569,2.292911347));
#2836=CARTESIAN_POINT('',(98.710177387,138.002561102,2.292911347));
#2837=CARTESIAN_POINT('',(100.114995363,137.642732745,2.292911347));
#2838=CARTESIAN_POINT('',(102.879527824,136.774291692,2.292911347));
#2839=CARTESIAN_POINT('',(104.239777339,136.26597998,2.292911347));
#2840=CARTESIAN_POINT('',(106.206479328,135.341538425,2.292911347));
#2841=CARTESIAN_POINT('',(106.849520887,135.005995779,2.292911347));
#2842=CARTESIAN_POINT('',(108.099489429,134.274160115,2.292911347));
#2843=CARTESIAN_POINT('',(108.707923118,133.879444779,2.292911347));
#2844=CARTESIAN_POINT('',(109.870196256,133.014378538,2.292911347));
#2845=CARTESIAN_POINT('',(110.421794296,132.542341216,2.292911347));
#2846=CARTESIAN_POINT('',(111.455220453,131.526691834,2.292911347));
#2847=CARTESIAN_POINT('',(111.940381986,130.987710167,2.292911347));
#2848=CARTESIAN_POINT('',(112.84095388,129.852431574,2.292911347));
#2849=CARTESIAN_POINT('',(113.254335355,129.256451687,2.292911347));
#2850=CARTESIAN_POINT('',(114.017108169,128.024744322,2.292911347));
#2851=CARTESIAN_POINT('',(114.367563281,127.390073507,2.292911347));
#2852=CARTESIAN_POINT('',(115.345062084,125.449073748,2.292911347));
#2853=CARTESIAN_POINT('',(115.895778721,124.105803774,2.292911347));
#2854=CARTESIAN_POINT('',(116.8481839,121.369269372,2.292911347));
#2855=CARTESIAN_POINT('',(117.249612291,119.975476173,2.292911347));
#2856=CARTESIAN_POINT('',(117.942739879,117.162286705,2.292911347));
#2857=CARTESIAN_POINT('',(118.234345938,115.742253369,2.292911347));
#2858=CARTESIAN_POINT('',(118.978522049,111.460404627,2.292911347));
#2859=CARTESIAN_POINT('',(119.300048174,108.576763421,2.292911347));
#2860=CARTESIAN_POINT('',(119.709849069,102.796412819,2.292911347));
#2861=CARTESIAN_POINT('',(119.797711896,99.899090594,2.292911347));
#2862=CARTESIAN_POINT('',(119.797711896,96.999981872,2.292911347));
#2863=CARTESIAN_POINT('',(80.011718642,139.886018103,3.000018128));
#2864=CARTESIAN_POINT('',(82.91025778,139.886932221,3.000018128));
#2865=CARTESIAN_POINT('',(85.808154395,139.78532851,3.000018128));
#2866=CARTESIAN_POINT('',(91.582717519,139.298628002,3.000018128));
#2867=CARTESIAN_POINT('',(94.460813568,138.91438569,3.000018128));
#2868=CARTESIAN_POINT('',(98.710177387,138.002561102,3.000018128));
#2869=CARTESIAN_POINT('',(100.114995363,137.642732746,3.000018128));
#2870=CARTESIAN_POINT('',(102.879527824,136.774291691,3.000018128));
#2871=CARTESIAN_POINT('',(104.239777339,136.26597998,3.000018128));
#2872=CARTESIAN_POINT('',(106.206479328,135.341538425,3.000018128));
#2873=CARTESIAN_POINT('',(106.849520887,135.00599578,3.000018128));
#2874=CARTESIAN_POINT('',(108.099489429,134.274160115,3.000018128));
#2875=CARTESIAN_POINT('',(108.707923118,133.87944478,3.000018128));
#2876=CARTESIAN_POINT('',(109.870196255,133.014378537,3.000018128));
#2877=CARTESIAN_POINT('',(110.421794295,132.542341216,3.000018128));
#2878=CARTESIAN_POINT('',(111.455220453,131.526691834,3.000018128));
#2879=CARTESIAN_POINT('',(111.940381986,130.987710167,3.000018128));
#2880=CARTESIAN_POINT('',(112.84095388,129.852431574,3.000018128));
#2881=CARTESIAN_POINT('',(113.254335354,129.256451686,3.000018128));
#2882=CARTESIAN_POINT('',(114.017108169,128.024744322,3.000018128));
#2883=CARTESIAN_POINT('',(114.367563281,127.390073507,3.000018128));
#2884=CARTESIAN_POINT('',(115.345062085,125.449073748,3.000018128));
#2885=CARTESIAN_POINT('',(115.895778721,124.105803774,3.000018128));
#2886=CARTESIAN_POINT('',(116.8481839,121.369269372,3.000018128));
#2887=CARTESIAN_POINT('',(117.249612291,119.975476173,3.000018128));
#2888=CARTESIAN_POINT('',(117.942739879,117.162286705,3.000018128));
#2889=CARTESIAN_POINT('',(118.234345938,115.742253369,3.000018128));
#2890=CARTESIAN_POINT('',(118.978522049,111.460404627,3.000018128));
#2891=CARTESIAN_POINT('',(119.300048174,108.576763421,3.000018128));
#2892=CARTESIAN_POINT('',(119.709849069,102.796412819,3.000018128));
#2893=CARTESIAN_POINT('',(119.797711896,99.899090594,3.000018128));
#2894=CARTESIAN_POINT('',(119.797711896,96.999981872,3.000018128));
#2895=CARTESIAN_POINT('',(80.011941643,139.178911357,3.000018128));
#2896=CARTESIAN_POINT('',(82.89336427,139.179820077,3.000018128));
#2897=CARTESIAN_POINT('',(85.772271206,139.078738994,3.000018128));
#2898=CARTESIAN_POINT('',(91.499826931,138.596000434,3.000018128));
#2899=CARTESIAN_POINT('',(94.349394371,138.215091257,3.000018128));
#2900=CARTESIAN_POINT('',(98.543356953,137.315154615,3.000018128));
#2901=CARTESIAN_POINT('',(99.927585496,136.960429691,3.000018128));
#2902=CARTESIAN_POINT('',(102.643101856,136.107386391,3.000018128));
#2903=CARTESIAN_POINT('',(103.974244527,135.609465763,3.000018128));
#2904=CARTESIAN_POINT('',(105.888045488,134.709890154,3.000018128));
#2905=CARTESIAN_POINT('',(106.511955535,134.384247478,3.000018128));
#2906=CARTESIAN_POINT('',(107.722516782,133.675484126,3.000018128));
#2907=CARTESIAN_POINT('',(108.310310686,133.293916933,3.000018128));
#2908=CARTESIAN_POINT('',(109.423433341,132.465432817,3.000018128));
#2909=CARTESIAN_POINT('',(109.948200592,132.016351846,3.000018128));
#2910=CARTESIAN_POINT('',(110.937526969,131.044043651,3.000018128));
#2911=CARTESIAN_POINT('',(111.404837399,130.525031664,3.000018128));
#2912=CARTESIAN_POINT('',(112.268550254,129.436218299,3.000018128));
#2913=CARTESIAN_POINT('',(112.665848825,128.86368772,3.000018128));
#2914=CARTESIAN_POINT('',(113.403263726,127.672927713,3.000018128));
#2915=CARTESIAN_POINT('',(113.744324044,127.055538606,3.000018128));
#2916=CARTESIAN_POINT('',(114.696914517,125.16399882,3.000018128));
#2917=CARTESIAN_POINT('',(115.236476619,123.84891501,3.000018128));
#2918=CARTESIAN_POINT('',(116.171851732,121.161312895,3.000018128));
#2919=CARTESIAN_POINT('',(116.567490649,119.788242369,3.000018128));
#2920=CARTESIAN_POINT('',(117.251712799,117.01119731,3.000018128));
#2921=CARTESIAN_POINT('',(117.540170581,115.606858706,3.000018128));
#2922=CARTESIAN_POINT('',(118.276882396,111.36795812,3.000018128));
#2923=CARTESIAN_POINT('',(118.596083244,108.507412843,3.000018128));
#2924=CARTESIAN_POINT('',(119.003141136,102.765753028,3.000018128));
#2925=CARTESIAN_POINT('',(119.090605115,99.884497042,3.000018128));
#2926=CARTESIAN_POINT('',(119.090605115,96.999981872,3.000018128));
#2927=(BOUNDED_SURFACE()
B_SPLINE_SURFACE(2,3,((#2831,#2832,#2833,#2834,#2835,#2836,#2837,#2838,#2839,#2840,#2841,#2842,#2843,#2844,#2845,#2846,#2847,#2848,#2849,#2850,#2851,#2852,#2853,#2854,#2855,#2856,
#2857,#2858,#2859,#2860,#2861,#2862),(#2863,#2864,#2865,#2866,#2867,#2868,#2869,#2870,#2871,#2872,#2873,#2874,#2875,#2876,#2877,#2878,#2879,#2880,#2881,#2882,#2883,#2884,#2885,#2886,#2887,#2888,
#2889,#2890,#2891,#2892,#2893,#2894),(#2895,#2896,#2897,#2898,#2899,#2900,#2901,#2902,#2903,#2904,#2905,#2906,#2907,#2908,#2909,#2910,#2911,#2912,#2913,#2914,#2915,#2916,#2917,#2918,#2919,#2920,
#2921,#2922,#2923,#2924,#2925,#2926)),.UNSPECIFIED.,.F.,.F.,.U.)
B_SPLINE_SURFACE_WITH_KNOTS((3,3),(4,2,2,2,2,2,2,2,2,2,2,2,2,2,2,4),(0.,1.),(0.207213783,0.281600515,0.355987246,0.393180612,0.430373977,0.44897066,0.467567343,0.486164026,0.504760709,0.523357392,0.541954075,0.57914744,0.616340806,0.653534172,0.727920903,0.802307635),.UNSPECIFIED.)
GEOMETRIC_REPRESENTATION_ITEM()
RATIONAL_B_SPLINE_SURFACE(((1.,1.,1.,1.,1.,1.,1.,1.,1.,1.,1.,1.,1.,1.,1.,1.,1.,1.,1.,1.,1.,1.,1.,1.,1.,1.,
1.,1.,1.,1.,1.,1.),(0.707106781,0.707106781,0.707106781,0.707106781,0.707106781,0.707106781,0.707106781,0.707106781,0.707106781,0.707106781,0.707106781,0.707106781,0.707106781,0.707106781,0.707106781,0.707106781,0.707106781,0.707106781,0.707106781,0.707106781,0.707106781,0.707106781,0.707106781,0.707106781,0.707106781,0.707106781,
0.707106781,0.707106781,0.707106781,0.707106781,0.707106781,0.707106781),(1.,1.,1.,1.,1.,1.,1.,1.,1.,1.,1.,1.,1.,1.,1.,1.,1.,1.,1.,1.,1.,1.,1.,1.,1.,1.,
1.,1.,1.,1.,1.,1.)))
REPRESENTATION_ITEM('')
SURFACE()
);
#2928=ORIENTED_EDGE('',*,*,#2825,.T.);
#2929=ORIENTED_EDGE('',*,*,#2206,.F.);
#2930=CARTESIAN_POINT('',(119.090605115,96.999981872,2.292911347));
#2931=DIRECTION('',(-0.,-1.,0.));
#2932=DIRECTION('',(1.,-0.,0.));
#2933=AXIS2_PLACEMENT_3D('',#2930,#2931,#2932);
#2934=CIRCLE('',#2933,0.707106781);
#2935=EDGE_CURVE('',#2505,#2167,#2934,.T.);
#2936=ORIENTED_EDGE('',*,*,#2935,.F.);
#2937=ORIENTED_EDGE('',*,*,#2580,.F.);
#2938=EDGE_LOOP('',(#2928,#2929,#2936,#2937));
#2939=FACE_BOUND('',#2938,.T.);
#2940=ADVANCED_FACE('',(#2939),#2927,.T.);
#2941=CARTESIAN_POINT('',(119.090605115,77.999981872,2.292911347));
#2942=DIRECTION('',(-0.,-1.,0.));
#2943=DIRECTION('',(1.,-0.,0.));
#2944=AXIS2_PLACEMENT_3D('',#2941,#2942,#2943);
#2945=CYLINDRICAL_SURFACE('',#2944,0.707106781);
#2946=ORIENTED_EDGE('',*,*,#2172,.F.);
#2947=ORIENTED_EDGE('',*,*,#321,.T.);
#2948=ORIENTED_EDGE('',*,*,#2516,.F.);
#2949=ORIENTED_EDGE('',*,*,#2935,.T.);
#2950=EDGE_LOOP('',(#2946,#2947,#2948,#2949));
#2951=FACE_BOUND('',#2950,.T.);
#2952=ADVANCED_FACE('',(#2951),#2945,.T.);
#2953=CARTESIAN_POINT('',(121.504818678,226.999981871,2.292911347));
#2954=DIRECTION('',(0.,1.,0.));
#2955=DIRECTION('',(-1.,0.,0.));
#2956=AXIS2_PLACEMENT_3D('',#2953,#2954,#2955);
#2957=CYLINDRICAL_SURFACE('',#2956,0.707106781);
#2958=ORIENTED_EDGE('',*,*,#2484,.F.);
#2959=ORIENTED_EDGE('',*,*,#336,.T.);
#2960=ORIENTED_EDGE('',*,*,#2163,.F.);
#2961=CARTESIAN_POINT('',(121.504818677,96.999981872,2.292911347));
#2962=DIRECTION('',(0.,1.,0.));
#2963=DIRECTION('',(-1.,0.,0.));
#2964=AXIS2_PLACEMENT_3D('',#2961,#2962,#2963);
#2965=CIRCLE('',#2964,0.707106781);
#2966=EDGE_CURVE('',#2415,#2126,#2965,.T.);
#2967=ORIENTED_EDGE('',*,*,#2966,.F.);
#2968=EDGE_LOOP('',(#2958,#2959,#2960,#2967));
#2969=FACE_BOUND('',#2968,.T.);
#2970=ADVANCED_FACE('',(#2969),#2957,.T.);
#2971=CARTESIAN_POINT('',(120.797711896,96.999981872,2.292911347));
#2972=CARTESIAN_POINT('',(120.797711896,99.962238846,2.292911347));
#2973=CARTESIAN_POINT('',(120.706591318,102.926349032,2.292911347));
#2974=CARTESIAN_POINT('',(120.280551737,108.837224478,2.292911347));
#2975=CARTESIAN_POINT('',(119.945964672,111.785557368,2.292911347));
#2976=CARTESIAN_POINT('',(119.171438703,116.161865618,2.292911347));
#2977=CARTESIAN_POINT('',(118.867918604,117.612912689,2.292911347));
#2978=CARTESIAN_POINT('',(118.146151166,120.486743529,2.292911347));
#2979=CARTESIAN_POINT('',(117.727962999,121.909794042,2.292911347));
#2980=CARTESIAN_POINT('',(116.736297013,124.702147791,2.292911347));
#2981=CARTESIAN_POINT('',(116.163117224,126.071679893,2.292911347));
#2982=CARTESIAN_POINT('',(115.14817469,128.048678156,2.292911347));
#2983=CARTESIAN_POINT('',(114.784358824,128.695292632,2.292911347));
#2984=CARTESIAN_POINT('',(113.994019662,129.948049917,2.292911347));
#2985=CARTESIAN_POINT('',(113.566122698,130.554086689,2.292911347));
#2986=CARTESIAN_POINT('',(112.638466171,131.708649503,2.292911347));
#2987=CARTESIAN_POINT('',(112.139299378,132.258892834,2.292911347));
#2988=CARTESIAN_POINT('',(111.080275236,133.294570671,2.292911347));
#2989=CARTESIAN_POINT('',(110.516513327,133.77715686,2.292911347));
#2990=CARTESIAN_POINT('',(109.330857053,134.66463534,2.292911347));
#2991=CARTESIAN_POINT('',(108.709916726,135.071332032,2.292911347));
#2992=CARTESIAN_POINT('',(107.434826569,135.825784945,2.292911347));
#2993=CARTESIAN_POINT('',(106.779505196,136.172195345,2.292911347));
#2994=CARTESIAN_POINT('',(104.773875546,137.128377123,2.292911347));
#2995=CARTESIAN_POINT('',(103.385319217,137.656029839,2.292911347));
#2996=CARTESIAN_POINT('',(100.562322975,138.557091624,2.292911347));
#2997=CARTESIAN_POINT('',(99.127040083,138.930649118,2.292911347));
#2998=CARTESIAN_POINT('',(94.784596514,139.877308627,2.292911347));
#2999=CARTESIAN_POINT('',(91.841976067,140.276511979,2.292911347));
#3000=CARTESIAN_POINT('',(85.937369048,140.781702431,2.292911347));
#3001=CARTESIAN_POINT('',(82.972016538,140.886951748,2.292911347));
#3002=CARTESIAN_POINT('',(80.011403269,140.886018053,2.292911347));
#3003=CARTESIAN_POINT('',(120.797711896,96.999981872,3.000018128));
#3004=CARTESIAN_POINT('',(120.797711896,99.962238846,3.000018128));
#3005=CARTESIAN_POINT('',(120.706591318,102.926349032,3.000018128));
#3006=CARTESIAN_POINT('',(120.280551737,108.837224478,3.000018128));
#3007=CARTESIAN_POINT('',(119.945964672,111.785557368,3.000018128));
#3008=CARTESIAN_POINT('',(119.171438703,116.161865617,3.000018128));
#3009=CARTESIAN_POINT('',(118.867918604,117.612912689,3.000018128));
#3010=CARTESIAN_POINT('',(118.146151166,120.486743528,3.000018128));
#3011=CARTESIAN_POINT('',(117.727962999,121.909794042,3.000018128));
#3012=CARTESIAN_POINT('',(116.736297012,124.702147791,3.000018128));
#3013=CARTESIAN_POINT('',(116.163117224,126.071679893,3.000018128));
#3014=CARTESIAN_POINT('',(115.148174689,128.048678156,3.000018128));
#3015=CARTESIAN_POINT('',(114.784358824,128.695292632,3.000018128));
#3016=CARTESIAN_POINT('',(113.994019661,129.948049917,3.000018128));
#3017=CARTESIAN_POINT('',(113.566122698,130.554086689,3.000018128));
#3018=CARTESIAN_POINT('',(112.638466171,131.708649503,3.000018128));
#3019=CARTESIAN_POINT('',(112.139299379,132.258892834,3.000018128));
#3020=CARTESIAN_POINT('',(111.080275235,133.29457067,3.000018128));
#3021=CARTESIAN_POINT('',(110.516513326,133.77715686,3.000018128));
#3022=CARTESIAN_POINT('',(109.330857053,134.664635341,3.000018128));
#3023=CARTESIAN_POINT('',(108.709916726,135.071332032,3.000018128));
#3024=CARTESIAN_POINT('',(107.434826569,135.825784945,3.000018128));
#3025=CARTESIAN_POINT('',(106.779505196,136.172195345,3.000018128));
#3026=CARTESIAN_POINT('',(104.773875546,137.128377124,3.000018128));
#3027=CARTESIAN_POINT('',(103.385319217,137.656029838,3.000018128));
#3028=CARTESIAN_POINT('',(100.562322975,138.557091625,3.000018128));
#3029=CARTESIAN_POINT('',(99.127040083,138.930649118,3.000018128));
#3030=CARTESIAN_POINT('',(94.784596514,139.877308627,3.000018128));
#3031=CARTESIAN_POINT('',(91.841976067,140.276511978,3.000018128));
#3032=CARTESIAN_POINT('',(85.937369048,140.781702431,3.000018128));
#3033=CARTESIAN_POINT('',(82.972016538,140.886951748,3.000018128));
#3034=CARTESIAN_POINT('',(80.011403269,140.886018053,3.000018128));
#3035=CARTESIAN_POINT('',(121.504818677,96.999981872,3.000018128));
#3036=CARTESIAN_POINT('',(121.504818677,99.9770387,3.000018128));
#3037=CARTESIAN_POINT('',(121.413288374,102.95748371,3.000018128));
#3038=CARTESIAN_POINT('',(120.984408985,108.90775866,3.000018128));
#3039=CARTESIAN_POINT('',(120.647411875,111.879625702,3.000018128));
#3040=CARTESIAN_POINT('',(119.865144334,116.299676191,3.000018128));
#3041=CARTESIAN_POINT('',(119.558356344,117.766720887,3.000018128));
#3042=CARTESIAN_POINT('',(118.827329618,120.677419039,3.000018128));
#3043=CARTESIAN_POINT('',(118.403107274,122.121626967,3.000018128));
#3044=CARTESIAN_POINT('',(117.393821831,124.963593945,3.000018128));
#3045=CARTESIAN_POINT('',(116.809113577,126.361619295,3.000018128));
#3046=CARTESIAN_POINT('',(115.76875772,128.388119959,3.000018128));
#3047=CARTESIAN_POINT('',(115.395240757,129.052227586,3.000018128));
#3048=CARTESIAN_POINT('',(114.579217046,130.345697144,3.000018128));
#3049=CARTESIAN_POINT('',(114.135312625,130.974616887,3.000018128));
#3050=CARTESIAN_POINT('',(113.171722976,132.173902124,3.000018128));
#3051=CARTESIAN_POINT('',(112.655110224,132.743491964,3.000018128));
#3052=CARTESIAN_POINT('',(111.553257571,133.82105415,3.000018128));
#3053=CARTESIAN_POINT('',(110.963982301,134.325473524,3.000018128));
#3054=CARTESIAN_POINT('',(109.730837958,135.248497417,3.000018128));
#3055=CARTESIAN_POINT('',(109.089349593,135.668438847,3.000018128));
#3056=CARTESIAN_POINT('',(107.775546285,136.445797787,3.000018128));
#3057=CARTESIAN_POINT('',(107.101337729,136.802116847,3.000018128));
#3058=CARTESIAN_POINT('',(105.043108916,137.783375221,3.000018128));
#3059=CARTESIAN_POINT('',(103.625121203,138.321741619,3.000018128));
#3060=CARTESIAN_POINT('',(100.752544437,139.238628831,3.000018128));
#3061=CARTESIAN_POINT('',(99.296381064,139.617446787,3.000018128));
#3062=CARTESIAN_POINT('',(94.897753581,140.576354477,3.000018128));
#3063=CARTESIAN_POINT('',(91.926140279,140.979001174,3.000018128));
#3064=CARTESIAN_POINT('',(85.973762643,141.488278818,3.000018128));
#3065=CARTESIAN_POINT('',(82.989124294,141.59406396,3.000018128));
#3066=CARTESIAN_POINT('',(80.011180268,141.593124799,3.000018128));
#3067=(BOUNDED_SURFACE()
B_SPLINE_SURFACE(2,3,((#2971,#2972,#2973,#2974,#2975,#2976,#2977,#2978,#2979,#2980,#2981,#2982,#2983,#2984,#2985,#2986,#2987,#2988,#2989,#2990,#2991,#2992,#2993,#2994,#2995,#2996,
#2997,#2998,#2999,#3000,#3001,#3002),(#3003,#3004,#3005,#3006,#3007,#3008,#3009,#3010,#3011,#3012,#3013,#3014,#3015,#3016,#3017,#3018,#3019,#3020,#3021,#3022,#3023,#3024,#3025,#3026,#3027,#3028,
#3029,#3030,#3031,#3032,#3033,#3034),(#3035,#3036,#3037,#3038,#3039,#3040,#3041,#3042,#3043,#3044,#3045,#3046,#3047,#3048,#3049,#3050,#3051,#3052,#3053,#3054,#3055,#3056,#3057,#3058,#3059,#3060,
#3061,#3062,#3063,#3064,#3065,#3066)),.UNSPECIFIED.,.F.,.F.,.U.)
B_SPLINE_SURFACE_WITH_KNOTS((3,3),(4,2,2,2,2,2,2,2,2,2,2,2,2,2,2,4),(0.,1.),(0.194554314,0.271132209,0.347710104,0.385999052,0.424288,0.462576947,0.481721421,0.500865895,0.520010369,0.539154842,0.558299316,0.57744379,0.615732738,0.654021685,0.730599581,0.807177476),.UNSPECIFIED.)
GEOMETRIC_REPRESENTATION_ITEM()
RATIONAL_B_SPLINE_SURFACE(((1.,1.,1.,1.,1.,1.,1.,1.,1.,1.,1.,1.,1.,1.,1.,1.,1.,1.,1.,1.,1.,1.,1.,1.,1.,1.,
1.,1.,1.,1.,1.,1.),(0.707106781,0.707106781,0.707106781,0.707106781,0.707106781,0.707106781,0.707106781,0.707106781,0.707106781,0.707106781,0.707106781,0.707106781,0.707106781,0.707106781,0.707106781,0.707106781,0.707106781,0.707106781,0.707106781,0.707106781,0.707106781,0.707106781,0.707106781,0.707106781,0.707106781,0.707106781,
0.707106781,0.707106781,0.707106781,0.707106781,0.707106781,0.707106781),(1.,1.,1.,1.,1.,1.,1.,1.,1.,1.,1.,1.,1.,1.,1.,1.,1.,1.,1.,1.,1.,1.,1.,1.,1.,1.,
1.,1.,1.,1.,1.,1.)))
REPRESENTATION_ITEM('')
SURFACE()
);
#3068=ORIENTED_EDGE('',*,*,#2966,.T.);
#3069=ORIENTED_EDGE('',*,*,#2157,.F.);
#3070=CARTESIAN_POINT('',(80.011180268,141.593124799,2.292911347));
#3071=DIRECTION('',(-0.99999995,-0.000315372,0.));
#3072=DIRECTION('',(0.000315372,-0.99999995,0.));
#3073=AXIS2_PLACEMENT_3D('',#3070,#3071,#3072);
#3074=CIRCLE('',#3073,0.707106781);
#3075=EDGE_CURVE('',#2373,#2118,#3074,.T.);
#3076=ORIENTED_EDGE('',*,*,#3075,.F.);
#3077=ORIENTED_EDGE('',*,*,#2448,.F.);
#3078=EDGE_LOOP('',(#3068,#3069,#3076,#3077));
#3079=FACE_BOUND('',#3078,.T.);
#3080=ADVANCED_FACE('',(#3079),#3067,.T.);
#3081=CARTESIAN_POINT('',(61.511181239,141.587290417,2.292911347));
#3082=DIRECTION('',(-0.99999995,-0.000315372,0.));
#3083=DIRECTION('',(0.000315372,-0.99999995,0.));
#3084=AXIS2_PLACEMENT_3D('',#3081,#3082,#3083);
#3085=CYLINDRICAL_SURFACE('',#3084,0.707106781);
#3086=ORIENTED_EDGE('',*,*,#2123,.F.);
#3087=ORIENTED_EDGE('',*,*,#163,.T.);
#3088=ORIENTED_EDGE('',*,*,#2384,.F.);
#3089=ORIENTED_EDGE('',*,*,#3075,.T.);
#3090=EDGE_LOOP('',(#3086,#3087,#3088,#3089));
#3091=FACE_BOUND('',#3090,.T.);
#3092=ADVANCED_FACE('',(#3091),#3085,.T.);
#3093=CARTESIAN_POINT('',(61.488792785,212.577894955,2.292911347));
#3094=DIRECTION('',(0.99999995,0.000315372,0.));
#3095=DIRECTION('',(-0.000315372,0.99999995,0.));
#3096=AXIS2_PLACEMENT_3D('',#3093,#3094,#3095);
#3097=CYLINDRICAL_SURFACE('',#3096,0.707106781);
#3098=ORIENTED_EDGE('',*,*,#197,.F.);
#3099=ORIENTED_EDGE('',*,*,#2333,.F.);
#3100=CARTESIAN_POINT('',(79.98879181,212.583729337,2.292911347));
#3101=DIRECTION('',(0.99999995,0.000315372,0.));
#3102=DIRECTION('',(-0.000315372,0.99999995,0.));
#3103=AXIS2_PLACEMENT_3D('',#3100,#3101,#3102);
#3104=CIRCLE('',#3103,0.707106781);
#3105=EDGE_CURVE('',#2695,#2298,#3104,.T.);
#3106=ORIENTED_EDGE('',*,*,#3105,.F.);
#3107=ORIENTED_EDGE('',*,*,#2758,.F.);
#3108=EDGE_LOOP('',(#3098,#3099,#3106,#3107));
#3109=FACE_BOUND('',#3108,.T.);
#3110=ADVANCED_FACE('',(#3109),#3097,.T.);
#3111=CARTESIAN_POINT('',(79.988568808,213.290836083,2.292911347));
#3112=CARTESIAN_POINT('',(87.690439941,213.293265037,2.292911347));
#3113=CARTESIAN_POINT('',(95.400711528,212.84289641,2.292911347));
#3114=CARTESIAN_POINT('',(106.843863831,211.247198975,2.292911347));
#3115=CARTESIAN_POINT('',(110.637426614,210.562824992,2.292911347));
#3116=CARTESIAN_POINT('',(118.146152451,208.844851431,2.292911347));
#3117=CARTESIAN_POINT('',(121.861100672,207.810928854,2.292911347));
#3118=CARTESIAN_POINT('',(129.163430665,205.360117154,2.292911347));
#3119=CARTESIAN_POINT('',(132.750768154,203.943720308,2.292911347));
#3120=CARTESIAN_POINT('',(139.741970063,200.709874935,2.292911347));
#3121=CARTESIAN_POINT('',(143.145205614,198.892387335,2.292911347));
#3122=CARTESIAN_POINT('',(149.699551914,194.846674039,2.292911347));
#3123=CARTESIAN_POINT('',(152.850078391,192.618152427,2.292911347));
#3124=CARTESIAN_POINT('',(158.846517309,187.783039597,2.292911347));
#3125=CARTESIAN_POINT('',(161.692322546,185.176600499,2.292911347));
#3126=CARTESIAN_POINT('',(167.020478595,179.614146245,2.292911347));
#3127=CARTESIAN_POINT('',(169.50055854,176.657611415,2.292911347));
#3128=CARTESIAN_POINT('',(174.075072425,170.460366913,2.292911347));
#3129=CARTESIAN_POINT('',(176.169743791,167.21985356,2.292911347));
#3130=CARTESIAN_POINT('',(179.958285574,160.51310098,2.292911347));
#3131=CARTESIAN_POINT('',(181.650589444,157.046771644,2.292911347));
#3132=CARTESIAN_POINT('',(184.647314045,149.950971129,2.292911347));
#3133=CARTESIAN_POINT('',(185.9519161,146.32200108,2.292911347));
#3134=CARTESIAN_POINT('',(188.203647777,138.955586939,2.292911347));
#3135=CARTESIAN_POINT('',(189.150439739,135.218116489,2.292911347));
#3136=CARTESIAN_POINT('',(190.719879384,127.676993623,2.292911347));
#3137=CARTESIAN_POINT('',(191.342862206,123.87322767,2.292911347));
#3138=CARTESIAN_POINT('',(192.793886371,112.410900665,2.292911347));
#3139=CARTESIAN_POINT('',(193.202533526,104.702419847,2.292911347));
#3140=CARTESIAN_POINT('',(193.202533526,96.999981872,2.292911347));
#3141=CARTESIAN_POINT('',(79.988568808,213.290836083,3.000018128));
#3142=CARTESIAN_POINT('',(87.690439941,213.293265037,3.000018128));
#3143=CARTESIAN_POINT('',(95.400711528,212.84289641,3.000018128));
#3144=CARTESIAN_POINT('',(106.843863831,211.247198975,3.000018128));
#3145=CARTESIAN_POINT('',(110.637426614,210.562824992,3.000018128));
#3146=CARTESIAN_POINT('',(118.146152451,208.844851431,3.000018128));
#3147=CARTESIAN_POINT('',(121.861100672,207.810928854,3.000018128));
#3148=CARTESIAN_POINT('',(129.163430664,205.360117154,3.000018128));
#3149=CARTESIAN_POINT('',(132.750768154,203.943720308,3.000018128));
#3150=CARTESIAN_POINT('',(139.741970063,200.709874935,3.000018128));
#3151=CARTESIAN_POINT('',(143.145205614,198.892387335,3.000018128));
#3152=CARTESIAN_POINT('',(149.699551914,194.846674039,3.000018128));
#3153=CARTESIAN_POINT('',(152.850078391,192.618152427,3.000018128));
#3154=CARTESIAN_POINT('',(158.846517309,187.783039597,3.000018128));
#3155=CARTESIAN_POINT('',(161.692322546,185.176600499,3.000018128));
#3156=CARTESIAN_POINT('',(167.020478595,179.614146245,3.000018128));
#3157=CARTESIAN_POINT('',(169.50055854,176.657611415,3.000018128));
#3158=CARTESIAN_POINT('',(174.075072425,170.460366913,3.000018128));
#3159=CARTESIAN_POINT('',(176.169743791,167.21985356,3.000018128));
#3160=CARTESIAN_POINT('',(179.958285574,160.51310098,3.000018128));
#3161=CARTESIAN_POINT('',(181.650589444,157.046771644,3.000018128));
#3162=CARTESIAN_POINT('',(184.647314045,149.950971129,3.000018128));
#3163=CARTESIAN_POINT('',(185.9519161,146.32200108,3.000018128));
#3164=CARTESIAN_POINT('',(188.203647777,138.955586939,3.000018128));
#3165=CARTESIAN_POINT('',(189.150439739,135.218116489,3.000018128));
#3166=CARTESIAN_POINT('',(190.719879384,127.676993623,3.000018128));
#3167=CARTESIAN_POINT('',(191.342862205,123.87322767,3.000018128));
#3168=CARTESIAN_POINT('',(192.793886371,112.410900665,3.000018128));
#3169=CARTESIAN_POINT('',(193.202533527,104.702419847,3.000018128));
#3170=CARTESIAN_POINT('',(193.202533526,96.999981872,3.000018128));
#3171=CARTESIAN_POINT('',(79.98879181,212.583729337,3.000018128));
#3172=CARTESIAN_POINT('',(87.66312761,212.586149607,3.000018128));
#3173=CARTESIAN_POINT('',(95.340417886,212.137355539,3.000018128));
#3174=CARTESIAN_POINT('',(106.727523609,210.549473553,3.000018128));
#3175=CARTESIAN_POINT('',(110.50105186,209.868648583,3.000018128));
#3176=CARTESIAN_POINT('',(117.967109893,208.160437285,3.000018128));
#3177=CARTESIAN_POINT('',(121.659470232,207.132731166,3.000018128));
#3178=CARTESIAN_POINT('',(128.915088645,204.697596831,3.000018128));
#3179=CARTESIAN_POINT('',(132.478405961,203.290614408,3.000018128));
#3180=CARTESIAN_POINT('',(139.420614526,200.07943136,3.000018128));
#3181=CARTESIAN_POINT('',(142.798863437,198.275204316,3.000018128));
#3182=CARTESIAN_POINT('',(149.303075121,194.260436941,3.000018128));
#3183=CARTESIAN_POINT('',(152.429391034,192.049023882,3.000018128));
#3184=CARTESIAN_POINT('',(158.379509291,187.251260824,3.000018128));
#3185=CARTESIAN_POINT('',(161.203064793,184.665149395,3.000018128));
#3186=CARTESIAN_POINT('',(166.488458885,179.147337495,3.000018128));
#3187=CARTESIAN_POINT('',(168.949062335,176.214090127,3.000018128));
#3188=CARTESIAN_POINT('',(173.488760392,170.064011773,3.000018128));
#3189=CARTESIAN_POINT('',(175.567937592,166.847531535,3.000018128));
#3190=CARTESIAN_POINT('',(179.328754546,160.189859469,3.000018128));
#3191=CARTESIAN_POINT('',(181.009183264,156.748011337,3.000018128));
#3192=CARTESIAN_POINT('',(183.985923972,149.699529725,3.000018128));
#3193=CARTESIAN_POINT('',(185.282372038,146.093457201,3.000018128));
#3194=CARTESIAN_POINT('',(187.520751786,138.770723148,3.000018128));
#3195=CARTESIAN_POINT('',(188.462278651,135.054282149,3.000018128));
#3196=CARTESIAN_POINT('',(190.023493448,127.552679497,3.000018128));
#3197=CARTESIAN_POINT('',(190.643511288,123.767381738,3.000018128));
#3198=CARTESIAN_POINT('',(192.088063564,112.35617925,3.000018128));
#3199=CARTESIAN_POINT('',(192.495426747,104.677517709,3.000018128));
#3200=CARTESIAN_POINT('',(192.495426745,96.999981872,3.000018128));
#3201=(BOUNDED_SURFACE()
B_SPLINE_SURFACE(2,3,((#3111,#3112,#3113,#3114,#3115,#3116,#3117,#3118,#3119,#3120,#3121,#3122,#3123,#3124,#3125,#3126,#3127,#3128,#3129,#3130,#3131,#3132,#3133,#3134,#3135,#3136,
#3137,#3138,#3139,#3140),(#3141,#3142,#3143,#3144,#3145,#3146,#3147,#3148,#3149,#3150,#3151,#3152,#3153,#3154,#3155,#3156,#3157,#3158,#3159,#3160,#3161,#3162,#3163,#3164,#3165,#3166,
#3167,#3168,#3169,#3170),(#3171,#3172,#3173,#3174,#3175,#3176,#3177,#3178,#3179,#3180,#3181,#3182,#3183,#3184,#3185,#3186,#3187,#3188,#3189,#3190,#3191,#3192,#3193,#3194,#3195,#3196,
#3197,#3198,#3199,#3200)),.UNSPECIFIED.,.F.,.F.,.U.)
B_SPLINE_SURFACE_WITH_KNOTS((3,3),(4,2,2,2,2,2,2,2,2,2,2,2,2,2,4),(0.,1.),(0.104422469,0.204182109,0.254061929,0.303941749,0.35382157,0.40370139,0.45358121,0.50346103,0.55334085,0.60322067,0.65310049,0.702980311,0.752860131,0.802739951,0.902499591),.UNSPECIFIED.)
GEOMETRIC_REPRESENTATION_ITEM()
RATIONAL_B_SPLINE_SURFACE(((1.,1.,1.,1.,1.,1.,1.,1.,1.,1.,1.,1.,1.,1.,1.,1.,1.,1.,1.,1.,1.,1.,1.,1.,1.,1.,
1.,1.,1.,1.),(0.707106781,0.707106781,0.707106781,0.707106781,0.707106781,0.707106781,0.707106781,0.707106781,0.707106781,0.707106781,0.707106781,0.707106781,0.707106781,0.707106781,0.707106781,0.707106781,0.707106781,0.707106781,0.707106781,0.707106781,0.707106781,0.707106781,0.707106781,0.707106781,0.707106781,0.707106781,
0.707106781,0.707106781,0.707106781,0.707106781),(1.,1.,1.,1.,1.,1.,1.,1.,1.,1.,1.,1.,1.,1.,1.,1.,1.,1.,1.,1.,1.,1.,1.,1.,1.,1.,
1.,1.,1.,1.)))
REPRESENTATION_ITEM('')
SURFACE()
);
#3202=ORIENTED_EDGE('',*,*,#3105,.T.);
#3203=ORIENTED_EDGE('',*,*,#2327,.F.);
#3204=CARTESIAN_POINT('',(192.495426745,96.999981872,2.292911347));
#3205=DIRECTION('',(-0.,-1.,0.));
#3206=DIRECTION('',(1.,-0.,0.));
#3207=AXIS2_PLACEMENT_3D('',#3204,#3205,#3206);
#3208=CIRCLE('',#3207,0.707106781);
#3209=EDGE_CURVE('',#2653,#2290,#3208,.T.);
#3210=ORIENTED_EDGE('',*,*,#3209,.F.);
#3211=ORIENTED_EDGE('',*,*,#2728,.F.);
#3212=EDGE_LOOP('',(#3202,#3203,#3210,#3211));
#3213=FACE_BOUND('',#3212,.T.);
#3214=ADVANCED_FACE('',(#3213),#3201,.T.);
#3215=CARTESIAN_POINT('',(192.495426745,78.499981872,2.292911347));
#3216=DIRECTION('',(-0.,-1.,0.));
#3217=DIRECTION('',(1.,-0.,0.));
#3218=AXIS2_PLACEMENT_3D('',#3215,#3216,#3217);
#3219=CYLINDRICAL_SURFACE('',#3218,0.707106781);
#3220=ORIENTED_EDGE('',*,*,#2295,.F.);
#3221=ORIENTED_EDGE('',*,*,#263,.T.);
#3222=ORIENTED_EDGE('',*,*,#2664,.F.);
#3223=ORIENTED_EDGE('',*,*,#3209,.T.);
#3224=EDGE_LOOP('',(#3220,#3221,#3222,#3223));
#3225=FACE_BOUND('',#3224,.T.);
#3226=ADVANCED_FACE('',(#3225),#3219,.T.);
#3227=CARTESIAN_POINT('',(10.503699648,215.268922599,2.000018128));
#3228=DIRECTION('',(-0.99999995,-0.000315372,0.));
#3229=DIRECTION('',(0.000315372,-0.99999995,0.));
#3230=AXIS2_PLACEMENT_3D('',#3227,#3228,#3229);
#3231=CYLINDRICAL_SURFACE('',#3230,1.);
#3232=ORIENTED_EDGE('',*,*,#2217,.F.);
#3233=ORIENTED_EDGE('',*,*,#222,.T.);
#3234=ORIENTED_EDGE('',*,*,#2808,.T.);
#3235=CARTESIAN_POINT('',(79.987938064,215.290835983,2.000018128));
#3236=DIRECTION('',(0.99999995,0.000315372,0.));
#3237=DIRECTION('',(-0.000315372,0.99999995,0.));
#3238=AXIS2_PLACEMENT_3D('',#3235,#3236,#3237);
#3239=CIRCLE('',#3238,1.);
#3240=EDGE_CURVE('',#2212,#2789,#3239,.T.);
#3241=ORIENTED_EDGE('',*,*,#3240,.F.);
#3242=EDGE_LOOP('',(#3232,#3233,#3234,#3241));
#3243=FACE_BOUND('',#3242,.T.);
#3244=ADVANCED_FACE('',(#3243),#3231,.T.);
#3245=CARTESIAN_POINT('',(195.202533526,96.999981872,3.000018128));
#3246=CARTESIAN_POINT('',(195.071633832,96.999981872,3.000018128));
#3247=CARTESIAN_POINT('',(194.940785642,96.999981872,2.973990805));
#3248=CARTESIAN_POINT('',(194.698914546,96.999981872,2.873804516));
#3249=CARTESIAN_POINT('',(194.587986806,96.999981872,2.79968497));
#3250=CARTESIAN_POINT('',(194.402866684,96.999981872,2.614564848));
#3251=CARTESIAN_POINT('',(194.328747138,96.999981872,2.503637108));
#3252=CARTESIAN_POINT('',(194.22856085,96.999981872,2.261766012));
#3253=CARTESIAN_POINT('',(194.202533526,96.999981872,2.130917822));
#3254=CARTESIAN_POINT('',(194.202533526,96.999981872,2.000018128));
#3255=CARTESIAN_POINT('',(195.202533526,97.122407611,3.000018128));
#3256=CARTESIAN_POINT('',(195.071633832,97.122407611,3.000018128));
#3257=CARTESIAN_POINT('',(194.940785642,97.122407611,2.973990805));
#3258=CARTESIAN_POINT('',(194.698914546,97.122407611,2.873804516));
#3259=CARTESIAN_POINT('',(194.587986806,97.122407611,2.79968497));
#3260=CARTESIAN_POINT('',(194.402866684,97.122407611,2.614564848));
#3261=CARTESIAN_POINT('',(194.328747138,97.122407611,2.503637108));
#3262=CARTESIAN_POINT('',(194.22856085,97.122407611,2.261766012));
#3263=CARTESIAN_POINT('',(194.202533526,97.122407611,2.130917822));
#3264=CARTESIAN_POINT('',(194.202533526,97.122407611,2.000018128));
#3265=CARTESIAN_POINT('',(195.202431445,97.244832877,3.000018128));
#3266=CARTESIAN_POINT('',(195.071531811,97.244687128,3.000018129));
#3267=CARTESIAN_POINT('',(194.940683681,97.244541437,2.973990806));
#3268=CARTESIAN_POINT('',(194.698812696,97.244272129,2.873804518));
#3269=CARTESIAN_POINT('',(194.587885007,97.244148618,2.799684972));
#3270=CARTESIAN_POINT('',(194.402764969,97.243942499,2.61456485));
#3271=CARTESIAN_POINT('',(194.328645457,97.243859972,2.50363711));
#3272=CARTESIAN_POINT('',(194.228459215,97.243748421,2.261766013));
#3273=CARTESIAN_POINT('',(194.202431903,97.243719441,2.130917822));
#3274=CARTESIAN_POINT('',(194.202431903,97.243719441,2.000018128));
#3275=CARTESIAN_POINT('',(195.202021917,97.489682455,3.000018128));
#3276=CARTESIAN_POINT('',(195.071122528,97.489390325,3.000018129));
#3277=CARTESIAN_POINT('',(194.940274642,97.489098311,2.973990806));
#3278=CARTESIAN_POINT('',(194.69840411,97.488558525,2.873804518));
#3279=CARTESIAN_POINT('',(194.587476628,97.488310967,2.799684972));
#3280=CARTESIAN_POINT('',(194.402356937,97.487897833,2.61456485));
#3281=CARTESIAN_POINT('',(194.328237563,97.48773242,2.50363711));
#3282=CARTESIAN_POINT('',(194.228051508,97.487508834,2.261766013));
#3283=CARTESIAN_POINT('',(194.202024245,97.487450749,2.130917822));
#3284=CARTESIAN_POINT('',(194.202024245,97.487450749,2.000018128));
#3285=CARTESIAN_POINT('',(195.201714487,97.612106768,3.000018128));
#3286=CARTESIAN_POINT('',(195.070815282,97.611741235,3.00001813));
#3287=CARTESIAN_POINT('',(194.939967579,97.611375847,2.973990809));
#3288=CARTESIAN_POINT('',(194.698097384,97.610700431,2.873804522));
#3289=CARTESIAN_POINT('',(194.587170057,97.61039067,2.799684977));
#3290=CARTESIAN_POINT('',(194.402050623,97.609873729,2.614564854));
#3291=CARTESIAN_POINT('',(194.327931353,97.609666754,2.503637114));
#3292=CARTESIAN_POINT('',(194.227745437,97.609386987,2.261766015));
#3293=CARTESIAN_POINT('',(194.201718211,97.609314307,2.130917823));
#3294=CARTESIAN_POINT('',(194.201718211,97.609314307,2.000018128));
#3295=CARTESIAN_POINT('',(195.200482352,97.979378268,3.000018128));
#3296=CARTESIAN_POINT('',(195.069583887,97.978791896,3.00001813));
#3297=CARTESIAN_POINT('',(194.938736925,97.978205754,2.973990809));
#3298=CARTESIAN_POINT('',(194.696868098,97.977122279,2.873804522));
#3299=CARTESIAN_POINT('',(194.585941399,97.976625373,2.799684977));
#3300=CARTESIAN_POINT('',(194.400823013,97.975796117,2.614564854));
#3301=CARTESIAN_POINT('',(194.326704163,97.975464094,2.503637114));
#3302=CARTESIAN_POINT('',(194.226518814,97.975015304,2.261766015));
#3303=CARTESIAN_POINT('',(194.200491735,97.974898713,2.130917823));
#3304=CARTESIAN_POINT('',(194.200491735,97.974898713,2.000018128));
#3305=CARTESIAN_POINT('',(195.199247876,98.224224019,3.000018128));
#3306=CARTESIAN_POINT('',(195.068350154,98.223489572,3.000018134));
#3307=CARTESIAN_POINT('',(194.937503934,98.222755414,2.973990815));
#3308=CARTESIAN_POINT('',(194.695636478,98.221398333,2.873804532));
#3309=CARTESIAN_POINT('',(194.584710407,98.220775944,2.799684987));
#3310=CARTESIAN_POINT('',(194.399593069,98.219737279,2.614564863));
#3311=CARTESIAN_POINT('',(194.325474638,98.219321412,2.503637122));
#3312=CARTESIAN_POINT('',(194.225289856,98.218759291,2.26176602));
#3313=CARTESIAN_POINT('',(194.199262924,98.218613258,2.130917826));
#3314=CARTESIAN_POINT('',(194.199262924,98.218613258,2.000018128));
#3315=CARTESIAN_POINT('',(195.194290838,98.958755454,3.000018128));
#3316=CARTESIAN_POINT('',(195.063396131,98.957574242,3.000018134));
#3317=CARTESIAN_POINT('',(194.932552924,98.956393495,2.973990815));
#3318=CARTESIAN_POINT('',(194.69069104,98.9542109,2.873804532));
#3319=CARTESIAN_POINT('',(194.579767524,98.953209911,2.799684987));
#3320=CARTESIAN_POINT('',(194.39465445,98.951539426,2.614564863));
#3321=CARTESIAN_POINT('',(194.320537726,98.950870586,2.503637122));
#3322=CARTESIAN_POINT('',(194.220355252,98.949966526,2.26176602));
#3323=CARTESIAN_POINT('',(194.194328919,98.94973166,2.130917826));
#3324=CARTESIAN_POINT('',(194.194328919,98.94973166,2.000018128));
#3325=CARTESIAN_POINT('',(195.189314699,99.448438777,3.000018128));
#3326=CARTESIAN_POINT('',(195.058423037,99.446956322,3.000018141));
#3327=CARTESIAN_POINT('',(194.927582872,99.445474449,2.973990828));
#3328=CARTESIAN_POINT('',(194.68572661,99.442735228,2.873804551));
#3329=CARTESIAN_POINT('',(194.574805672,99.441478958,2.799685007));
#3330=CARTESIAN_POINT('',(194.389696899,99.439382448,2.614564882));
#3331=CARTESIAN_POINT('',(194.315581896,99.438543035,2.503637138));
#3332=CARTESIAN_POINT('',(194.215401749,99.437408412,2.261766029));
#3333=CARTESIAN_POINT('',(194.189376021,99.437113649,2.13091783));
#3334=CARTESIAN_POINT('',(194.189376021,99.437113649,2.000018128));
#3335=CARTESIAN_POINT('',(195.169259639,100.917299339,3.000018128));
#3336=CARTESIAN_POINT('',(195.038380454,100.914903023,3.000018141));
#3337=CARTESIAN_POINT('',(194.907552762,100.912507651,2.973990828));
#3338=CARTESIAN_POINT('',(194.665719555,100.908079837,2.873804551));
#3339=CARTESIAN_POINT('',(194.554809191,100.906049138,2.799685007));
#3340=CARTESIAN_POINT('',(194.369718063,100.902660236,2.614564882));
#3341=CARTESIAN_POINT('',(194.295610126,100.901303366,2.503637138));
#3342=CARTESIAN_POINT('',(194.195439529,100.899469306,2.261766029));
#3343=CARTESIAN_POINT('',(194.169416282,100.898992836,2.13091783));
#3344=CARTESIAN_POINT('',(194.169416282,100.898992836,2.000018128));
#3345=CARTESIAN_POINT('',(195.149055025,101.896340907,3.000018128));
#3346=CARTESIAN_POINT('',(195.018188551,101.893321771,3.000018211));
#3347=CARTESIAN_POINT('',(194.887373552,101.890303823,2.97399095));
#3348=CARTESIAN_POINT('',(194.645563791,101.884725187,2.873804737));
#3349=CARTESIAN_POINT('',(194.534664172,101.882166694,2.799685204));
#3350=CARTESIAN_POINT('',(194.349590971,101.877896989,2.614565065));
#3351=CARTESIAN_POINT('',(194.275490208,101.876187458,2.503637297));
#3352=CARTESIAN_POINT('',(194.175329307,101.87387671,2.261766118));
#3353=CARTESIAN_POINT('',(194.149308578,101.873276402,2.130917875));
#3354=CARTESIAN_POINT('',(194.149308578,101.873276402,2.000018128));
#3355=CARTESIAN_POINT('',(195.067017611,104.832842436,3.000018128));
#3356=CARTESIAN_POINT('',(194.936204478,104.827913999,3.000018211));
#3357=CARTESIAN_POINT('',(194.805442797,104.8229875,2.97399095));
#3358=CARTESIAN_POINT('',(194.563731597,104.813880933,2.873804737));
#3359=CARTESIAN_POINT('',(194.45287718,104.809704449,2.799685204));
#3360=CARTESIAN_POINT('',(194.267879414,104.802734585,2.614565065));
#3361=CARTESIAN_POINT('',(194.193808854,104.799943947,2.503637297));
#3362=CARTESIAN_POINT('',(194.093688777,104.796171884,2.261766118));
#3363=CARTESIAN_POINT('',(194.067678655,104.795191943,2.130917875));
#3364=CARTESIAN_POINT('',(194.067678655,104.795191944,2.000018128));
#3365=CARTESIAN_POINT('',(194.983740906,106.7901055,3.000018128));
#3366=CARTESIAN_POINT('',(194.852983461,106.783849276,3.000018156));
#3367=CARTESIAN_POINT('',(194.722277458,106.777595513,2.973990853));
#3368=CARTESIAN_POINT('',(194.480669188,106.766035516,2.873804589));
#3369=CARTESIAN_POINT('',(194.369861984,106.760733831,2.799685047));
#3370=CARTESIAN_POINT('',(194.184943012,106.751886192,2.61456492));
#3371=CARTESIAN_POINT('',(194.110904003,106.748343719,2.50363717));
#3372=CARTESIAN_POINT('',(194.010826575,106.74355541,2.261766047));
#3373=CARTESIAN_POINT('',(193.984827532,106.742311459,2.130917839));
#3374=CARTESIAN_POINT('',(193.984827532,106.742311458,2.000018128));
#3375=CARTESIAN_POINT('',(194.640907102,112.655712195,3.000018128));
#3376=CARTESIAN_POINT('',(194.510391912,112.645311189,3.000018156));
#3377=CARTESIAN_POINT('',(194.379928068,112.634914275,2.973990853));
#3378=CARTESIAN_POINT('',(194.138767427,112.61569572,2.873804589));
#3379=CARTESIAN_POINT('',(194.028165515,112.606881641,2.799685047));
#3380=CARTESIAN_POINT('',(193.843589144,112.592172396,2.61456492));
#3381=CARTESIAN_POINT('',(193.769687307,112.586283017,2.503637171));
#3382=CARTESIAN_POINT('',(193.669795293,112.57832243,2.261766047));
#3383=CARTESIAN_POINT('',(193.643844418,112.576254356,2.130917839));
#3384=CARTESIAN_POINT('',(193.643844418,112.576254356,2.000018128));
#3385=CARTESIAN_POINT('',(194.288141069,116.559159781,3.000018128));
#3386=CARTESIAN_POINT('',(194.157887912,116.545777806,3.000018163));
#3387=CARTESIAN_POINT('',(194.027685997,116.532401097,2.973990865));
#3388=CARTESIAN_POINT('',(193.787009525,116.50767443,2.873804608));
#3389=CARTESIAN_POINT('',(193.676629664,116.496334202,2.799685067));
#3390=CARTESIAN_POINT('',(193.492423858,116.477409229,2.614564938));
#3391=CARTESIAN_POINT('',(193.41867039,116.469831931,2.503637187));
#3392=CARTESIAN_POINT('',(193.318978924,116.459589808,2.261766056));
#3393=CARTESIAN_POINT('',(193.29308015,116.456929014,2.130917844));
#3394=CARTESIAN_POINT('',(193.29308015,116.456929014,2.000018128));
#3395=CARTESIAN_POINT('',(193.545155605,122.387029374,3.000018128));
#3396=CARTESIAN_POINT('',(193.415509081,122.36888905,3.000018163));
#3397=CARTESIAN_POINT('',(193.285913562,122.350755862,2.973990865));
#3398=CARTESIAN_POINT('',(193.046358004,122.317236911,2.873804608));
#3399=CARTESIAN_POINT('',(192.93649222,122.301864336,2.799685067));
#3400=CARTESIAN_POINT('',(192.753144324,122.276210041,2.614564938));
#3401=CARTESIAN_POINT('',(192.679734352,122.265938415,2.503637187));
#3402=CARTESIAN_POINT('',(192.580507183,122.252054411,2.261766056));
#3403=CARTESIAN_POINT('',(192.554729028,122.248447496,2.130917844));
#3404=CARTESIAN_POINT('',(192.554729028,122.248447497,2.000018128));
#3405=CARTESIAN_POINT('',(193.261805905,124.325841051,3.000018128));
#3406=CARTESIAN_POINT('',(193.132399417,124.306049146,3.000018148));
#3407=CARTESIAN_POINT('',(193.003043841,124.286265029,2.973990839));
#3408=CARTESIAN_POINT('',(192.763931819,124.249694356,2.873804568));
#3409=CARTESIAN_POINT('',(192.654269453,124.232922191,2.799685025));
#3410=CARTESIAN_POINT('',(192.471261029,124.204932209,2.614564899));
#3411=CARTESIAN_POINT('',(192.397986978,124.193725405,2.503637153));
#3412=CARTESIAN_POINT('',(192.298943531,124.178577335,2.261766037));
#3413=CARTESIAN_POINT('',(192.273213105,124.174642029,2.130917834));
#3414=CARTESIAN_POINT('',(192.273213105,124.174642029,2.000018128));
#3415=CARTESIAN_POINT('',(192.618305356,128.189082887,3.000018128));
#3416=CARTESIAN_POINT('',(192.489470452,128.165859493,3.000018148));
#3417=CARTESIAN_POINT('',(192.360686235,128.142645237,2.973990839));
#3418=CARTESIAN_POINT('',(192.122630361,128.099733999,2.873804568));
#3419=CARTESIAN_POINT('',(192.013452369,128.080053902,2.799685025));
#3420=CARTESIAN_POINT('',(191.831252287,128.047211062,2.614564899));
#3421=CARTESIAN_POINT('',(191.758301883,128.034061241,2.503637153));
#3422=CARTESIAN_POINT('',(191.659695908,128.016286824,2.261766037));
#3423=CARTESIAN_POINT('',(191.634079132,128.011669221,2.130917834));
#3424=CARTESIAN_POINT('',(191.634079132,128.011669221,2.000018128));
#3425=CARTESIAN_POINT('',(192.258016537,130.114436506,3.000018128));
#3426=CARTESIAN_POINT('',(192.129513194,130.089433634,3.000018128));
#3427=CARTESIAN_POINT('',(192.001060411,130.0644406,2.973990805));
#3428=CARTESIAN_POINT('',(191.763617194,130.018241317,2.873804517));
#3429=CARTESIAN_POINT('',(191.654720183,129.997053245,2.799684971));
#3430=CARTESIAN_POINT('',(191.472989012,129.961693845,2.614564849));
#3431=CARTESIAN_POINT('',(191.400226356,129.947536428,2.503637109));
#3432=CARTESIAN_POINT('',(191.301874155,129.928400059,2.261766013));
#3433=CARTESIAN_POINT('',(191.276323307,129.923428635,2.130917822));
#3434=CARTESIAN_POINT('',(191.276323308,129.923428635,2.000018128));
#3435=CARTESIAN_POINT('',(191.454732204,133.948856661,3.000018128));
#3436=CARTESIAN_POINT('',(191.326998563,133.920179668,3.000018128));
#3437=CARTESIAN_POINT('',(191.19931518,133.891513958,2.973990805));
#3438=CARTESIAN_POINT('',(190.963294188,133.838525785,2.873804517));
#3439=CARTESIAN_POINT('',(190.855049443,133.81422417,2.799684971));
#3440=CARTESIAN_POINT('',(190.674406796,133.773668778,2.614564849));
#3441=CARTESIAN_POINT('',(190.60207997,133.757430958,2.503637109));
#3442=CARTESIAN_POINT('',(190.504316874,133.735482537,2.261766013));
#3443=CARTESIAN_POINT('',(190.47891907,133.729780573,2.130917822));
#3444=CARTESIAN_POINT('',(190.47891907,133.729780573,2.000018128));
#3445=CARTESIAN_POINT('',(191.011760982,135.857650439,3.000018128));
#3446=CARTESIAN_POINT('',(190.884465523,135.827079027,3.000018128));
#3447=CARTESIAN_POINT('',(190.757220149,135.796519643,2.973990805));
#3448=CARTESIAN_POINT('',(190.522008809,135.740031039,2.873804517));
#3449=CARTESIAN_POINT('',(190.41413539,135.714124044,2.799684971));
#3450=CARTESIAN_POINT('',(190.234112425,135.670889538,2.614564849));
#3451=CARTESIAN_POINT('',(190.16203371,135.653579038,2.503637109));
#3452=CARTESIAN_POINT('',(190.064605983,135.630180692,2.261766013));
#3453=CARTESIAN_POINT('',(190.039295305,135.624102052,2.130917822));
#3454=CARTESIAN_POINT('',(190.039295305,135.624102052,2.000018128));
#3455=CARTESIAN_POINT('',(190.039059883,139.651162071,3.000018128));
#3456=CARTESIAN_POINT('',(189.912759828,139.616708604,3.000018128));
#3457=CARTESIAN_POINT('',(189.786509467,139.582268693,2.973990805));
#3458=CARTESIAN_POINT('',(189.553137395,139.518606987,2.873804517));
#3459=CARTESIAN_POINT('',(189.446107507,139.48941024,2.799684971));
#3460=CARTESIAN_POINT('',(189.267492256,139.44068568,2.614564849));
#3461=CARTESIAN_POINT('',(189.195977171,139.421177038,2.503637109));
#3462=CARTESIAN_POINT('',(189.099311294,139.394807496,2.261766013));
#3463=CARTESIAN_POINT('',(189.074198536,139.387956971,2.130917822));
#3464=CARTESIAN_POINT('',(189.074198536,139.387956971,2.000018128));
#3465=CARTESIAN_POINT('',(189.509173541,141.536599,3.000018128));
#3466=CARTESIAN_POINT('',(189.383430595,141.500158215,3.000018128));
#3467=CARTESIAN_POINT('',(189.257737123,141.463731768,2.973990805));
#3468=CARTESIAN_POINT('',(189.025394455,141.396397977,2.873804516));
#3469=CARTESIAN_POINT('',(188.918836675,141.365517126,2.79968497));
#3470=CARTESIAN_POINT('',(188.741009296,141.313982074,2.614564848));
#3471=CARTESIAN_POINT('',(188.669809663,141.293348149,2.503637108));
#3472=CARTESIAN_POINT('',(188.573570179,141.26545758,2.261766012));
#3473=CARTESIAN_POINT('',(188.548568193,141.258211909,2.130917822));
#3474=CARTESIAN_POINT('',(188.548568193,141.258211909,2.000018128));
#3475=CARTESIAN_POINT('',(188.357881427,145.281459774,3.000018128));
#3476=CARTESIAN_POINT('',(188.23338375,145.240968445,3.000018128));
#3477=CARTESIAN_POINT('',(188.108935058,145.200493047,2.973990805));
#3478=CARTESIAN_POINT('',(187.878893347,145.125674827,2.873804516));
#3479=CARTESIAN_POINT('',(187.77339084,145.091361442,2.79968497));
#3480=CARTESIAN_POINT('',(187.597324536,145.034098055,2.614564848));
#3481=CARTESIAN_POINT('',(187.526830015,145.011170584,2.503637108));
#3482=CARTESIAN_POINT('',(187.431543618,144.980179863,2.261766012));
#3483=CARTESIAN_POINT('',(187.406789234,144.972128806,2.130917822));
#3484=CARTESIAN_POINT('',(187.406789234,144.972128806,2.000018128));
#3485=CARTESIAN_POINT('',(187.736779454,147.139860225,3.000018128));
#3486=CARTESIAN_POINT('',(187.612972648,147.097296604,3.000018128));
#3487=CARTESIAN_POINT('',(187.489214554,147.05474973,2.973990805));
#3488=CARTESIAN_POINT('',(187.260449406,146.976102414,2.873804517));
#3489=CARTESIAN_POINT('',(187.15553236,146.940032916,2.799684971));
#3490=CARTESIAN_POINT('',(186.980443095,146.879838867,2.614564849));
#3491=CARTESIAN_POINT('',(186.910339766,146.855737999,2.503637109));
#3492=CARTESIAN_POINT('',(186.815582139,146.823161214,2.261766013));
#3493=CARTESIAN_POINT('',(186.790965124,146.814698114,2.130917822));
#3494=CARTESIAN_POINT('',(186.790965124,146.814698114,2.000018128));
#3495=CARTESIAN_POINT('',(186.733969476,149.901547382,3.000018128));
#3496=CARTESIAN_POINT('',(186.611313987,149.855813093,3.000018128));
#3497=CARTESIAN_POINT('',(186.488706757,149.8100968,2.973990805));
#3498=CARTESIAN_POINT('',(186.262068965,149.725590854,2.873804517));
#3499=CARTESIAN_POINT('',(186.158127574,149.686834451,2.799684971));
#3500=CARTESIAN_POINT('',(185.984666518,149.6221564,2.614564849));
#3501=CARTESIAN_POINT('',(185.915215101,149.5962602,2.503637109));
#3502=CARTESIAN_POINT('',(185.821338654,149.561256691,2.261766013));
#3503=CARTESIAN_POINT('',(185.796950559,149.552163155,2.130917822));
#3504=CARTESIAN_POINT('',(185.796950559,149.552163155,2.000018128));
#3505=CARTESIAN_POINT('',(186.387744525,150.81804033,3.000018128));
#3506=CARTESIAN_POINT('',(186.265492086,150.771238524,3.000018131));
#3507=CARTESIAN_POINT('',(186.143287747,150.724455132,2.973990809));
#3508=CARTESIAN_POINT('',(185.917394693,150.637976669,2.873804523));
#3509=CARTESIAN_POINT('',(185.813794857,150.598315624,2.799684978));
#3510=CARTESIAN_POINT('',(185.640903798,150.532127874,2.614564855));
#3511=CARTESIAN_POINT('',(185.5716806,150.505627211,2.503637114));
#3512=CARTESIAN_POINT('',(185.478112633,150.469806658,2.261766016));
#3513=CARTESIAN_POINT('',(185.453804679,150.460500863,2.130917824));
#3514=CARTESIAN_POINT('',(185.453804679,150.460500863,2.000018128));
#3515=CARTESIAN_POINT('',(185.671442036,152.640720782,3.000018128));
#3516=CARTESIAN_POINT('',(185.550035652,152.591766132,3.000018131));
#3517=CARTESIAN_POINT('',(185.428677035,152.542830744,2.973990809));
#3518=CARTESIAN_POINT('',(185.204347286,152.452374345,2.873804523));
#3519=CARTESIAN_POINT('',(185.101464418,152.410888925,2.799684978));
#3520=CARTESIAN_POINT('',(184.929769861,152.341656595,2.614564855));
#3521=CARTESIAN_POINT('',(184.861025726,152.313936924,2.503637114));
#3522=CARTESIAN_POINT('',(184.768105301,152.276468656,2.261766016));
#3523=CARTESIAN_POINT('',(184.743965571,152.266734802,2.130917824));
#3524=CARTESIAN_POINT('',(184.743965571,152.266734802,2.000018128));
#3525=CARTESIAN_POINT('',(185.301338651,153.546998309,3.000018128));
#3526=CARTESIAN_POINT('',(185.180375294,153.496958236,3.000018137));
#3527=CARTESIAN_POINT('',(185.059459529,153.446937851,2.97399082));
#3528=CARTESIAN_POINT('',(184.835948384,153.35447585,2.873804539));
#3529=CARTESIAN_POINT('',(184.733440947,153.312070615,2.799684995));
#3530=CARTESIAN_POINT('',(184.562372921,153.241303262,2.614564871));
#3531=CARTESIAN_POINT('',(184.49387964,153.212968989,2.503637128));
#3532=CARTESIAN_POINT('',(184.401298291,153.174669974,2.261766023));
#3533=CARTESIAN_POINT('',(184.377246649,153.1647203,2.130917827));
#3534=CARTESIAN_POINT('',(184.377246649,153.1647203,2.000018128));
#3535=CARTESIAN_POINT('',(184.536593912,155.349159549,3.000018128));
#3536=CARTESIAN_POINT('',(184.416558719,155.296932207,3.000018137));
#3537=CARTESIAN_POINT('',(184.296570754,155.244725413,2.97399082));
#3538=CARTESIAN_POINT('',(184.074774634,155.148221867,2.873804539));
#3539=CARTESIAN_POINT('',(183.973053747,155.103963084,2.799684995));
#3540=CARTESIAN_POINT('',(183.803298344,155.030102466,2.614564871));
#3541=CARTESIAN_POINT('',(183.735330619,155.000529692,2.503637128));
#3542=CARTESIAN_POINT('',(183.643459657,154.960556614,2.261766023));
#3543=CARTESIAN_POINT('',(183.619592566,154.950172037,2.130917827));
#3544=CARTESIAN_POINT('',(183.619592566,154.950172037,2.000018128));
#3545=CARTESIAN_POINT('',(184.141952636,156.245043294,3.000018128));
#3546=CARTESIAN_POINT('',(184.022402583,156.191714106,3.000018129));
#3547=CARTESIAN_POINT('',(183.902899567,156.138405901,2.973990807));
#3548=CARTESIAN_POINT('',(183.681999872,156.03986641,2.87380452));
#3549=CARTESIAN_POINT('',(183.580690107,155.994673896,2.799684974));
#3550=CARTESIAN_POINT('',(183.411620799,155.919255035,2.614564852));
#3551=CARTESIAN_POINT('',(183.343927778,155.889058362,2.503637111));
#3552=CARTESIAN_POINT('',(183.252428128,155.848241969,2.261766014));
#3553=CARTESIAN_POINT('',(183.2286575,155.837638307,2.130917823));
#3554=CARTESIAN_POINT('',(183.2286575,155.837638307,2.000018128));
#3555=CARTESIAN_POINT('',(183.327460304,158.026132405,3.000018128));
#3556=CARTESIAN_POINT('',(183.208924658,157.970584965,3.000018129));
#3557=CARTESIAN_POINT('',(183.09043565,157.915059381,2.973990807));
#3558=CARTESIAN_POINT('',(182.871410335,157.812421095,2.87380452));
#3559=CARTESIAN_POINT('',(182.770960204,157.765348777,2.799684974));
#3560=CARTESIAN_POINT('',(182.603325485,157.686792834,2.614564852));
#3561=CARTESIAN_POINT('',(182.536206853,157.655340117,2.503637111));
#3562=CARTESIAN_POINT('',(182.445483597,157.612825946,2.261766014));
#3563=CARTESIAN_POINT('',(182.421914667,157.601781221,2.130917823));
#3564=CARTESIAN_POINT('',(182.421914667,157.601781221,2.000018128));
#3565=CARTESIAN_POINT('',(182.907590469,158.911353817,3.000018128));
#3566=CARTESIAN_POINT('',(182.789584124,158.854689943,3.000018129));
#3567=CARTESIAN_POINT('',(182.67162421,158.798048363,2.973990807));
#3568=CARTESIAN_POINT('',(182.453576917,158.693347175,2.87380452));
#3569=CARTESIAN_POINT('',(182.35357533,158.645328762,2.799684974));
#3570=CARTESIAN_POINT('',(182.186689157,158.565193942,2.614564851));
#3571=CARTESIAN_POINT('',(182.119870233,158.533109064,2.503637111));
#3572=CARTESIAN_POINT('',(182.029552086,158.489740412,2.261766014));
#3573=CARTESIAN_POINT('',(182.0060884,158.478473701,2.130917823));
#3574=CARTESIAN_POINT('',(182.0060884,158.478473701,2.000018128));
#3575=CARTESIAN_POINT('',(182.042910087,160.668907853,3.000018128));
#3576=CARTESIAN_POINT('',(181.926007145,160.610001198,3.000018129));
#3577=CARTESIAN_POINT('',(181.809150199,160.55111772,2.973990807));
#3578=CARTESIAN_POINT('',(181.593141726,160.442272413,2.87380452));
#3579=CARTESIAN_POINT('',(181.494075191,160.39235341,2.799684974));
#3580=CARTESIAN_POINT('',(181.328749463,160.309046818,2.614564851));
#3581=CARTESIAN_POINT('',(181.26255532,160.275692007,2.503637111));
#3582=CARTESIAN_POINT('',(181.173081681,160.230606805,2.261766014));
#3583=CARTESIAN_POINT('',(181.149837389,160.218894153,2.130917823));
#3584=CARTESIAN_POINT('',(181.149837389,160.218894153,2.000018128));
#3585=CARTESIAN_POINT('',(181.597859406,161.541728796,3.000018128));
#3586=CARTESIAN_POINT('',(181.48153087,161.481695172,3.000018134));
#3587=CARTESIAN_POINT('',(181.365248102,161.421685167,2.973990815));
#3588=CARTESIAN_POINT('',(181.150300992,161.310757492,2.873804531));
#3589=CARTESIAN_POINT('',(181.051721221,161.259883466,2.799684986));
#3590=CARTESIAN_POINT('',(180.887207823,161.174983097,2.614564863));
#3591=CARTESIAN_POINT('',(180.821338925,161.14099016,2.503637121));
#3592=CARTESIAN_POINT('',(180.732304916,161.095042411,2.26176602));
#3593=CARTESIAN_POINT('',(180.709174835,161.083105679,2.130917825));
#3594=CARTESIAN_POINT('',(180.709174835,161.083105678,2.000018128));
#3595=CARTESIAN_POINT('',(180.682718625,163.273319184,3.000018128));
#3596=CARTESIAN_POINT('',(180.567584549,163.211025452,3.000018134));
#3597=CARTESIAN_POINT('',(180.452495772,163.14875623,2.973990815));
#3598=CARTESIAN_POINT('',(180.239755736,163.033652422,2.873804531));
#3599=CARTESIAN_POINT('',(180.142188181,162.980863124,2.799684986));
#3600=CARTESIAN_POINT('',(179.979364005,162.892766482,2.614564863));
#3601=CARTESIAN_POINT('',(179.914171449,162.8574938,2.503637121));
#3602=CARTESIAN_POINT('',(179.82605164,162.809816241,2.26176602));
#3603=CARTESIAN_POINT('',(179.803159058,162.797430122,2.130917826));
#3604=CARTESIAN_POINT('',(179.803159058,162.797430122,2.000018128));
#3605=CARTESIAN_POINT('',(180.212679503,164.131994159,3.000018128));
#3606=CARTESIAN_POINT('',(180.098166798,164.068564943,3.000018163));
#3607=CARTESIAN_POINT('',(179.983699144,164.00516068,2.973990866));
#3608=CARTESIAN_POINT('',(179.772107239,163.88795876,2.873804609));
#3609=CARTESIAN_POINT('',(179.675066241,163.834207218,2.799685068));
#3610=CARTESIAN_POINT('',(179.5131208,163.744504747,2.614564939));
#3611=CARTESIAN_POINT('',(179.448280075,163.708589113,2.503637187));
#3612=CARTESIAN_POINT('',(179.360635832,163.660042484,2.261766057));
#3613=CARTESIAN_POINT('',(179.337866797,163.64743059,2.130917844));
#3614=CARTESIAN_POINT('',(179.337866798,163.64743059,2.000018128));
#3615=CARTESIAN_POINT('',(179.247235596,165.834859152,3.000018128));
#3616=CARTESIAN_POINT('',(179.13400493,165.769168657,3.000018163));
#3617=CARTESIAN_POINT('',(179.020818809,165.703504005,2.973990866));
#3618=CARTESIAN_POINT('',(178.811595802,165.582123786,2.873804609));
#3619=CARTESIAN_POINT('',(178.715641236,165.526455979,2.799685068));
#3620=CARTESIAN_POINT('',(178.55550887,165.433555577,2.614564939));
#3621=CARTESIAN_POINT('',(178.491394076,165.396359536,2.503637187));
#3622=CARTESIAN_POINT('',(178.404731062,165.3460822,2.261766057));
#3623=CARTESIAN_POINT('',(178.38221694,165.333020687,2.130917844));
#3624=CARTESIAN_POINT('',(178.38221694,165.333020687,2.000018128));
#3625=CARTESIAN_POINT('',(178.751859835,166.679065743,3.000018128));
#3626=CARTESIAN_POINT('',(178.63928886,166.61225092,3.000018137));
#3627=CARTESIAN_POINT('',(178.526762176,166.545462385,2.97399082));
#3628=CARTESIAN_POINT('',(178.318758133,166.422004687,2.873804539));
#3629=CARTESIAN_POINT('',(178.223362615,166.365384099,2.799684994));
#3630=CARTESIAN_POINT('',(178.06416321,166.270893667,2.61456487));
#3631=CARTESIAN_POINT('',(178.000421962,166.233061,2.503637128));
#3632=CARTESIAN_POINT('',(177.914263865,166.181923146,2.261766023));
#3633=CARTESIAN_POINT('',(177.891880915,166.16863808,2.130917827));
#3634=CARTESIAN_POINT('',(177.891880915,166.16863808,2.000018128));
#3635=CARTESIAN_POINT('',(177.73560115,168.352913166,3.000018128));
#3636=CARTESIAN_POINT('',(177.624388922,168.283860395,3.000018137));
#3637=CARTESIAN_POINT('',(177.513220449,168.214834793,2.97399082));
#3638=CARTESIAN_POINT('',(177.307727041,168.087241907,2.873804539));
#3639=CARTESIAN_POINT('',(177.213482959,168.028724827,2.799684994));
#3640=CARTESIAN_POINT('',(177.056205111,167.931069459,2.61456487));
#3641=CARTESIAN_POINT('',(176.993233228,167.891969595,2.503637128));
#3642=CARTESIAN_POINT('',(176.908115069,167.839118891,2.261766023));
#3643=CARTESIAN_POINT('',(176.886002285,167.825388845,2.130917827));
#3644=CARTESIAN_POINT('',(176.886002284,167.825388845,2.000018128));
#3645=CARTESIAN_POINT('',(177.214597235,169.182726184,3.000018128));
#3646=CARTESIAN_POINT('',(177.104084246,169.112559567,3.000018129));
#3647=CARTESIAN_POINT('',(176.993614738,169.042420558,2.973990807));
#3648=CARTESIAN_POINT('',(176.789413359,168.912769556,2.87380452));
#3649=CARTESIAN_POINT('',(176.695761833,168.853308575,2.799684974));
#3650=CARTESIAN_POINT('',(176.539472863,168.754077994,2.614564851));
#3651=CARTESIAN_POINT('',(176.476896913,168.714347437,2.503637111));
#3652=CARTESIAN_POINT('',(176.392313933,168.660644233,2.261766014));
#3653=CARTESIAN_POINT('',(176.370340181,168.646692717,2.130917823));
#3654=CARTESIAN_POINT('',(176.370340181,168.646692717,2.000018128));
#3655=CARTESIAN_POINT('',(175.614786899,171.64712794,3.000018128));
#3656=CARTESIAN_POINT('',(175.506431646,171.573637473,3.000018129));
#3657=CARTESIAN_POINT('',(175.398119026,171.500175923,2.973990807));
#3658=CARTESIAN_POINT('',(175.197904623,171.364383247,2.87380452));
#3659=CARTESIAN_POINT('',(175.106081617,171.302105552,2.799684974));
#3660=CARTESIAN_POINT('',(174.952844148,171.198174337,2.614564851));
#3661=CARTESIAN_POINT('',(174.891489977,171.156561711,2.503637111));
#3662=CARTESIAN_POINT('',(174.808558456,171.100314543,2.261766014));
#3663=CARTESIAN_POINT('',(174.787013736,171.085702132,2.130917823));
#3664=CARTESIAN_POINT('',(174.787013736,171.085702132,2.000018128));
#3665=CARTESIAN_POINT('',(174.498312234,173.258033642,3.000018128));
#3666=CARTESIAN_POINT('',(174.391476656,173.18234888,3.000018142));
#3667=CARTESIAN_POINT('',(174.284683111,173.106693896,2.97399083));
#3668=CARTESIAN_POINT('',(174.087276696,172.966846687,2.873804554));
#3669=CARTESIAN_POINT('',(173.996741498,172.902709486,2.79968501));
#3670=CARTESIAN_POINT('',(173.845653166,172.795675063,2.614564885));
#3671=CARTESIAN_POINT('',(173.78515948,172.752819955,2.503637141));
#3672=CARTESIAN_POINT('',(173.703391063,172.694893342,2.261766031));
#3673=CARTESIAN_POINT('',(173.682148506,172.679844629,2.130917831));
#3674=CARTESIAN_POINT('',(173.682148506,172.679844628,2.000018128));
#3675=CARTESIAN_POINT('',(171.005613507,177.97876447,3.000018128));
#3676=CARTESIAN_POINT('',(170.903596134,177.896567423,3.000018142));
#3677=CARTESIAN_POINT('',(170.801618899,177.814402715,2.97399083));
#3678=CARTESIAN_POINT('',(170.613115367,177.662522371,2.873804554));
#3679=CARTESIAN_POINT('',(170.526663239,177.592866493,2.79968501));
#3680=CARTESIAN_POINT('',(170.382388879,177.476622309,2.614564885));
#3681=CARTESIAN_POINT('',(170.324623412,177.430079739,2.503637141));
#3682=CARTESIAN_POINT('',(170.24654269,177.367168839,2.261766031));
#3683=CARTESIAN_POINT('',(170.226258155,177.350825262,2.130917831));
#3684=CARTESIAN_POINT('',(170.226258155,177.350825262,2.000018128));
#3685=CARTESIAN_POINT('',(168.479864344,180.984830535,3.000018128));
#3686=CARTESIAN_POINT('',(168.38144244,180.898341993,3.000018128));
#3687=CARTESIAN_POINT('',(168.28305926,180.811887481,2.973990805));
#3688=CARTESIAN_POINT('',(168.101199294,180.652077494,2.873804517));
#3689=CARTESIAN_POINT('',(168.017794062,180.578784897,2.799684971));
#3690=CARTESIAN_POINT('',(167.87860447,180.456471628,2.614564849));
#3691=CARTESIAN_POINT('',(167.822874876,180.407499081,2.503637109));
#3692=CARTESIAN_POINT('',(167.747546011,180.341303617,2.261766013));
#3693=CARTESIAN_POINT('',(167.72797638,180.324106745,2.130917822));
#3694=CARTESIAN_POINT('',(167.72797638,180.324106745,2.000018128));
#3695=CARTESIAN_POINT('',(165.090526164,184.5194782,3.000018128));
#3696=CARTESIAN_POINT('',(164.997029441,184.427853321,3.000018128));
#3697=CARTESIAN_POINT('',(164.903569505,184.336264494,2.973990805));
#3698=CARTESIAN_POINT('',(164.730810088,184.166963795,2.873804517));
#3699=CARTESIAN_POINT('',(164.65157858,184.089318536,2.799684971));
#3700=CARTESIAN_POINT('',(164.519354246,183.95974139,2.614564849));
#3701=CARTESIAN_POINT('',(164.466413445,183.907860487,2.503637109));
#3702=CARTESIAN_POINT('',(164.394854152,183.837733841,2.261766013));
#3703=CARTESIAN_POINT('',(164.376263815,183.819515691,2.130917822));
#3704=CARTESIAN_POINT('',(164.376263815,183.819515691,2.000018128));
#3705=CARTESIAN_POINT('',(164.400961825,185.215513965,3.000018128));
#3706=CARTESIAN_POINT('',(164.308460496,185.122884553,3.00001813));
#3707=CARTESIAN_POINT('',(164.215995562,185.030291586,2.973990808));
#3708=CARTESIAN_POINT('',(164.045075393,184.85913475,2.873804522));
#3709=CARTESIAN_POINT('',(163.966687407,184.780638223,2.799684976));
#3710=CARTESIAN_POINT('',(163.835870773,184.649640452,2.614564853));
#3711=CARTESIAN_POINT('',(163.783493595,184.597190749,2.503637113));
#3712=CARTESIAN_POINT('',(163.712696142,184.526295266,2.261766015));
#3713=CARTESIAN_POINT('',(163.694303723,184.507877379,2.130917823));
#3714=CARTESIAN_POINT('',(163.694303723,184.507877379,2.000018128));
#3715=CARTESIAN_POINT('',(163.000828963,186.584017907,3.000018128));
#3716=CARTESIAN_POINT('',(162.910336921,186.489424598,3.00001813));
#3717=CARTESIAN_POINT('',(162.819880484,186.394868508,2.973990808));
#3718=CARTESIAN_POINT('',(162.652672992,186.220082863,2.873804522));
#3719=CARTESIAN_POINT('',(162.575987727,186.13992208,2.799684976));
#3720=CARTESIAN_POINT('',(162.448012652,186.006146938,2.614564853));
#3721=CARTESIAN_POINT('',(162.396773196,185.952585215,2.503637113));
#3722=CARTESIAN_POINT('',(162.327513585,185.88018663,2.261766015));
#3723=CARTESIAN_POINT('',(162.309520681,185.861378254,2.130917823));
#3724=CARTESIAN_POINT('',(162.309520681,185.861378254,2.000018128));
#3725=CARTESIAN_POINT('',(162.290020186,187.25674302,3.000018128));
#3726=CARTESIAN_POINT('',(162.200542388,187.161189973,3.000018129));
#3727=CARTESIAN_POINT('',(162.111099795,187.065674521,2.973990806));
#3728=CARTESIAN_POINT('',(161.945766381,186.889115511,2.873804519));
#3729=CARTESIAN_POINT('',(161.869940612,186.808141421,2.799684973));
#3730=CARTESIAN_POINT('',(161.743399895,186.673009005,2.614564851));
#3731=CARTESIAN_POINT('',(161.692734736,186.618903848,2.503637111));
#3732=CARTESIAN_POINT('',(161.624251393,186.545770711,2.261766014));
#3733=CARTESIAN_POINT('',(161.606460155,186.526771506,2.130917823));
#3734=CARTESIAN_POINT('',(161.606460155,186.526771506,2.000018128));
#3735=CARTESIAN_POINT('',(160.125729576,189.240727033,3.000018128));
#3736=CARTESIAN_POINT('',(160.039325027,189.142356767,3.000018129));
#3737=CARTESIAN_POINT('',(159.952954475,189.044025206,2.973990806));
#3738=CARTESIAN_POINT('',(159.793299687,188.862260655,2.873804519));
#3739=CARTESIAN_POINT('',(159.720078269,188.778899182,2.799684973));
#3740=CARTESIAN_POINT('',(159.597883784,188.639782618,2.614564851));
#3741=CARTESIAN_POINT('',(159.548958796,188.584082263,2.503637111));
#3742=CARTESIAN_POINT('',(159.482827617,188.508792921,2.261766014));
#3743=CARTESIAN_POINT('',(159.465647446,188.489233557,2.130917823));
#3744=CARTESIAN_POINT('',(159.465647446,188.489233557,2.000018128));
#3745=CARTESIAN_POINT('',(158.639458658,190.518578851,3.000018128));
#3746=CARTESIAN_POINT('',(158.555144806,190.418411926,3.000018128));
#3747=CARTESIAN_POINT('',(158.470864128,190.318284412,2.973990805));
#3748=CARTESIAN_POINT('',(158.315072443,190.133200069,2.873804516));
#3749=CARTESIAN_POINT('',(158.243622733,190.048316061,2.79968497));
#3750=CARTESIAN_POINT('',(158.12438494,189.906658638,2.614564848));
#3751=CARTESIAN_POINT('',(158.07664377,189.849940957,2.503637108));
#3752=CARTESIAN_POINT('',(158.012112742,189.773276512,2.261766012));
#3753=CARTESIAN_POINT('',(157.995348272,189.753359911,2.130917822));
#3754=CARTESIAN_POINT('',(157.995348272,189.753359911,2.000018128));
#3755=CARTESIAN_POINT('',(156.352530921,192.363185903,3.000018128));
#3756=CARTESIAN_POINT('',(156.271416369,192.260438462,3.000018128));
#3757=CARTESIAN_POINT('',(156.190333733,192.157731448,2.973990805));
#3758=CARTESIAN_POINT('',(156.040453585,191.967878933,2.873804516));
#3759=CARTESIAN_POINT('',(155.971715045,191.880808131,2.79968497));
#3760=CARTESIAN_POINT('',(155.857001746,191.735501307,2.614564848));
#3761=CARTESIAN_POINT('',(155.811072122,191.677322457,2.503637108));
#3762=CARTESIAN_POINT('',(155.748989732,191.59868297,2.261766012));
#3763=CARTESIAN_POINT('',(155.732861393,191.578253275,2.130917822));
#3764=CARTESIAN_POINT('',(155.732861393,191.578253275,2.000018128));
#3765=CARTESIAN_POINT('',(155.580298678,192.966292429,3.000018128));
#3766=CARTESIAN_POINT('',(155.500261607,192.862703543,3.000018128));
#3767=CARTESIAN_POINT('',(155.420256026,192.759155414,2.973990805));
#3768=CARTESIAN_POINT('',(155.272366802,192.56774811,2.873804517));
#3769=CARTESIAN_POINT('',(155.204541346,192.479964246,2.799684971));
#3770=CARTESIAN_POINT('',(155.091351834,192.333467438,2.614564848));
#3771=CARTESIAN_POINT('',(155.046032313,192.274812135,2.503637109));
#3772=CARTESIAN_POINT('',(154.98477459,192.195528633,2.261766013));
#3773=CARTESIAN_POINT('',(154.968860491,192.17493163,2.130917822));
#3774=CARTESIAN_POINT('',(154.968860491,192.17493163,2.000018128));
#3775=CARTESIAN_POINT('',(154.018431096,194.147274297,3.000018128));
#3776=CARTESIAN_POINT('',(153.94056989,194.042040163,3.000018128));
#3777=CARTESIAN_POINT('',(153.86273932,193.936847435,2.973990805));
#3778=CARTESIAN_POINT('',(153.718870572,193.74240011,2.873804517));
#3779=CARTESIAN_POINT('',(153.652889,193.653222021,2.799684971));
#3780=CARTESIAN_POINT('',(153.542776627,193.504398482,2.614564848));
#3781=CARTESIAN_POINT('',(153.498689151,193.444811588,2.503637109));
#3782=CARTESIAN_POINT('',(153.439096764,193.364268869,2.261766013));
#3783=CARTESIAN_POINT('',(153.423615301,193.343344734,2.130917822));
#3784=CARTESIAN_POINT('',(153.423615301,193.343344734,2.000018128));
#3785=CARTESIAN_POINT('',(153.228607164,194.725311723,3.000018128));
#3786=CARTESIAN_POINT('',(153.151844609,194.619273559,3.000018131));
#3787=CARTESIAN_POINT('',(153.075112256,194.513277116,2.973990809));
#3788=CARTESIAN_POINT('',(152.933273548,194.317344135,2.873804523));
#3789=CARTESIAN_POINT('',(152.868223,194.227484689,2.799684978));
#3790=CARTESIAN_POINT('',(152.759664352,194.077524077,2.614564855));
#3791=CARTESIAN_POINT('',(152.716198965,194.017481915,2.503637114));
#3792=CARTESIAN_POINT('',(152.657447448,193.936323817,2.261766016));
#3793=CARTESIAN_POINT('',(152.642184434,193.915239813,2.130917824));
#3794=CARTESIAN_POINT('',(152.642184434,193.915239813,2.000018128));
#3795=CARTESIAN_POINT('',(151.631232482,195.856554453,3.000018128));
#3796=CARTESIAN_POINT('',(151.556691024,195.748943332,3.000018131));
#3797=CARTESIAN_POINT('',(151.482178895,195.641374552,2.973990809));
#3798=CARTESIAN_POINT('',(151.34444424,195.442535127,2.873804523));
#3799=CARTESIAN_POINT('',(151.281275906,195.351342718,2.799684978));
#3800=CARTESIAN_POINT('',(151.175858365,195.199157611,2.614564855));
#3801=CARTESIAN_POINT('',(151.133650634,195.138224791,2.503637114));
#3802=CARTESIAN_POINT('',(151.076599071,195.055862804,2.261766016));
#3803=CARTESIAN_POINT('',(151.061777687,195.034466043,2.130917824));
#3804=CARTESIAN_POINT('',(151.061777687,195.034466043,2.000018128));
#3805=CARTESIAN_POINT('',(150.823681751,196.409759782,3.000018128));
#3806=CARTESIAN_POINT('',(150.750262739,196.301379736,3.000018129));
#3807=CARTESIAN_POINT('',(150.676872615,196.193042332,2.973990806));
#3808=CARTESIAN_POINT('',(150.541211971,195.992782119,2.873804518));
#3809=CARTESIAN_POINT('',(150.478994828,195.900938103,2.799684973));
#3810=CARTESIAN_POINT('',(150.375164666,195.747665572,2.61456485));
#3811=CARTESIAN_POINT('',(150.3335925,195.686297362,2.50363711));
#3812=CARTESIAN_POINT('',(150.277400021,195.603346866,2.261766013));
#3813=CARTESIAN_POINT('',(150.262801818,195.581797216,2.130917822));
#3814=CARTESIAN_POINT('',(150.262801818,195.581797216,2.000018128));
#3815=CARTESIAN_POINT('',(149.190814096,197.491283161,3.000018128));
#3816=CARTESIAN_POINT('',(149.119666465,197.381398675,3.000018129));
#3817=CARTESIAN_POINT('',(149.048546828,197.271557424,2.973990806));
#3818=CARTESIAN_POINT('',(148.917083148,197.068517369,2.873804518));
#3819=CARTESIAN_POINT('',(148.85679083,196.975398452,2.799684973));
#3820=CARTESIAN_POINT('',(148.756172885,196.819998322,2.61456485));
#3821=CARTESIAN_POINT('',(148.715886847,196.757778251,2.50363711));
#3822=CARTESIAN_POINT('',(148.661432807,196.673676306,2.261766013));
#3823=CARTESIAN_POINT('',(148.647286232,196.651827523,2.130917822));
#3824=CARTESIAN_POINT('',(148.647286232,196.651827523,2.000018128));
#3825=CARTESIAN_POINT('',(148.365620081,198.019487768,3.000018128));
#3826=CARTESIAN_POINT('',(148.295625373,197.908865362,3.000018129));
#3827=CARTESIAN_POINT('',(148.225658206,197.798286481,2.973990806));
#3828=CARTESIAN_POINT('',(148.096324851,197.593882926,2.873804518));
#3829=CARTESIAN_POINT('',(148.037009551,197.500138677,2.799684972));
#3830=CARTESIAN_POINT('',(147.938022087,197.34369497,2.61456485));
#3831=CARTESIAN_POINT('',(147.89838887,197.281057065,2.50363711));
#3832=CARTESIAN_POINT('',(147.84481724,197.196390341,2.261766013));
#3833=CARTESIAN_POINT('',(147.830899905,197.174394834,2.130917822));
#3834=CARTESIAN_POINT('',(147.830899905,197.174394834,2.000018128));
#3835=CARTESIAN_POINT('',(144.200630328,200.59468403,3.000018128));
#3836=CARTESIAN_POINT('',(144.136413434,200.480489225,3.000018129));
#3837=CARTESIAN_POINT('',(144.072221805,200.366339352,2.973990806));
#3838=CARTESIAN_POINT('',(143.953564456,200.155334867,2.873804518));
#3839=CARTESIAN_POINT('',(143.899145422,200.058563277,2.799684972));
#3840=CARTESIAN_POINT('',(143.808329018,199.897067436,2.61456485));
#3841=CARTESIAN_POINT('',(143.771967381,199.832406726,2.50363711));
#3842=CARTESIAN_POINT('',(143.722817898,199.745005807,2.261766013));
#3843=CARTESIAN_POINT('',(143.710049389,199.722299985,2.130917822));
#3844=CARTESIAN_POINT('',(143.710049389,199.722299985,2.000018128));
#3845=CARTESIAN_POINT('',(140.743018337,202.445566538,3.000018128));
#3846=CARTESIAN_POINT('',(140.683408792,202.328920479,3.000018128));
#3847=CARTESIAN_POINT('',(140.623822702,202.212320316,2.973990805));
#3848=CARTESIAN_POINT('',(140.513678625,201.996786504,2.873804517));
#3849=CARTESIAN_POINT('',(140.463163977,201.897937659,2.799684971));
#3850=CARTESIAN_POINT('',(140.378863351,201.732975221,2.614564848));
#3851=CARTESIAN_POINT('',(140.345110542,201.666926534,2.503637109));
#3852=CARTESIAN_POINT('',(140.299487371,201.577649506,2.261766012));
#3853=CARTESIAN_POINT('',(140.287634961,201.554456291,2.130917822));
#3854=CARTESIAN_POINT('',(140.287634961,201.554456291,2.000018128));
#3855=CARTESIAN_POINT('',(135.412484443,204.918395805,3.000018128));
#3856=CARTESIAN_POINT('',(135.359660876,204.798601738,3.000018128));
#3857=CARTESIAN_POINT('',(135.306858092,204.678854806,2.973990805));
#3858=CARTESIAN_POINT('',(135.209252866,204.457504234,2.873804517));
#3859=CARTESIAN_POINT('',(135.164488827,204.355987687,2.799684971));
#3860=CARTESIAN_POINT('',(135.089785021,204.186573294,2.614564848));
#3861=CARTESIAN_POINT('',(135.059874647,204.118742105,2.503637109));
#3862=CARTESIAN_POINT('',(135.019445238,204.027055696,2.261766012));
#3863=CARTESIAN_POINT('',(135.008942112,204.003236551,2.130917822));
#3864=CARTESIAN_POINT('',(135.008942112,204.003236551,2.000018128));
#3865=CARTESIAN_POINT('',(133.611938341,205.691936689,3.000018128));
#3866=CARTESIAN_POINT('',(133.561356183,205.571181337,3.000018129));
#3867=CARTESIAN_POINT('',(133.510793927,205.450473498,2.973990806));
#3868=CARTESIAN_POINT('',(133.417330287,205.227346702,2.873804518));
#3869=CARTESIAN_POINT('',(133.374465676,205.125015536,2.799684973));
#3870=CARTESIAN_POINT('',(133.302931703,204.95424168,2.61456485));
#3871=CARTESIAN_POINT('',(133.274290486,204.885866181,2.50363711));
#3872=CARTESIAN_POINT('',(133.235576578,204.793444036,2.261766013));
#3873=CARTESIAN_POINT('',(133.22551912,204.769433754,2.130917822));
#3874=CARTESIAN_POINT('',(133.22551912,204.769433753,2.000018128));
#3875=CARTESIAN_POINT('',(130.883205514,206.776996886,3.000018128));
#3876=CARTESIAN_POINT('',(130.835945158,206.654920645,3.000018129));
#3877=CARTESIAN_POINT('',(130.788703396,206.532892435,2.973990806));
#3878=CARTESIAN_POINT('',(130.701377644,206.307324954,2.873804518));
#3879=CARTESIAN_POINT('',(130.661328013,206.203874433,2.799684973));
#3880=CARTESIAN_POINT('',(130.594491775,206.031232557,2.61456485));
#3881=CARTESIAN_POINT('',(130.567731467,205.962109129,2.50363711));
#3882=CARTESIAN_POINT('',(130.531559956,205.868676019,2.261766013));
#3883=CARTESIAN_POINT('',(130.522162985,205.844403099,2.130917822));
#3884=CARTESIAN_POINT('',(130.522162985,205.844403099,2.000018128));
#3885=CARTESIAN_POINT('',(129.968737599,207.126247859,3.000018128));
#3886=CARTESIAN_POINT('',(129.922578127,207.003751359,3.000018129));
#3887=CARTESIAN_POINT('',(129.876436817,206.881303057,2.973990806));
#3888=CARTESIAN_POINT('',(129.791145234,206.65495904,2.873804518));
#3889=CARTESIAN_POINT('',(129.75202852,206.551152382,2.799684973));
#3890=CARTESIAN_POINT('',(129.686749168,206.377916171,2.61456485));
#3891=CARTESIAN_POINT('',(129.660612216,206.30855478,2.50363711));
#3892=CARTESIAN_POINT('',(129.625283285,206.214800018,2.261766013));
#3893=CARTESIAN_POINT('',(129.616105208,206.190443536,2.130917822));
#3894=CARTESIAN_POINT('',(129.616105208,206.190443536,2.000018128));
#3895=CARTESIAN_POINT('',(128.130227735,207.800403607,3.000018128));
#3896=CARTESIAN_POINT('',(128.086257371,207.677104393,3.000018129));
#3897=CARTESIAN_POINT('',(128.042304307,207.553853692,2.973990806));
#3898=CARTESIAN_POINT('',(127.961057667,207.326026451,2.873804518));
#3899=CARTESIAN_POINT('',(127.923796059,207.221539552,2.799684973));
#3900=CARTESIAN_POINT('',(127.861612573,207.047168131,2.61456485));
#3901=CARTESIAN_POINT('',(127.836715162,206.977352216,2.50363711));
#3902=CARTESIAN_POINT('',(127.803061702,206.882983083,2.261766013));
#3903=CARTESIAN_POINT('',(127.794318894,206.858466994,2.130917822));
#3904=CARTESIAN_POINT('',(127.794318894,206.858466994,2.000018128));
#3905=CARTESIAN_POINT('',(127.206000996,208.125364856,3.000018128));
#3906=CARTESIAN_POINT('',(127.163119439,208.001682995,3.000018128));
#3907=CARTESIAN_POINT('',(127.120254754,207.878049799,2.973990805));
#3908=CARTESIAN_POINT('',(127.041019968,207.64951552,2.873804516));
#3909=CARTESIAN_POINT('',(127.004681043,207.544704357,2.79968497));
#3910=CARTESIAN_POINT('',(126.944037364,207.369791792,2.614564848));
#3911=CARTESIAN_POINT('',(126.91975647,207.299759212,2.503637108));
#3912=CARTESIAN_POINT('',(126.886936347,207.205097214,2.261766012));
#3913=CARTESIAN_POINT('',(126.878410031,207.180505042,2.130917822));
#3914=CARTESIAN_POINT('',(126.878410031,207.180505042,2.000018128));
#3915=CARTESIAN_POINT('',(124.421708617,209.063610702,3.000018128));
#3916=CARTESIAN_POINT('',(124.382069288,208.938836282,3.000018128));
#3917=CARTESIAN_POINT('',(124.342445556,208.814110955,2.973990805));
#3918=CARTESIAN_POINT('',(124.269201627,208.583557888,2.873804516));
#3919=CARTESIAN_POINT('',(124.235610249,208.477820861,2.79968497));
#3920=CARTESIAN_POINT('',(124.179551772,208.301363183,2.614564848));
#3921=CARTESIAN_POINT('',(124.157106731,208.230711961,2.503637108));
#3922=CARTESIAN_POINT('',(124.126768102,208.135213754,2.261766012));
#3923=CARTESIAN_POINT('',(124.118886452,208.110404344,2.130917822));
#3924=CARTESIAN_POINT('',(124.118886452,208.110404344,2.000018128));
#3925=CARTESIAN_POINT('',(122.548953466,209.640596555,3.000018128));
#3926=CARTESIAN_POINT('',(122.511442666,209.515167915,3.000018132));
#3927=CARTESIAN_POINT('',(122.473946624,209.389788625,2.973990812));
#3928=CARTESIAN_POINT('',(122.404635702,209.158026715,2.873804527));
#3929=CARTESIAN_POINT('',(122.372848092,209.051735285,2.799684982));
#3930=CARTESIAN_POINT('',(122.319799809,208.874352398,2.614564859));
#3931=CARTESIAN_POINT('',(122.298560007,208.803330734,2.503637118));
#3932=CARTESIAN_POINT('',(122.269850483,208.707331807,2.261766018));
#3933=CARTESIAN_POINT('',(122.262392056,208.682392315,2.130917825));
#3934=CARTESIAN_POINT('',(122.262392056,208.682392315,2.000018128));
#3935=CARTESIAN_POINT('',(118.779270505,210.700470457,3.000018128));
#3936=CARTESIAN_POINT('',(118.745921927,210.573871577,3.000018132));
#3937=CARTESIAN_POINT('',(118.71258647,210.447322508,2.973990812));
#3938=CARTESIAN_POINT('',(118.650966332,210.213398279,2.873804527));
#3939=CARTESIAN_POINT('',(118.622705896,210.106115157,2.799684982));
#3940=CARTESIAN_POINT('',(118.575543884,209.927077302,2.614564859));
#3941=CARTESIAN_POINT('',(118.556660864,209.855393012,2.503637118));
#3942=CARTESIAN_POINT('',(118.531136967,209.758498423,2.261766018));
#3943=CARTESIAN_POINT('',(118.524506133,209.733326248,2.130917825));
#3944=CARTESIAN_POINT('',(118.524506132,209.733326248,2.000018128));
#3945=CARTESIAN_POINT('',(116.881050609,211.183759505,3.000018128));
#3946=CARTESIAN_POINT('',(116.849737183,211.056644102,3.000018129));
#3947=CARTESIAN_POINT('',(116.818436078,210.929578714,2.973990806));
#3948=CARTESIAN_POINT('',(116.760576413,210.694700077,2.873804518));
#3949=CARTESIAN_POINT('',(116.734040617,210.586979242,2.799684972));
#3950=CARTESIAN_POINT('',(116.689756746,210.407210916,2.61456485));
#3951=CARTESIAN_POINT('',(116.672026094,210.335234156,2.50363711));
#3952=CARTESIAN_POINT('',(116.648059836,210.237944238,2.261766013));
#3953=CARTESIAN_POINT('',(116.641833659,210.212669361,2.130917822));
#3954=CARTESIAN_POINT('',(116.641833659,210.212669361,2.000018128));
#3955=CARTESIAN_POINT('',(111.154152326,212.500611779,3.000018128));
#3956=CARTESIAN_POINT('',(111.128777804,212.372130775,3.000018129));
#3957=CARTESIAN_POINT('',(111.103413265,212.243700324,2.973990806));
#3958=CARTESIAN_POINT('',(111.05652726,212.006298385,2.873804518));
#3959=CARTESIAN_POINT('',(111.035024242,211.897420305,2.799684972));
#3960=CARTESIAN_POINT('',(110.999139248,211.715720728,2.61456485));
#3961=CARTESIAN_POINT('',(110.984771391,211.642970721,2.50363711));
#3962=CARTESIAN_POINT('',(110.965350572,211.544635618,2.261766013));
#3963=CARTESIAN_POINT('',(110.960305251,211.519089213,2.130917822));
#3964=CARTESIAN_POINT('',(110.960305251,211.519089213,2.000018128));
#3965=CARTESIAN_POINT('',(107.295539297,213.200479044,3.000018128));
#3966=CARTESIAN_POINT('',(107.273889092,213.071334565,3.000018166));
#3967=CARTESIAN_POINT('',(107.252247405,212.942240892,2.973990872));
#3968=CARTESIAN_POINT('',(107.21224304,212.70361299,2.873804618));
#3969=CARTESIAN_POINT('',(107.193896103,212.594172651,2.799685078));
#3970=CARTESIAN_POINT('',(107.163278087,212.411534751,2.614564948));
#3971=CARTESIAN_POINT('',(107.151019055,212.338409051,2.503637195));
#3972=CARTESIAN_POINT('',(107.134448704,212.239566129,2.261766061));
#3973=CARTESIAN_POINT('',(107.130143905,212.213887797,2.130917846));
#3974=CARTESIAN_POINT('',(107.130143906,212.213887797,2.000018128));
#3975=CARTESIAN_POINT('',(101.477904723,214.016288801,3.000018128));
#3976=CARTESIAN_POINT('',(101.461462413,213.886414017,3.000018166));
#3977=CARTESIAN_POINT('',(101.445026572,213.756590326,2.973990872));
#3978=CARTESIAN_POINT('',(101.414645143,213.516612994,2.873804618));
#3979=CARTESIAN_POINT('',(101.400711509,213.406553775,2.799685078));
#3980=CARTESIAN_POINT('',(101.377458567,213.222883068,2.614564948));
#3981=CARTESIAN_POINT('',(101.36814841,213.149343845,2.503637195));
#3982=CARTESIAN_POINT('',(101.355564008,213.049941972,2.261766061));
#3983=CARTESIAN_POINT('',(101.352294715,213.024118431,2.130917846));
#3984=CARTESIAN_POINT('',(101.352294714,213.024118431,2.000018128));
#3985=CARTESIAN_POINT('',(99.532438511,214.249342922,3.000018128));
#3986=CARTESIAN_POINT('',(99.517684672,214.119266948,3.000018181));
#3987=CARTESIAN_POINT('',(99.502936638,213.989242142,2.973990898));
#3988=CARTESIAN_POINT('',(99.475675097,213.748893051,2.873804657));
#3989=CARTESIAN_POINT('',(99.463172316,213.638663332,2.79968512));
#3990=CARTESIAN_POINT('',(99.442307236,213.454708087,2.614564987));
#3991=CARTESIAN_POINT('',(99.433953145,213.381054939,2.503637229));
#3992=CARTESIAN_POINT('',(99.422661045,213.281499074,2.26176608));
#3993=CARTESIAN_POINT('',(99.419727479,213.255635527,2.130917856));
#3994=CARTESIAN_POINT('',(99.419727481,213.255635527,2.000018128));
#3995=CARTESIAN_POINT('',(95.635466535,214.641914227,3.000018128));
#3996=CARTESIAN_POINT('',(95.623980125,214.5115091,3.000018181));
#3997=CARTESIAN_POINT('',(95.612498234,214.381155271,2.973990898));
#3998=CARTESIAN_POINT('',(95.591274114,214.140197985,2.873804657));
#3999=CARTESIAN_POINT('',(95.581540235,214.029689334,2.79968512));
#4000=CARTESIAN_POINT('',(95.565295995,213.845268597,2.614564987));
#4001=CARTESIAN_POINT('',(95.558792025,213.771429073,2.503637229));
#4002=CARTESIAN_POINT('',(95.550000705,213.671621285,2.26176608));
#4003=CARTESIAN_POINT('',(95.547716814,213.645692291,2.130917856));
#4004=CARTESIAN_POINT('',(95.547716814,213.645692291,2.000018128));
#4005=CARTESIAN_POINT('',(93.683496849,214.801513774,3.000018128));
#4006=CARTESIAN_POINT('',(93.673589852,214.670980606,3.000018131));
#4007=CARTESIAN_POINT('',(93.663686754,214.540498795,2.97399081));
#4008=CARTESIAN_POINT('',(93.645381011,214.299304948,2.873804525));
#4009=CARTESIAN_POINT('',(93.63698557,214.18868781,2.79968498));
#4010=CARTESIAN_POINT('',(93.622974961,214.00408603,2.614564856));
#4011=CARTESIAN_POINT('',(93.617365306,213.930174021,2.503637116));
#4012=CARTESIAN_POINT('',(93.609782819,213.830268257,2.261766017));
#4013=CARTESIAN_POINT('',(93.607812971,213.804313811,2.130917824));
#4014=CARTESIAN_POINT('',(93.607812971,213.804313811,2.000018128));
#4015=CARTESIAN_POINT('',(87.819249869,215.177926826,3.000018128));
#4016=CARTESIAN_POINT('',(87.813909138,215.047100559,3.000018131));
#4017=CARTESIAN_POINT('',(87.808570509,214.916325766,2.97399081));
#4018=CARTESIAN_POINT('',(87.798702126,214.674590343,2.873804525));
#4019=CARTESIAN_POINT('',(87.794176255,214.563724825,2.79968498));
#4020=CARTESIAN_POINT('',(87.786623321,214.378708542,2.614564856));
#4021=CARTESIAN_POINT('',(87.78359923,214.304630571,2.503637116));
#4022=CARTESIAN_POINT('',(87.779511612,214.20450048,2.261766017));
#4023=CARTESIAN_POINT('',(87.778449693,214.178487756,2.130917824));
#4024=CARTESIAN_POINT('',(87.778449693,214.178487756,2.000018128));
#4025=CARTESIAN_POINT('',(83.905420564,215.292071448,3.000018128));
#4026=CARTESIAN_POINT('',(83.902888328,215.161170949,3.000018128));
#4027=CARTESIAN_POINT('',(83.900357088,215.030321953,2.973990805));
#4028=CARTESIAN_POINT('',(83.895678125,214.78844937,2.873804516));
#4029=CARTESIAN_POINT('',(83.893532244,214.677520948,2.79968497));
#4030=CARTESIAN_POINT('',(83.88995112,214.492399687,2.614564848));
#4031=CARTESIAN_POINT('',(83.888517288,214.418279685,2.503637108));
#4032=CARTESIAN_POINT('',(83.886579198,214.31809278,2.261766012));
#4033=CARTESIAN_POINT('',(83.886075703,214.292065297,2.130917822));
#4034=CARTESIAN_POINT('',(83.886075703,214.292065297,2.000018128));
#4035=CARTESIAN_POINT('',(79.987938064,215.290835983,3.000018128));
#4036=CARTESIAN_POINT('',(79.987979346,215.159936296,3.000018128));
#4037=CARTESIAN_POINT('',(79.988020612,215.029088112,2.973990805));
#4038=CARTESIAN_POINT('',(79.988096891,214.787217028,2.873804516));
#4039=CARTESIAN_POINT('',(79.988131875,214.676289294,2.79968497));
#4040=CARTESIAN_POINT('',(79.988190257,214.491169181,2.614564848));
#4041=CARTESIAN_POINT('',(79.988213632,214.417049639,2.503637108));
#4042=CARTESIAN_POINT('',(79.988245228,214.316863355,2.261766012));
#4043=CARTESIAN_POINT('',(79.988253436,214.290836033,2.130917822));
#4044=CARTESIAN_POINT('',(79.988253436,214.290836033,2.000018128));
#4045=B_SPLINE_SURFACE_WITH_KNOTS('',3,3,((#3245,#3246,#3247,#3248,#3249,#3250,#3251,#3252,#3253,#3254),(#3255,#3256,#3257,#3258,#3259,#3260,#3261,#3262,#3263,#3264),(#3265,#3266,#3267,#3268,#3269,#3270,#3271,#3272,#3273,#3274),(#3275,#3276,#3277,#3278,#3279,#3280,#3281,#3282,#3283,#3284),(#3285,#3286,#3287,#3288,#3289,#3290,#3291,#3292,#3293,#3294),(#3295,#3296,#3297,#3298,#3299,#3300,#3301,#3302,#3303,#3304),(#3305,#3306,#3307,#3308,#3309,#3310,#3311,#3312,#3313,#3314),(#3315,#3316,#3317,#3318,#3319,#3320,#3321,#3322,#3323,#3324),(#3325,#3326,#3327,#3328,#3329,#3330,#3331,#3332,#3333,#3334),(#3335,#3336,#3337,#3338,#3339,#3340,#3341,#3342,#3343,#3344),(#3345,#3346,#3347,#3348,#3349,#3350,#3351,#3352,#3353,#3354),(#3355,#3356,#3357,#3358,#3359,#3360,#3361,#3362,#3363,#3364),(#3365,#3366,#3367,#3368,#3369,#3370,#3371,#3372,#3373,#3374),(#3375,#3376,#3377,#3378,#3379,#3380,#3381,#3382,#3383,#3384),(#3385,#3386,#3387,#3388,#3389,#3390,#3391,#3392,#3393,#3394),(#3395,#3396,#3397,#3398,#3399,#3400,#3401,#3402,#3403,#3404),(#3405,#3406,#3407,#3408,#3409,#3410,#3411,#3412,#3413,#3414),(#3415,#3416,#3417,#3418,#3419,#3420,#3421,#3422,#3423,#3424),(#3425,#3426,#3427,#3428,#3429,#3430,#3431,#3432,#3433,#3434),(#3435,#3436,#3437,#3438,#3439,#3440,#3441,#3442,#3443,#3444),(#3445,#3446,#3447,#3448,#3449,#3450,#3451,#3452,#3453,#3454),(#3455,#3456,#3457,#3458,#3459,#3460,#3461,#3462,#3463,#3464),(#3465,#3466,#3467,#3468,#3469,#3470,#3471,#3472,#3473,#3474),(#3475,#3476,#3477,#3478,#3479,#3480,#3481,#3482,#3483,#3484),(#3485,#3486,#3487,#3488,#3489,#3490,#3491,#3492,#3493,#3494),(#3495,#3496,#3497,#3498,#3499,#3500,#3501,#3502,#3503,#3504),
(#3505,#3506,#3507,#3508,#3509,#3510,#3511,#3512,#3513,#3514),(#3515,#3516,#3517,#3518,#3519,#3520,#3521,#3522,#3523,#3524),(#3525,#3526,#3527,#3528,#3529,#3530,#3531,#3532,#3533,#3534),(#3535,#3536,#3537,#3538,#3539,#3540,#3541,#3542,#3543,#3544),(#3545,#3546,#3547,#3548,#3549,#3550,#3551,#3552,#3553,#3554),(#3555,#3556,#3557,#3558,#3559,#3560,#3561,#3562,#3563,#3564),(#3565,#3566,#3567,#3568,#3569,#3570,#3571,#3572,#3573,#3574),(#3575,#3576,#3577,#3578,#3579,#3580,#3581,#3582,#3583,#3584),(#3585,#3586,#3587,#3588,#3589,#3590,#3591,#3592,#3593,#3594),(#3595,#3596,#3597,#3598,#3599,#3600,#3601,#3602,#3603,#3604),(#3605,#3606,#3607,#3608,#3609,#3610,#3611,#3612,#3613,#3614),(#3615,#3616,#3617,#3618,#3619,#3620,#3621,#3622,#3623,#3624),(#3625,#3626,#3627,#3628,#3629,#3630,#3631,#3632,#3633,#3634),(#3635,#3636,#3637,#3638,#3639,#3640,#3641,#3642,#3643,#3644),(#3645,#3646,#3647,#3648,#3649,#3650,#3651,#3652,#3653,#3654),(#3655,#3656,#3657,#3658,#3659,#3660,#3661,#3662,#3663,#3664),(#3665,#3666,#3667,#3668,#3669,#3670,#3671,#3672,#3673,#3674),(#3675,#3676,#3677,#3678,#3679,#3680,#3681,#3682,#3683,#3684),(#3685,#3686,#3687,#3688,#3689,#3690,#3691,#3692,#3693,#3694),(#3695,#3696,#3697,#3698,#3699,#3700,#3701,#3702,#3703,#3704),(#3705,#3706,#3707,#3708,#3709,#3710,#3711,#3712,#3713,#3714),(#3715,#3716,#3717,#3718,#3719,#3720,#3721,#3722,#3723,#3724),(#3725,#3726,#3727,#3728,#3729,#3730,#3731,#3732,#3733,#3734),(#3735,#3736,#3737,#3738,#3739,#3740,#3741,#3742,#3743,#3744),(#3745,#3746,#3747,#3748,#3749,#3750,#3751,#3752,#3753,#3754),
(#3755,#3756,#3757,#3758,#3759,#3760,#3761,#3762,#3763,#3764),(#3765,#3766,#3767,#3768,#3769,#3770,#3771,#3772,#3773,#3774),(#3775,#3776,#3777,#3778,#3779,#3780,#3781,#3782,#3783,#3784),(#3785,#3786,#3787,#3788,#3789,#3790,#3791,#3792,#3793,#3794),(#3795,#3796,#3797,#3798,#3799,#3800,#3801,#3802,#3803,#3804),(#3805,#3806,#3807,#3808,#3809,#3810,#3811,#3812,#3813,#3814),(#3815,#3816,#3817,#3818,#3819,#3820,#3821,#3822,#3823,#3824),(#3825,#3826,#3827,#3828,#3829,#3830,#3831,#3832,#3833,#3834),(#3835,#3836,#3837,#3838,#3839,#3840,#3841,#3842,#3843,#3844),(#3845,#3846,#3847,#3848,#3849,#3850,#3851,#3852,#3853,#3854),(#3855,#3856,#3857,#3858,#3859,#3860,#3861,#3862,#3863,#3864),(#3865,#3866,#3867,#3868,#3869,#3870,#3871,#3872,#3873,#3874),(#3875,#3876,#3877,#3878,#3879,#3880,#3881,#3882,#3883,#3884),(#3885,#3886,#3887,#3888,#3889,#3890,#3891,#3892,#3893,#3894),(#3895,#3896,#3897,#3898,#3899,#3900,#3901,#3902,#3903,#3904),(#3905,#3906,#3907,#3908,#3909,#3910,#3911,#3912,#3913,#3914),(#3915,#3916,#3917,#3918,#3919,#3920,#3921,#3922,#3923,#3924),(#3925,#3926,#3927,#3928,#3929,#3930,#3931,#3932,#3933,#3934),(#3935,#3936,#3937,#3938,#3939,#3940,#3941,#3942,#3943,#3944),(#3945,#3946,#3947,#3948,#3949,#3950,#3951,#3952,#3953,#3954),(#3955,#3956,#3957,#3958,#3959,#3960,#3961,#3962,#3963,#3964),(#3965,#3966,#3967,#3968,#3969,#3970,#3971,#3972,#3973,#3974),(#3975,#3976,#3977,#3978,#3979,#3980,#3981,#3982,#3983,#3984),(#3985,#3986,#3987,#3988,#3989,#3990,#3991,#3992,#3993,#3994),(#3995,#3996,#3997,#3998,#3999,#4000,#4001,#4002,#4003,#4004),
(#4005,#4006,#4007,#4008,#4009,#4010,#4011,#4012,#4013,#4014),(#4015,#4016,#4017,#4018,#4019,#4020,#4021,#4022,#4023,#4024),(#4025,#4026,#4027,#4028,#4029,#4030,#4031,#4032,#4033,#4034),(#4035,#4036,#4037,#4038,#4039,#4040,#4041,#4042,#4043,#4044)),.UNSPECIFIED.,.F.,.F.,.U.,(4,2,2,2,2,2,2,2,2,2,2,2,2,2,2,2,2,2,2,2,2,2,2,2,2,2,
2,2,2,2,2,2,2,2,2,2,2,2,2,4),(4,2,2,2,4),(0.,0.000367273,0.000734547,0.001469093,0.002938186,0.005876372,0.011752744,0.023505489,0.029381861,0.035258233,0.041134606,0.047010978,0.05288735,0.055825536,0.058763722,0.061701908,0.064640095,0.067578281,0.070516467,0.073454653,0.076392839,0.082269211,0.094021956,0.096960142,0.099898328,0.1057747,
0.108712886,0.111651072,0.114589258,0.117527445,0.129280189,0.135156561,0.138094747,0.141032933,0.146909306,0.152785678,0.164538422,0.170414795,0.176291167,0.188043911),(0.,0.25,0.5,0.75,1.),.UNSPECIFIED.);
#4046=ORIENTED_EDGE('',*,*,#3240,.T.);
#4047=ORIENTED_EDGE('',*,*,#2802,.F.);
#4048=CARTESIAN_POINT('',(195.202533526,96.999981872,2.000018128));
#4049=DIRECTION('',(-0.,-1.,0.));
#4050=DIRECTION('',(1.,-0.,0.));
#4051=AXIS2_PLACEMENT_3D('',#4048,#4049,#4050);
#4052=CIRCLE('',#4051,1.);
#4053=EDGE_CURVE('',#2220,#2781,#4052,.T.);
#4054=ORIENTED_EDGE('',*,*,#4053,.F.);
#4055=ORIENTED_EDGE('',*,*,#2280,.F.);
#4056=EDGE_LOOP('',(#4046,#4047,#4054,#4055));
#4057=FACE_BOUND('',#4056,.T.);
#4058=ADVANCED_FACE('',(#4057),#4045,.T.);
#4059=CARTESIAN_POINT('',(195.202533527,226.999981872,2.000018128));
#4060=DIRECTION('',(0.,1.,0.));
#4061=DIRECTION('',(-1.,0.,0.));
#4062=AXIS2_PLACEMENT_3D('',#4059,#4060,#4061);
#4063=CYLINDRICAL_SURFACE('',#4062,1.);
#4064=ORIENTED_EDGE('',*,*,#278,.F.);
#4065=ORIENTED_EDGE('',*,*,#2286,.F.);
#4066=ORIENTED_EDGE('',*,*,#4053,.T.);
#4067=ORIENTED_EDGE('',*,*,#2786,.T.);
#4068=EDGE_LOOP('',(#4064,#4065,#4066,#4067));
#4069=FACE_BOUND('',#4068,.T.);
#4070=ADVANCED_FACE('',(#4069),#4063,.T.);
#4071=CARTESIAN_POINT('',(-309.99999435,176.965431988,4.352763072));
#4072=DIRECTION('',(0.99999995,0.000315372,0.));
#4073=DIRECTION('',(-0.000315372,0.99999995,0.));
#4074=AXIS2_PLACEMENT_3D('',#4071,#4072,#4073);
#4075=CYLINDRICAL_SURFACE('',#4074,40.25);
#4076=ORIENTED_EDGE('',*,*,#2022,.T.);
#4077=ORIENTED_EDGE('',*,*,#90,.T.);
#4078=ORIENTED_EDGE('',*,*,#2083,.T.);
#4079=CARTESIAN_POINT('',(59.99998725,177.082119628,4.352763072));
#4080=DIRECTION('',(-0.99999995,-0.000315372,0.));
#4081=DIRECTION('',(0.000315372,-0.99999995,0.));
#4082=AXIS2_PLACEMENT_3D('',#4079,#4080,#4081);
#4083=CIRCLE('',#4082,40.25);
#4084=EDGE_CURVE('',#2072,#2017,#4083,.T.);
#4085=ORIENTED_EDGE('',*,*,#4084,.T.);
#4086=EDGE_LOOP('',(#4076,#4077,#4078,#4085));
#4087=FACE_BOUND('',#4086,.T.);
#4088=ADVANCED_FACE('',(#4087),#4075,.T.);
#4089=CARTESIAN_POINT('',(60.664476093,-1929.917898305,63.000018128));
#4090=DIRECTION('',(-0.99999995,-0.000315372,0.));
#4091=DIRECTION('',(-0.000315372,0.99999995,0.));
#4092=AXIS2_PLACEMENT_3D('',#4089,#4090,#4091);
#4093=PLANE('',#4092);
#4094=ORIENTED_EDGE('',*,*,#4084,.F.);
#4095=ORIENTED_EDGE('',*,*,#2077,.F.);
#4096=ORIENTED_EDGE('',*,*,#2030,.F.);
#4097=EDGE_LOOP('',(#4094,#4095,#4096));
#4098=FACE_BOUND('',#4097,.T.);
#4099=ADVANCED_FACE('',(#4098),#4093,.T.);
#4100=CARTESIAN_POINT('',(157.000122711,-253.000018128,4.352763072));
#4101=DIRECTION('',(0.,1.,0.));
#4102=DIRECTION('',(0.,-0.,1.));
#4103=AXIS2_PLACEMENT_3D('',#4100,#4101,#4102);
#4104=CYLINDRICAL_SURFACE('',#4103,40.25);
#4105=ORIENTED_EDGE('',*,*,#653,.T.);
#4106=CARTESIAN_POINT('',(157.000122711,76.999981872,4.352763072));
#4107=DIRECTION('',(0.,-1.,0.));
#4108=DIRECTION('',(0.,0.,-1.));
#4109=AXIS2_PLACEMENT_3D('',#4106,#4107,#4108);
#4110=CIRCLE('',#4109,40.25);
#4111=EDGE_CURVE('',#648,#2055,#4110,.T.);
#4112=ORIENTED_EDGE('',*,*,#4111,.T.);
#4113=ORIENTED_EDGE('',*,*,#2060,.T.);
#4114=ORIENTED_EDGE('',*,*,#41,.T.);
#4115=EDGE_LOOP('',(#4105,#4112,#4113,#4114));
#4116=FACE_BOUND('',#4115,.T.);
#4117=ADVANCED_FACE('',(#4116),#4104,.T.);
#4118=CARTESIAN_POINT('',(-1950.,76.999981872,63.000018128));
#4119=DIRECTION('',(0.,-1.,0.));
#4120=DIRECTION('',(-1.,0.,0.));
#4121=AXIS2_PLACEMENT_3D('',#4118,#4119,#4120);
#4122=PLANE('',#4121);
#4123=ORIENTED_EDGE('',*,*,#2066,.F.);
#4124=ORIENTED_EDGE('',*,*,#4111,.F.);
#4125=ORIENTED_EDGE('',*,*,#684,.F.);
#4126=EDGE_LOOP('',(#4123,#4124,#4125));
#4127=FACE_BOUND('',#4126,.T.);
#4128=ADVANCED_FACE('',(#4127),#4122,.T.);
#4129=CLOSED_SHELL('',(#75,#124,#182,#232,#282,#340,#372,#619,#641,#688,#753,#793,#825,#1786,#1817,#1848,#1879,#1988,#2010,#2048,#2102,#2357,#2388,#2467,#2489,#2520,
#2599,#2621,#2637,#2668,#2747,#2769,#2812,#2830,#2940,#2952,#2970,#3080,#3092,#3110,#3214,#3226,#3244,#4058,#4070,#4088,#4099,#4117,#4128));
#4130=MANIFOLD_SOLID_BREP('Body 12',#4129);
#4131=COLOUR_RGB('',0.627451003,0.627451003,0.643137276);
#4132=FILL_AREA_STYLE_COLOUR('',#4131);
#4133=FILL_AREA_STYLE('',(#4132));
#4134=SURFACE_STYLE_FILL_AREA(#4133);
#4135=SURFACE_SIDE_STYLE('',(#4134));
#4136=SURFACE_STYLE_USAGE(.BOTH.,#4135);
#4137=PRESENTATION_STYLE_ASSIGNMENT((#4136));
#26=STYLED_ITEM('',(#4137),#4130);
#4139=CARTESIAN_POINT('',(-280.,154.499084718,48.000018128));
#4140=DIRECTION('',(1.,0.,0.));
#4141=DIRECTION('',(0.,-1.,0.));
#4142=AXIS2_PLACEMENT_3D('',#4139,#4140,#4141);
#4143=PLANE('',#4142);
#4144=CARTESIAN_POINT('',(-280.,216.99853652,0.090060823));
#4145=VERTEX_POINT('',#4144);
#4146=CARTESIAN_POINT('',(-280.,216.988844098,0.000018128));
#4147=VERTEX_POINT('',#4146);
#4148=CARTESIAN_POINT('',(-280.,176.974893147,4.352763072));
#4149=DIRECTION('',(-1.,-0.,-0.));
#4150=DIRECTION('',(-0.,1.,0.));
#4151=AXIS2_PLACEMENT_3D('',#4148,#4149,#4150);
#4152=ELLIPSE('',#4151,40.250002002,40.25);
#4153=EDGE_CURVE('',#4145,#4147,#4152,.T.);
#4154=ORIENTED_EDGE('',*,*,#4153,.F.);
#4155=CARTESIAN_POINT('',(-280.,216.99853652,8.615465321));
#4156=VERTEX_POINT('',#4155);
#4157=CARTESIAN_POINT('',(-280.,216.99853652,8.615465321));
#4158=DIRECTION('',(0.,0.,-1.));
#4159=VECTOR('',#4158,8.525404497);
#4160=LINE('',#4157,#4159);
#4161=EDGE_CURVE('',#4156,#4145,#4160,.T.);
#4162=ORIENTED_EDGE('',*,*,#4161,.F.);
#4163=CARTESIAN_POINT('',(-280.,188.219989376,43.000018128));
#4164=VERTEX_POINT('',#4163);
#4165=CARTESIAN_POINT('',(-280.,176.974893147,4.352763072));
#4166=DIRECTION('',(-1.,-0.,-0.));
#4167=DIRECTION('',(-0.,1.,0.));
#4168=AXIS2_PLACEMENT_3D('',#4165,#4166,#4167);
#4169=ELLIPSE('',#4168,40.250002002,40.25);
#4170=EDGE_CURVE('',#4164,#4156,#4169,.T.);
#4171=ORIENTED_EDGE('',*,*,#4170,.F.);
#4172=CARTESIAN_POINT('',(-280.,165.729796917,43.000018128));
#4173=VERTEX_POINT('',#4172);
#4174=CARTESIAN_POINT('',(-280.,188.219989376,43.000018128));
#4175=DIRECTION('',(0.,-1.,0.));
#4176=VECTOR('',#4175,22.490192459);
#4177=LINE('',#4174,#4176);
#4178=EDGE_CURVE('',#4164,#4173,#4177,.T.);
#4179=ORIENTED_EDGE('',*,*,#4178,.T.);
#4180=CARTESIAN_POINT('',(-280.,136.999999498,9.050692053));
#4181=VERTEX_POINT('',#4180);
#4182=CARTESIAN_POINT('',(-280.,176.974893147,4.352763072));
#4183=DIRECTION('',(-1.,-0.,-0.));
#4184=DIRECTION('',(-0.,1.,0.));
#4185=AXIS2_PLACEMENT_3D('',#4182,#4183,#4184);
#4186=ELLIPSE('',#4185,40.250002002,40.25);
#4187=EDGE_CURVE('',#4181,#4173,#4186,.T.);
#4188=ORIENTED_EDGE('',*,*,#4187,.F.);
#4189=CARTESIAN_POINT('',(-280.,136.999999498,3.000018128));
#4190=VERTEX_POINT('',#4189);
#4191=CARTESIAN_POINT('',(-280.,136.999999498,9.050692053));
#4192=DIRECTION('',(0.,0.,-1.));
#4193=VECTOR('',#4192,6.050673925);
#4194=LINE('',#4191,#4193);
#4195=EDGE_CURVE('',#4181,#4190,#4194,.T.);
#4196=ORIENTED_EDGE('',*,*,#4195,.T.);
#4197=CARTESIAN_POINT('',(-280.,139.066883089,3.000018128));
#4198=VERTEX_POINT('',#4197);
#4199=CARTESIAN_POINT('',(-280.,136.999999498,3.000018128));
#4200=DIRECTION('',(-0.,1.,0.));
#4201=VECTOR('',#4200,2.066883591);
#4202=LINE('',#4199,#4201);
#4203=EDGE_CURVE('',#4190,#4198,#4202,.T.);
#4204=ORIENTED_EDGE('',*,*,#4203,.T.);
#4205=CARTESIAN_POINT('',(-280.,176.999877122,42.309869853));
#4206=VERTEX_POINT('',#4205);
#4207=CARTESIAN_POINT('',(-280.,176.999877122,4.352763072));
#4208=DIRECTION('',(-1.,-0.,0.));
#4209=DIRECTION('',(0.,0.,1.));
#4210=AXIS2_PLACEMENT_3D('',#4207,#4208,#4209);
#4211=CIRCLE('',#4210,37.957106781);
#4212=EDGE_CURVE('',#4198,#4206,#4211,.T.);
#4213=ORIENTED_EDGE('',*,*,#4212,.T.);
#4214=CARTESIAN_POINT('',(-280.,214.932853241,2.999515889));
#4215=VERTEX_POINT('',#4214);
#4216=CARTESIAN_POINT('',(-280.,176.999877122,4.352763072));
#4217=DIRECTION('',(-1.,-0.,0.));
#4218=DIRECTION('',(0.,0.,1.));
#4219=AXIS2_PLACEMENT_3D('',#4216,#4217,#4218);
#4220=CIRCLE('',#4219,37.957106781);
#4221=EDGE_CURVE('',#4206,#4215,#4220,.T.);
#4222=ORIENTED_EDGE('',*,*,#4221,.T.);
#4223=CARTESIAN_POINT('',(-280.,214.959499468,3.000018128));
#4224=VERTEX_POINT('',#4223);
#4225=CARTESIAN_POINT('',(-280.,214.959499468,2.292911347));
#4226=DIRECTION('',(1.,0.,0.));
#4227=DIRECTION('',(-0.,1.,0.));
#4228=AXIS2_PLACEMENT_3D('',#4225,#4226,#4227);
#4229=CIRCLE('',#4228,0.707106781);
#4230=EDGE_CURVE('',#4224,#4215,#4229,.T.);
#4231=ORIENTED_EDGE('',*,*,#4230,.F.);
#4232=CARTESIAN_POINT('',(-280.,216.952392687,3.000018128));
#4233=VERTEX_POINT('',#4232);
#4234=CARTESIAN_POINT('',(-280.,214.959499468,3.000018128));
#4235=DIRECTION('',(-0.,1.,0.));
#4236=VECTOR('',#4235,1.992893219);
#4237=LINE('',#4234,#4236);
#4238=EDGE_CURVE('',#4224,#4233,#4237,.T.);
#4239=ORIENTED_EDGE('',*,*,#4238,.T.);
#4240=CARTESIAN_POINT('',(-280.,216.952392687,0.000018128));
#4241=VERTEX_POINT('',#4240);
#4242=CARTESIAN_POINT('',(-280.,216.952392687,0.000018128));
#4243=DIRECTION('',(0.,0.,1.));
#4244=VECTOR('',#4243,3.);
#4245=LINE('',#4242,#4244);
#4246=EDGE_CURVE('',#4241,#4233,#4245,.T.);
#4247=ORIENTED_EDGE('',*,*,#4246,.F.);
#4248=CARTESIAN_POINT('',(-280.,216.988844098,0.000018128));
#4249=DIRECTION('',(0.,-1.,0.));
#4250=VECTOR('',#4249,0.03645141);
#4251=LINE('',#4248,#4250);
#4252=EDGE_CURVE('',#4147,#4241,#4251,.T.);
#4253=ORIENTED_EDGE('',*,*,#4252,.F.);
#4254=EDGE_LOOP('',(#4154,#4162,#4171,#4179,#4188,#4196,#4204,#4213,#4222,#4231,#4239,#4247,#4253));
#4255=FACE_BOUND('',#4254,.T.);
#4256=ADVANCED_FACE('',(#4255),#4143,.T.);
#4257=CARTESIAN_POINT('',(-283.,136.999999498,48.000018128));
#4258=DIRECTION('',(0.,-1.,0.));
#4259=DIRECTION('',(-1.,-0.,0.));
#4260=AXIS2_PLACEMENT_3D('',#4257,#4258,#4259);
#4261=PLANE('',#4260);
#4262=CARTESIAN_POINT('',(-288.,136.999999498,9.072110668));
#4263=VERTEX_POINT('',#4262);
#4264=CARTESIAN_POINT('',(-127034.726640252,136.999999498,4.352763072));
#4265=DIRECTION('',(-0.,1.,-0.));
#4266=DIRECTION('',(1.,0.,0.));
#4267=AXIS2_PLACEMENT_3D('',#4264,#4265,#4266);
#4268=ELLIPSE('',#4267,127627.056267296,40.25);
#4269=EDGE_CURVE('',#4263,#4181,#4268,.T.);
#4270=ORIENTED_EDGE('',*,*,#4269,.F.);
#4271=CARTESIAN_POINT('',(-288.,136.999999498,3.000018128));
#4272=VERTEX_POINT('',#4271);
#4273=CARTESIAN_POINT('',(-288.,136.999999498,9.072110668));
#4274=DIRECTION('',(0.,0.,-1.));
#4275=VECTOR('',#4274,6.07209254);
#4276=LINE('',#4273,#4275);
#4277=EDGE_CURVE('',#4263,#4272,#4276,.T.);
#4278=ORIENTED_EDGE('',*,*,#4277,.T.);
#4279=CARTESIAN_POINT('',(-288.,136.999999498,3.000018128));
#4280=DIRECTION('',(1.,0.,0.));
#4281=VECTOR('',#4280,8.);
#4282=LINE('',#4279,#4281);
#4283=EDGE_CURVE('',#4272,#4190,#4282,.T.);
#4284=ORIENTED_EDGE('',*,*,#4283,.T.);
#4285=ORIENTED_EDGE('',*,*,#4195,.F.);
#4286=EDGE_LOOP('',(#4270,#4278,#4284,#4285));
#4287=FACE_BOUND('',#4286,.T.);
#4288=ADVANCED_FACE('',(#4287),#4261,.T.);
#4289=CARTESIAN_POINT('',(-288.,157.000008646,48.000018128));
#4290=DIRECTION('',(-1.,-0.,0.));
#4291=DIRECTION('',(-0.,1.,0.));
#4292=AXIS2_PLACEMENT_3D('',#4289,#4290,#4291);
#4293=PLANE('',#4292);
#4294=CARTESIAN_POINT('',(-288.,217.000000168,8.577866165));
#4295=VERTEX_POINT('',#4294);
#4296=CARTESIAN_POINT('',(-288.,188.2174664,43.000018128));
#4297=VERTEX_POINT('',#4296);
#4298=CARTESIAN_POINT('',(-288.,176.972370171,4.352763072));
#4299=DIRECTION('',(1.,0.,-0.));
#4300=DIRECTION('',(-0.,1.,0.));
#4301=AXIS2_PLACEMENT_3D('',#4298,#4299,#4300);
#4302=ELLIPSE('',#4301,40.250002002,40.25);
#4303=EDGE_CURVE('',#4295,#4297,#4302,.T.);
#4304=ORIENTED_EDGE('',*,*,#4303,.F.);
#4305=CARTESIAN_POINT('',(-288.,217.000000168,0.127659979));
#4306=VERTEX_POINT('',#4305);
#4307=CARTESIAN_POINT('',(-288.,217.000000168,8.577866165));
#4308=DIRECTION('',(0.,0.,-1.));
#4309=VECTOR('',#4308,8.450206186);
#4310=LINE('',#4307,#4309);
#4311=EDGE_CURVE('',#4295,#4306,#4310,.T.);
#4312=ORIENTED_EDGE('',*,*,#4311,.T.);
#4313=CARTESIAN_POINT('',(-288.,216.986321121,0.000018128));
#4314=VERTEX_POINT('',#4313);
#4315=CARTESIAN_POINT('',(-288.,176.972370171,4.352763072));
#4316=DIRECTION('',(1.,0.,-0.));
#4317=DIRECTION('',(-0.,1.,0.));
#4318=AXIS2_PLACEMENT_3D('',#4315,#4316,#4317);
#4319=ELLIPSE('',#4318,40.250002002,40.25);
#4320=EDGE_CURVE('',#4314,#4306,#4319,.T.);
#4321=ORIENTED_EDGE('',*,*,#4320,.F.);
#4322=CARTESIAN_POINT('',(-288.,136.95841922,0.000018128));
#4323=VERTEX_POINT('',#4322);
#4324=CARTESIAN_POINT('',(-288.,136.95841922,0.000018128));
#4325=DIRECTION('',(-0.,1.,0.));
#4326=VECTOR('',#4325,80.027901902);
#4327=LINE('',#4324,#4326);
#4328=EDGE_CURVE('',#4323,#4314,#4327,.T.);
#4329=ORIENTED_EDGE('',*,*,#4328,.F.);
#4330=CARTESIAN_POINT('',(-288.,136.847571057,1.180515256));
#4331=VERTEX_POINT('',#4330);
#4332=CARTESIAN_POINT('',(-288.,176.972370171,4.352763072));
#4333=DIRECTION('',(1.,0.,-0.));
#4334=DIRECTION('',(-0.,1.,0.));
#4335=AXIS2_PLACEMENT_3D('',#4332,#4333,#4334);
#4336=ELLIPSE('',#4335,40.250002002,40.25);
#4337=EDGE_CURVE('',#4331,#4323,#4336,.T.);
#4338=ORIENTED_EDGE('',*,*,#4337,.F.);
#4339=CARTESIAN_POINT('',(-288.,136.847571057,3.000018128));
#4340=VERTEX_POINT('',#4339);
#4341=CARTESIAN_POINT('',(-288.,136.847571057,3.000018128));
#4342=DIRECTION('',(0.,0.,-1.));
#4343=VECTOR('',#4342,1.819502872);
#4344=LINE('',#4341,#4343);
#4345=EDGE_CURVE('',#4340,#4331,#4344,.T.);
#4346=ORIENTED_EDGE('',*,*,#4345,.F.);
#4347=CARTESIAN_POINT('',(-288.,136.847571057,3.000018128));
#4348=DIRECTION('',(0.,1.,0.));
#4349=VECTOR('',#4348,0.152428441);
#4350=LINE('',#4347,#4349);
#4351=EDGE_CURVE('',#4340,#4272,#4350,.T.);
#4352=ORIENTED_EDGE('',*,*,#4351,.T.);
#4353=ORIENTED_EDGE('',*,*,#4277,.F.);
#4354=CARTESIAN_POINT('',(-288.,165.727273941,43.000018128));
#4355=VERTEX_POINT('',#4354);
#4356=CARTESIAN_POINT('',(-288.,176.972370171,4.352763072));
#4357=DIRECTION('',(1.,0.,-0.));
#4358=DIRECTION('',(-0.,1.,0.));
#4359=AXIS2_PLACEMENT_3D('',#4356,#4357,#4358);
#4360=ELLIPSE('',#4359,40.250002002,40.25);
#4361=EDGE_CURVE('',#4355,#4263,#4360,.T.);
#4362=ORIENTED_EDGE('',*,*,#4361,.F.);
#4363=CARTESIAN_POINT('',(-288.,165.727273941,43.000018128));
#4364=DIRECTION('',(-0.,1.,0.));
#4365=VECTOR('',#4364,22.490192459);
#4366=LINE('',#4363,#4365);
#4367=EDGE_CURVE('',#4355,#4297,#4366,.T.);
#4368=ORIENTED_EDGE('',*,*,#4367,.T.);
#4369=EDGE_LOOP('',(#4304,#4312,#4321,#4329,#4338,#4346,#4352,#4353,#4362,#4368));
#4370=FACE_BOUND('',#4369,.T.);
#4371=ADVANCED_FACE('',(#4370),#4293,.T.);
#4372=CARTESIAN_POINT('',(-282.992681759,216.999084049,48.000018128));
#4373=DIRECTION('',(-0.000182956,-0.999999983,0.));
#4374=DIRECTION('',(-0.999999983,0.000182956,0.));
#4375=AXIS2_PLACEMENT_3D('',#4372,#4373,#4374);
#4376=PLANE('',#4375);
#4377=ORIENTED_EDGE('',*,*,#4161,.T.);
#4378=CARTESIAN_POINT('',(80035.859949499,202.304267797,4.352763072));
#4379=DIRECTION('',(0.000182956,0.999999983,-0.));
#4380=DIRECTION('',(0.999999983,-0.000182956,0.));
#4381=AXIS2_PLACEMENT_3D('',#4378,#4379,#4380);
#4382=ELLIPSE('',#4381,80770.097506907,40.25);
#4383=EDGE_CURVE('',#4145,#4306,#4382,.T.);
#4384=ORIENTED_EDGE('',*,*,#4383,.T.);
#4385=ORIENTED_EDGE('',*,*,#4311,.F.);
#4386=CARTESIAN_POINT('',(80035.859949499,202.304267797,4.352763072));
#4387=DIRECTION('',(0.000182956,0.999999983,-0.));
#4388=DIRECTION('',(0.999999983,-0.000182956,0.));
#4389=AXIS2_PLACEMENT_3D('',#4386,#4387,#4388);
#4390=ELLIPSE('',#4389,80770.097506907,40.25);
#4391=EDGE_CURVE('',#4295,#4156,#4390,.T.);
#4392=ORIENTED_EDGE('',*,*,#4391,.T.);
#4393=EDGE_LOOP('',(#4377,#4384,#4385,#4392));
#4394=FACE_BOUND('',#4393,.T.);
#4395=ADVANCED_FACE('',(#4394),#4376,.F.);
#4396=CARTESIAN_POINT('',(-100.049877289,136.847571057,0.000018128));
#4397=DIRECTION('',(0.,-1.,0.));
#4398=DIRECTION('',(1.,0.,0.));
#4399=AXIS2_PLACEMENT_3D('',#4396,#4397,#4398);
#4400=PLANE('',#4399);
#4401=CARTESIAN_POINT('',(-12.949877289,136.847571057,2.593634688));
#4402=VERTEX_POINT('',#4401);
#4403=CARTESIAN_POINT('',(-127518.055641565,136.847571057,4.352763072));
#4404=DIRECTION('',(-0.,1.,-0.));
#4405=DIRECTION('',(1.,0.,0.));
#4406=AXIS2_PLACEMENT_3D('',#4403,#4404,#4405);
#4407=ELLIPSE('',#4406,127627.056267944,40.25);
#4408=EDGE_CURVE('',#4402,#4331,#4407,.T.);
#4409=ORIENTED_EDGE('',*,*,#4408,.F.);
#4410=CARTESIAN_POINT('',(-12.949877289,136.847571057,3.000018128));
#4411=VERTEX_POINT('',#4410);
#4412=CARTESIAN_POINT('',(-12.949877289,136.847571057,2.593634688));
#4413=DIRECTION('',(0.,0.,1.));
#4414=VECTOR('',#4413,0.40638344);
#4415=LINE('',#4412,#4414);
#4416=EDGE_CURVE('',#4402,#4411,#4415,.T.);
#4417=ORIENTED_EDGE('',*,*,#4416,.T.);
#4418=CARTESIAN_POINT('',(-288.,136.847571057,3.000018128));
#4419=DIRECTION('',(1.,0.,0.));
#4420=VECTOR('',#4419,275.050122711);
#4421=LINE('',#4418,#4420);
#4422=EDGE_CURVE('',#4340,#4411,#4421,.T.);
#4423=ORIENTED_EDGE('',*,*,#4422,.F.);
#4424=ORIENTED_EDGE('',*,*,#4345,.T.);
#4425=EDGE_LOOP('',(#4409,#4417,#4423,#4424));
#4426=FACE_BOUND('',#4425,.T.);
#4427=ADVANCED_FACE('',(#4426),#4400,.T.);
#4428=CARTESIAN_POINT('',(-12.949877289,177.049981872,0.000018128));
#4429=DIRECTION('',(1.,0.,0.));
#4430=DIRECTION('',(0.,0.,1.));
#4431=AXIS2_PLACEMENT_3D('',#4428,#4429,#4430);
#4432=PLANE('',#4431);
#4433=CARTESIAN_POINT('',(-12.949877289,136.999999498,0.43740071));
#4434=VERTEX_POINT('',#4433);
#4435=CARTESIAN_POINT('',(-12.949877289,177.059113282,4.352763072));
#4436=DIRECTION('',(-1.,-0.,-0.));
#4437=DIRECTION('',(-0.,1.,0.));
#4438=AXIS2_PLACEMENT_3D('',#4435,#4436,#4437);
#4439=ELLIPSE('',#4438,40.250002002,40.25);
#4440=EDGE_CURVE('',#4434,#4402,#4439,.T.);
#4441=ORIENTED_EDGE('',*,*,#4440,.F.);
#4442=CARTESIAN_POINT('',(-12.949877289,136.999999498,3.000018128));
#4443=VERTEX_POINT('',#4442);
#4444=CARTESIAN_POINT('',(-12.949877289,136.999999498,3.000018128));
#4445=DIRECTION('',(0.,0.,-1.));
#4446=VECTOR('',#4445,2.562617418);
#4447=LINE('',#4444,#4446);
#4448=EDGE_CURVE('',#4443,#4434,#4447,.T.);
#4449=ORIENTED_EDGE('',*,*,#4448,.F.);
#4450=CARTESIAN_POINT('',(-12.949877289,136.847571057,3.000018128));
#4451=DIRECTION('',(-0.,1.,0.));
#4452=VECTOR('',#4451,0.152428441);
#4453=LINE('',#4450,#4452);
#4454=EDGE_CURVE('',#4411,#4443,#4453,.T.);
#4455=ORIENTED_EDGE('',*,*,#4454,.F.);
#4456=ORIENTED_EDGE('',*,*,#4416,.F.);
#4457=EDGE_LOOP('',(#4441,#4449,#4455,#4456));
#4458=FACE_BOUND('',#4457,.T.);
#4459=ADVANCED_FACE('',(#4458),#4432,.T.);
#4460=CARTESIAN_POINT('',(-12.,154.499084718,48.000018128));
#4461=DIRECTION('',(1.,0.,0.));
#4462=DIRECTION('',(0.,-1.,0.));
#4463=AXIS2_PLACEMENT_3D('',#4460,#4461,#4462);
#4464=PLANE('',#4463);
#4465=CARTESIAN_POINT('',(-12.,137.045461896,0.000018128));
#4466=VERTEX_POINT('',#4465);
#4467=CARTESIAN_POINT('',(-12.,136.999999498,0.440466848));
#4468=VERTEX_POINT('',#4467);
#4469=CARTESIAN_POINT('',(-12.,177.059412847,4.352763072));
#4470=DIRECTION('',(-1.,-0.,-0.));
#4471=DIRECTION('',(-0.,1.,0.));
#4472=AXIS2_PLACEMENT_3D('',#4469,#4470,#4471);
#4473=ELLIPSE('',#4472,40.250002002,40.25);
#4474=EDGE_CURVE('',#4466,#4468,#4473,.T.);
#4475=ORIENTED_EDGE('',*,*,#4474,.F.);
#4476=CARTESIAN_POINT('',(-12.,216.99853652,0.000018128));
#4477=VERTEX_POINT('',#4476);
#4478=CARTESIAN_POINT('',(-12.,216.99853652,0.000018128));
#4479=DIRECTION('',(0.,-1.,0.));
#4480=VECTOR('',#4479,79.953074624);
#4481=LINE('',#4478,#4480);
#4482=EDGE_CURVE('',#4477,#4466,#4481,.T.);
#4483=ORIENTED_EDGE('',*,*,#4482,.F.);
#4484=CARTESIAN_POINT('',(-12.,216.99853652,9.345663921));
#4485=VERTEX_POINT('',#4484);
#4486=CARTESIAN_POINT('',(-12.,216.99853652,9.345663921));
#4487=DIRECTION('',(0.,0.,-1.));
#4488=VECTOR('',#4487,9.345645793);
#4489=LINE('',#4486,#4488);
#4490=EDGE_CURVE('',#4485,#4477,#4489,.T.);
#4491=ORIENTED_EDGE('',*,*,#4490,.F.);
#4492=CARTESIAN_POINT('',(-12.,188.304509077,43.000018128));
#4493=VERTEX_POINT('',#4492);
#4494=CARTESIAN_POINT('',(-12.,177.059412847,4.352763072));
#4495=DIRECTION('',(-1.,-0.,-0.));
#4496=DIRECTION('',(-0.,1.,0.));
#4497=AXIS2_PLACEMENT_3D('',#4494,#4495,#4496);
#4498=ELLIPSE('',#4497,40.250002002,40.25);
#4499=EDGE_CURVE('',#4493,#4485,#4498,.T.);
#4500=ORIENTED_EDGE('',*,*,#4499,.F.);
#4501=CARTESIAN_POINT('',(-12.,165.814316617,43.000018128));
#4502=VERTEX_POINT('',#4501);
#4503=CARTESIAN_POINT('',(-12.,188.304509077,43.000018128));
#4504=DIRECTION('',(0.,-1.,0.));
#4505=VECTOR('',#4504,22.490192459);
#4506=LINE('',#4503,#4505);
#4507=EDGE_CURVE('',#4493,#4502,#4506,.T.);
#4508=ORIENTED_EDGE('',*,*,#4507,.T.);
#4509=CARTESIAN_POINT('',(-12.,136.999999498,8.265059296));
#4510=VERTEX_POINT('',#4509);
#4511=CARTESIAN_POINT('',(-12.,177.059412847,4.352763072));
#4512=DIRECTION('',(-1.,-0.,-0.));
#4513=DIRECTION('',(-0.,1.,0.));
#4514=AXIS2_PLACEMENT_3D('',#4511,#4512,#4513);
#4515=ELLIPSE('',#4514,40.250002002,40.25);
#4516=EDGE_CURVE('',#4510,#4502,#4515,.T.);
#4517=ORIENTED_EDGE('',*,*,#4516,.F.);
#4518=CARTESIAN_POINT('',(-12.,136.999999498,8.265059296));
#4519=DIRECTION('',(0.,0.,-1.));
#4520=VECTOR('',#4519,7.824592448);
#4521=LINE('',#4518,#4520);
#4522=EDGE_CURVE('',#4510,#4468,#4521,.T.);
#4523=ORIENTED_EDGE('',*,*,#4522,.T.);
#4524=EDGE_LOOP('',(#4475,#4483,#4491,#4500,#4508,#4517,#4523));
#4525=FACE_BOUND('',#4524,.T.);
#4526=ADVANCED_FACE('',(#4525),#4464,.T.);
#4527=CARTESIAN_POINT('',(-20.,157.000008646,48.000018128));
#4528=DIRECTION('',(-1.,-0.,0.));
#4529=DIRECTION('',(-0.,1.,0.));
#4530=AXIS2_PLACEMENT_3D('',#4527,#4528,#4529);
#4531=PLANE('',#4530);
#4532=CARTESIAN_POINT('',(-20.,217.000000168,9.313670093));
#4533=VERTEX_POINT('',#4532);
#4534=CARTESIAN_POINT('',(-20.,188.3019861,43.000018128));
#4535=VERTEX_POINT('',#4534);
#4536=CARTESIAN_POINT('',(-20.,177.056889871,4.352763072));
#4537=DIRECTION('',(1.,0.,-0.));
#4538=DIRECTION('',(-0.,1.,0.));
#4539=AXIS2_PLACEMENT_3D('',#4536,#4537,#4538);
#4540=ELLIPSE('',#4539,40.250002002,40.25);
#4541=EDGE_CURVE('',#4533,#4535,#4540,.T.);
#4542=ORIENTED_EDGE('',*,*,#4541,.F.);
#4543=CARTESIAN_POINT('',(-20.,217.000000168,0.000018128));
#4544=VERTEX_POINT('',#4543);
#4545=CARTESIAN_POINT('',(-20.,217.000000168,9.313670093));
#4546=DIRECTION('',(0.,0.,-1.));
#4547=VECTOR('',#4546,9.313651965);
#4548=LINE('',#4545,#4547);
#4549=EDGE_CURVE('',#4533,#4544,#4548,.T.);
#4550=ORIENTED_EDGE('',*,*,#4549,.T.);
#4551=CARTESIAN_POINT('',(-20.,216.952392687,0.000018128));
#4552=VERTEX_POINT('',#4551);
#4553=CARTESIAN_POINT('',(-20.,216.952392687,0.000018128));
#4554=DIRECTION('',(-0.,1.,0.));
#4555=VECTOR('',#4554,0.047607481);
#4556=LINE('',#4553,#4555);
#4557=EDGE_CURVE('',#4552,#4544,#4556,.T.);
#4558=ORIENTED_EDGE('',*,*,#4557,.F.);
#4559=CARTESIAN_POINT('',(-20.,216.952392687,3.000018128));
#4560=VERTEX_POINT('',#4559);
#4561=CARTESIAN_POINT('',(-20.,216.952392687,0.000018128));
#4562=DIRECTION('',(0.,0.,1.));
#4563=VECTOR('',#4562,3.);
#4564=LINE('',#4561,#4563);
#4565=EDGE_CURVE('',#4552,#4560,#4564,.T.);
#4566=ORIENTED_EDGE('',*,*,#4565,.T.);
#4567=CARTESIAN_POINT('',(-20.,214.932871155,3.000018128));
#4568=VERTEX_POINT('',#4567);
#4569=CARTESIAN_POINT('',(-20.,214.932871155,3.000018128));
#4570=DIRECTION('',(-0.,1.,0.));
#4571=VECTOR('',#4570,2.019521532);
#4572=LINE('',#4569,#4571);
#4573=EDGE_CURVE('',#4568,#4560,#4572,.T.);
#4574=ORIENTED_EDGE('',*,*,#4573,.F.);
#4575=CARTESIAN_POINT('',(-20.,139.066883089,3.000018128));
#4576=VERTEX_POINT('',#4575);
#4577=CARTESIAN_POINT('',(-20.,176.999877122,4.352763072));
#4578=DIRECTION('',(1.,0.,0.));
#4579=DIRECTION('',(0.,0.,-1.));
#4580=AXIS2_PLACEMENT_3D('',#4577,#4578,#4579);
#4581=CIRCLE('',#4580,37.957106781);
#4582=EDGE_CURVE('',#4568,#4576,#4581,.T.);
#4583=ORIENTED_EDGE('',*,*,#4582,.T.);
#4584=CARTESIAN_POINT('',(-20.,136.999999498,3.000018128));
#4585=VERTEX_POINT('',#4584);
#4586=CARTESIAN_POINT('',(-20.,136.999999498,3.000018128));
#4587=DIRECTION('',(-0.,1.,0.));
#4588=VECTOR('',#4587,2.066883591);
#4589=LINE('',#4586,#4588);
#4590=EDGE_CURVE('',#4585,#4576,#4589,.T.);
#4591=ORIENTED_EDGE('',*,*,#4590,.F.);
#4592=CARTESIAN_POINT('',(-20.,136.999999498,8.290807415));
#4593=VERTEX_POINT('',#4592);
#4594=CARTESIAN_POINT('',(-20.,136.999999498,8.290807415));
#4595=DIRECTION('',(0.,0.,-1.));
#4596=VECTOR('',#4595,5.290789287);
#4597=LINE('',#4594,#4596);
#4598=EDGE_CURVE('',#4593,#4585,#4597,.T.);
#4599=ORIENTED_EDGE('',*,*,#4598,.F.);
#4600=CARTESIAN_POINT('',(-20.,165.811793641,43.000018128));
#4601=VERTEX_POINT('',#4600);
#4602=CARTESIAN_POINT('',(-20.,177.056889871,4.352763072));
#4603=DIRECTION('',(1.,0.,-0.));
#4604=DIRECTION('',(-0.,1.,0.));
#4605=AXIS2_PLACEMENT_3D('',#4602,#4603,#4604);
#4606=ELLIPSE('',#4605,40.250002002,40.25);
#4607=EDGE_CURVE('',#4601,#4593,#4606,.T.);
#4608=ORIENTED_EDGE('',*,*,#4607,.F.);
#4609=CARTESIAN_POINT('',(-20.,165.811793641,43.000018128));
#4610=DIRECTION('',(-0.,1.,0.));
#4611=VECTOR('',#4610,22.490192459);
#4612=LINE('',#4609,#4611);
#4613=EDGE_CURVE('',#4601,#4535,#4612,.T.);
#4614=ORIENTED_EDGE('',*,*,#4613,.T.);
#4615=EDGE_LOOP('',(#4542,#4550,#4558,#4566,#4574,#4583,#4591,#4599,#4608,#4614));
#4616=FACE_BOUND('',#4615,.T.);
#4617=ADVANCED_FACE('',(#4616),#4531,.T.);
#4618=CARTESIAN_POINT('',(-15.,136.999999498,48.000018128));
#4619=DIRECTION('',(0.,-1.,0.));
#4620=DIRECTION('',(-1.,-0.,0.));
#4621=AXIS2_PLACEMENT_3D('',#4618,#4619,#4620);
#4622=PLANE('',#4621);
#4623=CARTESIAN_POINT('',(-127034.726640252,136.999999498,4.352763072));
#4624=DIRECTION('',(-0.,1.,-0.));
#4625=DIRECTION('',(1.,0.,0.));
#4626=AXIS2_PLACEMENT_3D('',#4623,#4624,#4625);
#4627=ELLIPSE('',#4626,127627.056267296,40.25);
#4628=EDGE_CURVE('',#4468,#4434,#4627,.T.);
#4629=ORIENTED_EDGE('',*,*,#4628,.F.);
#4630=ORIENTED_EDGE('',*,*,#4522,.F.);
#4631=CARTESIAN_POINT('',(-127034.726640252,136.999999498,4.352763072));
#4632=DIRECTION('',(-0.,1.,-0.));
#4633=DIRECTION('',(1.,0.,0.));
#4634=AXIS2_PLACEMENT_3D('',#4631,#4632,#4633);
#4635=ELLIPSE('',#4634,127627.056267296,40.25);
#4636=EDGE_CURVE('',#4593,#4510,#4635,.T.);
#4637=ORIENTED_EDGE('',*,*,#4636,.F.);
#4638=ORIENTED_EDGE('',*,*,#4598,.T.);
#4639=CARTESIAN_POINT('',(-12.949877289,136.999999498,3.000018128));
#4640=DIRECTION('',(-1.,-0.,0.));
#4641=VECTOR('',#4640,7.050122711);
#4642=LINE('',#4639,#4641);
#4643=EDGE_CURVE('',#4443,#4585,#4642,.T.);
#4644=ORIENTED_EDGE('',*,*,#4643,.F.);
#4645=ORIENTED_EDGE('',*,*,#4448,.T.);
#4646=EDGE_LOOP('',(#4629,#4630,#4637,#4638,#4644,#4645));
#4647=FACE_BOUND('',#4646,.T.);
#4648=ADVANCED_FACE('',(#4647),#4622,.T.);
#4649=CARTESIAN_POINT('',(-14.992681759,216.999084049,48.000018128));
#4650=DIRECTION('',(-0.000182956,-0.999999983,0.));
#4651=DIRECTION('',(-0.999999983,0.000182956,0.));
#4652=AXIS2_PLACEMENT_3D('',#4649,#4650,#4651);
#4653=PLANE('',#4652);
#4654=ORIENTED_EDGE('',*,*,#4549,.F.);
#4655=CARTESIAN_POINT('',(80134.25339112,202.335298335,4.352763072));
#4656=DIRECTION('',(0.000182956,0.999999983,-0.));
#4657=DIRECTION('',(0.999999983,-0.000182956,0.));
#4658=AXIS2_PLACEMENT_3D('',#4655,#4656,#4657);
#4659=ELLIPSE('',#4658,80770.097506907,40.25);
#4660=EDGE_CURVE('',#4533,#4485,#4659,.T.);
#4661=ORIENTED_EDGE('',*,*,#4660,.T.);
#4662=ORIENTED_EDGE('',*,*,#4490,.T.);
#4663=CARTESIAN_POINT('',(-12.,216.99853652,0.000018128));
#4664=DIRECTION('',(-0.999999983,0.000182956,0.));
#4665=VECTOR('',#4664,8.000000134);
#4666=LINE('',#4663,#4665);
#4667=EDGE_CURVE('',#4477,#4544,#4666,.T.);
#4668=ORIENTED_EDGE('',*,*,#4667,.T.);
#4669=EDGE_LOOP('',(#4654,#4661,#4662,#4668));
#4670=FACE_BOUND('',#4669,.T.);
#4671=ADVANCED_FACE('',(#4670),#4653,.F.);
#4672=CARTESIAN_POINT('',(-280.,154.499084718,48.000018128));
#4673=DIRECTION('',(1.,0.,0.));
#4674=DIRECTION('',(0.,-1.,0.));
#4675=AXIS2_PLACEMENT_3D('',#4672,#4673,#4674);
#4676=PLANE('',#4675);
#4677=CARTESIAN_POINT('',(-280.,141.554677838,3.000018128));
#4678=VERTEX_POINT('',#4677);
#4679=CARTESIAN_POINT('',(-280.,141.482875032,2.996363091));
#4680=VERTEX_POINT('',#4679);
#4681=CARTESIAN_POINT('',(-280.,141.554677838,2.292911347));
#4682=DIRECTION('',(1.,0.,0.));
#4683=DIRECTION('',(-0.,1.,0.));
#4684=AXIS2_PLACEMENT_3D('',#4681,#4682,#4683);
#4685=CIRCLE('',#4684,0.707106781);
#4686=EDGE_CURVE('',#4678,#4680,#4685,.T.);
#4687=ORIENTED_EDGE('',*,*,#4686,.F.);
#4688=CARTESIAN_POINT('',(-280.,212.51701861,3.000018128));
#4689=VERTEX_POINT('',#4688);
#4690=CARTESIAN_POINT('',(-280.,141.554677838,3.000018128));
#4691=DIRECTION('',(-0.,1.,0.));
#4692=VECTOR('',#4691,70.962340772);
#4693=LINE('',#4690,#4692);
#4694=EDGE_CURVE('',#4678,#4689,#4693,.T.);
#4695=ORIENTED_EDGE('',*,*,#4694,.T.);
#4696=CARTESIAN_POINT('',(-280.,176.999877122,39.895656291));
#4697=VERTEX_POINT('',#4696);
#4698=CARTESIAN_POINT('',(-280.,176.999877122,4.352763072));
#4699=DIRECTION('',(1.,0.,-0.));
#4700=DIRECTION('',(0.,0.,1.));
#4701=AXIS2_PLACEMENT_3D('',#4698,#4699,#4700);
#4702=CIRCLE('',#4701,35.542893219);
#4703=EDGE_CURVE('',#4689,#4697,#4702,.T.);
#4704=ORIENTED_EDGE('',*,*,#4703,.T.);
#4705=CARTESIAN_POINT('',(-280.,176.999877122,4.352763072));
#4706=DIRECTION('',(1.,0.,-0.));
#4707=DIRECTION('',(0.,0.,1.));
#4708=AXIS2_PLACEMENT_3D('',#4705,#4706,#4707);
#4709=CIRCLE('',#4708,35.542893219);
#4710=EDGE_CURVE('',#4697,#4680,#4709,.T.);
#4711=ORIENTED_EDGE('',*,*,#4710,.T.);
#4712=EDGE_LOOP('',(#4687,#4695,#4704,#4711));
#4713=FACE_BOUND('',#4712,.T.);
#4714=ADVANCED_FACE('',(#4713),#4676,.T.);
#4715=CARTESIAN_POINT('',(-282.000017961,176.999877122,4.352763072));
#4716=DIRECTION('',(1.,0.,-0.));
#4717=DIRECTION('',(0.,0.,1.));
#4718=AXIS2_PLACEMENT_3D('',#4715,#4716,#4717);
#4719=CYLINDRICAL_SURFACE('',#4718,36.25);
#4720=CARTESIAN_POINT('',(-280.707106781,176.999877122,40.602763072));
#4721=VERTEX_POINT('',#4720);
#4722=CARTESIAN_POINT('',(-282.000017961,176.999877122,40.602763072));
#4723=VERTEX_POINT('',#4722);
#4724=CARTESIAN_POINT('',(-280.707106781,176.999877122,40.602763072));
#4725=DIRECTION('',(-1.,-0.,-0.));
#4726=VECTOR('',#4725,1.29291118);
#4727=LINE('',#4724,#4726);
#4728=EDGE_CURVE('',#4721,#4723,#4727,.T.);
#4729=ORIENTED_EDGE('',*,*,#4728,.T.);
#4730=CARTESIAN_POINT('',(-282.000017961,140.826308163,2.000018128));
#4731=VERTEX_POINT('',#4730);
#4732=CARTESIAN_POINT('',(-282.000017961,176.999877122,4.352763072));
#4733=DIRECTION('',(-1.,-0.,-0.));
#4734=DIRECTION('',(0.,0.,-1.));
#4735=AXIS2_PLACEMENT_3D('',#4732,#4733,#4734);
#4736=CIRCLE('',#4735,36.25);
#4737=EDGE_CURVE('',#4731,#4723,#4736,.T.);
#4738=ORIENTED_EDGE('',*,*,#4737,.F.);
#4739=CARTESIAN_POINT('',(-280.707106781,140.826308163,2.000018128));
#4740=VERTEX_POINT('',#4739);
#4741=CARTESIAN_POINT('',(-280.707106781,140.826308163,2.000018128));
#4742=DIRECTION('',(-1.,-0.,-0.));
#4743=VECTOR('',#4742,1.29291118);
#4744=LINE('',#4741,#4743);
#4745=EDGE_CURVE('',#4740,#4731,#4744,.T.);
#4746=ORIENTED_EDGE('',*,*,#4745,.F.);
#4747=CARTESIAN_POINT('',(-280.707106781,176.999877122,4.352763072));
#4748=DIRECTION('',(-1.,-0.,0.));
#4749=DIRECTION('',(0.,0.,1.));
#4750=AXIS2_PLACEMENT_3D('',#4747,#4748,#4749);
#4751=CIRCLE('',#4750,36.25);
#4752=EDGE_CURVE('',#4740,#4721,#4751,.T.);
#4753=ORIENTED_EDGE('',*,*,#4752,.T.);
#4754=EDGE_LOOP('',(#4729,#4738,#4746,#4753));
#4755=FACE_BOUND('',#4754,.T.);
#4756=ADVANCED_FACE('',(#4755),#4719,.T.);
#4757=CARTESIAN_POINT('',(-282.000017961,176.999877122,4.352763072));
#4758=DIRECTION('',(1.,0.,-0.));
#4759=DIRECTION('',(0.,0.,1.));
#4760=AXIS2_PLACEMENT_3D('',#4757,#4758,#4759);
#4761=CYLINDRICAL_SURFACE('',#4760,37.25);
#4762=CARTESIAN_POINT('',(-280.707106781,176.999877122,41.602763072));
#4763=VERTEX_POINT('',#4762);
#4764=CARTESIAN_POINT('',(-282.000017961,176.999877122,41.602763072));
#4765=VERTEX_POINT('',#4764);
#4766=CARTESIAN_POINT('',(-280.707106781,176.999877122,41.602763072));
#4767=DIRECTION('',(-1.,-0.,-0.));
#4768=VECTOR('',#4767,1.29291118);
#4769=LINE('',#4766,#4768);
#4770=EDGE_CURVE('',#4763,#4765,#4769,.T.);
#4771=ORIENTED_EDGE('',*,*,#4770,.F.);
#4772=CARTESIAN_POINT('',(-280.707106781,139.792760396,2.565876127));
#4773=VERTEX_POINT('',#4772);
#4774=CARTESIAN_POINT('',(-280.707106781,176.999877122,4.352763072));
#4775=DIRECTION('',(1.,0.,-0.));
#4776=DIRECTION('',(0.,0.,1.));
#4777=AXIS2_PLACEMENT_3D('',#4774,#4775,#4776);
#4778=CIRCLE('',#4777,37.25);
#4779=EDGE_CURVE('',#4763,#4773,#4778,.T.);
#4780=ORIENTED_EDGE('',*,*,#4779,.T.);
#4781=CARTESIAN_POINT('',(-282.000017961,139.792760396,2.565876127));
#4782=VERTEX_POINT('',#4781);
#4783=CARTESIAN_POINT('',(-282.000017961,139.792760396,2.565876127));
#4784=DIRECTION('',(1.,0.,0.));
#4785=VECTOR('',#4784,1.29291118);
#4786=LINE('',#4783,#4785);
#4787=EDGE_CURVE('',#4782,#4773,#4786,.T.);
#4788=ORIENTED_EDGE('',*,*,#4787,.F.);
#4789=CARTESIAN_POINT('',(-282.000017961,176.999877122,4.352763072));
#4790=DIRECTION('',(-1.,-0.,-0.));
#4791=DIRECTION('',(0.,0.,-1.));
#4792=AXIS2_PLACEMENT_3D('',#4789,#4790,#4791);
#4793=CIRCLE('',#4792,37.25);
#4794=EDGE_CURVE('',#4782,#4765,#4793,.T.);
#4795=ORIENTED_EDGE('',*,*,#4794,.T.);
#4796=EDGE_LOOP('',(#4771,#4780,#4788,#4795));
#4797=FACE_BOUND('',#4796,.T.);
#4798=ADVANCED_FACE('',(#4797),#4761,.F.);
#4799=CARTESIAN_POINT('',(-282.000017961,2283.999999833,63.000018128));
#4800=DIRECTION('',(-1.,-0.,0.));
#4801=DIRECTION('',(-0.,1.,0.));
#4802=AXIS2_PLACEMENT_3D('',#4799,#4800,#4801);
#4803=PLANE('',#4802);
#4804=CARTESIAN_POINT('',(-282.000017961,214.175502083,2.000018128));
#4805=VERTEX_POINT('',#4804);
#4806=CARTESIAN_POINT('',(-282.000017961,213.252392687,2.000018128));
#4807=VERTEX_POINT('',#4806);
#4808=CARTESIAN_POINT('',(-282.000017961,214.175502083,2.000018128));
#4809=DIRECTION('',(0.,-1.,0.));
#4810=VECTOR('',#4809,0.923109396);
#4811=LINE('',#4808,#4810);
#4812=EDGE_CURVE('',#4805,#4807,#4811,.T.);
#4813=ORIENTED_EDGE('',*,*,#4812,.F.);
#4814=CARTESIAN_POINT('',(-282.000017961,176.999877122,4.352763072));
#4815=DIRECTION('',(-1.,-0.,-0.));
#4816=DIRECTION('',(0.,0.,-1.));
#4817=AXIS2_PLACEMENT_3D('',#4814,#4815,#4816);
#4818=CIRCLE('',#4817,37.25);
#4819=EDGE_CURVE('',#4765,#4805,#4818,.T.);
#4820=ORIENTED_EDGE('',*,*,#4819,.F.);
#4821=ORIENTED_EDGE('',*,*,#4794,.F.);
#4822=CARTESIAN_POINT('',(-282.000017961,139.847571057,2.292911347));
#4823=VERTEX_POINT('',#4822);
#4824=CARTESIAN_POINT('',(-282.000017961,139.140464276,2.292911347));
#4825=DIRECTION('',(-1.,-0.,0.));
#4826=DIRECTION('',(0.,-1.,0.));
#4827=AXIS2_PLACEMENT_3D('',#4824,#4825,#4826);
#4828=CIRCLE('',#4827,0.707106781);
#4829=EDGE_CURVE('',#4782,#4823,#4828,.T.);
#4830=ORIENTED_EDGE('',*,*,#4829,.T.);
#4831=CARTESIAN_POINT('',(-282.000017961,139.847571057,2.000018128));
#4832=VERTEX_POINT('',#4831);
#4833=CARTESIAN_POINT('',(-282.000017961,139.847571057,2.000018128));
#4834=DIRECTION('',(0.,0.,1.));
#4835=VECTOR('',#4834,0.292893219);
#4836=LINE('',#4833,#4835);
#4837=EDGE_CURVE('',#4832,#4823,#4836,.T.);
#4838=ORIENTED_EDGE('',*,*,#4837,.F.);
#4839=CARTESIAN_POINT('',(-282.000017961,140.826308163,2.000018128));
#4840=DIRECTION('',(0.,-1.,0.));
#4841=VECTOR('',#4840,0.978737106);
#4842=LINE('',#4839,#4841);
#4843=EDGE_CURVE('',#4731,#4832,#4842,.T.);
#4844=ORIENTED_EDGE('',*,*,#4843,.F.);
#4845=ORIENTED_EDGE('',*,*,#4737,.T.);
#4846=CARTESIAN_POINT('',(-282.000017961,213.204906225,2.547668161));
#4847=VERTEX_POINT('',#4846);
#4848=CARTESIAN_POINT('',(-282.000017961,176.999877122,4.352763072));
#4849=DIRECTION('',(-1.,-0.,-0.));
#4850=DIRECTION('',(0.,0.,-1.));
#4851=AXIS2_PLACEMENT_3D('',#4848,#4849,#4850);
#4852=CIRCLE('',#4851,36.25);
#4853=EDGE_CURVE('',#4723,#4847,#4852,.T.);
#4854=ORIENTED_EDGE('',*,*,#4853,.T.);
#4855=CARTESIAN_POINT('',(-282.000017961,213.252392687,2.292911347));
#4856=VERTEX_POINT('',#4855);
#4857=CARTESIAN_POINT('',(-282.000017961,212.545285906,2.292911347));
#4858=DIRECTION('',(-1.,-0.,0.));
#4859=DIRECTION('',(0.,-1.,0.));
#4860=AXIS2_PLACEMENT_3D('',#4857,#4858,#4859);
#4861=CIRCLE('',#4860,0.707106781);
#4862=EDGE_CURVE('',#4847,#4856,#4861,.T.);
#4863=ORIENTED_EDGE('',*,*,#4862,.T.);
#4864=CARTESIAN_POINT('',(-282.000017961,213.252392687,2.292911347));
#4865=DIRECTION('',(0.,0.,-1.));
#4866=VECTOR('',#4865,0.292893219);
#4867=LINE('',#4864,#4866);
#4868=EDGE_CURVE('',#4856,#4807,#4867,.T.);
#4869=ORIENTED_EDGE('',*,*,#4868,.T.);
#4870=EDGE_LOOP('',(#4813,#4820,#4821,#4830,#4838,#4844,#4845,#4854,#4863,#4869));
#4871=FACE_BOUND('',#4870,.T.);
#4872=ADVANCED_FACE('',(#4871),#4803,.F.);
#4873=CARTESIAN_POINT('',(-280.707106781,176.999877122,4.352763072));
#4874=DIRECTION('',(1.,0.,-0.));
#4875=DIRECTION('',(0.,0.,1.));
#4876=AXIS2_PLACEMENT_3D('',#4873,#4874,#4875);
#4877=TOROIDAL_SURFACE('',#4876,35.542893219,0.707106781);
#4878=CARTESIAN_POINT('',(-280.707106781,176.999877122,39.895656291));
#4879=DIRECTION('',(0.,-1.,-0.));
#4880=DIRECTION('',(0.,0.,1.));
#4881=AXIS2_PLACEMENT_3D('',#4878,#4879,#4880);
#4882=CIRCLE('',#4881,0.707106781);
#4883=EDGE_CURVE('',#4697,#4721,#4882,.T.);
#4884=ORIENTED_EDGE('',*,*,#4883,.T.);
#4885=ORIENTED_EDGE('',*,*,#4752,.F.);
#4886=CARTESIAN_POINT('',(-280.535186366,140.847571057,2.000018128));
#4887=VERTEX_POINT('',#4886);
#4888=CARTESIAN_POINT('',(-280.707106781,140.826308163,2.000018128));
#4889=CARTESIAN_POINT('',(-280.648834688,140.826308163,2.000018128));
#4890=CARTESIAN_POINT('',(-280.591530937,140.833418218,2.000018128));
#4891=CARTESIAN_POINT('',(-280.535186366,140.847571057,2.000018128));
#4892=B_SPLINE_CURVE_WITH_KNOTS('',3,(#4888,#4889,#4890,#4891),.UNSPECIFIED.,.F.,.F.,(4,4),(0.001213542,0.001386751),.UNSPECIFIED.);
#4893=EDGE_CURVE('',#4740,#4887,#4892,.T.);
#4894=ORIENTED_EDGE('',*,*,#4893,.T.);
#4895=CARTESIAN_POINT('',(-280.475346936,140.847571057,2.292911347));
#4896=VERTEX_POINT('',#4895);
#4897=CARTESIAN_POINT('',(-280.475346936,140.847571057,2.292911347));
#4898=CARTESIAN_POINT('',(-280.491493526,140.847571057,2.194437827));
#4899=CARTESIAN_POINT('',(-280.51019461,140.847571057,2.096530647));
#4900=CARTESIAN_POINT('',(-280.535186343,140.847571057,2.000018123));
#4901=B_SPLINE_CURVE_WITH_KNOTS('',3,(#4897,#4898,#4899,#4900),.UNSPECIFIED.,.F.,.F.,(4,4),(0.000845882,0.00114487),.UNSPECIFIED.);
#4902=EDGE_CURVE('',#4896,#4887,#4901,.T.);
#4903=ORIENTED_EDGE('',*,*,#4902,.F.);
#4904=CARTESIAN_POINT('',(-280.,141.482875032,2.996363091));
#4905=CARTESIAN_POINT('',(-279.999999971,141.435011559,2.991477565));
#4906=CARTESIAN_POINT('',(-280.005003991,141.387238968,2.981549477));
#4907=CARTESIAN_POINT('',(-280.014398867,141.341920275,2.967251187));
#4908=CARTESIAN_POINT('',(-280.023793744,141.296601583,2.952952896));
#4909=CARTESIAN_POINT('',(-280.037328242,141.254105027,2.934583344));
#4910=CARTESIAN_POINT('',(-280.054358256,141.214070848,2.912578094));
#4911=CARTESIAN_POINT('',(-280.088418283,141.134002489,2.868567596));
#4912=CARTESIAN_POINT('',(-280.134357538,141.068411989,2.81278463));
#4913=CARTESIAN_POINT('',(-280.185361444,141.015383852,2.750253666));
#4914=CARTESIAN_POINT('',(-280.23636535,140.962355716,2.687722702));
#4915=CARTESIAN_POINT('',(-280.291876515,140.922649553,2.61999457));
#4916=CARTESIAN_POINT('',(-280.346386757,140.894033051,2.544999556));
#4917=CARTESIAN_POINT('',(-280.373641879,140.8797248,2.507502049));
#4918=CARTESIAN_POINT('',(-280.400256819,140.868474354,2.468763241));
#4919=CARTESIAN_POINT('',(-280.423695559,140.860424495,2.427121244));
#4920=CARTESIAN_POINT('',(-280.447134299,140.852374637,2.385479246));
#4921=CARTESIAN_POINT('',(-280.467414281,140.847570235,2.341311935));
#4922=CARTESIAN_POINT('',(-280.475346934,140.847571057,2.292911346));
#4923=B_SPLINE_CURVE_WITH_KNOTS('',3,(#4904,#4905,#4906,#4907,#4908,#4909,#4910,#4911,#4912,#4913,#4914,#4915,#4916,#4917,#4918,#4919,#4920,#4921,#4922),.UNSPECIFIED.,.F.,.F.,(4,3,3,3,3,3,4),(0.000071757,0.000215993,0.000360229,0.0006487,0.000937172,0.001081407,0.001225643),.UNSPECIFIED.);
#4924=EDGE_CURVE('',#4680,#4896,#4923,.T.);
#4925=ORIENTED_EDGE('',*,*,#4924,.F.);
#4926=ORIENTED_EDGE('',*,*,#4710,.F.);
#4927=EDGE_LOOP('',(#4884,#4885,#4894,#4903,#4925,#4926));
#4928=FACE_BOUND('',#4927,.T.);
#4929=ADVANCED_FACE('',(#4928),#4877,.T.);
#4930=CARTESIAN_POINT('',(-280.707106781,176.999877122,4.352763072));
#4931=DIRECTION('',(1.,0.,-0.));
#4932=DIRECTION('',(0.,0.,1.));
#4933=AXIS2_PLACEMENT_3D('',#4930,#4931,#4932);
#4934=TOROIDAL_SURFACE('',#4933,37.957106781,0.707106781);
#4935=CARTESIAN_POINT('',(-280.707106781,176.999877122,42.309869853));
#4936=DIRECTION('',(0.,-1.,-0.));
#4937=DIRECTION('',(0.,0.,1.));
#4938=AXIS2_PLACEMENT_3D('',#4935,#4936,#4937);
#4939=CIRCLE('',#4938,0.707106781);
#4940=EDGE_CURVE('',#4763,#4206,#4939,.T.);
#4941=ORIENTED_EDGE('',*,*,#4940,.T.);
#4942=ORIENTED_EDGE('',*,*,#4212,.F.);
#4943=CARTESIAN_POINT('',(-280.003833933,139.140464276,3.000018128));
#4944=VERTEX_POINT('',#4943);
#4945=CARTESIAN_POINT('',(-280.,139.066883089,3.000018128));
#4946=CARTESIAN_POINT('',(-280.,139.091511775,3.000018128));
#4947=CARTESIAN_POINT('',(-280.001281603,139.116038549,3.000018128));
#4948=CARTESIAN_POINT('',(-280.003833933,139.140464276,3.000018128));
#4949=B_SPLINE_CURVE_WITH_KNOTS('',3,(#4945,#4946,#4947,#4948),.UNSPECIFIED.,.F.,.F.,(4,4),(0.004099722,0.004173376),.UNSPECIFIED.);
#4950=EDGE_CURVE('',#4198,#4944,#4949,.T.);
#4951=ORIENTED_EDGE('',*,*,#4950,.T.);
#4952=CARTESIAN_POINT('',(-280.707106781,139.792760396,2.565876129));
#4953=CARTESIAN_POINT('',(-280.659262902,139.792760451,2.565875999));
#4954=CARTESIAN_POINT('',(-280.612029807,139.787011975,2.580056128));
#4955=CARTESIAN_POINT('',(-280.5691543,139.77754859,2.599707007));
#4956=CARTESIAN_POINT('',(-280.526278793,139.768085204,2.619357886));
#4957=CARTESIAN_POINT('',(-280.48671298,139.755024523,2.643907884));
#4958=CARTESIAN_POINT('',(-280.449310134,139.739230582,2.669048172));
#4959=CARTESIAN_POINT('',(-280.374504444,139.707642699,2.719328747));
#4960=CARTESIAN_POINT('',(-280.306376169,139.664268373,2.773507936));
#4961=CARTESIAN_POINT('',(-280.245305953,139.609573028,2.822002056));
#4962=CARTESIAN_POINT('',(-280.184235737,139.554877683,2.870496176));
#4963=CARTESIAN_POINT('',(-280.129211282,139.487345549,2.91500486));
#4964=CARTESIAN_POINT('',(-280.086606125,139.408116062,2.947405443));
#4965=CARTESIAN_POINT('',(-280.044000967,139.328886574,2.979806025));
#4966=CARTESIAN_POINT('',(-280.013902635,139.236822039,3.000018243));
#4967=CARTESIAN_POINT('',(-280.003833933,139.140464276,3.000018128));
#4968=B_SPLINE_CURVE_WITH_KNOTS('',3,(#4952,#4953,#4954,#4955,#4956,#4957,#4958,#4959,#4960,#4961,#4962,#4963,#4964,#4965,#4966,#4967),.UNSPECIFIED.,.F.,.F.,(4,3,3,3,3,4),(0.000040651,0.000184153,0.000327655,0.000614659,0.000901663,0.001188666),.UNSPECIFIED.);
#4969=EDGE_CURVE('',#4773,#4944,#4968,.T.);
#4970=ORIENTED_EDGE('',*,*,#4969,.F.);
#4971=ORIENTED_EDGE('',*,*,#4779,.F.);
#4972=EDGE_LOOP('',(#4941,#4942,#4951,#4970,#4971));
#4973=FACE_BOUND('',#4972,.T.);
#4974=ADVANCED_FACE('',(#4973),#4934,.T.);
#4975=CARTESIAN_POINT('',(1462.,737.000017794,43.000018128));
#4976=DIRECTION('',(0.,0.,1.));
#4977=DIRECTION('',(-1.,-0.,0.));
#4978=AXIS2_PLACEMENT_3D('',#4975,#4976,#4977);
#4979=PLANE('',#4978);
#4980=CARTESIAN_POINT('',(-280.,165.729796917,43.000018128));
#4981=DIRECTION('',(-0.99999995,-0.000315372,-0.));
#4982=VECTOR('',#4981,8.000000398);
#4983=LINE('',#4980,#4982);
#4984=EDGE_CURVE('',#4173,#4355,#4983,.T.);
#4985=ORIENTED_EDGE('',*,*,#4984,.F.);
#4986=ORIENTED_EDGE('',*,*,#4178,.F.);
#4987=CARTESIAN_POINT('',(-288.,188.2174664,43.000018128));
#4988=DIRECTION('',(0.99999995,0.000315372,0.));
#4989=VECTOR('',#4988,8.000000398);
#4990=LINE('',#4987,#4989);
#4991=EDGE_CURVE('',#4297,#4164,#4990,.T.);
#4992=ORIENTED_EDGE('',*,*,#4991,.F.);
#4993=ORIENTED_EDGE('',*,*,#4367,.F.);
#4994=EDGE_LOOP('',(#4985,#4986,#4992,#4993));
#4995=FACE_BOUND('',#4994,.T.);
#4996=ADVANCED_FACE('',(#4995),#4979,.T.);
#4997=CARTESIAN_POINT('',(1462.,737.000017794,0.000018128));
#4998=DIRECTION('',(0.,0.,1.));
#4999=DIRECTION('',(-1.,-0.,0.));
#5000=AXIS2_PLACEMENT_3D('',#4997,#4998,#4999);
#5001=PLANE('',#5000);
#5002=ORIENTED_EDGE('',*,*,#4482,.T.);
#5003=CARTESIAN_POINT('',(-12.,137.045461896,0.000018128));
#5004=DIRECTION('',(-0.99999995,-0.000315372,-0.));
#5005=VECTOR('',#5004,276.000013725);
#5006=LINE('',#5003,#5005);
#5007=EDGE_CURVE('',#4466,#4323,#5006,.T.);
#5008=ORIENTED_EDGE('',*,*,#5007,.T.);
#5009=ORIENTED_EDGE('',*,*,#4328,.T.);
#5010=CARTESIAN_POINT('',(-288.,216.986321121,0.000018128));
#5011=DIRECTION('',(0.99999995,0.000315372,0.));
#5012=VECTOR('',#5011,8.000000398);
#5013=LINE('',#5010,#5012);
#5014=EDGE_CURVE('',#4314,#4147,#5013,.T.);
#5015=ORIENTED_EDGE('',*,*,#5014,.T.);
#5016=ORIENTED_EDGE('',*,*,#4252,.T.);
#5017=CARTESIAN_POINT('',(-20.,216.952392687,0.000018128));
#5018=DIRECTION('',(-1.,0.,0.));
#5019=VECTOR('',#5018,260.);
#5020=LINE('',#5017,#5019);
#5021=EDGE_CURVE('',#4552,#4241,#5020,.T.);
#5022=ORIENTED_EDGE('',*,*,#5021,.F.);
#5023=ORIENTED_EDGE('',*,*,#4557,.T.);
#5024=ORIENTED_EDGE('',*,*,#4667,.F.);
#5025=EDGE_LOOP('',(#5002,#5008,#5009,#5015,#5016,#5022,#5023,#5024));
#5026=FACE_BOUND('',#5025,.T.);
#5027=ADVANCED_FACE('',(#5026),#5001,.F.);
#5028=CARTESIAN_POINT('',(-100.049877289,213.252392687,2.000018128));
#5029=DIRECTION('',(0.,1.,0.));
#5030=DIRECTION('',(-1.,0.,0.));
#5031=AXIS2_PLACEMENT_3D('',#5028,#5029,#5030);
#5032=PLANE('',#5031);
#5033=ORIENTED_EDGE('',*,*,#4868,.F.);
#5034=CARTESIAN_POINT('',(-21.049859328,213.252392687,2.292911347));
#5035=VERTEX_POINT('',#5034);
#5036=CARTESIAN_POINT('',(-282.000017961,213.252392687,2.292911347));
#5037=DIRECTION('',(1.,-0.,-0.));
#5038=VECTOR('',#5037,260.950158633);
#5039=LINE('',#5036,#5038);
#5040=EDGE_CURVE('',#4856,#5035,#5039,.T.);
#5041=ORIENTED_EDGE('',*,*,#5040,.T.);
#5042=CARTESIAN_POINT('',(-21.049859328,213.252392687,2.000018128));
#5043=VERTEX_POINT('',#5042);
#5044=CARTESIAN_POINT('',(-21.049859328,213.252392687,2.292911347));
#5045=DIRECTION('',(0.,0.,-1.));
#5046=VECTOR('',#5045,0.292893219);
#5047=LINE('',#5044,#5046);
#5048=EDGE_CURVE('',#5035,#5043,#5047,.T.);
#5049=ORIENTED_EDGE('',*,*,#5048,.T.);
#5050=CARTESIAN_POINT('',(-21.049859328,213.252392687,2.000018128));
#5051=DIRECTION('',(-1.,0.,0.));
#5052=VECTOR('',#5051,260.950158633);
#5053=LINE('',#5050,#5052);
#5054=EDGE_CURVE('',#5043,#4807,#5053,.T.);
#5055=ORIENTED_EDGE('',*,*,#5054,.T.);
#5056=EDGE_LOOP('',(#5033,#5041,#5049,#5055));
#5057=FACE_BOUND('',#5056,.T.);
#5058=ADVANCED_FACE('',(#5057),#5032,.T.);
#5059=CARTESIAN_POINT('',(-100.049877289,139.847571057,2.000018128));
#5060=DIRECTION('',(0.,-1.,0.));
#5061=DIRECTION('',(1.,0.,0.));
#5062=AXIS2_PLACEMENT_3D('',#5059,#5060,#5061);
#5063=PLANE('',#5062);
#5064=CARTESIAN_POINT('',(-21.049859328,139.847571057,2.000018128));
#5065=VERTEX_POINT('',#5064);
#5066=CARTESIAN_POINT('',(-282.000017961,139.847571057,2.000018128));
#5067=DIRECTION('',(1.,0.,0.));
#5068=VECTOR('',#5067,260.950158633);
#5069=LINE('',#5066,#5068);
#5070=EDGE_CURVE('',#4832,#5065,#5069,.T.);
#5071=ORIENTED_EDGE('',*,*,#5070,.F.);
#5072=ORIENTED_EDGE('',*,*,#4837,.T.);
#5073=CARTESIAN_POINT('',(-21.049859328,139.847571057,2.292911347));
#5074=VERTEX_POINT('',#5073);
#5075=CARTESIAN_POINT('',(-282.000017961,139.847571057,2.292911347));
#5076=DIRECTION('',(1.,0.,0.));
#5077=VECTOR('',#5076,260.950158633);
#5078=LINE('',#5075,#5077);
#5079=EDGE_CURVE('',#4823,#5074,#5078,.T.);
#5080=ORIENTED_EDGE('',*,*,#5079,.T.);
#5081=CARTESIAN_POINT('',(-21.049859328,139.847571057,2.000018128));
#5082=DIRECTION('',(0.,0.,1.));
#5083=VECTOR('',#5082,0.292893219);
#5084=LINE('',#5081,#5083);
#5085=EDGE_CURVE('',#5065,#5074,#5084,.T.);
#5086=ORIENTED_EDGE('',*,*,#5085,.F.);
#5087=EDGE_LOOP('',(#5071,#5072,#5080,#5086));
#5088=FACE_BOUND('',#5087,.T.);
#5089=ADVANCED_FACE('',(#5088),#5063,.F.);
#5090=CARTESIAN_POINT('',(175.950122711,212.545285906,2.292911347));
#5091=DIRECTION('',(1.,-0.,0.));
#5092=DIRECTION('',(0.,1.,0.));
#5093=AXIS2_PLACEMENT_3D('',#5090,#5091,#5092);
#5094=CYLINDRICAL_SURFACE('',#5093,0.707106781);
#5095=ORIENTED_EDGE('',*,*,#4862,.F.);
#5096=CARTESIAN_POINT('',(-280.707106781,213.204906225,2.547668161));
#5097=VERTEX_POINT('',#5096);
#5098=CARTESIAN_POINT('',(-280.707106781,213.204906225,2.547668161));
#5099=DIRECTION('',(-1.,0.,-0.));
#5100=VECTOR('',#5099,1.29291118);
#5101=LINE('',#5098,#5100);
#5102=EDGE_CURVE('',#5097,#4847,#5101,.T.);
#5103=ORIENTED_EDGE('',*,*,#5102,.F.);
#5104=CARTESIAN_POINT('',(-280.000564414,212.545285906,3.000018128));
#5105=VERTEX_POINT('',#5104);
#5106=CARTESIAN_POINT('',(-280.707106781,213.204906225,2.547668163));
#5107=CARTESIAN_POINT('',(-280.657945093,213.204906308,2.547667949));
#5108=CARTESIAN_POINT('',(-280.608971118,213.200177569,2.560379174));
#5109=CARTESIAN_POINT('',(-280.564277387,213.191869064,2.579145902));
#5110=CARTESIAN_POINT('',(-280.519583656,213.183560559,2.597912629));
#5111=CARTESIAN_POINT('',(-280.477682118,213.171601898,2.622462844));
#5112=CARTESIAN_POINT('',(-280.438601082,213.156749506,2.648034237));
#5113=CARTESIAN_POINT('',(-280.360439009,213.127044722,2.699177021));
#5114=CARTESIAN_POINT('',(-280.289994232,213.084674334,2.756324608));
#5115=CARTESIAN_POINT('',(-280.227994346,213.029719656,2.808007398));
#5116=CARTESIAN_POINT('',(-280.196994403,213.002242317,2.833848793));
#5117=CARTESIAN_POINT('',(-280.168119407,212.971599892,2.858575701));
#5118=CARTESIAN_POINT('',(-280.141529796,212.937077123,2.881553549));
#5119=CARTESIAN_POINT('',(-280.114940185,212.902554353,2.904531398));
#5120=CARTESIAN_POINT('',(-280.090927849,212.864349874,2.925520607));
#5121=CARTESIAN_POINT('',(-280.07071113,212.823266768,2.943085662));
#5122=CARTESIAN_POINT('',(-280.030277691,212.741100556,2.978215773));
#5123=CARTESIAN_POINT('',(-280.004538562,212.644763724,3.000018174));
#5124=CARTESIAN_POINT('',(-280.000564414,212.545285906,3.000018128));
#5125=B_SPLINE_CURVE_WITH_KNOTS('',3,(#5106,#5107,#5108,#5109,#5110,#5111,#5112,#5113,#5114,#5115,#5116,#5117,#5118,#5119,#5120,#5121,#5122,#5123,#5124),.UNSPECIFIED.,.F.,.F.,(4,3,3,3,3,3,4),(0.000040632,0.000187989,0.000335345,0.000630058,0.000777415,0.000924771,0.001219484),.UNSPECIFIED.);
#5126=EDGE_CURVE('',#5097,#5105,#5125,.T.);
#5127=ORIENTED_EDGE('',*,*,#5126,.T.);
#5128=CARTESIAN_POINT('',(-21.049859328,212.545285906,3.000018128));
#5129=VERTEX_POINT('',#5128);
#5130=CARTESIAN_POINT('',(-21.049859328,212.545285906,3.000018128));
#5131=DIRECTION('',(-1.,0.,0.));
#5132=VECTOR('',#5131,258.950705086);
#5133=LINE('',#5130,#5132);
#5134=EDGE_CURVE('',#5129,#5105,#5133,.T.);
#5135=ORIENTED_EDGE('',*,*,#5134,.F.);
#5136=CARTESIAN_POINT('',(-21.049859328,212.545285906,2.292911347));
#5137=DIRECTION('',(-1.,-0.,0.));
#5138=DIRECTION('',(0.,-1.,0.));
#5139=AXIS2_PLACEMENT_3D('',#5136,#5137,#5138);
#5140=CIRCLE('',#5139,0.707106781);
#5141=EDGE_CURVE('',#5129,#5035,#5140,.T.);
#5142=ORIENTED_EDGE('',*,*,#5141,.T.);
#5143=ORIENTED_EDGE('',*,*,#5040,.F.);
#5144=EDGE_LOOP('',(#5095,#5103,#5127,#5135,#5142,#5143));
#5145=FACE_BOUND('',#5144,.T.);
#5146=ADVANCED_FACE('',(#5145),#5094,.T.);
#5147=CARTESIAN_POINT('',(109.950122711,323.550104583,2.000018128));
#5148=DIRECTION('',(0.,0.,-1.));
#5149=DIRECTION('',(1.,0.,0.));
#5150=AXIS2_PLACEMENT_3D('',#5147,#5148,#5149);
#5151=PLANE('',#5150);
#5152=ORIENTED_EDGE('',*,*,#4745,.T.);
#5153=ORIENTED_EDGE('',*,*,#4843,.T.);
#5154=ORIENTED_EDGE('',*,*,#5070,.T.);
#5155=CARTESIAN_POINT('',(-21.049859328,140.847571057,2.000018128));
#5156=VERTEX_POINT('',#5155);
#5157=CARTESIAN_POINT('',(-21.049859328,140.847571057,2.000018128));
#5158=DIRECTION('',(0.,-1.,0.));
#5159=VECTOR('',#5158,1.);
#5160=LINE('',#5157,#5159);
#5161=EDGE_CURVE('',#5156,#5065,#5160,.T.);
#5162=ORIENTED_EDGE('',*,*,#5161,.F.);
#5163=CARTESIAN_POINT('',(-280.535186366,140.847571057,2.000018128));
#5164=DIRECTION('',(1.,0.,0.));
#5165=VECTOR('',#5164,259.485327038);
#5166=LINE('',#5163,#5165);
#5167=EDGE_CURVE('',#4887,#5156,#5166,.T.);
#5168=ORIENTED_EDGE('',*,*,#5167,.F.);
#5169=ORIENTED_EDGE('',*,*,#4893,.F.);
#5170=EDGE_LOOP('',(#5152,#5153,#5154,#5162,#5168,#5169));
#5171=FACE_BOUND('',#5170,.T.);
#5172=ADVANCED_FACE('',(#5171),#5151,.F.);
#5173=CARTESIAN_POINT('',(109.950122711,323.550104583,2.000018128));
#5174=DIRECTION('',(0.,0.,-1.));
#5175=DIRECTION('',(1.,0.,0.));
#5176=AXIS2_PLACEMENT_3D('',#5173,#5174,#5175);
#5177=PLANE('',#5176);
#5178=CARTESIAN_POINT('',(-280.707106781,214.175502083,2.000018128));
#5179=VERTEX_POINT('',#5178);
#5180=CARTESIAN_POINT('',(-282.000017961,214.175502083,2.000018128));
#5181=DIRECTION('',(1.,0.,0.));
#5182=VECTOR('',#5181,1.29291118);
#5183=LINE('',#5180,#5182);
#5184=EDGE_CURVE('',#4805,#5179,#5183,.T.);
#5185=ORIENTED_EDGE('',*,*,#5184,.F.);
#5186=ORIENTED_EDGE('',*,*,#4812,.T.);
#5187=ORIENTED_EDGE('',*,*,#5054,.F.);
#5188=CARTESIAN_POINT('',(-21.049859328,214.252392687,2.000018128));
#5189=VERTEX_POINT('',#5188);
#5190=CARTESIAN_POINT('',(-21.049859328,213.252392687,2.000018128));
#5191=DIRECTION('',(-0.,1.,0.));
#5192=VECTOR('',#5191,1.);
#5193=LINE('',#5190,#5192);
#5194=EDGE_CURVE('',#5043,#5189,#5193,.T.);
#5195=ORIENTED_EDGE('',*,*,#5194,.T.);
#5196=CARTESIAN_POINT('',(-280.386740679,214.252392687,2.000018128));
#5197=VERTEX_POINT('',#5196);
#5198=CARTESIAN_POINT('',(-21.049859328,214.252392687,2.000018128));
#5199=DIRECTION('',(-1.,0.,0.));
#5200=VECTOR('',#5199,259.336881351);
#5201=LINE('',#5198,#5200);
#5202=EDGE_CURVE('',#5189,#5197,#5201,.T.);
#5203=ORIENTED_EDGE('',*,*,#5202,.T.);
#5204=CARTESIAN_POINT('',(-280.707106781,214.175502083,2.000018128));
#5205=CARTESIAN_POINT('',(-280.651203301,214.175502083,2.000018128));
#5206=CARTESIAN_POINT('',(-280.596388933,214.182052767,2.000018128));
#5207=CARTESIAN_POINT('',(-280.542627499,214.194936541,2.000018128));
#5208=CARTESIAN_POINT('',(-280.488866066,214.207820315,2.000018128));
#5209=CARTESIAN_POINT('',(-280.435907171,214.227355526,2.000018128));
#5210=CARTESIAN_POINT('',(-280.386740679,214.252392687,2.000018128));
#5211=B_SPLINE_CURVE_WITH_KNOTS('',3,(#5204,#5205,#5206,#5207,#5208,#5209,#5210),.UNSPECIFIED.,.F.,.F.,(4,3,4),(0.001905436,0.00207087,0.002236305),.UNSPECIFIED.);
#5212=EDGE_CURVE('',#5179,#5197,#5211,.T.);
#5213=ORIENTED_EDGE('',*,*,#5212,.F.);
#5214=EDGE_LOOP('',(#5185,#5186,#5187,#5195,#5203,#5213));
#5215=FACE_BOUND('',#5214,.T.);
#5216=ADVANCED_FACE('',(#5215),#5177,.F.);
#5217=CARTESIAN_POINT('',(-100.049877289,139.140464276,2.292911347));
#5218=DIRECTION('',(1.,0.,0.));
#5219=DIRECTION('',(-0.,1.,0.));
#5220=AXIS2_PLACEMENT_3D('',#5217,#5218,#5219);
#5221=CYLINDRICAL_SURFACE('',#5220,0.707106781);
#5222=ORIENTED_EDGE('',*,*,#4829,.F.);
#5223=ORIENTED_EDGE('',*,*,#4787,.T.);
#5224=ORIENTED_EDGE('',*,*,#4969,.T.);
#5225=CARTESIAN_POINT('',(-21.049859328,139.140464276,3.000018128));
#5226=VERTEX_POINT('',#5225);
#5227=CARTESIAN_POINT('',(-21.049859328,139.140464276,3.000018128));
#5228=DIRECTION('',(-1.,-0.,-0.));
#5229=VECTOR('',#5228,258.953974605);
#5230=LINE('',#5227,#5229);
#5231=EDGE_CURVE('',#5226,#4944,#5230,.T.);
#5232=ORIENTED_EDGE('',*,*,#5231,.F.);
#5233=CARTESIAN_POINT('',(-21.049859328,139.140464276,2.292911347));
#5234=DIRECTION('',(-1.,-0.,0.));
#5235=DIRECTION('',(0.,-1.,0.));
#5236=AXIS2_PLACEMENT_3D('',#5233,#5234,#5235);
#5237=CIRCLE('',#5236,0.707106781);
#5238=EDGE_CURVE('',#5226,#5074,#5237,.T.);
#5239=ORIENTED_EDGE('',*,*,#5238,.T.);
#5240=ORIENTED_EDGE('',*,*,#5079,.F.);
#5241=EDGE_LOOP('',(#5222,#5223,#5224,#5232,#5239,#5240));
#5242=FACE_BOUND('',#5241,.T.);
#5243=ADVANCED_FACE('',(#5242),#5221,.T.);
#5244=CARTESIAN_POINT('',(-100.049877289,216.952392687,0.000018128));
#5245=DIRECTION('',(0.,1.,0.));
#5246=DIRECTION('',(-1.,0.,0.));
#5247=AXIS2_PLACEMENT_3D('',#5244,#5245,#5246);
#5248=PLANE('',#5247);
#5249=ORIENTED_EDGE('',*,*,#5021,.T.);
#5250=ORIENTED_EDGE('',*,*,#4246,.T.);
#5251=CARTESIAN_POINT('',(-20.,216.952392687,3.000018128));
#5252=DIRECTION('',(-1.,0.,0.));
#5253=VECTOR('',#5252,260.);
#5254=LINE('',#5251,#5253);
#5255=EDGE_CURVE('',#4560,#4233,#5254,.T.);
#5256=ORIENTED_EDGE('',*,*,#5255,.F.);
#5257=ORIENTED_EDGE('',*,*,#4565,.F.);
#5258=EDGE_LOOP('',(#5249,#5250,#5256,#5257));
#5259=FACE_BOUND('',#5258,.T.);
#5260=ADVANCED_FACE('',(#5259),#5248,.T.);
#5261=CARTESIAN_POINT('',(-21.049859328,177.049372759,0.000018128));
#5262=DIRECTION('',(-1.,-0.,0.));
#5263=DIRECTION('',(0.,0.,-1.));
#5264=AXIS2_PLACEMENT_3D('',#5261,#5262,#5263);
#5265=PLANE('',#5264);
#5266=ORIENTED_EDGE('',*,*,#5048,.F.);
#5267=ORIENTED_EDGE('',*,*,#5141,.F.);
#5268=CARTESIAN_POINT('',(-21.049859328,214.959499468,3.000018128));
#5269=VERTEX_POINT('',#5268);
#5270=CARTESIAN_POINT('',(-21.049859328,214.959499468,3.000018128));
#5271=DIRECTION('',(0.,-1.,0.));
#5272=VECTOR('',#5271,2.414213562);
#5273=LINE('',#5270,#5272);
#5274=EDGE_CURVE('',#5269,#5129,#5273,.T.);
#5275=ORIENTED_EDGE('',*,*,#5274,.F.);
#5276=CARTESIAN_POINT('',(-21.049859328,214.252392687,2.292911347));
#5277=VERTEX_POINT('',#5276);
#5278=CARTESIAN_POINT('',(-21.049859328,214.959499468,2.292911347));
#5279=DIRECTION('',(-1.,-0.,0.));
#5280=DIRECTION('',(0.,-1.,0.));
#5281=AXIS2_PLACEMENT_3D('',#5278,#5279,#5280);
#5282=CIRCLE('',#5281,0.707106781);
#5283=EDGE_CURVE('',#5277,#5269,#5282,.T.);
#5284=ORIENTED_EDGE('',*,*,#5283,.F.);
#5285=CARTESIAN_POINT('',(-21.049859328,214.252392687,2.292911347));
#5286=DIRECTION('',(0.,0.,-1.));
#5287=VECTOR('',#5286,0.292893219);
#5288=LINE('',#5285,#5287);
#5289=EDGE_CURVE('',#5277,#5189,#5288,.T.);
#5290=ORIENTED_EDGE('',*,*,#5289,.T.);
#5291=ORIENTED_EDGE('',*,*,#5194,.F.);
#5292=EDGE_LOOP('',(#5266,#5267,#5275,#5284,#5290,#5291));
#5293=FACE_BOUND('',#5292,.T.);
#5294=ADVANCED_FACE('',(#5293),#5265,.T.);
#5295=CARTESIAN_POINT('',(175.950122711,323.550104583,3.000018128));
#5296=DIRECTION('',(0.,0.,-1.));
#5297=DIRECTION('',(1.,0.,0.));
#5298=AXIS2_PLACEMENT_3D('',#5295,#5296,#5297);
#5299=PLANE('',#5298);
#5300=ORIENTED_EDGE('',*,*,#4238,.F.);
#5301=CARTESIAN_POINT('',(-280.,214.959499468,3.000018128));
#5302=DIRECTION('',(1.,-0.,-0.));
#5303=VECTOR('',#5302,258.950140672);
#5304=LINE('',#5301,#5303);
#5305=EDGE_CURVE('',#4224,#5269,#5304,.T.);
#5306=ORIENTED_EDGE('',*,*,#5305,.T.);
#5307=ORIENTED_EDGE('',*,*,#5274,.T.);
#5308=ORIENTED_EDGE('',*,*,#5134,.T.);
#5309=CARTESIAN_POINT('',(-280.,212.51701861,3.000018128));
#5310=CARTESIAN_POINT('',(-280.,212.526462517,3.000018128));
#5311=CARTESIAN_POINT('',(-280.000189266,212.535895487,3.000018128));
#5312=CARTESIAN_POINT('',(-280.000564414,212.545285906,3.000018128));
#5313=B_SPLINE_CURVE_WITH_KNOTS('',3,(#5309,#5310,#5311,#5312),.UNSPECIFIED.,.F.,.F.,(4,4),(0.000947304,0.000975251),.UNSPECIFIED.);
#5314=EDGE_CURVE('',#4689,#5105,#5313,.T.);
#5315=ORIENTED_EDGE('',*,*,#5314,.F.);
#5316=ORIENTED_EDGE('',*,*,#4694,.F.);
#5317=CARTESIAN_POINT('',(-21.049859328,141.554677838,3.000018128));
#5318=VERTEX_POINT('',#5317);
#5319=CARTESIAN_POINT('',(-280.,141.554677838,3.000018128));
#5320=DIRECTION('',(1.,0.,0.));
#5321=VECTOR('',#5320,258.950140672);
#5322=LINE('',#5319,#5321);
#5323=EDGE_CURVE('',#4678,#5318,#5322,.T.);
#5324=ORIENTED_EDGE('',*,*,#5323,.T.);
#5325=CARTESIAN_POINT('',(-21.049859328,141.554677838,3.000018128));
#5326=DIRECTION('',(0.,-1.,0.));
#5327=VECTOR('',#5326,2.414213562);
#5328=LINE('',#5325,#5327);
#5329=EDGE_CURVE('',#5318,#5226,#5328,.T.);
#5330=ORIENTED_EDGE('',*,*,#5329,.T.);
#5331=ORIENTED_EDGE('',*,*,#5231,.T.);
#5332=ORIENTED_EDGE('',*,*,#4950,.F.);
#5333=ORIENTED_EDGE('',*,*,#4203,.F.);
#5334=ORIENTED_EDGE('',*,*,#4283,.F.);
#5335=ORIENTED_EDGE('',*,*,#4351,.F.);
#5336=ORIENTED_EDGE('',*,*,#4422,.T.);
#5337=ORIENTED_EDGE('',*,*,#4454,.T.);
#5338=ORIENTED_EDGE('',*,*,#4643,.T.);
#5339=ORIENTED_EDGE('',*,*,#4590,.T.);
#5340=CARTESIAN_POINT('',(-19.292893219,139.774447895,3.000018128));
#5341=VERTEX_POINT('',#5340);
#5342=CARTESIAN_POINT('',(-20.,139.066883089,3.000018128));
#5343=CARTESIAN_POINT('',(-20.,139.15925432,3.000018128));
#5344=CARTESIAN_POINT('',(-19.981715838,139.251812127,3.000018128));
#5345=CARTESIAN_POINT('',(-19.946155796,139.337700051,3.000018128));
#5346=CARTESIAN_POINT('',(-19.910595755,139.423587974,3.000018128));
#5347=CARTESIAN_POINT('',(-19.858767843,139.501297367,3.000018128));
#5348=CARTESIAN_POINT('',(-19.792855971,139.567242439,3.000018128));
#5349=CARTESIAN_POINT('',(-19.726944099,139.63318751,3.000018128));
#5350=CARTESIAN_POINT('',(-19.649104137,139.685120147,3.000018128));
#5351=CARTESIAN_POINT('',(-19.563371731,139.720636654,3.000018128));
#5352=CARTESIAN_POINT('',(-19.520505528,139.738394908,3.000018128));
#5353=CARTESIAN_POINT('',(-19.476430475,139.751756205,3.000018128));
#5354=CARTESIAN_POINT('',(-19.431165082,139.760787868,3.000018128));
#5355=CARTESIAN_POINT('',(-19.385899689,139.76981953,3.000018128));
#5356=CARTESIAN_POINT('',(-19.339044368,139.774447895,3.000018128));
#5357=CARTESIAN_POINT('',(-19.292893219,139.774447895,3.000018128));
#5358=B_SPLINE_CURVE_WITH_KNOTS('',3,(#5342,#5343,#5344,#5345,#5346,#5347,#5348,#5349,#5350,#5351,#5352,#5353,#5354,#5355,#5356,#5357),.UNSPECIFIED.,.F.,.F.,(4,3,3,3,3,4),(0.004099722,0.004375965,0.004652209,0.004928452,0.005066574,0.005204696),.UNSPECIFIED.);
#5359=EDGE_CURVE('',#4576,#5341,#5358,.T.);
#5360=ORIENTED_EDGE('',*,*,#5359,.T.);
#5361=CARTESIAN_POINT('',(-19.000017961,139.774447895,3.000018128));
#5362=VERTEX_POINT('',#5361);
#5363=CARTESIAN_POINT('',(-19.292893219,139.774447895,3.000018128));
#5364=DIRECTION('',(1.,0.,-0.));
#5365=VECTOR('',#5364,0.292875258);
#5366=LINE('',#5363,#5365);
#5367=EDGE_CURVE('',#5341,#5362,#5366,.T.);
#5368=ORIENTED_EDGE('',*,*,#5367,.T.);
#5369=CARTESIAN_POINT('',(-19.000017961,140.775126176,3.000018128));
#5370=VERTEX_POINT('',#5369);
#5371=CARTESIAN_POINT('',(-19.000017961,140.775126176,3.000018128));
#5372=DIRECTION('',(0.,-1.,0.));
#5373=VECTOR('',#5372,1.000678281);
#5374=LINE('',#5371,#5373);
#5375=EDGE_CURVE('',#5370,#5362,#5374,.T.);
#5376=ORIENTED_EDGE('',*,*,#5375,.F.);
#5377=CARTESIAN_POINT('',(-19.292893219,140.775126176,3.000018128));
#5378=VERTEX_POINT('',#5377);
#5379=CARTESIAN_POINT('',(-19.292893219,140.775126176,3.000018128));
#5380=DIRECTION('',(1.,0.,-0.));
#5381=VECTOR('',#5380,0.292875258);
#5382=LINE('',#5379,#5381);
#5383=EDGE_CURVE('',#5378,#5370,#5382,.T.);
#5384=ORIENTED_EDGE('',*,*,#5383,.F.);
#5385=CARTESIAN_POINT('',(-20.,141.482735634,3.000018128));
#5386=VERTEX_POINT('',#5385);
#5387=CARTESIAN_POINT('',(-19.292893219,140.775126176,3.000018128));
#5388=CARTESIAN_POINT('',(-19.386264057,140.775126176,3.000018128));
#5389=CARTESIAN_POINT('',(-19.477940029,140.793516958,3.000018128));
#5390=CARTESIAN_POINT('',(-19.563561783,140.82901828,3.000018128));
#5391=CARTESIAN_POINT('',(-19.649183536,140.864519601,3.000018128));
#5392=CARTESIAN_POINT('',(-19.727331063,140.916747326,3.000018128));
#5393=CARTESIAN_POINT('',(-19.792978635,140.982463634,3.000018128));
#5394=CARTESIAN_POINT('',(-19.92427378,141.113896251,3.000018128));
#5395=CARTESIAN_POINT('',(-20.,141.296224861,3.000018128));
#5396=CARTESIAN_POINT('',(-20.,141.482735634,3.000018128));
#5397=B_SPLINE_CURVE_WITH_KNOTS('',3,(#5387,#5388,#5389,#5390,#5391,#5392,#5393,#5394,#5395,#5396),.UNSPECIFIED.,.F.,.F.,(4,3,3,4),(0.003799567,0.004075794,0.00435202,0.004904473),.UNSPECIFIED.);
#5398=EDGE_CURVE('',#5378,#5386,#5397,.T.);
#5399=ORIENTED_EDGE('',*,*,#5398,.T.);
#5400=CARTESIAN_POINT('',(-20.,212.51701861,3.000018128));
#5401=VERTEX_POINT('',#5400);
#5402=CARTESIAN_POINT('',(-20.,141.482735634,3.000018128));
#5403=DIRECTION('',(-0.,1.,0.));
#5404=VECTOR('',#5403,71.034282976);
#5405=LINE('',#5402,#5404);
#5406=EDGE_CURVE('',#5386,#5401,#5405,.T.);
#5407=ORIENTED_EDGE('',*,*,#5406,.T.);
#5408=CARTESIAN_POINT('',(-19.292893219,213.224628068,3.000018128));
#5409=VERTEX_POINT('',#5408);
#5410=CARTESIAN_POINT('',(-20.,212.51701861,3.000018128));
#5411=CARTESIAN_POINT('',(-20.,212.56313643,3.000018128));
#5412=CARTESIAN_POINT('',(-19.995395486,212.609970253,3.000018128));
#5413=CARTESIAN_POINT('',(-19.986359348,212.655338291,3.000018128));
#5414=CARTESIAN_POINT('',(-19.97732321,212.700706329,3.000018128));
#5415=CARTESIAN_POINT('',(-19.963964557,212.744790297,3.000018128));
#5416=CARTESIAN_POINT('',(-19.946268087,212.787585649,3.000018128));
#5417=CARTESIAN_POINT('',(-19.928571618,212.830381001,3.000018128));
#5418=CARTESIAN_POINT('',(-19.906416099,212.871832533,3.000018128));
#5419=CARTESIAN_POINT('',(-19.880818416,212.910166682,3.000018128));
#5420=CARTESIAN_POINT('',(-19.855220733,212.948500832,3.000018128));
#5421=CARTESIAN_POINT('',(-19.826006934,212.984219095,3.000018128));
#5422=CARTESIAN_POINT('',(-19.793043954,213.017225214,3.000018128));
#5423=CARTESIAN_POINT('',(-19.727117993,213.083237452,3.000018128));
#5424=CARTESIAN_POINT('',(-19.649254892,213.135215164,3.000018128));
#5425=CARTESIAN_POINT('',(-19.563496097,213.170763196,3.000018128));
#5426=CARTESIAN_POINT('',(-19.520616699,213.188537212,3.000018128));
#5427=CARTESIAN_POINT('',(-19.476522933,213.201912473,3.000018128));
#5428=CARTESIAN_POINT('',(-19.431232757,213.210954022,3.000018128));
#5429=CARTESIAN_POINT('',(-19.38594258,213.219995572,3.000018128));
#5430=CARTESIAN_POINT('',(-19.339064094,213.224628068,3.000018128));
#5431=CARTESIAN_POINT('',(-19.292893219,213.224628068,3.000018128));
#5432=B_SPLINE_CURVE_WITH_KNOTS('',3,(#5410,#5411,#5412,#5413,#5414,#5415,#5416,#5417,#5418,#5419,#5420,#5421,#5422,#5423,#5424,#5425,#5426,#5427,#5428,#5429,#5430,#5431),.UNSPECIFIED.,.F.,.F.,(4,3,3,3,3,3,3,4),(0.000628412,0.000766601,0.000904791,0.00104298,0.00118117,0.001457549,0.001595738,0.001733928),.UNSPECIFIED.);
#5433=EDGE_CURVE('',#5401,#5409,#5432,.T.);
#5434=ORIENTED_EDGE('',*,*,#5433,.T.);
#5435=CARTESIAN_POINT('',(-19.000017961,213.224628068,3.000018128));
#5436=VERTEX_POINT('',#5435);
#5437=CARTESIAN_POINT('',(-19.000017961,213.224628068,3.000018128));
#5438=DIRECTION('',(-1.,-0.,0.));
#5439=VECTOR('',#5438,0.292875258);
#5440=LINE('',#5437,#5439);
#5441=EDGE_CURVE('',#5436,#5409,#5440,.T.);
#5442=ORIENTED_EDGE('',*,*,#5441,.F.);
#5443=CARTESIAN_POINT('',(-19.000017961,214.225306349,3.000018128));
#5444=VERTEX_POINT('',#5443);
#5445=CARTESIAN_POINT('',(-19.000017961,214.225306349,3.000018128));
#5446=DIRECTION('',(0.,-1.,0.));
#5447=VECTOR('',#5446,1.000678281);
#5448=LINE('',#5445,#5447);
#5449=EDGE_CURVE('',#5444,#5436,#5448,.T.);
#5450=ORIENTED_EDGE('',*,*,#5449,.F.);
#5451=CARTESIAN_POINT('',(-19.292893219,214.225306349,3.000018128));
#5452=VERTEX_POINT('',#5451);
#5453=CARTESIAN_POINT('',(-19.000017961,214.225306349,3.000018128));
#5454=DIRECTION('',(-1.,-0.,0.));
#5455=VECTOR('',#5454,0.292875258);
#5456=LINE('',#5453,#5455);
#5457=EDGE_CURVE('',#5444,#5452,#5456,.T.);
#5458=ORIENTED_EDGE('',*,*,#5457,.T.);
#5459=CARTESIAN_POINT('',(-19.292893219,214.225306349,3.000018128));
#5460=CARTESIAN_POINT('',(-19.386003773,214.225306349,3.000018128));
#5461=CARTESIAN_POINT('',(-19.477637926,214.243559247,3.000018128));
#5462=CARTESIAN_POINT('',(-19.563639453,214.279228564,3.000018128));
#5463=CARTESIAN_POINT('',(-19.64964098,214.314897881,3.000018128));
#5464=CARTESIAN_POINT('',(-19.728101768,214.367628463,3.000018128));
#5465=CARTESIAN_POINT('',(-19.793226988,214.432883285,3.000018128));
#5466=CARTESIAN_POINT('',(-19.825789598,214.465510696,3.000018128));
#5467=CARTESIAN_POINT('',(-19.855599611,214.501901472,3.000018128));
#5468=CARTESIAN_POINT('',(-19.881229838,214.54036926,3.000018128));
#5469=CARTESIAN_POINT('',(-19.906860065,214.578837048,3.000018128));
#5470=CARTESIAN_POINT('',(-19.928532651,214.61945579,3.000018128));
#5471=CARTESIAN_POINT('',(-19.946230527,214.66223476,3.000018128));
#5472=CARTESIAN_POINT('',(-19.98162628,214.747792701,3.000018128));
#5473=CARTESIAN_POINT('',(-20.,214.839595975,3.000018128));
#5474=CARTESIAN_POINT('',(-20.,214.932871155,3.000018128));
#5475=B_SPLINE_CURVE_WITH_KNOTS('',3,(#5459,#5460,#5461,#5462,#5463,#5464,#5465,#5466,#5467,#5468,#5469,#5470,#5471,#5472,#5473,#5474),.UNSPECIFIED.,.F.,.F.,(4,3,3,3,3,4),(0.004024561,0.004300783,0.004577005,0.004715116,0.004853227,0.005129449),.UNSPECIFIED.);
#5476=EDGE_CURVE('',#5452,#4568,#5475,.T.);
#5477=ORIENTED_EDGE('',*,*,#5476,.T.);
#5478=ORIENTED_EDGE('',*,*,#4573,.T.);
#5479=ORIENTED_EDGE('',*,*,#5255,.T.);
#5480=EDGE_LOOP('',(#5300,#5306,#5307,#5308,#5315,#5316,#5324,#5330,#5331,#5332,#5333,#5334,#5335,#5336,#5337,#5338,#5339,#5360,#5368,#5376,#5384,#5399,#5407,#5434,#5442,#5450,
#5458,#5477,#5478,#5479));
#5481=FACE_BOUND('',#5480,.T.);
#5482=ADVANCED_FACE('',(#5481),#5299,.F.);
#5483=CARTESIAN_POINT('',(-100.049877289,214.252392687,2.000018128));
#5484=DIRECTION('',(0.,1.,0.));
#5485=DIRECTION('',(-1.,0.,0.));
#5486=AXIS2_PLACEMENT_3D('',#5483,#5484,#5485);
#5487=PLANE('',#5486);
#5488=CARTESIAN_POINT('',(-280.423375751,214.252392687,2.292911347));
#5489=VERTEX_POINT('',#5488);
#5490=CARTESIAN_POINT('',(-280.386740679,214.252392687,2.000018128));
#5491=CARTESIAN_POINT('',(-280.398850661,214.252392687,2.097661642));
#5492=CARTESIAN_POINT('',(-280.411072739,214.252392687,2.195291444));
#5493=CARTESIAN_POINT('',(-280.423375751,214.252392687,2.292911347));
#5494=B_SPLINE_CURVE_WITH_KNOTS('',3,(#5490,#5491,#5492,#5493),.UNSPECIFIED.,.F.,.F.,(4,4),(0.000847053,0.001142227),.UNSPECIFIED.);
#5495=EDGE_CURVE('',#5197,#5489,#5494,.T.);
#5496=ORIENTED_EDGE('',*,*,#5495,.F.);
#5497=ORIENTED_EDGE('',*,*,#5202,.F.);
#5498=ORIENTED_EDGE('',*,*,#5289,.F.);
#5499=CARTESIAN_POINT('',(-21.049859328,214.252392687,2.292911347));
#5500=DIRECTION('',(-1.,0.,0.));
#5501=VECTOR('',#5500,259.373516423);
#5502=LINE('',#5499,#5501);
#5503=EDGE_CURVE('',#5277,#5489,#5502,.T.);
#5504=ORIENTED_EDGE('',*,*,#5503,.T.);
#5505=EDGE_LOOP('',(#5496,#5497,#5498,#5504));
#5506=FACE_BOUND('',#5505,.T.);
#5507=ADVANCED_FACE('',(#5506),#5487,.F.);
#5508=CARTESIAN_POINT('',(-100.049877289,214.959499468,2.292911347));
#5509=DIRECTION('',(-1.,0.,0.));
#5510=DIRECTION('',(-0.,-1.,0.));
#5511=AXIS2_PLACEMENT_3D('',#5508,#5509,#5510);
#5512=CYLINDRICAL_SURFACE('',#5511,0.707106781);
#5513=ORIENTED_EDGE('',*,*,#5305,.F.);
#5514=ORIENTED_EDGE('',*,*,#4230,.T.);
#5515=CARTESIAN_POINT('',(-280.,214.932853241,2.999515889));
#5516=CARTESIAN_POINT('',(-280.000000019,214.833980964,2.995787387));
#5517=CARTESIAN_POINT('',(-280.02135013,214.737784847,2.970670058));
#5518=CARTESIAN_POINT('',(-280.055924703,214.654535424,2.930874458));
#5519=CARTESIAN_POINT('',(-280.073211989,214.612910712,2.910976658));
#5520=CARTESIAN_POINT('',(-280.093907055,214.573961828,2.887273471));
#5521=CARTESIAN_POINT('',(-280.116281541,214.538875901,2.861308932));
#5522=CARTESIAN_POINT('',(-280.138656027,214.503789974,2.835344393));
#5523=CARTESIAN_POINT('',(-280.162917679,214.472059554,2.806903044));
#5524=CARTESIAN_POINT('',(-280.188441183,214.443191549,2.776053284));
#5525=CARTESIAN_POINT('',(-280.239488192,214.385455537,2.714353765));
#5526=CARTESIAN_POINT('',(-280.294973217,214.340630439,2.6456254));
#5527=CARTESIAN_POINT('',(-280.344191626,214.307362948,2.566257205));
#5528=CARTESIAN_POINT('',(-280.368800831,214.290729202,2.526573108));
#5529=CARTESIAN_POINT('',(-280.391548482,214.277198336,2.484447082));
#5530=CARTESIAN_POINT('',(-280.40715957,214.267507046,2.438329667));
#5531=CARTESIAN_POINT('',(-280.422770657,214.257815757,2.392212252));
#5532=CARTESIAN_POINT('',(-280.429620654,214.25239273,2.342466494));
#5533=CARTESIAN_POINT('',(-280.42337575,214.252392687,2.292911347));
#5534=B_SPLINE_CURVE_WITH_KNOTS('',3,(#5515,#5516,#5517,#5518,#5519,#5520,#5521,#5522,#5523,#5524,#5525,#5526,#5527,#5528,#5529,#5530,#5531,#5532,#5533),.UNSPECIFIED.,.F.,.F.,(4,3,3,3,3,3,4),(0.000024021,0.000318037,0.000465046,0.000612054,0.000906071,0.001053079,0.001200087),.UNSPECIFIED.);
#5535=EDGE_CURVE('',#4215,#5489,#5534,.T.);
#5536=ORIENTED_EDGE('',*,*,#5535,.T.);
#5537=ORIENTED_EDGE('',*,*,#5503,.F.);
#5538=ORIENTED_EDGE('',*,*,#5283,.T.);
#5539=EDGE_LOOP('',(#5513,#5514,#5536,#5537,#5538));
#5540=FACE_BOUND('',#5539,.T.);
#5541=ADVANCED_FACE('',(#5540),#5512,.T.);
#5542=CARTESIAN_POINT('',(-100.049877289,140.847571057,2.000018128));
#5543=DIRECTION('',(0.,-1.,0.));
#5544=DIRECTION('',(1.,0.,0.));
#5545=AXIS2_PLACEMENT_3D('',#5542,#5543,#5544);
#5546=PLANE('',#5545);
#5547=CARTESIAN_POINT('',(-21.049859328,140.847571057,2.292911347));
#5548=VERTEX_POINT('',#5547);
#5549=CARTESIAN_POINT('',(-21.049859328,140.847571057,2.292911347));
#5550=DIRECTION('',(-1.,-0.,-0.));
#5551=VECTOR('',#5550,259.425487608);
#5552=LINE('',#5549,#5551);
#5553=EDGE_CURVE('',#5548,#4896,#5552,.T.);
#5554=ORIENTED_EDGE('',*,*,#5553,.T.);
#5555=ORIENTED_EDGE('',*,*,#4902,.T.);
#5556=ORIENTED_EDGE('',*,*,#5167,.T.);
#5557=CARTESIAN_POINT('',(-21.049859328,140.847571057,2.000018128));
#5558=DIRECTION('',(0.,0.,1.));
#5559=VECTOR('',#5558,0.292893219);
#5560=LINE('',#5557,#5559);
#5561=EDGE_CURVE('',#5156,#5548,#5560,.T.);
#5562=ORIENTED_EDGE('',*,*,#5561,.T.);
#5563=EDGE_LOOP('',(#5554,#5555,#5556,#5562));
#5564=FACE_BOUND('',#5563,.T.);
#5565=ADVANCED_FACE('',(#5564),#5546,.T.);
#5566=CARTESIAN_POINT('',(175.950122711,141.554677838,2.292911347));
#5567=DIRECTION('',(-1.,-0.,0.));
#5568=DIRECTION('',(0.,-1.,0.));
#5569=AXIS2_PLACEMENT_3D('',#5566,#5567,#5568);
#5570=CYLINDRICAL_SURFACE('',#5569,0.707106781);
#5571=ORIENTED_EDGE('',*,*,#5323,.F.);
#5572=ORIENTED_EDGE('',*,*,#4686,.T.);
#5573=ORIENTED_EDGE('',*,*,#4924,.T.);
#5574=ORIENTED_EDGE('',*,*,#5553,.F.);
#5575=CARTESIAN_POINT('',(-21.049859328,141.554677838,2.292911347));
#5576=DIRECTION('',(-1.,-0.,0.));
#5577=DIRECTION('',(0.,-1.,0.));
#5578=AXIS2_PLACEMENT_3D('',#5575,#5576,#5577);
#5579=CIRCLE('',#5578,0.707106781);
#5580=EDGE_CURVE('',#5548,#5318,#5579,.T.);
#5581=ORIENTED_EDGE('',*,*,#5580,.T.);
#5582=EDGE_LOOP('',(#5571,#5572,#5573,#5574,#5581));
#5583=FACE_BOUND('',#5582,.T.);
#5584=ADVANCED_FACE('',(#5583),#5570,.T.);
#5585=CARTESIAN_POINT('',(-21.049859328,177.049372759,0.000018128));
#5586=DIRECTION('',(-1.,-0.,0.));
#5587=DIRECTION('',(0.,0.,-1.));
#5588=AXIS2_PLACEMENT_3D('',#5585,#5586,#5587);
#5589=PLANE('',#5588);
#5590=ORIENTED_EDGE('',*,*,#5580,.F.);
#5591=ORIENTED_EDGE('',*,*,#5561,.F.);
#5592=ORIENTED_EDGE('',*,*,#5161,.T.);
#5593=ORIENTED_EDGE('',*,*,#5085,.T.);
#5594=ORIENTED_EDGE('',*,*,#5238,.F.);
#5595=ORIENTED_EDGE('',*,*,#5329,.F.);
#5596=EDGE_LOOP('',(#5590,#5591,#5592,#5593,#5594,#5595));
#5597=FACE_BOUND('',#5596,.T.);
#5598=ADVANCED_FACE('',(#5597),#5589,.T.);
#5599=CARTESIAN_POINT('',(-20.,157.000008646,48.000018128));
#5600=DIRECTION('',(-1.,-0.,0.));
#5601=DIRECTION('',(-0.,1.,0.));
#5602=AXIS2_PLACEMENT_3D('',#5599,#5600,#5601);
#5603=PLANE('',#5602);
#5604=ORIENTED_EDGE('',*,*,#5406,.F.);
#5605=CARTESIAN_POINT('',(-20.,176.999877122,4.352763072));
#5606=DIRECTION('',(-1.,-0.,-0.));
#5607=DIRECTION('',(0.,0.,-1.));
#5608=AXIS2_PLACEMENT_3D('',#5605,#5606,#5607);
#5609=CIRCLE('',#5608,35.542893219);
#5610=EDGE_CURVE('',#5386,#5401,#5609,.T.);
#5611=ORIENTED_EDGE('',*,*,#5610,.T.);
#5612=EDGE_LOOP('',(#5604,#5611));
#5613=FACE_BOUND('',#5612,.T.);
#5614=ADVANCED_FACE('',(#5613),#5603,.T.);
#5615=CARTESIAN_POINT('',(-19.000017961,176.999877122,4.352763072));
#5616=DIRECTION('',(-1.,-0.,-0.));
#5617=DIRECTION('',(0.,0.,-1.));
#5618=AXIS2_PLACEMENT_3D('',#5615,#5616,#5617);
#5619=CYLINDRICAL_SURFACE('',#5618,36.25);
#5620=CARTESIAN_POINT('',(-19.292893219,176.999877122,4.352763072));
#5621=DIRECTION('',(1.,0.,0.));
#5622=DIRECTION('',(0.,0.,-1.));
#5623=AXIS2_PLACEMENT_3D('',#5620,#5621,#5622);
#5624=CIRCLE('',#5623,36.25);
#5625=EDGE_CURVE('',#5409,#5378,#5624,.T.);
#5626=ORIENTED_EDGE('',*,*,#5625,.T.);
#5627=ORIENTED_EDGE('',*,*,#5383,.T.);
#5628=CARTESIAN_POINT('',(-19.000017961,176.999877122,4.352763072));
#5629=DIRECTION('',(1.,0.,-0.));
#5630=DIRECTION('',(0.,0.,1.));
#5631=AXIS2_PLACEMENT_3D('',#5628,#5629,#5630);
#5632=CIRCLE('',#5631,36.25);
#5633=EDGE_CURVE('',#5436,#5370,#5632,.T.);
#5634=ORIENTED_EDGE('',*,*,#5633,.F.);
#5635=ORIENTED_EDGE('',*,*,#5441,.T.);
#5636=EDGE_LOOP('',(#5626,#5627,#5634,#5635));
#5637=FACE_BOUND('',#5636,.T.);
#5638=ADVANCED_FACE('',(#5637),#5619,.T.);
#5639=CARTESIAN_POINT('',(-19.000017961,176.999877122,4.352763072));
#5640=DIRECTION('',(-1.,-0.,-0.));
#5641=DIRECTION('',(0.,0.,-1.));
#5642=AXIS2_PLACEMENT_3D('',#5639,#5640,#5641);
#5643=CYLINDRICAL_SURFACE('',#5642,37.25);
#5644=ORIENTED_EDGE('',*,*,#5367,.F.);
#5645=CARTESIAN_POINT('',(-19.292893219,176.999877122,4.352763072));
#5646=DIRECTION('',(-1.,-0.,-0.));
#5647=DIRECTION('',(0.,0.,-1.));
#5648=AXIS2_PLACEMENT_3D('',#5645,#5646,#5647);
#5649=CIRCLE('',#5648,37.25);
#5650=EDGE_CURVE('',#5341,#5452,#5649,.T.);
#5651=ORIENTED_EDGE('',*,*,#5650,.T.);
#5652=ORIENTED_EDGE('',*,*,#5457,.F.);
#5653=CARTESIAN_POINT('',(-19.000017961,176.999877122,4.352763072));
#5654=DIRECTION('',(1.,0.,-0.));
#5655=DIRECTION('',(0.,0.,1.));
#5656=AXIS2_PLACEMENT_3D('',#5653,#5654,#5655);
#5657=CIRCLE('',#5656,37.25);
#5658=EDGE_CURVE('',#5444,#5362,#5657,.T.);
#5659=ORIENTED_EDGE('',*,*,#5658,.T.);
#5660=EDGE_LOOP('',(#5644,#5651,#5652,#5659));
#5661=FACE_BOUND('',#5660,.T.);
#5662=ADVANCED_FACE('',(#5661),#5643,.F.);
#5663=CARTESIAN_POINT('',(-19.000017961,2283.999999833,63.000018128));
#5664=DIRECTION('',(1.,0.,0.));
#5665=DIRECTION('',(0.,-1.,0.));
#5666=AXIS2_PLACEMENT_3D('',#5663,#5664,#5665);
#5667=PLANE('',#5666);
#5668=ORIENTED_EDGE('',*,*,#5658,.F.);
#5669=ORIENTED_EDGE('',*,*,#5449,.T.);
#5670=ORIENTED_EDGE('',*,*,#5633,.T.);
#5671=ORIENTED_EDGE('',*,*,#5375,.T.);
#5672=EDGE_LOOP('',(#5668,#5669,#5670,#5671));
#5673=FACE_BOUND('',#5672,.T.);
#5674=ADVANCED_FACE('',(#5673),#5667,.F.);
#5675=CARTESIAN_POINT('',(-19.292893219,176.999877122,4.352763072));
#5676=DIRECTION('',(-1.,-0.,-0.));
#5677=DIRECTION('',(0.,0.,-1.));
#5678=AXIS2_PLACEMENT_3D('',#5675,#5676,#5677);
#5679=TOROIDAL_SURFACE('',#5678,35.542893219,0.707106781);
#5680=ORIENTED_EDGE('',*,*,#5398,.F.);
#5681=ORIENTED_EDGE('',*,*,#5625,.F.);
#5682=ORIENTED_EDGE('',*,*,#5433,.F.);
#5683=ORIENTED_EDGE('',*,*,#5610,.F.);
#5684=EDGE_LOOP('',(#5680,#5681,#5682,#5683));
#5685=FACE_BOUND('',#5684,.T.);
#5686=ADVANCED_FACE('',(#5685),#5679,.T.);
#5687=CARTESIAN_POINT('',(-19.292893219,176.999877122,4.352763072));
#5688=DIRECTION('',(-1.,-0.,-0.));
#5689=DIRECTION('',(0.,0.,-1.));
#5690=AXIS2_PLACEMENT_3D('',#5687,#5688,#5689);
#5691=TOROIDAL_SURFACE('',#5690,37.957106781,0.707106781);
#5692=ORIENTED_EDGE('',*,*,#5359,.F.);
#5693=ORIENTED_EDGE('',*,*,#4582,.F.);
#5694=ORIENTED_EDGE('',*,*,#5476,.F.);
#5695=ORIENTED_EDGE('',*,*,#5650,.F.);
#5696=EDGE_LOOP('',(#5692,#5693,#5694,#5695));
#5697=FACE_BOUND('',#5696,.T.);
#5698=ADVANCED_FACE('',(#5697),#5691,.T.);
#5699=CARTESIAN_POINT('',(1730.,737.000017794,43.000018128));
#5700=DIRECTION('',(0.,0.,1.));
#5701=DIRECTION('',(-1.,-0.,0.));
#5702=AXIS2_PLACEMENT_3D('',#5699,#5700,#5701);
#5703=PLANE('',#5702);
#5704=CARTESIAN_POINT('',(-12.,165.814316617,43.000018128));
#5705=DIRECTION('',(-0.99999995,-0.000315372,-0.));
#5706=VECTOR('',#5705,8.000000398);
#5707=LINE('',#5704,#5706);
#5708=EDGE_CURVE('',#4502,#4601,#5707,.T.);
#5709=ORIENTED_EDGE('',*,*,#5708,.F.);
#5710=ORIENTED_EDGE('',*,*,#4507,.F.);
#5711=CARTESIAN_POINT('',(-20.,188.3019861,43.000018128));
#5712=DIRECTION('',(0.99999995,0.000315372,0.));
#5713=VECTOR('',#5712,8.000000398);
#5714=LINE('',#5711,#5713);
#5715=EDGE_CURVE('',#4535,#4493,#5714,.T.);
#5716=ORIENTED_EDGE('',*,*,#5715,.F.);
#5717=ORIENTED_EDGE('',*,*,#4613,.F.);
#5718=EDGE_LOOP('',(#5709,#5710,#5716,#5717));
#5719=FACE_BOUND('',#5718,.T.);
#5720=ADVANCED_FACE('',(#5719),#5703,.T.);
#5721=CARTESIAN_POINT('',(-309.99999435,176.965431988,4.352763072));
#5722=DIRECTION('',(0.99999995,0.000315372,0.));
#5723=DIRECTION('',(-0.000315372,0.99999995,0.));
#5724=AXIS2_PLACEMENT_3D('',#5721,#5722,#5723);
#5725=CYLINDRICAL_SURFACE('',#5724,40.25);
#5726=ORIENTED_EDGE('',*,*,#4541,.T.);
#5727=ORIENTED_EDGE('',*,*,#5715,.T.);
#5728=ORIENTED_EDGE('',*,*,#4499,.T.);
#5729=ORIENTED_EDGE('',*,*,#4660,.F.);
#5730=EDGE_LOOP('',(#5726,#5727,#5728,#5729));
#5731=FACE_BOUND('',#5730,.T.);
#5732=ADVANCED_FACE('',(#5731),#5725,.T.);
#5733=CARTESIAN_POINT('',(-309.99999435,176.965431988,4.352763072));
#5734=DIRECTION('',(0.99999995,0.000315372,0.));
#5735=DIRECTION('',(-0.000315372,0.99999995,0.));
#5736=AXIS2_PLACEMENT_3D('',#5733,#5734,#5735);
#5737=CYLINDRICAL_SURFACE('',#5736,40.25);
#5738=ORIENTED_EDGE('',*,*,#4636,.T.);
#5739=ORIENTED_EDGE('',*,*,#4516,.T.);
#5740=ORIENTED_EDGE('',*,*,#5708,.T.);
#5741=ORIENTED_EDGE('',*,*,#4607,.T.);
#5742=EDGE_LOOP('',(#5738,#5739,#5740,#5741));
#5743=FACE_BOUND('',#5742,.T.);
#5744=ADVANCED_FACE('',(#5743),#5737,.T.);
#5745=CARTESIAN_POINT('',(-309.99999435,176.965431988,4.352763072));
#5746=DIRECTION('',(0.99999995,0.000315372,0.));
#5747=DIRECTION('',(-0.000315372,0.99999995,0.));
#5748=AXIS2_PLACEMENT_3D('',#5745,#5746,#5747);
#5749=CYLINDRICAL_SURFACE('',#5748,40.25);
#5750=ORIENTED_EDGE('',*,*,#4337,.T.);
#5751=ORIENTED_EDGE('',*,*,#5007,.F.);
#5752=ORIENTED_EDGE('',*,*,#4474,.T.);
#5753=ORIENTED_EDGE('',*,*,#4628,.T.);
#5754=ORIENTED_EDGE('',*,*,#4440,.T.);
#5755=ORIENTED_EDGE('',*,*,#4408,.T.);
#5756=EDGE_LOOP('',(#5750,#5751,#5752,#5753,#5754,#5755));
#5757=FACE_BOUND('',#5756,.T.);
#5758=ADVANCED_FACE('',(#5757),#5749,.T.);
#5759=CARTESIAN_POINT('',(-309.99999435,176.965431988,4.352763072));
#5760=DIRECTION('',(0.99999995,0.000315372,0.));
#5761=DIRECTION('',(-0.000315372,0.99999995,0.));
#5762=AXIS2_PLACEMENT_3D('',#5759,#5760,#5761);
#5763=CYLINDRICAL_SURFACE('',#5762,40.25);
#5764=ORIENTED_EDGE('',*,*,#4153,.T.);
#5765=ORIENTED_EDGE('',*,*,#5014,.F.);
#5766=ORIENTED_EDGE('',*,*,#4320,.T.);
#5767=ORIENTED_EDGE('',*,*,#4383,.F.);
#5768=EDGE_LOOP('',(#5764,#5765,#5766,#5767));
#5769=FACE_BOUND('',#5768,.T.);
#5770=ADVANCED_FACE('',(#5769),#5763,.T.);
#5771=CARTESIAN_POINT('',(-309.99999435,176.965431988,4.352763072));
#5772=DIRECTION('',(0.99999995,0.000315372,0.));
#5773=DIRECTION('',(-0.000315372,0.99999995,0.));
#5774=AXIS2_PLACEMENT_3D('',#5771,#5772,#5773);
#5775=CYLINDRICAL_SURFACE('',#5774,40.25);
#5776=ORIENTED_EDGE('',*,*,#4303,.T.);
#5777=ORIENTED_EDGE('',*,*,#4991,.T.);
#5778=ORIENTED_EDGE('',*,*,#4170,.T.);
#5779=ORIENTED_EDGE('',*,*,#4391,.F.);
#5780=EDGE_LOOP('',(#5776,#5777,#5778,#5779));
#5781=FACE_BOUND('',#5780,.T.);
#5782=ADVANCED_FACE('',(#5781),#5775,.T.);
#5783=CARTESIAN_POINT('',(-309.99999435,176.965431988,4.352763072));
#5784=DIRECTION('',(0.99999995,0.000315372,0.));
#5785=DIRECTION('',(-0.000315372,0.99999995,0.));
#5786=AXIS2_PLACEMENT_3D('',#5783,#5784,#5785);
#5787=CYLINDRICAL_SURFACE('',#5786,40.25);
#5788=ORIENTED_EDGE('',*,*,#4187,.T.);
#5789=ORIENTED_EDGE('',*,*,#4984,.T.);
#5790=ORIENTED_EDGE('',*,*,#4361,.T.);
#5791=ORIENTED_EDGE('',*,*,#4269,.T.);
#5792=EDGE_LOOP('',(#5788,#5789,#5790,#5791));
#5793=FACE_BOUND('',#5792,.T.);
#5794=ADVANCED_FACE('',(#5793),#5787,.T.);
#5795=CARTESIAN_POINT('',(-282.000017961,176.999877122,4.352763072));
#5796=DIRECTION('',(1.,0.,-0.));
#5797=DIRECTION('',(0.,0.,1.));
#5798=AXIS2_PLACEMENT_3D('',#5795,#5796,#5797);
#5799=CYLINDRICAL_SURFACE('',#5798,36.25);
#5800=ORIENTED_EDGE('',*,*,#4728,.F.);
#5801=CARTESIAN_POINT('',(-280.707106781,176.999877122,4.352763072));
#5802=DIRECTION('',(-1.,-0.,0.));
#5803=DIRECTION('',(0.,0.,1.));
#5804=AXIS2_PLACEMENT_3D('',#5801,#5802,#5803);
#5805=CIRCLE('',#5804,36.25);
#5806=EDGE_CURVE('',#4721,#5097,#5805,.T.);
#5807=ORIENTED_EDGE('',*,*,#5806,.T.);
#5808=ORIENTED_EDGE('',*,*,#5102,.T.);
#5809=ORIENTED_EDGE('',*,*,#4853,.F.);
#5810=EDGE_LOOP('',(#5800,#5807,#5808,#5809));
#5811=FACE_BOUND('',#5810,.T.);
#5812=ADVANCED_FACE('',(#5811),#5799,.T.);
#5813=CARTESIAN_POINT('',(-282.000017961,176.999877122,4.352763072));
#5814=DIRECTION('',(1.,0.,-0.));
#5815=DIRECTION('',(0.,0.,1.));
#5816=AXIS2_PLACEMENT_3D('',#5813,#5814,#5815);
#5817=CYLINDRICAL_SURFACE('',#5816,37.25);
#5818=ORIENTED_EDGE('',*,*,#4770,.T.);
#5819=ORIENTED_EDGE('',*,*,#4819,.T.);
#5820=ORIENTED_EDGE('',*,*,#5184,.T.);
#5821=CARTESIAN_POINT('',(-280.707106781,176.999877122,4.352763072));
#5822=DIRECTION('',(1.,0.,-0.));
#5823=DIRECTION('',(0.,0.,1.));
#5824=AXIS2_PLACEMENT_3D('',#5821,#5822,#5823);
#5825=CIRCLE('',#5824,37.25);
#5826=EDGE_CURVE('',#5179,#4763,#5825,.T.);
#5827=ORIENTED_EDGE('',*,*,#5826,.T.);
#5828=EDGE_LOOP('',(#5818,#5819,#5820,#5827));
#5829=FACE_BOUND('',#5828,.T.);
#5830=ADVANCED_FACE('',(#5829),#5817,.F.);
#5831=CARTESIAN_POINT('',(-280.707106781,176.999877122,4.352763072));
#5832=DIRECTION('',(1.,0.,-0.));
#5833=DIRECTION('',(0.,0.,1.));
#5834=AXIS2_PLACEMENT_3D('',#5831,#5832,#5833);
#5835=TOROIDAL_SURFACE('',#5834,35.542893219,0.707106781);
#5836=ORIENTED_EDGE('',*,*,#4883,.F.);
#5837=ORIENTED_EDGE('',*,*,#4703,.F.);
#5838=ORIENTED_EDGE('',*,*,#5314,.T.);
#5839=ORIENTED_EDGE('',*,*,#5126,.F.);
#5840=ORIENTED_EDGE('',*,*,#5806,.F.);
#5841=EDGE_LOOP('',(#5836,#5837,#5838,#5839,#5840));
#5842=FACE_BOUND('',#5841,.T.);
#5843=ADVANCED_FACE('',(#5842),#5835,.T.);
#5844=CARTESIAN_POINT('',(-280.707106781,176.999877122,4.352763072));
#5845=DIRECTION('',(1.,0.,-0.));
#5846=DIRECTION('',(0.,0.,1.));
#5847=AXIS2_PLACEMENT_3D('',#5844,#5845,#5846);
#5848=TOROIDAL_SURFACE('',#5847,37.957106781,0.707106781);
#5849=ORIENTED_EDGE('',*,*,#4940,.F.);
#5850=ORIENTED_EDGE('',*,*,#5826,.F.);
#5851=ORIENTED_EDGE('',*,*,#5212,.T.);
#5852=ORIENTED_EDGE('',*,*,#5495,.T.);
#5853=ORIENTED_EDGE('',*,*,#5535,.F.);
#5854=ORIENTED_EDGE('',*,*,#4221,.F.);
#5855=EDGE_LOOP('',(#5849,#5850,#5851,#5852,#5853,#5854));
#5856=FACE_BOUND('',#5855,.T.);
#5857=ADVANCED_FACE('',(#5856),#5848,.T.);
#5858=CLOSED_SHELL('',(#4256,#4288,#4371,#4395,#4427,#4459,#4526,#4617,#4648,#4671,#4714,#4756,#4798,#4872,#4929,#4974,#4996,#5027,#5058,#5089,#5146,#5172,#5216,#5243,#5260,#5294,
#5482,#5507,#5541,#5565,#5584,#5598,#5614,#5638,#5662,#5674,#5686,#5698,#5720,#5732,#5744,#5758,#5770,#5782,#5794,#5812,#5830,#5843,#5857));
#5859=MANIFOLD_SOLID_BREP('Body 10 (1)',#5858);
#4138=STYLED_ITEM('',(#4137),#5859);
#5861=CARTESIAN_POINT('',(157.000122711,39.099981872,0.000018128));
#5862=DIRECTION('',(0.,1.,0.));
#5863=DIRECTION('',(0.,0.,1.));
#5864=AXIS2_PLACEMENT_3D('',#5861,#5862,#5863);
#5865=PLANE('',#5864);
#5866=CARTESIAN_POINT('',(116.797711896,39.099981872,2.39606569));
#5867=VERTEX_POINT('',#5866);
#5868=CARTESIAN_POINT('',(116.98617375,39.099981872,0.000018128));
#5869=VERTEX_POINT('',#5868);
#5870=CARTESIAN_POINT('',(157.000122711,39.099981872,4.352763072));
#5871=DIRECTION('',(-0.,-1.,-0.));
#5872=DIRECTION('',(0.,-0.,1.));
#5873=AXIS2_PLACEMENT_3D('',#5870,#5871,#5872);
#5874=CIRCLE('',#5873,40.25);
#5875=EDGE_CURVE('',#5867,#5869,#5874,.T.);
#5876=ORIENTED_EDGE('',*,*,#5875,.F.);
#5877=CARTESIAN_POINT('',(116.797711896,39.099981872,3.000018128));
#5878=VERTEX_POINT('',#5877);
#5879=CARTESIAN_POINT('',(116.797711896,39.099981872,2.39606569));
#5880=DIRECTION('',(0.,0.,1.));
#5881=VECTOR('',#5880,0.603952438);
#5882=LINE('',#5879,#5881);
#5883=EDGE_CURVE('',#5867,#5878,#5882,.T.);
#5884=ORIENTED_EDGE('',*,*,#5883,.T.);
#5885=CARTESIAN_POINT('',(197.202533526,39.099981872,3.000018128));
#5886=VERTEX_POINT('',#5885);
#5887=CARTESIAN_POINT('',(197.202533526,39.099981872,3.000018128));
#5888=DIRECTION('',(-1.,0.,0.));
#5889=VECTOR('',#5888,80.40482163);
#5890=LINE('',#5887,#5889);
#5891=EDGE_CURVE('',#5886,#5878,#5890,.T.);
#5892=ORIENTED_EDGE('',*,*,#5891,.F.);
#5893=CARTESIAN_POINT('',(197.202533526,39.099981872,2.39606569));
#5894=VERTEX_POINT('',#5893);
#5895=CARTESIAN_POINT('',(197.202533526,39.099981872,2.39606569));
#5896=DIRECTION('',(0.,0.,1.));
#5897=VECTOR('',#5896,0.603952438);
#5898=LINE('',#5895,#5897);
#5899=EDGE_CURVE('',#5894,#5886,#5898,.T.);
#5900=ORIENTED_EDGE('',*,*,#5899,.F.);
#5901=CARTESIAN_POINT('',(197.014071672,39.099981872,0.000018128));
#5902=VERTEX_POINT('',#5901);
#5903=CARTESIAN_POINT('',(157.000122711,39.099981872,4.352763072));
#5904=DIRECTION('',(-0.,-1.,-0.));
#5905=DIRECTION('',(0.,-0.,1.));
#5906=AXIS2_PLACEMENT_3D('',#5903,#5904,#5905);
#5907=CIRCLE('',#5906,40.25);
#5908=EDGE_CURVE('',#5902,#5894,#5907,.T.);
#5909=ORIENTED_EDGE('',*,*,#5908,.F.);
#5910=CARTESIAN_POINT('',(197.014071672,39.099981872,0.000018128));
#5911=DIRECTION('',(-1.,0.,0.));
#5912=VECTOR('',#5911,80.027897922);
#5913=LINE('',#5910,#5912);
#5914=EDGE_CURVE('',#5902,#5869,#5913,.T.);
#5915=ORIENTED_EDGE('',*,*,#5914,.T.);
#5916=EDGE_LOOP('',(#5876,#5884,#5892,#5900,#5909,#5915));
#5917=FACE_BOUND('',#5916,.T.);
#5918=ADVANCED_FACE('',(#5917),#5865,.T.);
#5919=CARTESIAN_POINT('',(157.000122711,-137.000018128,0.000018128));
#5920=DIRECTION('',(0.,-1.,0.));
#5921=DIRECTION('',(0.,0.,-1.));
#5922=AXIS2_PLACEMENT_3D('',#5919,#5920,#5921);
#5923=PLANE('',#5922);
#5924=CARTESIAN_POINT('',(116.98617375,-137.000018128,0.000018128));
#5925=VERTEX_POINT('',#5924);
#5926=CARTESIAN_POINT('',(116.797711896,-137.000018128,2.39606569));
#5927=VERTEX_POINT('',#5926);
#5928=CARTESIAN_POINT('',(157.000122711,-137.000018128,4.352763072));
#5929=DIRECTION('',(-0.,1.,-0.));
#5930=DIRECTION('',(0.,0.,-1.));
#5931=AXIS2_PLACEMENT_3D('',#5928,#5929,#5930);
#5932=CIRCLE('',#5931,40.25);
#5933=EDGE_CURVE('',#5925,#5927,#5932,.T.);
#5934=ORIENTED_EDGE('',*,*,#5933,.F.);
#5935=CARTESIAN_POINT('',(197.014071672,-137.000018128,0.000018128));
#5936=VERTEX_POINT('',#5935);
#5937=CARTESIAN_POINT('',(116.98617375,-137.000018128,0.000018128));
#5938=DIRECTION('',(1.,0.,-0.));
#5939=VECTOR('',#5938,80.027897922);
#5940=LINE('',#5937,#5939);
#5941=EDGE_CURVE('',#5925,#5936,#5940,.T.);
#5942=ORIENTED_EDGE('',*,*,#5941,.T.);
#5943=CARTESIAN_POINT('',(197.202533526,-137.000018128,2.39606569));
#5944=VERTEX_POINT('',#5943);
#5945=CARTESIAN_POINT('',(157.000122711,-137.000018128,4.352763072));
#5946=DIRECTION('',(-0.,1.,-0.));
#5947=DIRECTION('',(0.,0.,-1.));
#5948=AXIS2_PLACEMENT_3D('',#5945,#5946,#5947);
#5949=CIRCLE('',#5948,40.25);
#5950=EDGE_CURVE('',#5944,#5936,#5949,.T.);
#5951=ORIENTED_EDGE('',*,*,#5950,.F.);
#5952=CARTESIAN_POINT('',(197.202533526,-137.000018128,3.000018128));
#5953=VERTEX_POINT('',#5952);
#5954=CARTESIAN_POINT('',(197.202533526,-137.000018128,2.39606569));
#5955=DIRECTION('',(0.,0.,1.));
#5956=VECTOR('',#5955,0.603952438);
#5957=LINE('',#5954,#5956);
#5958=EDGE_CURVE('',#5944,#5953,#5957,.T.);
#5959=ORIENTED_EDGE('',*,*,#5958,.T.);
#5960=CARTESIAN_POINT('',(116.797711896,-137.000018128,3.000018128));
#5961=VERTEX_POINT('',#5960);
#5962=CARTESIAN_POINT('',(116.797711896,-137.000018128,3.000018128));
#5963=DIRECTION('',(1.,0.,-0.));
#5964=VECTOR('',#5963,80.40482163);
#5965=LINE('',#5962,#5964);
#5966=EDGE_CURVE('',#5961,#5953,#5965,.T.);
#5967=ORIENTED_EDGE('',*,*,#5966,.F.);
#5968=CARTESIAN_POINT('',(116.797711896,-137.000018128,2.39606569));
#5969=DIRECTION('',(0.,0.,1.));
#5970=VECTOR('',#5969,0.603952438);
#5971=LINE('',#5968,#5970);
#5972=EDGE_CURVE('',#5927,#5961,#5971,.T.);
#5973=ORIENTED_EDGE('',*,*,#5972,.F.);
#5974=EDGE_LOOP('',(#5934,#5942,#5951,#5959,#5967,#5973));
#5975=FACE_BOUND('',#5974,.T.);
#5976=ADVANCED_FACE('',(#5975),#5923,.T.);
#5977=CARTESIAN_POINT('',(157.,-131.400000167,0.000018128));
#5978=DIRECTION('',(0.,1.,0.));
#5979=DIRECTION('',(0.,0.,1.));
#5980=AXIS2_PLACEMENT_3D('',#5977,#5978,#5979);
#5981=PLANE('',#5980);
#5982=CARTESIAN_POINT('',(119.797711896,-131.400000167,2.000018128));
#5983=VERTEX_POINT('',#5982);
#5984=CARTESIAN_POINT('',(120.797711896,-131.400000167,2.000018128));
#5985=VERTEX_POINT('',#5984);
#5986=CARTESIAN_POINT('',(119.797711896,-131.400000167,2.000018128));
#5987=DIRECTION('',(1.,0.,-0.));
#5988=VECTOR('',#5987,1.);
#5989=LINE('',#5986,#5988);
#5990=EDGE_CURVE('',#5983,#5985,#5989,.T.);
#5991=ORIENTED_EDGE('',*,*,#5990,.F.);
#5992=CARTESIAN_POINT('',(119.797711896,-131.400000167,2.292911347));
#5993=VERTEX_POINT('',#5992);
#5994=CARTESIAN_POINT('',(119.797711896,-131.400000167,2.000018128));
#5995=DIRECTION('',(0.,0.,1.));
#5996=VECTOR('',#5995,0.292893219);
#5997=LINE('',#5994,#5996);
#5998=EDGE_CURVE('',#5983,#5993,#5997,.T.);
#5999=ORIENTED_EDGE('',*,*,#5998,.T.);
#6000=CARTESIAN_POINT('',(119.090601415,-131.400000167,3.000018128));
#6001=VERTEX_POINT('',#6000);
#6002=CARTESIAN_POINT('',(119.090605115,-131.400000167,2.292911347));
#6003=DIRECTION('',(0.,1.,0.));
#6004=DIRECTION('',(0.,-0.,1.));
#6005=AXIS2_PLACEMENT_3D('',#6002,#6003,#6004);
#6006=CIRCLE('',#6005,0.707106781);
#6007=EDGE_CURVE('',#6001,#5993,#6006,.T.);
#6008=ORIENTED_EDGE('',*,*,#6007,.F.);
#6009=CARTESIAN_POINT('',(121.504818677,-131.400000167,3.000018128));
#6010=VERTEX_POINT('',#6009);
#6011=CARTESIAN_POINT('',(121.504818677,-131.400000167,3.000018128));
#6012=DIRECTION('',(-1.,0.,0.));
#6013=VECTOR('',#6012,2.414217261);
#6014=LINE('',#6011,#6013);
#6015=EDGE_CURVE('',#6010,#6001,#6014,.T.);
#6016=ORIENTED_EDGE('',*,*,#6015,.F.);
#6017=CARTESIAN_POINT('',(120.797711896,-131.400000167,2.292911347));
#6018=VERTEX_POINT('',#6017);
#6019=CARTESIAN_POINT('',(121.504818677,-131.400000167,2.292911347));
#6020=DIRECTION('',(-0.,-1.,-0.));
#6021=DIRECTION('',(0.,-0.,1.));
#6022=AXIS2_PLACEMENT_3D('',#6019,#6020,#6021);
#6023=CIRCLE('',#6022,0.707106781);
#6024=EDGE_CURVE('',#6010,#6018,#6023,.T.);
#6025=ORIENTED_EDGE('',*,*,#6024,.T.);
#6026=CARTESIAN_POINT('',(120.797711896,-131.400000167,2.000018128));
#6027=DIRECTION('',(0.,0.,1.));
#6028=VECTOR('',#6027,0.292893219);
#6029=LINE('',#6026,#6028);
#6030=EDGE_CURVE('',#5985,#6018,#6029,.T.);
#6031=ORIENTED_EDGE('',*,*,#6030,.F.);
#6032=EDGE_LOOP('',(#5991,#5999,#6008,#6016,#6025,#6031));
#6033=FACE_BOUND('',#6032,.T.);
#6034=ADVANCED_FACE('',(#6033),#5981,.T.);
#6035=CARTESIAN_POINT('',(157.000731824,32.399999833,0.000018128));
#6036=DIRECTION('',(0.,-1.,0.));
#6037=DIRECTION('',(0.,0.,-1.));
#6038=AXIS2_PLACEMENT_3D('',#6035,#6036,#6037);
#6039=PLANE('',#6038);
#6040=CARTESIAN_POINT('',(120.797711896,32.399999833,2.292911347));
#6041=VERTEX_POINT('',#6040);
#6042=CARTESIAN_POINT('',(120.797711896,32.399999833,2.000018128));
#6043=VERTEX_POINT('',#6042);
#6044=CARTESIAN_POINT('',(120.797711896,32.399999833,2.292911347));
#6045=DIRECTION('',(0.,0.,-1.));
#6046=VECTOR('',#6045,0.292893219);
#6047=LINE('',#6044,#6046);
#6048=EDGE_CURVE('',#6041,#6043,#6047,.T.);
#6049=ORIENTED_EDGE('',*,*,#6048,.F.);
#6050=CARTESIAN_POINT('',(121.504818677,32.399999833,3.000018128));
#6051=VERTEX_POINT('',#6050);
#6052=CARTESIAN_POINT('',(121.504818677,32.399999833,2.292911347));
#6053=DIRECTION('',(-0.,1.,-0.));
#6054=DIRECTION('',(0.,0.,-1.));
#6055=AXIS2_PLACEMENT_3D('',#6052,#6053,#6054);
#6056=CIRCLE('',#6055,0.707106781);
#6057=EDGE_CURVE('',#6041,#6051,#6056,.T.);
#6058=ORIENTED_EDGE('',*,*,#6057,.T.);
#6059=CARTESIAN_POINT('',(119.09061,32.399999833,3.000018128));
#6060=VERTEX_POINT('',#6059);
#6061=CARTESIAN_POINT('',(119.09061,32.399999833,3.000018128));
#6062=DIRECTION('',(1.,0.,-0.));
#6063=VECTOR('',#6062,2.414208677);
#6064=LINE('',#6061,#6063);
#6065=EDGE_CURVE('',#6060,#6051,#6064,.T.);
#6066=ORIENTED_EDGE('',*,*,#6065,.F.);
#6067=CARTESIAN_POINT('',(119.797711896,32.399999833,2.292911347));
#6068=VERTEX_POINT('',#6067);
#6069=CARTESIAN_POINT('',(119.090605115,32.399999833,2.292911347));
#6070=DIRECTION('',(-0.,1.,-0.));
#6071=DIRECTION('',(0.,0.,-1.));
#6072=AXIS2_PLACEMENT_3D('',#6069,#6070,#6071);
#6073=CIRCLE('',#6072,0.707106781);
#6074=EDGE_CURVE('',#6060,#6068,#6073,.T.);
#6075=ORIENTED_EDGE('',*,*,#6074,.T.);
#6076=CARTESIAN_POINT('',(119.797711896,32.399999833,2.000018128));
#6077=VERTEX_POINT('',#6076);
#6078=CARTESIAN_POINT('',(119.797711896,32.399999833,2.292911347));
#6079=DIRECTION('',(0.,0.,-1.));
#6080=VECTOR('',#6079,0.292893219);
#6081=LINE('',#6078,#6080);
#6082=EDGE_CURVE('',#6068,#6077,#6081,.T.);
#6083=ORIENTED_EDGE('',*,*,#6082,.T.);
#6084=CARTESIAN_POINT('',(119.797711896,32.399999833,2.000018128));
#6085=DIRECTION('',(1.,0.,-0.));
#6086=VECTOR('',#6085,1.);
#6087=LINE('',#6084,#6086);
#6088=EDGE_CURVE('',#6077,#6043,#6087,.T.);
#6089=ORIENTED_EDGE('',*,*,#6088,.T.);
#6090=EDGE_LOOP('',(#6049,#6058,#6066,#6075,#6083,#6089));
#6091=FACE_BOUND('',#6090,.T.);
#6092=ADVANCED_FACE('',(#6091),#6039,.T.);
#6093=CARTESIAN_POINT('',(10.5,226.999981872,3.000018128));
#6094=DIRECTION('',(0.,0.,-1.));
#6095=DIRECTION('',(0.,1.,0.));
#6096=AXIS2_PLACEMENT_3D('',#6093,#6094,#6095);
#6097=PLANE('',#6096);
#6098=CARTESIAN_POINT('',(121.504818677,32.399999833,3.000018128));
#6099=DIRECTION('',(-0.,-1.,0.));
#6100=VECTOR('',#6099,163.8);
#6101=LINE('',#6098,#6100);
#6102=EDGE_CURVE('',#6051,#6010,#6101,.T.);
#6103=ORIENTED_EDGE('',*,*,#6102,.T.);
#6104=ORIENTED_EDGE('',*,*,#6015,.T.);
#6105=CARTESIAN_POINT('',(119.090605115,-131.400000167,3.000018128));
#6106=DIRECTION('',(0.,1.,-0.));
#6107=VECTOR('',#6106,163.8);
#6108=LINE('',#6105,#6107);
#6109=EDGE_CURVE('',#6001,#6060,#6108,.T.);
#6110=ORIENTED_EDGE('',*,*,#6109,.T.);
#6111=ORIENTED_EDGE('',*,*,#6065,.T.);
#6112=EDGE_LOOP('',(#6103,#6104,#6110,#6111));
#6113=FACE_BOUND('',#6112,.T.);
#6114=CARTESIAN_POINT('',(194.909635422,32.499999833,3.000018128));
#6115=VERTEX_POINT('',#6114);
#6116=CARTESIAN_POINT('',(194.909637398,-131.700000167,3.000018128));
#6117=VERTEX_POINT('',#6116);
#6118=CARTESIAN_POINT('',(194.909640307,32.499999833,3.000018128));
#6119=DIRECTION('',(0.,-1.,-0.));
#6120=VECTOR('',#6119,164.2);
#6121=LINE('',#6118,#6120);
#6122=EDGE_CURVE('',#6115,#6117,#6121,.T.);
#6123=ORIENTED_EDGE('',*,*,#6122,.T.);
#6124=CARTESIAN_POINT('',(192.495426745,-131.700000167,3.000018128));
#6125=VERTEX_POINT('',#6124);
#6126=CARTESIAN_POINT('',(194.909637398,-131.700000167,3.000018128));
#6127=DIRECTION('',(-1.,0.,0.));
#6128=VECTOR('',#6127,2.414210653);
#6129=LINE('',#6126,#6128);
#6130=EDGE_CURVE('',#6117,#6125,#6129,.T.);
#6131=ORIENTED_EDGE('',*,*,#6130,.T.);
#6132=CARTESIAN_POINT('',(192.495426745,32.499999833,3.000018128));
#6133=VERTEX_POINT('',#6132);
#6134=CARTESIAN_POINT('',(192.495426745,-131.700000167,3.000018128));
#6135=DIRECTION('',(-0.,1.,0.));
#6136=VECTOR('',#6135,164.2);
#6137=LINE('',#6134,#6136);
#6138=EDGE_CURVE('',#6125,#6133,#6137,.T.);
#6139=ORIENTED_EDGE('',*,*,#6138,.T.);
#6140=CARTESIAN_POINT('',(192.495426745,32.499999833,3.000018128));
#6141=DIRECTION('',(1.,0.,-0.));
#6142=VECTOR('',#6141,2.414208677);
#6143=LINE('',#6140,#6142);
#6144=EDGE_CURVE('',#6133,#6115,#6143,.T.);
#6145=ORIENTED_EDGE('',*,*,#6144,.T.);
#6146=EDGE_LOOP('',(#6123,#6131,#6139,#6145));
#6147=FACE_BOUND('',#6146,.T.);
#6148=ORIENTED_EDGE('',*,*,#5891,.T.);
#6149=CARTESIAN_POINT('',(116.797711896,39.099981872,3.000018128));
#6150=DIRECTION('',(-0.,-1.,0.));
#6151=VECTOR('',#6150,176.1);
#6152=LINE('',#6149,#6151);
#6153=EDGE_CURVE('',#5878,#5961,#6152,.T.);
#6154=ORIENTED_EDGE('',*,*,#6153,.T.);
#6155=ORIENTED_EDGE('',*,*,#5966,.T.);
#6156=CARTESIAN_POINT('',(197.202533526,-137.000018128,3.000018128));
#6157=DIRECTION('',(-0.,1.,0.));
#6158=VECTOR('',#6157,176.1);
#6159=LINE('',#6156,#6158);
#6160=EDGE_CURVE('',#5953,#5886,#6159,.T.);
#6161=ORIENTED_EDGE('',*,*,#6160,.T.);
#6162=EDGE_LOOP('',(#6148,#6154,#6155,#6161));
#6163=FACE_BOUND('',#6162,.T.);
#6164=ADVANCED_FACE('',(#6113,#6147,#6163),#6097,.F.);
#6165=CARTESIAN_POINT('',(157.,-131.700000167,0.000018128));
#6166=DIRECTION('',(0.,1.,0.));
#6167=DIRECTION('',(0.,0.,1.));
#6168=AXIS2_PLACEMENT_3D('',#6165,#6166,#6167);
#6169=PLANE('',#6168);
#6170=CARTESIAN_POINT('',(194.202533526,-131.700000167,2.292911347));
#6171=VERTEX_POINT('',#6170);
#6172=CARTESIAN_POINT('',(194.202533526,-131.700000167,2.000018128));
#6173=VERTEX_POINT('',#6172);
#6174=CARTESIAN_POINT('',(194.202533526,-131.700000167,2.292911347));
#6175=DIRECTION('',(0.,0.,-1.));
#6176=VECTOR('',#6175,0.292893219);
#6177=LINE('',#6174,#6176);
#6178=EDGE_CURVE('',#6171,#6173,#6177,.T.);
#6179=ORIENTED_EDGE('',*,*,#6178,.T.);
#6180=CARTESIAN_POINT('',(193.202533526,-131.700000167,2.000018128));
#6181=VERTEX_POINT('',#6180);
#6182=CARTESIAN_POINT('',(194.202533526,-131.700000167,2.000018128));
#6183=DIRECTION('',(-1.,0.,0.));
#6184=VECTOR('',#6183,1.);
#6185=LINE('',#6182,#6184);
#6186=EDGE_CURVE('',#6173,#6181,#6185,.T.);
#6187=ORIENTED_EDGE('',*,*,#6186,.T.);
#6188=CARTESIAN_POINT('',(193.202533526,-131.700000167,2.292911347));
#6189=VERTEX_POINT('',#6188);
#6190=CARTESIAN_POINT('',(193.202533526,-131.700000167,2.292911347));
#6191=DIRECTION('',(0.,0.,-1.));
#6192=VECTOR('',#6191,0.292893219);
#6193=LINE('',#6190,#6192);
#6194=EDGE_CURVE('',#6189,#6181,#6193,.T.);
#6195=ORIENTED_EDGE('',*,*,#6194,.F.);
#6196=CARTESIAN_POINT('',(192.495426745,-131.700000167,2.292911347));
#6197=DIRECTION('',(0.,1.,0.));
#6198=DIRECTION('',(0.,-0.,1.));
#6199=AXIS2_PLACEMENT_3D('',#6196,#6197,#6198);
#6200=CIRCLE('',#6199,0.707106781);
#6201=EDGE_CURVE('',#6125,#6189,#6200,.T.);
#6202=ORIENTED_EDGE('',*,*,#6201,.F.);
#6203=ORIENTED_EDGE('',*,*,#6130,.F.);
#6204=CARTESIAN_POINT('',(194.909640307,-131.700000167,2.292911347));
#6205=DIRECTION('',(-0.,-1.,-0.));
#6206=DIRECTION('',(0.,-0.,1.));
#6207=AXIS2_PLACEMENT_3D('',#6204,#6205,#6206);
#6208=CIRCLE('',#6207,0.707106781);
#6209=EDGE_CURVE('',#6117,#6171,#6208,.T.);
#6210=ORIENTED_EDGE('',*,*,#6209,.T.);
#6211=EDGE_LOOP('',(#6179,#6187,#6195,#6202,#6203,#6210));
#6212=FACE_BOUND('',#6211,.T.);
#6213=ADVANCED_FACE('',(#6212),#6169,.T.);
#6214=CARTESIAN_POINT('',(197.202533526,-49.000018128,0.000018128));
#6215=DIRECTION('',(1.,0.,0.));
#6216=DIRECTION('',(-0.,1.,0.));
#6217=AXIS2_PLACEMENT_3D('',#6214,#6215,#6216);
#6218=PLANE('',#6217);
#6219=CARTESIAN_POINT('',(197.202533526,39.099981872,2.39606569));
#6220=DIRECTION('',(-0.,-1.,-0.));
#6221=VECTOR('',#6220,176.1);
#6222=LINE('',#6219,#6221);
#6223=EDGE_CURVE('',#5894,#5944,#6222,.T.);
#6224=ORIENTED_EDGE('',*,*,#6223,.F.);
#6225=ORIENTED_EDGE('',*,*,#5899,.T.);
#6226=ORIENTED_EDGE('',*,*,#6160,.F.);
#6227=ORIENTED_EDGE('',*,*,#5958,.F.);
#6228=EDGE_LOOP('',(#6224,#6225,#6226,#6227));
#6229=FACE_BOUND('',#6228,.T.);
#6230=ADVANCED_FACE('',(#6229),#6218,.T.);
#6231=CARTESIAN_POINT('',(157.000731824,32.499999833,0.000018128));
#6232=DIRECTION('',(0.,-1.,0.));
#6233=DIRECTION('',(0.,0.,-1.));
#6234=AXIS2_PLACEMENT_3D('',#6231,#6232,#6233);
#6235=PLANE('',#6234);
#6236=CARTESIAN_POINT('',(193.202533526,32.499999833,2.292911347));
#6237=VERTEX_POINT('',#6236);
#6238=CARTESIAN_POINT('',(192.495426745,32.499999833,2.292911347));
#6239=DIRECTION('',(0.,-1.,0.));
#6240=DIRECTION('',(0.,0.,-1.));
#6241=AXIS2_PLACEMENT_3D('',#6238,#6239,#6240);
#6242=CIRCLE('',#6241,0.707106781);
#6243=EDGE_CURVE('',#6237,#6133,#6242,.T.);
#6244=ORIENTED_EDGE('',*,*,#6243,.F.);
#6245=CARTESIAN_POINT('',(193.202533526,32.499999833,2.000018128));
#6246=VERTEX_POINT('',#6245);
#6247=CARTESIAN_POINT('',(193.202533526,32.499999833,2.000018128));
#6248=DIRECTION('',(0.,0.,1.));
#6249=VECTOR('',#6248,0.292893219);
#6250=LINE('',#6247,#6249);
#6251=EDGE_CURVE('',#6246,#6237,#6250,.T.);
#6252=ORIENTED_EDGE('',*,*,#6251,.F.);
#6253=CARTESIAN_POINT('',(194.202533526,32.499999833,2.000018128));
#6254=VERTEX_POINT('',#6253);
#6255=CARTESIAN_POINT('',(193.202533526,32.499999833,2.000018128));
#6256=DIRECTION('',(1.,0.,-0.));
#6257=VECTOR('',#6256,1.);
#6258=LINE('',#6255,#6257);
#6259=EDGE_CURVE('',#6246,#6254,#6258,.T.);
#6260=ORIENTED_EDGE('',*,*,#6259,.T.);
#6261=CARTESIAN_POINT('',(194.202533526,32.499999833,2.292911347));
#6262=VERTEX_POINT('',#6261);
#6263=CARTESIAN_POINT('',(194.202533526,32.499999833,2.000018128));
#6264=DIRECTION('',(0.,0.,1.));
#6265=VECTOR('',#6264,0.292893219);
#6266=LINE('',#6263,#6265);
#6267=EDGE_CURVE('',#6254,#6262,#6266,.T.);
#6268=ORIENTED_EDGE('',*,*,#6267,.T.);
#6269=CARTESIAN_POINT('',(194.909640307,32.499999833,2.292911347));
#6270=DIRECTION('',(0.,-1.,0.));
#6271=DIRECTION('',(0.,0.,-1.));
#6272=AXIS2_PLACEMENT_3D('',#6269,#6270,#6271);
#6273=CIRCLE('',#6272,0.707106781);
#6274=EDGE_CURVE('',#6115,#6262,#6273,.T.);
#6275=ORIENTED_EDGE('',*,*,#6274,.F.);
#6276=ORIENTED_EDGE('',*,*,#6144,.F.);
#6277=EDGE_LOOP('',(#6244,#6252,#6260,#6268,#6275,#6276));
#6278=FACE_BOUND('',#6277,.T.);
#6279=ADVANCED_FACE('',(#6278),#6235,.T.);
#6280=CARTESIAN_POINT('',(116.797711896,-49.000018128,0.000018128));
#6281=DIRECTION('',(-1.,0.,0.));
#6282=DIRECTION('',(-0.,-1.,0.));
#6283=AXIS2_PLACEMENT_3D('',#6280,#6281,#6282);
#6284=PLANE('',#6283);
#6285=CARTESIAN_POINT('',(116.797711896,-137.000018128,2.39606569));
#6286=DIRECTION('',(0.,1.,0.));
#6287=VECTOR('',#6286,176.1);
#6288=LINE('',#6285,#6287);
#6289=EDGE_CURVE('',#5927,#5867,#6288,.T.);
#6290=ORIENTED_EDGE('',*,*,#6289,.F.);
#6291=ORIENTED_EDGE('',*,*,#5972,.T.);
#6292=ORIENTED_EDGE('',*,*,#6153,.F.);
#6293=ORIENTED_EDGE('',*,*,#5883,.F.);
#6294=EDGE_LOOP('',(#6290,#6291,#6292,#6293));
#6295=FACE_BOUND('',#6294,.T.);
#6296=ADVANCED_FACE('',(#6295),#6284,.T.);
#6297=CARTESIAN_POINT('',(10.5,226.999981872,0.000018128));
#6298=DIRECTION('',(0.,0.,-1.));
#6299=DIRECTION('',(0.,1.,0.));
#6300=AXIS2_PLACEMENT_3D('',#6297,#6298,#6299);
#6301=PLANE('',#6300);
#6302=CARTESIAN_POINT('',(116.98617375,39.099981872,0.000018128));
#6303=DIRECTION('',(-0.,-1.,-0.));
#6304=VECTOR('',#6303,176.1);
#6305=LINE('',#6302,#6304);
#6306=EDGE_CURVE('',#5869,#5925,#6305,.T.);
#6307=ORIENTED_EDGE('',*,*,#6306,.F.);
#6308=ORIENTED_EDGE('',*,*,#5914,.F.);
#6309=CARTESIAN_POINT('',(197.014071672,-137.000018128,0.000018128));
#6310=DIRECTION('',(0.,1.,0.));
#6311=VECTOR('',#6310,176.1);
#6312=LINE('',#6309,#6311);
#6313=EDGE_CURVE('',#5936,#5902,#6312,.T.);
#6314=ORIENTED_EDGE('',*,*,#6313,.F.);
#6315=ORIENTED_EDGE('',*,*,#5941,.F.);
#6316=EDGE_LOOP('',(#6307,#6308,#6314,#6315));
#6317=FACE_BOUND('',#6316,.T.);
#6318=ADVANCED_FACE('',(#6317),#6301,.T.);
#6319=CARTESIAN_POINT('',(120.797711896,-49.000018128,2.000018128));
#6320=DIRECTION('',(-1.,0.,0.));
#6321=DIRECTION('',(-0.,-1.,0.));
#6322=AXIS2_PLACEMENT_3D('',#6319,#6320,#6321);
#6323=PLANE('',#6322);
#6324=CARTESIAN_POINT('',(120.797711896,32.399999833,2.000018128));
#6325=DIRECTION('',(-0.,-1.,0.));
#6326=VECTOR('',#6325,163.8);
#6327=LINE('',#6324,#6326);
#6328=EDGE_CURVE('',#6043,#5985,#6327,.T.);
#6329=ORIENTED_EDGE('',*,*,#6328,.T.);
#6330=ORIENTED_EDGE('',*,*,#6030,.T.);
#6331=CARTESIAN_POINT('',(120.797711896,-131.400000167,2.292911347));
#6332=DIRECTION('',(0.,1.,-0.));
#6333=VECTOR('',#6332,163.8);
#6334=LINE('',#6331,#6333);
#6335=EDGE_CURVE('',#6018,#6041,#6334,.T.);
#6336=ORIENTED_EDGE('',*,*,#6335,.T.);
#6337=ORIENTED_EDGE('',*,*,#6048,.T.);
#6338=EDGE_LOOP('',(#6329,#6330,#6336,#6337));
#6339=FACE_BOUND('',#6338,.T.);
#6340=ADVANCED_FACE('',(#6339),#6323,.T.);
#6341=CARTESIAN_POINT('',(119.797711896,-49.000018128,2.000018128));
#6342=DIRECTION('',(-1.,0.,0.));
#6343=DIRECTION('',(-0.,-1.,0.));
#6344=AXIS2_PLACEMENT_3D('',#6341,#6342,#6343);
#6345=PLANE('',#6344);
#6346=ORIENTED_EDGE('',*,*,#5998,.F.);
#6347=CARTESIAN_POINT('',(119.797711896,32.399999833,2.000018128));
#6348=DIRECTION('',(-0.,-1.,0.));
#6349=VECTOR('',#6348,163.8);
#6350=LINE('',#6347,#6349);
#6351=EDGE_CURVE('',#6077,#5983,#6350,.T.);
#6352=ORIENTED_EDGE('',*,*,#6351,.F.);
#6353=ORIENTED_EDGE('',*,*,#6082,.F.);
#6354=CARTESIAN_POINT('',(119.797711896,32.399999833,2.292911347));
#6355=DIRECTION('',(-0.,-1.,0.));
#6356=VECTOR('',#6355,163.8);
#6357=LINE('',#6354,#6356);
#6358=EDGE_CURVE('',#6068,#5993,#6357,.T.);
#6359=ORIENTED_EDGE('',*,*,#6358,.T.);
#6360=EDGE_LOOP('',(#6346,#6352,#6353,#6359));
#6361=FACE_BOUND('',#6360,.T.);
#6362=ADVANCED_FACE('',(#6361),#6345,.F.);
#6363=CARTESIAN_POINT('',(10.5,160.999981872,2.000018128));
#6364=DIRECTION('',(0.,0.,-1.));
#6365=DIRECTION('',(0.,1.,0.));
#6366=AXIS2_PLACEMENT_3D('',#6363,#6364,#6365);
#6367=PLANE('',#6366);
#6368=ORIENTED_EDGE('',*,*,#6351,.T.);
#6369=ORIENTED_EDGE('',*,*,#5990,.T.);
#6370=ORIENTED_EDGE('',*,*,#6328,.F.);
#6371=ORIENTED_EDGE('',*,*,#6088,.F.);
#6372=EDGE_LOOP('',(#6368,#6369,#6370,#6371));
#6373=FACE_BOUND('',#6372,.T.);
#6374=ADVANCED_FACE('',(#6373),#6367,.F.);
#6375=CARTESIAN_POINT('',(121.504818677,226.999981872,2.292911347));
#6376=DIRECTION('',(0.,1.,0.));
#6377=DIRECTION('',(-1.,0.,0.));
#6378=AXIS2_PLACEMENT_3D('',#6375,#6376,#6377);
#6379=CYLINDRICAL_SURFACE('',#6378,0.707106781);
#6380=ORIENTED_EDGE('',*,*,#6024,.F.);
#6381=ORIENTED_EDGE('',*,*,#6102,.F.);
#6382=ORIENTED_EDGE('',*,*,#6057,.F.);
#6383=ORIENTED_EDGE('',*,*,#6335,.F.);
#6384=EDGE_LOOP('',(#6380,#6381,#6382,#6383));
#6385=FACE_BOUND('',#6384,.T.);
#6386=ADVANCED_FACE('',(#6385),#6379,.T.);
#6387=CARTESIAN_POINT('',(119.090605115,-49.000018128,2.292911347));
#6388=DIRECTION('',(-0.,-1.,0.));
#6389=DIRECTION('',(1.,-0.,0.));
#6390=AXIS2_PLACEMENT_3D('',#6387,#6388,#6389);
#6391=CYLINDRICAL_SURFACE('',#6390,0.707106781);
#6392=ORIENTED_EDGE('',*,*,#6109,.F.);
#6393=ORIENTED_EDGE('',*,*,#6007,.T.);
#6394=ORIENTED_EDGE('',*,*,#6358,.F.);
#6395=ORIENTED_EDGE('',*,*,#6074,.F.);
#6396=EDGE_LOOP('',(#6392,#6393,#6394,#6395));
#6397=FACE_BOUND('',#6396,.T.);
#6398=ADVANCED_FACE('',(#6397),#6391,.T.);
#6399=CARTESIAN_POINT('',(194.202533526,-49.000018128,2.000018128));
#6400=DIRECTION('',(1.,0.,0.));
#6401=DIRECTION('',(-0.,1.,0.));
#6402=AXIS2_PLACEMENT_3D('',#6399,#6400,#6401);
#6403=PLANE('',#6402);
#6404=ORIENTED_EDGE('',*,*,#6178,.F.);
#6405=CARTESIAN_POINT('',(194.202533526,-131.700000167,2.292911347));
#6406=DIRECTION('',(-0.,1.,0.));
#6407=VECTOR('',#6406,164.2);
#6408=LINE('',#6405,#6407);
#6409=EDGE_CURVE('',#6171,#6262,#6408,.T.);
#6410=ORIENTED_EDGE('',*,*,#6409,.T.);
#6411=ORIENTED_EDGE('',*,*,#6267,.F.);
#6412=CARTESIAN_POINT('',(194.202533526,-131.700000167,2.000018128));
#6413=DIRECTION('',(-0.,1.,0.));
#6414=VECTOR('',#6413,164.2);
#6415=LINE('',#6412,#6414);
#6416=EDGE_CURVE('',#6173,#6254,#6415,.T.);
#6417=ORIENTED_EDGE('',*,*,#6416,.F.);
#6418=EDGE_LOOP('',(#6404,#6410,#6411,#6417));
#6419=FACE_BOUND('',#6418,.T.);
#6420=ADVANCED_FACE('',(#6419),#6403,.F.);
#6421=CARTESIAN_POINT('',(193.202533526,-49.000018128,2.000018128));
#6422=DIRECTION('',(1.,0.,0.));
#6423=DIRECTION('',(-0.,1.,0.));
#6424=AXIS2_PLACEMENT_3D('',#6421,#6422,#6423);
#6425=PLANE('',#6424);
#6426=CARTESIAN_POINT('',(193.202533526,32.499999833,2.292911347));
#6427=DIRECTION('',(0.,-1.,-0.));
#6428=VECTOR('',#6427,164.2);
#6429=LINE('',#6426,#6428);
#6430=EDGE_CURVE('',#6237,#6189,#6429,.T.);
#6431=ORIENTED_EDGE('',*,*,#6430,.T.);
#6432=ORIENTED_EDGE('',*,*,#6194,.T.);
#6433=CARTESIAN_POINT('',(193.202533526,-131.700000167,2.000018128));
#6434=DIRECTION('',(-0.,1.,0.));
#6435=VECTOR('',#6434,164.2);
#6436=LINE('',#6433,#6435);
#6437=EDGE_CURVE('',#6181,#6246,#6436,.T.);
#6438=ORIENTED_EDGE('',*,*,#6437,.T.);
#6439=ORIENTED_EDGE('',*,*,#6251,.T.);
#6440=EDGE_LOOP('',(#6431,#6432,#6438,#6439));
#6441=FACE_BOUND('',#6440,.T.);
#6442=ADVANCED_FACE('',(#6441),#6425,.T.);
#6443=CARTESIAN_POINT('',(10.5,160.999981872,2.000018128));
#6444=DIRECTION('',(0.,0.,-1.));
#6445=DIRECTION('',(0.,1.,0.));
#6446=AXIS2_PLACEMENT_3D('',#6443,#6444,#6445);
#6447=PLANE('',#6446);
#6448=ORIENTED_EDGE('',*,*,#6186,.F.);
#6449=ORIENTED_EDGE('',*,*,#6416,.T.);
#6450=ORIENTED_EDGE('',*,*,#6259,.F.);
#6451=ORIENTED_EDGE('',*,*,#6437,.F.);
#6452=EDGE_LOOP('',(#6448,#6449,#6450,#6451));
#6453=FACE_BOUND('',#6452,.T.);
#6454=ADVANCED_FACE('',(#6453),#6447,.F.);
#6455=CARTESIAN_POINT('',(194.909640307,-49.000018128,2.292911347));
#6456=DIRECTION('',(-0.,1.,0.));
#6457=DIRECTION('',(-1.,-0.,0.));
#6458=AXIS2_PLACEMENT_3D('',#6455,#6456,#6457);
#6459=CYLINDRICAL_SURFACE('',#6458,0.707106781);
#6460=ORIENTED_EDGE('',*,*,#6209,.F.);
#6461=ORIENTED_EDGE('',*,*,#6122,.F.);
#6462=ORIENTED_EDGE('',*,*,#6274,.T.);
#6463=ORIENTED_EDGE('',*,*,#6409,.F.);
#6464=EDGE_LOOP('',(#6460,#6461,#6462,#6463));
#6465=FACE_BOUND('',#6464,.T.);
#6466=ADVANCED_FACE('',(#6465),#6459,.T.);
#6467=CARTESIAN_POINT('',(192.495426745,226.999981872,2.292911347));
#6468=DIRECTION('',(0.,-1.,0.));
#6469=DIRECTION('',(1.,0.,0.));
#6470=AXIS2_PLACEMENT_3D('',#6467,#6468,#6469);
#6471=CYLINDRICAL_SURFACE('',#6470,0.707106781);
#6472=ORIENTED_EDGE('',*,*,#6138,.F.);
#6473=ORIENTED_EDGE('',*,*,#6201,.T.);
#6474=ORIENTED_EDGE('',*,*,#6430,.F.);
#6475=ORIENTED_EDGE('',*,*,#6243,.T.);
#6476=EDGE_LOOP('',(#6472,#6473,#6474,#6475));
#6477=FACE_BOUND('',#6476,.T.);
#6478=ADVANCED_FACE('',(#6477),#6471,.T.);
#6479=CARTESIAN_POINT('',(157.000122711,-253.000018128,4.352763072));
#6480=DIRECTION('',(0.,1.,0.));
#6481=DIRECTION('',(0.,-0.,1.));
#6482=AXIS2_PLACEMENT_3D('',#6479,#6480,#6481);
#6483=CYLINDRICAL_SURFACE('',#6482,40.25);
#6484=ORIENTED_EDGE('',*,*,#5908,.T.);
#6485=ORIENTED_EDGE('',*,*,#6223,.T.);
#6486=ORIENTED_EDGE('',*,*,#5950,.T.);
#6487=ORIENTED_EDGE('',*,*,#6313,.T.);
#6488=EDGE_LOOP('',(#6484,#6485,#6486,#6487));
#6489=FACE_BOUND('',#6488,.T.);
#6490=ADVANCED_FACE('',(#6489),#6483,.T.);
#6491=CARTESIAN_POINT('',(157.000122711,-253.000018128,4.352763072));
#6492=DIRECTION('',(0.,1.,0.));
#6493=DIRECTION('',(0.,-0.,1.));
#6494=AXIS2_PLACEMENT_3D('',#6491,#6492,#6493);
#6495=CYLINDRICAL_SURFACE('',#6494,40.25);
#6496=ORIENTED_EDGE('',*,*,#6289,.T.);
#6497=ORIENTED_EDGE('',*,*,#5875,.T.);
#6498=ORIENTED_EDGE('',*,*,#6306,.T.);
#6499=ORIENTED_EDGE('',*,*,#5933,.T.);
#6500=EDGE_LOOP('',(#6496,#6497,#6498,#6499));
#6501=FACE_BOUND('',#6500,.T.);
#6502=ADVANCED_FACE('',(#6501),#6495,.T.);
#6503=CLOSED_SHELL('',(#5918,#5976,#6034,#6092,#6164,#6213,#6230,#6279,#6296,#6318,#6340,#6362,#6374,#6386,#6398,#6420,#6442,#6454,#6466,#6478,#6490,#6502));
#6504=MANIFOLD_SOLID_BREP('Body 10',#6503);
#5860=STYLED_ITEM('',(#4137),#6504);
#6505=(NAMED_UNIT(*)PLANE_ANGLE_UNIT()SI_UNIT($,.RADIAN.));
#6506=PLANE_ANGLE_MEASURE_WITH_UNIT(PLANE_ANGLE_MEASURE(0.0174532925),#6505);
#6507=(CONVERSION_BASED_UNIT('DEGREE',#6506)NAMED_UNIT(#6508)PLANE_ANGLE_UNIT());
#6508=DIMENSIONAL_EXPONENTS(0.,0.,0.,0.,0.,0.,0.);
#6509=(NAMED_UNIT(*)SI_UNIT($,.STERADIAN.)SOLID_ANGLE_UNIT());
#6510=(LENGTH_UNIT()NAMED_UNIT(*)SI_UNIT(.MILLI.,.METRE.));
#6511=UNCERTAINTY_MEASURE_WITH_UNIT(LENGTH_MEASURE(1.000000E-03),#6510,'DISTANCE_ACCURACY_VALUE','Maximum Tolerance applied to model');
#6512=(GEOMETRIC_REPRESENTATION_CONTEXT(3)GLOBAL_UNCERTAINTY_ASSIGNED_CONTEXT((#6511))GLOBAL_UNIT_ASSIGNED_CONTEXT((#6510,#6507,#6509))REPRESENTATION_CONTEXT('','Act ii print plast.step'));
#6524=CARTESIAN_POINT('',(0.,0.,0.));
#6525=DIRECTION('',(0.,0.,1.));
#6526=DIRECTION('',(1.,0.,-0.));
#6527=AXIS2_PLACEMENT_3D('',#6524,#6525,#6526);
#6528=ITEM_DEFINED_TRANSFORMATION('','',#6527,#15);
#6529=(REPRESENTATION_RELATIONSHIP('','',#6514,#16)REPRESENTATION_RELATIONSHIP_WITH_TRANSFORMATION(#6528)SHAPE_REPRESENTATION_RELATIONSHIP());
#6530=NEXT_ASSEMBLY_USAGE_OCCURRENCE('Act ii print plast.step_1','Act ii print plast.step','Act ii print plast.step',#25,#6523,$);
#6531=PRODUCT_DEFINITION_SHAPE('','',#6530);
#6532=CONTEXT_DEPENDENT_SHAPE_REPRESENTATION(#6529,#6531);
#6533=(NAMED_UNIT(*)PLANE_ANGLE_UNIT()SI_UNIT($,.RADIAN.));
#6534=PLANE_ANGLE_MEASURE_WITH_UNIT(PLANE_ANGLE_MEASURE(0.0174532925),#6533);
#6535=(CONVERSION_BASED_UNIT('DEGREE',#6534)NAMED_UNIT(#6536)PLANE_ANGLE_UNIT());
#6536=DIMENSIONAL_EXPONENTS(0.,0.,0.,0.,0.,0.,0.);
#6537=(NAMED_UNIT(*)SI_UNIT($,.STERADIAN.)SOLID_ANGLE_UNIT());
#6538=(LENGTH_UNIT()NAMED_UNIT(*)SI_UNIT(.MILLI.,.METRE.));
#6539=UNCERTAINTY_MEASURE_WITH_UNIT(LENGTH_MEASURE(1.000000E-05),#6538,'DISTANCE_ACCURACY_VALUE','Maximum Tolerance applied to model');
#6540=(GEOMETRIC_REPRESENTATION_CONTEXT(3)GLOBAL_UNCERTAINTY_ASSIGNED_CONTEXT((#6539))GLOBAL_UNIT_ASSIGNED_CONTEXT((#6538,#6535,#6537))REPRESENTATION_CONTEXT('','Folder 33'));
#6552=CARTESIAN_POINT('',(0.,0.,0.));
#6553=DIRECTION('',(0.,0.,1.));
#6554=DIRECTION('',(1.,0.,-0.));
#6555=AXIS2_PLACEMENT_3D('',#6552,#6553,#6554);
#6556=ITEM_DEFINED_TRANSFORMATION('','',#6555,#15);
#6557=(REPRESENTATION_RELATIONSHIP('','',#6542,#6514)REPRESENTATION_RELATIONSHIP_WITH_TRANSFORMATION(#6556)SHAPE_REPRESENTATION_RELATIONSHIP());
#6558=NEXT_ASSEMBLY_USAGE_OCCURRENCE('Folder 33_2','Folder 33','Folder 33',#6523,#6551,$);
#6559=PRODUCT_DEFINITION_SHAPE('','',#6558);
#6560=CONTEXT_DEPENDENT_SHAPE_REPRESENTATION(#6557,#6559);
#6562=CARTESIAN_POINT('',(-20.000012968,177.082119626,4.352763072));
#6563=DIRECTION('',(-0.99999995,-0.000315372,0.));
#6564=DIRECTION('',(-0.000315372,0.99999995,0.));
#6565=AXIS2_PLACEMENT_3D('',#6562,#6563,#6564);
#6566=CYLINDRICAL_SURFACE('',#6565,19.25);
#6567=CARTESIAN_POINT('',(-280.006070951,196.250121949,4.352763072));
#6568=VERTEX_POINT('',#6567);
#6569=CARTESIAN_POINT('',(-20.00608388,196.332118669,4.352763072));
#6570=VERTEX_POINT('',#6569);
#6571=CARTESIAN_POINT('',(-280.006070951,196.250121949,4.352763072));
#6572=DIRECTION('',(0.99999995,0.000315372,-0.));
#6573=VECTOR('',#6572,260.000000001);
#6574=LINE('',#6571,#6573);
#6575=EDGE_CURVE('',#6568,#6570,#6574,.T.);
#6576=ORIENTED_EDGE('',*,*,#6575,.T.);
#6577=CARTESIAN_POINT('',(-20.005973583,195.982382027,0.700018128));
#6578=VERTEX_POINT('',#6577);
#6579=CARTESIAN_POINT('',(-20.000012969,177.082119626,4.352763072));
#6580=DIRECTION('',(-0.99999995,-0.000315372,0.));
#6581=DIRECTION('',(0.000315372,-0.99999995,0.));
#6582=AXIS2_PLACEMENT_3D('',#6579,#6580,#6581);
#6583=CIRCLE('',#6582,19.25);
#6584=EDGE_CURVE('',#6570,#6578,#6583,.T.);
#6585=ORIENTED_EDGE('',*,*,#6584,.T.);
#6586=CARTESIAN_POINT('',(-280.005960654,195.900385307,0.700018128));
#6587=VERTEX_POINT('',#6586);
#6588=CARTESIAN_POINT('',(-20.005973583,195.982382027,0.700018128));
#6589=DIRECTION('',(-0.99999995,-0.000315372,0.));
#6590=VECTOR('',#6589,260.000000001);
#6591=LINE('',#6588,#6590);
#6592=EDGE_CURVE('',#6578,#6587,#6591,.T.);
#6593=ORIENTED_EDGE('',*,*,#6592,.T.);
#6594=CARTESIAN_POINT('',(-280.00000004,177.000122906,4.352763072));
#6595=DIRECTION('',(-0.99999995,-0.000315372,0.));
#6596=DIRECTION('',(0.000315372,-0.99999995,0.));
#6597=AXIS2_PLACEMENT_3D('',#6594,#6595,#6596);
#6598=CIRCLE('',#6597,19.25);
#6599=EDGE_CURVE('',#6568,#6587,#6598,.T.);
#6600=ORIENTED_EDGE('',*,*,#6599,.F.);
#6601=EDGE_LOOP('',(#6576,#6585,#6593,#6600));
#6602=FACE_BOUND('',#6601,.T.);
#6603=ADVANCED_FACE('',(#6602),#6566,.T.);
#6604=CARTESIAN_POINT('',(-69.5,236.999981872,0.700018128));
#6605=DIRECTION('',(0.,0.,-1.));
#6606=DIRECTION('',(0.,1.,0.));
#6607=AXIS2_PLACEMENT_3D('',#6604,#6605,#6606);
#6608=PLANE('',#6607);
#6609=CARTESIAN_POINT('',(-19.994052355,158.181857225,0.700018128));
#6610=VERTEX_POINT('',#6609);
#6611=CARTESIAN_POINT('',(-20.005973364,195.982382028,0.700018128));
#6612=DIRECTION('',(0.000315372,-0.99999995,0.));
#6613=VECTOR('',#6612,37.800526683);
#6614=LINE('',#6611,#6613);
#6615=EDGE_CURVE('',#6578,#6610,#6614,.T.);
#6616=ORIENTED_EDGE('',*,*,#6615,.T.);
#6617=CARTESIAN_POINT('',(-279.994039426,158.099860504,0.700018128));
#6618=VERTEX_POINT('',#6617);
#6619=CARTESIAN_POINT('',(-279.994039426,158.099860504,0.700018128));
#6620=DIRECTION('',(0.99999995,0.000315372,-0.));
#6621=VECTOR('',#6620,260.000000001);
#6622=LINE('',#6619,#6621);
#6623=EDGE_CURVE('',#6618,#6610,#6622,.T.);
#6624=ORIENTED_EDGE('',*,*,#6623,.F.);
#6625=CARTESIAN_POINT('',(-280.005960434,195.900385308,0.700018128));
#6626=DIRECTION('',(0.000315372,-0.99999995,0.));
#6627=VECTOR('',#6626,37.800526683);
#6628=LINE('',#6625,#6627);
#6629=EDGE_CURVE('',#6587,#6618,#6628,.T.);
#6630=ORIENTED_EDGE('',*,*,#6629,.F.);
#6631=ORIENTED_EDGE('',*,*,#6592,.F.);
#6632=EDGE_LOOP('',(#6616,#6624,#6630,#6631));
#6633=FACE_BOUND('',#6632,.T.);
#6634=ADVANCED_FACE('',(#6633),#6608,.T.);
#6635=CARTESIAN_POINT('',(-19.335523907,-1929.917898305,63.000018128));
#6636=DIRECTION('',(-0.99999995,-0.000315372,0.));
#6637=DIRECTION('',(-0.000315372,0.99999995,0.));
#6638=AXIS2_PLACEMENT_3D('',#6635,#6636,#6637);
#6639=PLANE('',#6638);
#6640=ORIENTED_EDGE('',*,*,#6615,.F.);
#6641=ORIENTED_EDGE('',*,*,#6584,.F.);
#6642=CARTESIAN_POINT('',(-20.000012969,177.082119626,4.352763072));
#6643=DIRECTION('',(-0.99999995,-0.000315372,0.));
#6644=DIRECTION('',(0.000315372,-0.99999995,0.));
#6645=AXIS2_PLACEMENT_3D('',#6642,#6643,#6644);
#6646=CIRCLE('',#6645,19.25);
#6647=EDGE_CURVE('',#6610,#6570,#6646,.T.);
#6648=ORIENTED_EDGE('',*,*,#6647,.F.);
#6649=EDGE_LOOP('',(#6640,#6641,#6648));
#6650=FACE_BOUND('',#6649,.T.);
#6651=ADVANCED_FACE('',(#6650),#6639,.F.);
#6652=CARTESIAN_POINT('',(-279.335510977,-1929.999895052,63.000018128));
#6653=DIRECTION('',(-0.99999995,-0.000315372,0.));
#6654=DIRECTION('',(-0.000315372,0.99999995,0.));
#6655=AXIS2_PLACEMENT_3D('',#6652,#6653,#6654);
#6656=PLANE('',#6655);
#6657=CARTESIAN_POINT('',(-280.00000004,177.000122906,4.352763072));
#6658=DIRECTION('',(-0.99999995,-0.000315372,0.));
#6659=DIRECTION('',(0.000315372,-0.99999995,0.));
#6660=AXIS2_PLACEMENT_3D('',#6657,#6658,#6659);
#6661=CIRCLE('',#6660,19.25);
#6662=EDGE_CURVE('',#6618,#6568,#6661,.T.);
#6663=ORIENTED_EDGE('',*,*,#6662,.T.);
#6664=ORIENTED_EDGE('',*,*,#6599,.T.);
#6665=ORIENTED_EDGE('',*,*,#6629,.T.);
#6666=EDGE_LOOP('',(#6663,#6664,#6665));
#6667=FACE_BOUND('',#6666,.T.);
#6668=ADVANCED_FACE('',(#6667),#6656,.T.);
#6669=CARTESIAN_POINT('',(-20.000012968,177.082119626,4.352763072));
#6670=DIRECTION('',(-0.99999995,-0.000315372,0.));
#6671=DIRECTION('',(-0.000315372,0.99999995,0.));
#6672=AXIS2_PLACEMENT_3D('',#6669,#6670,#6671);
#6673=CYLINDRICAL_SURFACE('',#6672,19.25);
#6674=ORIENTED_EDGE('',*,*,#6575,.F.);
#6675=ORIENTED_EDGE('',*,*,#6662,.F.);
#6676=ORIENTED_EDGE('',*,*,#6623,.T.);
#6677=ORIENTED_EDGE('',*,*,#6647,.T.);
#6678=EDGE_LOOP('',(#6674,#6675,#6676,#6677));
#6679=FACE_BOUND('',#6678,.T.);
#6680=ADVANCED_FACE('',(#6679),#6673,.T.);
#6681=CLOSED_SHELL('',(#6603,#6634,#6651,#6668,#6680));
#6682=MANIFOLD_SOLID_BREP('Body 123 (1)',#6681);
#6561=STYLED_ITEM('',(#4137),#6682);
#6542=SHAPE_REPRESENTATION('Folder 33',(#15),#6540);
#6543=ADVANCED_BREP_SHAPE_REPRESENTATION('Folder 33',(#6682),#6540);
#6690=SHAPE_REPRESENTATION_RELATIONSHIP('','',#6542,#6543);
#6691=CARTESIAN_POINT('',(0.,0.,0.));
#6692=DIRECTION('',(0.,0.,1.));
#6693=DIRECTION('',(1.,0.,0.));
#6694=AXIS2_PLACEMENT_3D('',#6691,#6692,#6693);
#6696=MAPPED_ITEM('',#6695,#6694);
#6695=REPRESENTATION_MAP(#6694,#6542);
#6697=APPLICATION_CONTEXT('Managed model based 3d engineering');
#6698=APPLICATION_PROTOCOL_DEFINITION('international standard','ap242_managed_model_based_3d_engineering',2014,#6697);
#6699=PRODUCT_CONTEXT('',#6697,'mechanical');
#6700=PRODUCT_DEFINITION_CONTEXT('part definition',#6697,'design');
#6550=PRODUCT('Folder 33','Folder 33','',(#6699));
#6701=PRODUCT_RELATED_PRODUCT_CATEGORY('part','',(#6550));
#6702=PRODUCT_DEFINITION_FORMATION_WITH_SPECIFIED_SOURCE('','',#6550,.NOT_KNOWN.);
#6551=PRODUCT_DEFINITION('design','',#6702,#6700);
#6549=PRODUCT_DEFINITION_SHAPE('','',#6551);
#6703=SHAPE_DEFINITION_REPRESENTATION(#6549,#6542);
#6541=DRAUGHTING_MODEL('',(#6696),#6540);
#6704=(NAMED_UNIT(*)PLANE_ANGLE_UNIT()SI_UNIT($,.RADIAN.));
#6705=PLANE_ANGLE_MEASURE_WITH_UNIT(PLANE_ANGLE_MEASURE(0.0174532925),#6704);
#6706=(CONVERSION_BASED_UNIT('DEGREE',#6705)NAMED_UNIT(#6707)PLANE_ANGLE_UNIT());
#6707=DIMENSIONAL_EXPONENTS(0.,0.,0.,0.,0.,0.,0.);
#6708=(NAMED_UNIT(*)SI_UNIT($,.STERADIAN.)SOLID_ANGLE_UNIT());
#6709=(LENGTH_UNIT()NAMED_UNIT(*)SI_UNIT(.MILLI.,.METRE.));
#6710=UNCERTAINTY_MEASURE_WITH_UNIT(LENGTH_MEASURE(1.000000E-05),#6709,'DISTANCE_ACCURACY_VALUE','Maximum Tolerance applied to model');
#6711=(GEOMETRIC_REPRESENTATION_CONTEXT(3)GLOBAL_UNCERTAINTY_ASSIGNED_CONTEXT((#6710))GLOBAL_UNIT_ASSIGNED_CONTEXT((#6709,#6706,#6708))REPRESENTATION_CONTEXT('','Folder 34'));
#6723=CARTESIAN_POINT('',(0.,0.,0.));
#6724=DIRECTION('',(0.,0.,1.));
#6725=DIRECTION('',(1.,0.,-0.));
#6726=AXIS2_PLACEMENT_3D('',#6723,#6724,#6725);
#6727=ITEM_DEFINED_TRANSFORMATION('','',#6726,#15);
#6728=(REPRESENTATION_RELATIONSHIP('','',#6713,#6514)REPRESENTATION_RELATIONSHIP_WITH_TRANSFORMATION(#6727)SHAPE_REPRESENTATION_RELATIONSHIP());
#6729=NEXT_ASSEMBLY_USAGE_OCCURRENCE('Folder 34_3','Folder 34','Folder 34',#6523,#6722,$);
#6730=PRODUCT_DEFINITION_SHAPE('','',#6729);
#6731=CONTEXT_DEPENDENT_SHAPE_REPRESENTATION(#6728,#6730);
#6733=CARTESIAN_POINT('',(-1950.,76.999981872,63.000018128));
#6734=DIRECTION('',(0.,1.,0.));
#6735=DIRECTION('',(1.,0.,0.));
#6736=AXIS2_PLACEMENT_3D('',#6733,#6734,#6735);
#6737=PLANE('',#6736);
#6738=CARTESIAN_POINT('',(176.202533526,76.999981872,3.000018128));
#6739=VERTEX_POINT('',#6738);
#6740=CARTESIAN_POINT('',(137.797711896,76.999981872,3.000018128));
#6741=VERTEX_POINT('',#6740);
#6742=CARTESIAN_POINT('',(176.202533526,76.999981872,3.000018128));
#6743=DIRECTION('',(-1.,-0.,0.));
#6744=VECTOR('',#6743,38.40482163);
#6745=LINE('',#6742,#6744);
#6746=EDGE_CURVE('',#6739,#6741,#6745,.T.);
#6747=ORIENTED_EDGE('',*,*,#6746,.F.);
#6748=CARTESIAN_POINT('',(176.250122711,76.999981872,4.352763072));
#6749=VERTEX_POINT('',#6748);
#6750=CARTESIAN_POINT('',(157.000122711,76.999981872,4.352763072));
#6751=DIRECTION('',(0.,1.,0.));
#6752=DIRECTION('',(0.,-0.,1.));
#6753=AXIS2_PLACEMENT_3D('',#6750,#6751,#6752);
#6754=CIRCLE('',#6753,19.25);
#6755=EDGE_CURVE('',#6749,#6739,#6754,.T.);
#6756=ORIENTED_EDGE('',*,*,#6755,.F.);
#6757=CARTESIAN_POINT('',(157.000122711,76.999981872,4.352763072));
#6758=DIRECTION('',(0.,1.,0.));
#6759=DIRECTION('',(0.,-0.,1.));
#6760=AXIS2_PLACEMENT_3D('',#6757,#6758,#6759);
#6761=CIRCLE('',#6760,19.25);
#6762=EDGE_CURVE('',#6741,#6749,#6761,.T.);
#6763=ORIENTED_EDGE('',*,*,#6762,.F.);
#6764=EDGE_LOOP('',(#6747,#6756,#6763));
#6765=FACE_BOUND('',#6764,.T.);
#6766=ADVANCED_FACE('',(#6765),#6737,.F.);
#6767=CARTESIAN_POINT('',(60.664476093,-1929.917898305,63.000018128));
#6768=DIRECTION('',(-0.99999995,-0.000315372,0.));
#6769=DIRECTION('',(-0.000315372,0.99999995,0.));
#6770=AXIS2_PLACEMENT_3D('',#6767,#6768,#6769);
#6771=PLANE('',#6770);
#6772=CARTESIAN_POINT('',(60.006043043,157.879709768,3.000018128));
#6773=VERTEX_POINT('',#6772);
#6774=CARTESIAN_POINT('',(59.99391612,196.332118671,4.352763072));
#6775=VERTEX_POINT('',#6774);
#6776=CARTESIAN_POINT('',(59.999987031,177.082119628,4.352763072));
#6777=DIRECTION('',(-0.99999995,-0.000315372,0.));
#6778=DIRECTION('',(0.000315372,-0.99999995,0.));
#6779=AXIS2_PLACEMENT_3D('',#6776,#6777,#6778);
#6780=CIRCLE('',#6779,19.25);
#6781=EDGE_CURVE('',#6773,#6775,#6780,.T.);
#6782=ORIENTED_EDGE('',*,*,#6781,.T.);
#6783=CARTESIAN_POINT('',(59.993931238,196.284529488,3.000018128));
#6784=VERTEX_POINT('',#6783);
#6785=CARTESIAN_POINT('',(59.999987031,177.082119628,4.352763072));
#6786=DIRECTION('',(-0.99999995,-0.000315372,0.));
#6787=DIRECTION('',(0.000315372,-0.99999995,0.));
#6788=AXIS2_PLACEMENT_3D('',#6785,#6786,#6787);
#6789=CIRCLE('',#6788,19.25);
#6790=EDGE_CURVE('',#6775,#6784,#6789,.T.);
#6791=ORIENTED_EDGE('',*,*,#6790,.T.);
#6792=CARTESIAN_POINT('',(59.993931347,196.284529488,3.000018128));
#6793=DIRECTION('',(0.000315372,-0.99999995,-0.));
#6794=VECTOR('',#6793,38.40482163);
#6795=LINE('',#6792,#6794);
#6796=EDGE_CURVE('',#6784,#6773,#6795,.T.);
#6797=ORIENTED_EDGE('',*,*,#6796,.T.);
#6798=EDGE_LOOP('',(#6782,#6791,#6797));
#6799=FACE_BOUND('',#6798,.T.);
#6800=ADVANCED_FACE('',(#6799),#6771,.T.);
#6801=CARTESIAN_POINT('',(157.000122711,76.999981872,4.352763072));
#6802=DIRECTION('',(-0.,1.,0.));
#6803=DIRECTION('',(1.,0.,0.));
#6804=AXIS2_PLACEMENT_3D('',#6801,#6802,#6803);
#6805=CYLINDRICAL_SURFACE('',#6804,19.25);
#6806=CARTESIAN_POINT('',(176.250122711,96.999981872,4.352763072));
#6807=VERTEX_POINT('',#6806);
#6808=CARTESIAN_POINT('',(176.250122711,96.999981872,4.352763072));
#6809=DIRECTION('',(-0.,-1.,-0.));
#6810=VECTOR('',#6809,20.);
#6811=LINE('',#6808,#6810);
#6812=EDGE_CURVE('',#6807,#6749,#6811,.T.);
#6813=ORIENTED_EDGE('',*,*,#6812,.T.);
#6814=ORIENTED_EDGE('',*,*,#6755,.T.);
#6815=CARTESIAN_POINT('',(176.202533526,96.999981872,3.000018128));
#6816=VERTEX_POINT('',#6815);
#6817=CARTESIAN_POINT('',(176.202533526,76.999981872,3.000018128));
#6818=DIRECTION('',(0.,1.,0.));
#6819=VECTOR('',#6818,20.);
#6820=LINE('',#6817,#6819);
#6821=EDGE_CURVE('',#6739,#6816,#6820,.T.);
#6822=ORIENTED_EDGE('',*,*,#6821,.T.);
#6823=CARTESIAN_POINT('',(157.000122711,96.999981872,4.352763072));
#6824=DIRECTION('',(0.,1.,0.));
#6825=DIRECTION('',(0.,-0.,1.));
#6826=AXIS2_PLACEMENT_3D('',#6823,#6824,#6825);
#6827=CIRCLE('',#6826,19.25);
#6828=EDGE_CURVE('',#6807,#6816,#6827,.T.);
#6829=ORIENTED_EDGE('',*,*,#6828,.F.);
#6830=EDGE_LOOP('',(#6813,#6814,#6822,#6829));
#6831=FACE_BOUND('',#6830,.T.);
#6832=ADVANCED_FACE('',(#6831),#6805,.T.);
#6833=CARTESIAN_POINT('',(176.250122711,96.999981872,4.352763072));
#6834=CARTESIAN_POINT('',(176.250122711,104.378502533,4.352763072));
#6835=CARTESIAN_POINT('',(175.842917548,111.442882391,4.352763072));
#6836=CARTESIAN_POINT('',(174.535758133,121.596996588,4.352763072));
#6837=CARTESIAN_POINT('',(173.983564262,124.907807721,4.352763072));
#6838=CARTESIAN_POINT('',(172.627150484,131.381608547,4.352763072));
#6839=CARTESIAN_POINT('',(171.822865751,134.544701476,4.352763072));
#6840=CARTESIAN_POINT('',(169.940975732,140.716533695,4.352763072));
#6841=CARTESIAN_POINT('',(168.863230214,143.725358384,4.352763072));
#6842=CARTESIAN_POINT('',(166.413932354,149.572444785,4.352763072));
#6843=CARTESIAN_POINT('',(165.042173128,152.410702494,4.352763072));
#6844=CARTESIAN_POINT('',(161.990468761,157.889243662,4.352763072));
#6845=CARTESIAN_POINT('',(160.310329516,160.529362805,4.352763072));
#6846=CARTESIAN_POINT('',(156.639997364,165.57530711,4.352763072));
#6847=CARTESIAN_POINT('',(154.649759166,167.980821232,4.352763072));
#6848=CARTESIAN_POINT('',(150.373999516,172.519643418,4.352763072));
#6849=CARTESIAN_POINT('',(148.088662781,174.652639685,4.352763072));
#6850=CARTESIAN_POINT('',(143.252200946,178.616933738,4.352763072));
#6851=CARTESIAN_POINT('',(140.701407449,180.448097989,4.352763072));
#6852=CARTESIAN_POINT('',(135.370020838,183.794956827,4.352763072));
#6853=CARTESIAN_POINT('',(132.589717979,185.310742826,4.352763072));
#6854=CARTESIAN_POINT('',(126.831735124,188.029432443,4.352763072));
#6855=CARTESIAN_POINT('',(123.854181667,189.232546838,4.352763072));
#6856=CARTESIAN_POINT('',(117.723958267,191.339813921,4.352763072));
#6857=CARTESIAN_POINT('',(114.571263112,192.244165032,4.352763072));
#6858=CARTESIAN_POINT('',(108.101482444,193.772555896,4.352763072));
#6859=CARTESIAN_POINT('',(104.784298803,194.396718569,4.352763072));
#6860=CARTESIAN_POINT('',(97.98690003,195.383121172,4.352763072));
#6861=CARTESIAN_POINT('',(94.506580767,195.745410984,4.352763072));
#6862=CARTESIAN_POINT('',(87.378163578,196.22365046,4.352763072));
#6863=CARTESIAN_POINT('',(83.729985976,196.339604363,4.352763072));
#6864=CARTESIAN_POINT('',(79.993915124,196.33842611,4.352763072));
#6865=CARTESIAN_POINT('',(176.250122711,96.999981872,3.906522889));
#6866=CARTESIAN_POINT('',(176.250122711,104.378502533,3.906522889));
#6867=CARTESIAN_POINT('',(175.842917548,111.442882391,3.906522889));
#6868=CARTESIAN_POINT('',(174.535758133,121.596996588,3.906522889));
#6869=CARTESIAN_POINT('',(173.983564262,124.907807721,3.906522889));
#6870=CARTESIAN_POINT('',(172.627150484,131.381608547,3.906522889));
#6871=CARTESIAN_POINT('',(171.822865751,134.544701476,3.906522889));
#6872=CARTESIAN_POINT('',(169.940975732,140.716533695,3.906522889));
#6873=CARTESIAN_POINT('',(168.863230214,143.725358384,3.906522889));
#6874=CARTESIAN_POINT('',(166.413932354,149.572444785,3.906522889));
#6875=CARTESIAN_POINT('',(165.042173128,152.410702494,3.906522889));
#6876=CARTESIAN_POINT('',(161.990468761,157.889243662,3.906522889));
#6877=CARTESIAN_POINT('',(160.310329516,160.529362805,3.906522889));
#6878=CARTESIAN_POINT('',(156.639997364,165.57530711,3.906522889));
#6879=CARTESIAN_POINT('',(154.649759166,167.980821232,3.906522889));
#6880=CARTESIAN_POINT('',(150.373999516,172.519643418,3.906522889));
#6881=CARTESIAN_POINT('',(148.088662781,174.652639685,3.906522889));
#6882=CARTESIAN_POINT('',(143.252200946,178.616933738,3.906522889));
#6883=CARTESIAN_POINT('',(140.701407449,180.448097989,3.906522889));
#6884=CARTESIAN_POINT('',(135.370020838,183.794956827,3.906522889));
#6885=CARTESIAN_POINT('',(132.589717979,185.310742826,3.906522889));
#6886=CARTESIAN_POINT('',(126.831735124,188.029432443,3.906522889));
#6887=CARTESIAN_POINT('',(123.854181667,189.232546838,3.906522889));
#6888=CARTESIAN_POINT('',(117.723958267,191.339813921,3.906522889));
#6889=CARTESIAN_POINT('',(114.571263112,192.244165032,3.906522889));
#6890=CARTESIAN_POINT('',(108.101482444,193.772555896,3.906522889));
#6891=CARTESIAN_POINT('',(104.784298803,194.396718569,3.906522889));
#6892=CARTESIAN_POINT('',(97.98690003,195.383121172,3.906522889));
#6893=CARTESIAN_POINT('',(94.506580767,195.745410984,3.906522889));
#6894=CARTESIAN_POINT('',(87.378163578,196.22365046,3.906522889));
#6895=CARTESIAN_POINT('',(83.729985976,196.339604363,3.906522889));
#6896=CARTESIAN_POINT('',(79.993915124,196.33842611,3.906522889));
#6897=CARTESIAN_POINT('',(176.234610232,96.999981872,3.455351614));
#6898=CARTESIAN_POINT('',(176.234610232,104.377928894,3.455351614));
#6899=CARTESIAN_POINT('',(175.827435218,111.441653817,3.455351614));
#6900=CARTESIAN_POINT('',(174.52042102,121.594639962,3.455351614));
#6901=CARTESIAN_POINT('',(173.968292554,124.905050924,3.455351614));
#6902=CARTESIAN_POINT('',(172.612056601,131.378003038,3.455351614));
#6903=CARTESIAN_POINT('',(171.80788434,134.540647344,3.455351614));
#6904=CARTESIAN_POINT('',(169.926281077,140.711539122,3.455351614));
#6905=CARTESIAN_POINT('',(168.848709955,143.719871924,3.455351614));
#6906=CARTESIAN_POINT('',(166.39983685,149.565944331,3.455351614));
#6907=CARTESIAN_POINT('',(165.028328148,152.403679934,3.455351614));
#6908=CARTESIAN_POINT('',(161.977210016,157.88116867,3.455351614));
#6909=CARTESIAN_POINT('',(160.297406638,160.520757619,3.455351614));
#6910=CARTESIAN_POINT('',(156.627830551,165.565662492,3.455351614));
#6911=CARTESIAN_POINT('',(154.638012588,167.970667626,3.455351614));
#6912=CARTESIAN_POINT('',(150.363163474,172.508523255,3.455351614));
#6913=CARTESIAN_POINT('',(148.078316893,174.641062204,3.455351614));
#6914=CARTESIAN_POINT('',(143.242879303,178.604516716,3.455351614));
#6915=CARTESIAN_POINT('',(140.69261963,180.435298851,3.455351614));
#6916=CARTESIAN_POINT('',(135.362313245,183.781479561,3.455351614));
#6917=CARTESIAN_POINT('',(132.582556553,185.296969474,3.455351614));
#6918=CARTESIAN_POINT('',(126.825650122,188.015150847,3.455351614));
#6919=CARTESIAN_POINT('',(123.84862682,189.218052914,3.455351614));
#6920=CARTESIAN_POINT('',(117.719427517,191.324967963,3.455351614));
#6921=CARTESIAN_POINT('',(114.567226325,192.229179207,3.455351614));
#6922=CARTESIAN_POINT('',(108.098386369,193.757347842,3.455351614));
#6923=CARTESIAN_POINT('',(104.781649557,194.381428052,3.455351614));
#6924=CARTESIAN_POINT('',(97.985093767,195.367708326,3.455351614));
#6925=CARTESIAN_POINT('',(94.505170745,195.729958231,3.455351614));
#6926=CARTESIAN_POINT('',(87.377496831,196.208147842,3.455351614));
#6927=CARTESIAN_POINT('',(83.729666327,196.324091783,3.455351614));
#6928=CARTESIAN_POINT('',(79.993920016,196.322913632,3.455351614));
#6929=CARTESIAN_POINT('',(176.202533524,96.999981872,3.000018095));
#6930=CARTESIAN_POINT('',(176.202533524,104.376742723,3.000018095));
#6931=CARTESIAN_POINT('',(175.795420852,111.439113373,3.000018095));
#6932=CARTESIAN_POINT('',(174.488706932,121.589766929,3.000018095));
#6933=CARTESIAN_POINT('',(173.936713713,124.899350417,3.000018095));
#6934=CARTESIAN_POINT('',(172.580845467,131.370547566,3.000018095));
#6935=CARTESIAN_POINT('',(171.776905774,134.532264208,3.000018095));
#6936=CARTESIAN_POINT('',(169.895895464,140.701211342,3.000018095));
#6937=CARTESIAN_POINT('',(168.818684961,143.70852702,3.000018095));
#6938=CARTESIAN_POINT('',(166.370690162,149.552502688,3.000018095));
#6939=CARTESIAN_POINT('',(164.999699494,152.389158683,3.000018095));
#6940=CARTESIAN_POINT('',(161.949793578,157.8644712,3.000018095));
#6941=CARTESIAN_POINT('',(160.270684707,160.502963812,3.000018095));
#6942=CARTESIAN_POINT('',(156.602672011,165.545719346,3.000018095));
#6943=CARTESIAN_POINT('',(154.61372301,167.949671996,3.000018095));
#6944=CARTESIAN_POINT('',(150.340756704,172.485528979,3.000018095));
#6945=CARTESIAN_POINT('',(148.056923662,174.617122285,3.000018095));
#6946=CARTESIAN_POINT('',(143.223604006,178.578840793,3.000018095));
#6947=CARTESIAN_POINT('',(140.674448176,180.40883279,3.000018095));
#6948=CARTESIAN_POINT('',(135.346375483,183.753611266,3.000018095));
#6949=CARTESIAN_POINT('',(132.567748156,185.268488931,3.000018095));
#6950=CARTESIAN_POINT('',(126.813067554,187.985619357,3.000018095));
#6951=CARTESIAN_POINT('',(123.837140504,189.188082373,3.000018095));
#6952=CARTESIAN_POINT('',(117.71005883,191.294269486,3.000018095));
#6953=CARTESIAN_POINT('',(114.558879057,192.198191515,3.000018095));
#6954=CARTESIAN_POINT('',(108.091984305,193.725900623,3.000018095));
#6955=CARTESIAN_POINT('',(104.776171443,194.349810318,3.000018095));
#6956=CARTESIAN_POINT('',(97.981358776,195.335837639,3.000018095));
#6957=CARTESIAN_POINT('',(94.5022551,195.698005024,3.000018095));
#6958=CARTESIAN_POINT('',(87.37611813,196.176091523,3.000018095));
#6959=CARTESIAN_POINT('',(83.729005357,196.292014864,3.000018095));
#6960=CARTESIAN_POINT('',(79.993930132,196.290836926,3.000018095));
#6961=(BOUNDED_SURFACE()
B_SPLINE_SURFACE(3,3,((#6833,#6834,#6835,#6836,#6837,#6838,#6839,#6840,#6841,#6842,#6843,#6844,#6845,#6846,#6847,#6848,#6849,#6850,#6851,#6852,#6853,#6854,#6855,#6856,#6857,#6858,
#6859,#6860,#6861,#6862,#6863,#6864),(#6865,#6866,#6867,#6868,#6869,#6870,#6871,#6872,#6873,#6874,#6875,#6876,#6877,#6878,#6879,#6880,#6881,#6882,#6883,#6884,#6885,#6886,#6887,#6888,#6889,#6890,
#6891,#6892,#6893,#6894,#6895,#6896),(#6897,#6898,#6899,#6900,#6901,#6902,#6903,#6904,#6905,#6906,#6907,#6908,#6909,#6910,#6911,#6912,#6913,#6914,#6915,#6916,#6917,#6918,#6919,#6920,#6921,#6922,
#6923,#6924,#6925,#6926,#6927,#6928),(#6929,#6930,#6931,#6932,#6933,#6934,#6935,#6936,#6937,#6938,#6939,#6940,#6941,#6942,#6943,#6944,#6945,#6946,#6947,#6948,#6949,#6950,#6951,#6952,#6953,#6954,
#6955,#6956,#6957,#6958,#6959,#6960)),.UNSPECIFIED.,.F.,.F.,.U.)
B_SPLINE_SURFACE_WITH_KNOTS((4,4),(4,2,2,2,2,2,2,2,2,2,2,2,2,2,2,4),(0.,0.016992082),(0.119055704,0.214291778,0.261909815,0.309527852,0.357145889,0.404763926,0.452381963,0.5,0.547618037,0.595236074,0.642854111,0.690472148,0.738090185,0.785708222,0.833326259,0.880944296),.UNSPECIFIED.)
GEOMETRIC_REPRESENTATION_ITEM()
RATIONAL_B_SPLINE_SURFACE(((1.,1.,1.,1.,1.,1.,1.,1.,1.,1.,1.,1.,1.,1.,1.,1.,1.,1.,1.,1.,1.,1.,1.,1.,1.,1.,
1.,1.,1.,1.,1.,1.),(0.97734389,0.97734389,0.97734389,0.97734389,0.97734389,0.97734389,0.97734389,0.97734389,0.97734389,0.97734389,0.97734389,0.97734389,0.97734389,0.97734389,0.97734389,0.97734389,0.97734389,0.97734389,0.97734389,0.97734389,0.97734389,0.97734389,0.97734389,0.97734389,0.97734389,0.97734389,
0.97734389,0.97734389,0.97734389,0.97734389,0.97734389,0.97734389),(0.955457729,0.955457729,0.955457729,0.955457729,0.955457729,0.955457729,0.955457729,0.955457729,0.955457729,0.955457729,0.955457729,0.955457729,0.955457729,0.955457729,0.955457729,0.955457729,0.955457729,0.955457729,0.955457729,0.955457729,0.955457729,0.955457729,0.955457729,0.955457729,0.955457729,0.955457729,
0.955457729,0.955457729,0.955457729,0.955457729,0.955457729,0.955457729),(0.934341517,0.934341517,0.934341517,0.934341517,0.934341517,0.934341517,0.934341517,0.934341517,0.934341517,0.934341517,0.934341517,0.934341517,0.934341517,0.934341517,0.934341517,0.934341517,0.934341517,0.934341517,0.934341517,0.934341517,0.934341517,0.934341517,0.934341517,0.934341517,0.934341517,0.934341517,
0.934341517,0.934341517,0.934341517,0.934341517,0.934341517,0.934341517)))
REPRESENTATION_ITEM('')
SURFACE()
);
#6962=CARTESIAN_POINT('',(79.993915125,196.33842611,4.352763072));
#6963=VERTEX_POINT('',#6962);
#6964=CARTESIAN_POINT('',(79.993915124,196.33842611,4.352763072));
#6965=CARTESIAN_POINT('',(83.729985976,196.339604363,4.352763072));
#6966=CARTESIAN_POINT('',(87.378163578,196.22365046,4.352763072));
#6967=CARTESIAN_POINT('',(94.506580767,195.745410984,4.352763072));
#6968=CARTESIAN_POINT('',(97.98690003,195.383121172,4.352763072));
#6969=CARTESIAN_POINT('',(104.784298803,194.396718569,4.352763072));
#6970=CARTESIAN_POINT('',(108.101482444,193.772555896,4.352763072));
#6971=CARTESIAN_POINT('',(114.571263112,192.244165032,4.352763072));
#6972=CARTESIAN_POINT('',(117.723958267,191.339813921,4.352763072));
#6973=CARTESIAN_POINT('',(123.854181667,189.232546838,4.352763072));
#6974=CARTESIAN_POINT('',(126.831735124,188.029432443,4.352763072));
#6975=CARTESIAN_POINT('',(132.589717979,185.310742826,4.352763072));
#6976=CARTESIAN_POINT('',(135.370020838,183.794956827,4.352763072));
#6977=CARTESIAN_POINT('',(140.701407449,180.448097989,4.352763072));
#6978=CARTESIAN_POINT('',(143.252200946,178.616933738,4.352763072));
#6979=CARTESIAN_POINT('',(148.088662781,174.652639685,4.352763072));
#6980=CARTESIAN_POINT('',(150.373999516,172.519643418,4.352763072));
#6981=CARTESIAN_POINT('',(154.649759166,167.980821232,4.352763072));
#6982=CARTESIAN_POINT('',(156.639997364,165.57530711,4.352763072));
#6983=CARTESIAN_POINT('',(160.310329516,160.529362805,4.352763072));
#6984=CARTESIAN_POINT('',(161.990468761,157.889243662,4.352763072));
#6985=CARTESIAN_POINT('',(165.042173128,152.410702494,4.352763072));
#6986=CARTESIAN_POINT('',(166.413932354,149.572444785,4.352763072));
#6987=CARTESIAN_POINT('',(168.863230214,143.725358384,4.352763072));
#6988=CARTESIAN_POINT('',(169.940975732,140.716533695,4.352763072));
#6989=CARTESIAN_POINT('',(171.822865751,134.544701476,4.352763072));
#6990=CARTESIAN_POINT('',(172.627150484,131.381608547,4.352763072));
#6991=CARTESIAN_POINT('',(173.983564262,124.907807721,4.352763072));
#6992=CARTESIAN_POINT('',(174.535758133,121.596996588,4.352763072));
#6993=CARTESIAN_POINT('',(175.842917548,111.442882391,4.352763072));
#6994=CARTESIAN_POINT('',(176.250122711,104.378502533,4.352763072));
#6995=CARTESIAN_POINT('',(176.250122711,96.999981872,4.352763072));
#6996=B_SPLINE_CURVE_WITH_KNOTS('',3,(#6964,#6965,#6966,#6967,#6968,#6969,#6970,#6971,#6972,#6973,#6974,#6975,#6976,#6977,#6978,#6979,#6980,#6981,#6982,#6983,#6984,#6985,#6986,#6987,#6988,#6989,
#6990,#6991,#6992,#6993,#6994,#6995),.UNSPECIFIED.,.F.,.F.,(4,2,2,2,2,2,2,2,2,2,2,2,2,2,2,4),(0.119055704,0.166673741,0.214291778,0.261909815,0.309527852,0.357145889,0.404763926,0.452381963,0.5,0.547618037,0.595236074,0.642854111,0.690472148,0.738090185,0.785708222,0.880944296),.UNSPECIFIED.);
#6997=EDGE_CURVE('',#6963,#6807,#6996,.T.);
#6998=ORIENTED_EDGE('',*,*,#6997,.T.);
#6999=ORIENTED_EDGE('',*,*,#6828,.T.);
#7000=CARTESIAN_POINT('',(79.993930133,196.290836928,3.000018128));
#7001=VERTEX_POINT('',#7000);
#7002=CARTESIAN_POINT('',(176.202533526,96.999981872,3.000018128));
#7003=CARTESIAN_POINT('',(176.202533526,100.296933829,3.000018128));
#7004=CARTESIAN_POINT('',(176.121356167,103.593013074,3.000018128));
#7005=CARTESIAN_POINT('',(175.943894468,106.883781867,3.000018128));
#7006=CARTESIAN_POINT('',(175.766432769,110.174550661,3.000018128));
#7007=CARTESIAN_POINT('',(175.492438837,113.461868551,3.000018128));
#7008=CARTESIAN_POINT('',(175.105941036,116.734070428,3.000018128));
#7009=CARTESIAN_POINT('',(174.719443236,120.006272306,3.000018128));
#7010=CARTESIAN_POINT('',(174.219825994,123.268266187,3.000018128));
#7011=CARTESIAN_POINT('',(173.589128007,126.501592602,3.000018128));
#7012=CARTESIAN_POINT('',(173.273779013,128.11825581,3.000018128));
#7013=CARTESIAN_POINT('',(172.92563866,129.728362672,3.000018128));
#7014=CARTESIAN_POINT('',(172.541910602,131.331354082,3.000018128));
#7015=CARTESIAN_POINT('',(172.158182544,132.934345492,3.000018128));
#7016=CARTESIAN_POINT('',(171.739040949,134.529181486,3.000018128));
#7017=CARTESIAN_POINT('',(171.282788605,136.111582926,3.000018128));
#7018=CARTESIAN_POINT('',(170.82653626,137.693984366,3.000018128));
#7019=CARTESIAN_POINT('',(170.332961159,139.26497425,3.000018128));
#7020=CARTESIAN_POINT('',(169.799239716,140.823689258,3.000018128));
#7021=CARTESIAN_POINT('',(169.265518273,142.382404266,3.000018128));
#7022=CARTESIAN_POINT('',(168.691243594,143.929626956,3.000018128));
#7023=CARTESIAN_POINT('',(168.076388813,145.457419289,3.000018128));
#7024=CARTESIAN_POINT('',(167.461534032,146.985211622,3.000018128));
#7025=CARTESIAN_POINT('',(166.805644598,148.495014149,3.000018128));
#7026=CARTESIAN_POINT('',(166.106267007,149.98575124,3.000018128));
#7027=CARTESIAN_POINT('',(165.756578212,150.731119785,3.000018128));
#7028=CARTESIAN_POINT('',(165.396016817,151.471721726,3.000018128));
#7029=CARTESIAN_POINT('',(165.024248384,152.207410442,3.000018128));
#7030=CARTESIAN_POINT('',(164.652479952,152.943099158,3.000018128));
#7031=CARTESIAN_POINT('',(164.269529074,153.673778847,3.000018128));
#7032=CARTESIAN_POINT('',(163.876105443,154.397472673,3.000018128));
#7033=CARTESIAN_POINT('',(163.08925818,155.844860324,3.000018128));
#7034=CARTESIAN_POINT('',(162.259524554,157.266210101,3.000018128));
#7035=CARTESIAN_POINT('',(161.385292052,158.660542986,3.000018128));
#7036=CARTESIAN_POINT('',(160.511059549,160.054875871,3.000018128));
#7037=CARTESIAN_POINT('',(159.59166517,161.423159494,3.000018128));
#7038=CARTESIAN_POINT('',(158.627297505,162.761085107,3.000018128));
#7039=CARTESIAN_POINT('',(156.698562176,165.436936333,3.000018128));
#7040=CARTESIAN_POINT('',(154.59313381,167.98524445,3.000018128));
#7041=CARTESIAN_POINT('',(152.330013231,170.373423191,3.000018128));
#7042=CARTESIAN_POINT('',(151.198452942,171.567512562,3.000018128));
#7043=CARTESIAN_POINT('',(150.026586971,172.722892837,3.000018128));
#7044=CARTESIAN_POINT('',(148.814321708,173.839474115,3.000018128));
#7045=CARTESIAN_POINT('',(148.208189076,174.397764753,3.000018128));
#7046=CARTESIAN_POINT('',(147.591687787,174.946538426,3.000018128));
#7047=CARTESIAN_POINT('',(146.967140872,175.483769065,3.000018128));
#7048=CARTESIAN_POINT('',(146.342593958,176.020999704,3.000018128));
#7049=CARTESIAN_POINT('',(145.709520294,176.547132256,3.000018128));
#7050=CARTESIAN_POINT('',(145.067986839,177.062253871,3.000018128));
#7051=CARTESIAN_POINT('',(143.784919928,178.0924971,3.000018128));
#7052=CARTESIAN_POINT('',(142.468092381,179.07879879,3.000018128));
#7053=CARTESIAN_POINT('',(141.118197255,180.022061,3.000018128));
#7054=CARTESIAN_POINT('',(139.768302129,180.96532321,3.000018128));
#7055=CARTESIAN_POINT('',(138.384075589,181.866055099,3.000018128));
#7056=CARTESIAN_POINT('',(136.975928585,182.719251667,3.000018128));
#7057=CARTESIAN_POINT('',(135.567781581,183.572448235,3.000018128));
#7058=CARTESIAN_POINT('',(134.133875005,184.379650009,3.000018128));
#7059=CARTESIAN_POINT('',(132.675266635,185.142745698,3.000018128));
#7060=CARTESIAN_POINT('',(131.216658266,185.905841386,3.000018128));
#7061=CARTESIAN_POINT('',(129.73180576,186.625424435,3.000018128));
#7062=CARTESIAN_POINT('',(128.227714501,187.300478832,3.000018128));
#7063=CARTESIAN_POINT('',(126.723623243,187.975533228,3.000018128));
#7064=CARTESIAN_POINT('',(125.199106407,188.606703724,3.000018128));
#7065=CARTESIAN_POINT('',(123.659376832,189.194778674,3.000018128));
#7066=CARTESIAN_POINT('',(122.119647257,189.782853624,3.000018128));
#7067=CARTESIAN_POINT('',(120.565632478,190.327550624,3.000018128));
#7068=CARTESIAN_POINT('',(118.99825651,190.831675506,3.000018128));
#7069=CARTESIAN_POINT('',(115.863504574,191.839925271,3.000018128));
#7070=CARTESIAN_POINT('',(112.671410369,192.686531779,3.000018128));
#7071=CARTESIAN_POINT('',(109.452846309,193.386834668,3.000018128));
#7072=CARTESIAN_POINT('',(107.843564279,193.736986112,3.000018128));
#7073=CARTESIAN_POINT('',(106.226547346,194.050917053,3.000018128));
#7074=CARTESIAN_POINT('',(104.602353068,194.331238387,3.000018128));
#7075=CARTESIAN_POINT('',(102.978158789,194.611559721,3.000018128));
#7076=CARTESIAN_POINT('',(101.347718751,194.858084096,3.000018128));
#7077=CARTESIAN_POINT('',(99.714524443,195.073036307,3.000018128));
#7078=CARTESIAN_POINT('',(98.081330135,195.287988519,3.000018128));
#7079=CARTESIAN_POINT('',(96.444463653,195.471499975,3.000018128));
#7080=CARTESIAN_POINT('',(94.804208943,195.6260018,3.000018128));
#7081=CARTESIAN_POINT('',(93.163954233,195.780503625,3.000018128));
#7082=CARTESIAN_POINT('',(91.51961054,195.906031815,3.000018128));
#7083=CARTESIAN_POINT('',(89.874624321,196.004661112,3.000018128));
#7084=CARTESIAN_POINT('',(86.584651882,196.201919705,3.000018128));
#7085=CARTESIAN_POINT('',(83.290895491,196.291876699,3.000018128));
#7086=CARTESIAN_POINT('',(79.993930132,196.290836928,3.000018128));
#7087=B_SPLINE_CURVE_WITH_KNOTS('',3,(#7002,#7003,#7004,#7005,#7006,#7007,#7008,#7009,#7010,#7011,#7012,#7013,#7014,#7015,#7016,#7017,#7018,#7019,#7020,#7021,#7022,#7023,#7024,#7025,#7026,#7027,
#7028,#7029,#7030,#7031,#7032,#7033,#7034,#7035,#7036,#7037,#7038,#7039,#7040,#7041,#7042,#7043,#7044,#7045,#7046,#7047,#7048,#7049,#7050,#7051,#7052,
#7053,#7054,#7055,#7056,#7057,#7058,#7059,#7060,#7061,#7062,#7063,#7064,#7065,#7066,#7067,#7068,#7069,#7070,#7071,#7072,#7073,#7074,#7075,#7076,#7077,
#7078,#7079,#7080,#7081,#7082,#7083,#7084,#7085,#7086),.UNSPECIFIED.,.F.,.F.,(4,3,3,3,3,3,3,3,3,3,3,3,3,3,3,3,3,3,3,3,3,3,3,3,3,3,
3,3,4),(0.,0.009890617,0.019781235,0.029671852,0.034617161,0.03956247,0.044507779,0.049453087,0.054398396,0.056871051,0.059343705,0.064289014,0.069234322,0.07912494,0.084070249,0.086542903,0.089015557,0.093960866,0.098906175,0.103851484,0.108796792,0.113742101,0.11868741,0.128578027,0.133523336,0.138468645,
0.143413954,0.148359262,0.15824988),.UNSPECIFIED.);
#7088=EDGE_CURVE('',#6816,#7001,#7087,.T.);
#7089=ORIENTED_EDGE('',*,*,#7088,.T.);
#7090=CARTESIAN_POINT('',(79.999986036,177.088427068,4.352763072));
#7091=DIRECTION('',(-0.99999995,-0.000315372,0.));
#7092=DIRECTION('',(0.000315372,-0.99999995,0.));
#7093=AXIS2_PLACEMENT_3D('',#7090,#7091,#7092);
#7094=CIRCLE('',#7093,19.25);
#7095=EDGE_CURVE('',#6963,#7001,#7094,.T.);
#7096=ORIENTED_EDGE('',*,*,#7095,.F.);
#7097=EDGE_LOOP('',(#6998,#6999,#7089,#7096));
#7098=FACE_BOUND('',#7097,.T.);
#7099=ADVANCED_FACE('',(#7098),#6961,.T.);
#7100=CARTESIAN_POINT('',(79.999986037,177.088427068,4.352763072));
#7101=DIRECTION('',(-0.99999995,-0.000315372,0.));
#7102=DIRECTION('',(-0.000315372,0.99999995,0.));
#7103=AXIS2_PLACEMENT_3D('',#7100,#7101,#7102);
#7104=CYLINDRICAL_SURFACE('',#7103,19.25);
#7105=CARTESIAN_POINT('',(59.99391612,196.332118671,4.352763072));
#7106=DIRECTION('',(0.99999995,0.000315372,-0.));
#7107=VECTOR('',#7106,20.);
#7108=LINE('',#7105,#7107);
#7109=EDGE_CURVE('',#6775,#6963,#7108,.T.);
#7110=ORIENTED_EDGE('',*,*,#7109,.T.);
#7111=ORIENTED_EDGE('',*,*,#7095,.T.);
#7112=CARTESIAN_POINT('',(79.993930133,196.290836928,3.000018128));
#7113=DIRECTION('',(-0.99999995,-0.000315372,0.));
#7114=VECTOR('',#7113,19.99999989);
#7115=LINE('',#7112,#7114);
#7116=EDGE_CURVE('',#7001,#6784,#7115,.T.);
#7117=ORIENTED_EDGE('',*,*,#7116,.T.);
#7118=ORIENTED_EDGE('',*,*,#6790,.F.);
#7119=EDGE_LOOP('',(#7110,#7111,#7117,#7118));
#7120=FACE_BOUND('',#7119,.T.);
#7121=ADVANCED_FACE('',(#7120),#7104,.T.);
#7122=CARTESIAN_POINT('',(10.5,226.999981872,3.000018128));
#7123=DIRECTION('',(0.,0.,-1.));
#7124=DIRECTION('',(0.,1.,0.));
#7125=AXIS2_PLACEMENT_3D('',#7122,#7123,#7124);
#7126=PLANE('',#7125);
#7127=CARTESIAN_POINT('',(80.006041941,157.886017208,3.000018128));
#7128=VERTEX_POINT('',#7127);
#7129=CARTESIAN_POINT('',(137.797711896,96.999981872,3.000018128));
#7130=VERTEX_POINT('',#7129);
#7131=CARTESIAN_POINT('',(80.006041942,157.886017207,3.000018128));
#7132=CARTESIAN_POINT('',(82.052117232,157.886662482,3.000018128));
#7133=CARTESIAN_POINT('',(84.092877588,157.842625415,3.000018128));
#7134=CARTESIAN_POINT('',(86.127419962,157.746314129,3.000018128));
#7135=CARTESIAN_POINT('',(88.161962336,157.650002843,3.000018128));
#7136=CARTESIAN_POINT('',(90.190283264,157.501388228,3.000018128));
#7137=CARTESIAN_POINT('',(92.211162149,157.290208783,3.000018128));
#7138=CARTESIAN_POINT('',(94.232041034,157.079029339,3.000018128));
#7139=CARTESIAN_POINT('',(96.245493847,156.80541934,3.000018128));
#7140=CARTESIAN_POINT('',(98.249782372,156.454765698,3.000018128));
#7141=CARTESIAN_POINT('',(100.254070896,156.104112056,3.000018128));
#7142=CARTESIAN_POINT('',(102.249237991,155.676775079,3.000018128));
#7143=CARTESIAN_POINT('',(104.232697388,155.151012169,3.000018128));
#7144=CARTESIAN_POINT('',(104.728562237,155.019571441,3.000018128));
#7145=CARTESIAN_POINT('',(105.224294459,154.881752291,3.000018128));
#7146=CARTESIAN_POINT('',(105.717318532,154.737867421,3.000018128));
#7147=CARTESIAN_POINT('',(106.210342605,154.593982551,3.000018128));
#7148=CARTESIAN_POINT('',(106.700743549,154.444027052,3.000018128));
#7149=CARTESIAN_POINT('',(107.188388204,154.287692762,3.000018128));
#7150=CARTESIAN_POINT('',(108.163677516,153.975024181,3.000018128));
#7151=CARTESIAN_POINT('',(109.127955206,153.636871744,3.000018128));
#7152=CARTESIAN_POINT('',(110.080009342,153.270430714,3.000018128));
#7153=CARTESIAN_POINT('',(111.984117615,152.537548653,3.000018128));
#7154=CARTESIAN_POINT('',(113.839604139,151.692142778,3.000018128));
#7155=CARTESIAN_POINT('',(115.633907344,150.705142233,3.000018128));
#7156=CARTESIAN_POINT('',(116.082483145,150.458392097,3.000018128));
#7157=CARTESIAN_POINT('',(116.527206453,150.202726255,3.000018128));
#7158=CARTESIAN_POINT('',(116.967851616,149.937622486,3.000018128));
#7159=CARTESIAN_POINT('',(117.408496778,149.672518717,3.000018128));
#7160=CARTESIAN_POINT('',(117.846021228,149.39732956,3.000018128));
#7161=CARTESIAN_POINT('',(118.27558276,149.114609691,3.000018128));
#7162=CARTESIAN_POINT('',(119.134705823,148.549169951,3.000018128));
#7163=CARTESIAN_POINT('',(119.963964299,147.952337907,3.000018128));
#7164=CARTESIAN_POINT('',(120.762584833,147.323300645,3.000018128));
#7165=CARTESIAN_POINT('',(122.359825902,146.065226121,3.000018128));
#7166=CARTESIAN_POINT('',(123.83428155,144.678085113,3.000018128));
#7167=CARTESIAN_POINT('',(125.184786155,143.160652375,3.000018128));
#7168=CARTESIAN_POINT('',(125.860038457,142.401936006,3.000018128));
#7169=CARTESIAN_POINT('',(126.504301145,141.610644755,3.000018128));
#7170=CARTESIAN_POINT('',(127.11822228,140.787459836,3.000018128));
#7171=CARTESIAN_POINT('',(127.425182847,140.375867376,3.000018128));
#7172=CARTESIAN_POINT('',(127.725337756,139.955246519,3.000018128));
#7173=CARTESIAN_POINT('',(128.015758134,139.530123822,3.000018128));
#7174=CARTESIAN_POINT('',(128.306178512,139.105001124,3.000018128));
#7175=CARTESIAN_POINT('',(128.586972604,138.675351767,3.000018128));
#7176=CARTESIAN_POINT('',(128.858688359,138.241433418,3.000018128));
#7177=CARTESIAN_POINT('',(129.945551378,136.505760022,3.000018128));
#7178=CARTESIAN_POINT('',(130.888326067,134.702330612,3.000018128));
#7179=CARTESIAN_POINT('',(131.716900835,132.845199897,3.000018128));
#7180=CARTESIAN_POINT('',(132.545475602,130.988069182,3.000018128));
#7181=CARTESIAN_POINT('',(133.259787993,129.077207792,3.000018128));
#7182=CARTESIAN_POINT('',(133.88117903,127.122651118,3.000018128));
#7183=CARTESIAN_POINT('',(134.036526789,126.634011949,3.000018128));
#7184=CARTESIAN_POINT('',(134.186180986,126.142088154,3.000018128));
#7185=CARTESIAN_POINT('',(134.32962243,125.649792308,3.000018128));
#7186=CARTESIAN_POINT('',(134.473063873,125.157496462,3.000018128));
#7187=CARTESIAN_POINT('',(134.610435651,124.664441344,3.000018128));
#7188=CARTESIAN_POINT('',(134.742137656,124.170676976,3.000018128));
#7189=CARTESIAN_POINT('',(135.005541664,123.18314824,3.000018128));
#7190=CARTESIAN_POINT('',(135.246304785,122.192787286,3.000018128));
#7191=CARTESIAN_POINT('',(135.467078207,121.199925759,3.000018128));
#7192=CARTESIAN_POINT('',(135.908625052,119.214202706,3.000018128));
#7193=CARTESIAN_POINT('',(136.270494645,117.218512582,3.000018128));
#7194=CARTESIAN_POINT('',(136.568654021,115.214852752,3.000018128));
#7195=CARTESIAN_POINT('',(136.866813398,113.211192922,3.000018128));
#7196=CARTESIAN_POINT('',(137.100884203,111.199516056,3.000018128));
#7197=CARTESIAN_POINT('',(137.282046329,109.181220682,3.000018128));
#7198=CARTESIAN_POINT('',(137.463208454,107.162925307,3.000018128));
#7199=CARTESIAN_POINT('',(137.591535491,105.13802063,3.000018128));
#7200=CARTESIAN_POINT('',(137.675179153,103.107526373,3.000018128));
#7201=CARTESIAN_POINT('',(137.758822815,101.077032116,3.000018128));
#7202=CARTESIAN_POINT('',(137.797711896,99.040939371,3.000018128));
#7203=CARTESIAN_POINT('',(137.797711896,96.999981872,3.000018128));
#7204=B_SPLINE_CURVE_WITH_KNOTS('',3,(#7131,#7132,#7133,#7134,#7135,#7136,#7137,#7138,#7139,#7140,#7141,#7142,#7143,#7144,#7145,#7146,#7147,#7148,#7149,#7150,#7151,#7152,#7153,#7154,#7155,#7156,
#7157,#7158,#7159,#7160,#7161,#7162,#7163,#7164,#7165,#7166,#7167,#7168,#7169,#7170,#7171,#7172,#7173,#7174,#7175,#7176,#7177,#7178,#7179,#7180,#7181,
#7182,#7183,#7184,#7185,#7186,#7187,#7188,#7189,#7190,#7191,#7192,#7193,#7194,#7195,#7196,#7197,#7198,#7199,#7200,#7201,#7202,#7203),.UNSPECIFIED.,.F.,.F.,(4,3,3,3,3,3,3,3,3,3,3,3,3,3,3,3,3,3,3,3,3,3,3,3,4),(0.,0.006095028,0.012190056,0.018285084,0.024380112,0.025903869,0.027427626,0.03047514,0.036570168,0.038093925,0.039617682,0.042665196,0.048760224,0.051807738,0.053331495,0.054855252,0.06095028,0.067045308,0.068569065,0.070092822,0.073140336,0.079235364,0.085330392,0.09142542,0.097520447),.UNSPECIFIED.);
#7205=EDGE_CURVE('',#7128,#7130,#7204,.T.);
#7206=ORIENTED_EDGE('',*,*,#7205,.F.);
#7207=CARTESIAN_POINT('',(60.006043043,157.879709768,3.000018128));
#7208=DIRECTION('',(0.99999995,0.000315372,-0.));
#7209=VECTOR('',#7208,19.999999892);
#7210=LINE('',#7207,#7209);
#7211=EDGE_CURVE('',#6773,#7128,#7210,.T.);
#7212=ORIENTED_EDGE('',*,*,#7211,.F.);
#7213=ORIENTED_EDGE('',*,*,#6796,.F.);
#7214=ORIENTED_EDGE('',*,*,#7116,.F.);
#7215=ORIENTED_EDGE('',*,*,#7088,.F.);
#7216=ORIENTED_EDGE('',*,*,#6821,.F.);
#7217=ORIENTED_EDGE('',*,*,#6746,.T.);
#7218=CARTESIAN_POINT('',(137.797711896,96.999981872,3.000018128));
#7219=DIRECTION('',(-0.,-1.,-0.));
#7220=VECTOR('',#7219,20.);
#7221=LINE('',#7218,#7220);
#7222=EDGE_CURVE('',#7130,#6741,#7221,.T.);
#7223=ORIENTED_EDGE('',*,*,#7222,.F.);
#7224=EDGE_LOOP('',(#7206,#7212,#7213,#7214,#7215,#7216,#7217,#7223));
#7225=FACE_BOUND('',#7224,.T.);
#7226=ADVANCED_FACE('',(#7225),#7126,.T.);
#7227=CARTESIAN_POINT('',(137.797711913,96.999981872,3.000017887));
#7228=CARTESIAN_POINT('',(137.797711913,102.95656343,3.000017887));
#7229=CARTESIAN_POINT('',(137.465240258,108.397488839,3.000017887));
#7230=CARTESIAN_POINT('',(136.518044284,115.755379535,3.000017887));
#7231=CARTESIAN_POINT('',(136.127978634,118.074244156,3.000017887));
#7232=CARTESIAN_POINT('',(135.212358454,122.444254826,3.000017887));
#7233=CARTESIAN_POINT('',(134.686868585,124.495297895,3.000017887));
#7234=CARTESIAN_POINT('',(133.515789515,128.335959926,3.000017887));
#7235=CARTESIAN_POINT('',(132.87034019,130.125493699,3.000017887));
#7236=CARTESIAN_POINT('',(131.473925513,133.459084686,3.000017887));
#7237=CARTESIAN_POINT('',(130.723166525,135.003145895,3.000017887));
#7238=CARTESIAN_POINT('',(129.124623815,137.872913407,3.000017887));
#7239=CARTESIAN_POINT('',(128.277033717,139.198783618,3.000017887));
#7240=CARTESIAN_POINT('',(126.480839826,141.66817711,3.000017887));
#7241=CARTESIAN_POINT('',(125.532281216,142.812010657,3.000017887));
#7242=CARTESIAN_POINT('',(123.513564544,144.954927185,3.000017887));
#7243=CARTESIAN_POINT('',(122.443222219,145.954321186,3.000017887));
#7244=CARTESIAN_POINT('',(120.145664467,147.837556254,3.000017887));
#7245=CARTESIAN_POINT('',(118.918118255,148.721530522,3.000017887));
#7246=CARTESIAN_POINT('',(116.264401338,150.387441581,3.000017887));
#7247=CARTESIAN_POINT('',(114.837941102,151.169287183,3.000017887));
#7248=CARTESIAN_POINT('',(111.748202166,152.628138551,3.000017887));
#7249=CARTESIAN_POINT('',(110.08479724,153.30493406,3.000017887));
#7250=CARTESIAN_POINT('',(106.493111529,154.539577657,3.000017887));
#7251=CARTESIAN_POINT('',(104.564855892,155.097227807,3.000017887));
#7252=CARTESIAN_POINT('',(100.42691723,156.074755172,3.000017887));
#7253=CARTESIAN_POINT('',(98.217332083,156.49450977,3.000017887));
#7254=CARTESIAN_POINT('',(93.509526843,157.177681598,3.000017887));
#7255=CARTESIAN_POINT('',(91.011410621,157.441049071,3.000017887));
#7256=CARTESIAN_POINT('',(85.725426562,157.79568127,3.000017887));
#7257=CARTESIAN_POINT('',(82.937638187,157.886941768,3.000017887));
#7258=CARTESIAN_POINT('',(80.006041942,157.886017224,3.000017887));
#7259=CARTESIAN_POINT('',(137.765635195,96.999981872,3.455351477));
#7260=CARTESIAN_POINT('',(137.765635195,102.955377258,3.455351477));
#7261=CARTESIAN_POINT('',(137.433225882,108.394948394,3.455351477));
#7262=CARTESIAN_POINT('',(136.486330186,115.750506501,3.455351477));
#7263=CARTESIAN_POINT('',(136.096399783,118.068543647,3.455351477));
#7264=CARTESIAN_POINT('',(135.18114731,122.436799351,3.455351477));
#7265=CARTESIAN_POINT('',(134.655890009,124.486914757,3.455351477));
#7266=CARTESIAN_POINT('',(133.485403892,128.325632143,3.455351477));
#7267=CARTESIAN_POINT('',(132.840315186,130.114148792,3.455351477));
#7268=CARTESIAN_POINT('',(131.444778816,133.445643039,3.455351477));
#7269=CARTESIAN_POINT('',(130.694537863,134.98862464,3.455351477));
#7270=CARTESIAN_POINT('',(129.097207369,137.856215932,3.455351477));
#7271=CARTESIAN_POINT('',(128.250311777,139.180989805,3.455351477));
#7272=CARTESIAN_POINT('',(126.455681278,141.648233958,3.455351477));
#7273=CARTESIAN_POINT('',(125.50799163,142.791015021,3.455351477));
#7274=CARTESIAN_POINT('',(123.491157767,144.931932901,3.455351477));
#7275=CARTESIAN_POINT('',(122.421828981,145.93038126,3.455351477));
#7276=CARTESIAN_POINT('',(120.126389164,147.811880324,3.455351477));
#7277=CARTESIAN_POINT('',(118.899946796,148.695064453,3.455351477));
#7278=CARTESIAN_POINT('',(116.248463571,150.359573278,3.455351477));
#7279=CARTESIAN_POINT('',(114.823132701,151.140806632,3.455351477));
#7280=CARTESIAN_POINT('',(111.735619594,152.598607053,3.455351477));
#7281=CARTESIAN_POINT('',(110.073310921,153.274963509,3.455351477));
#7282=CARTESIAN_POINT('',(106.483742839,154.50887917,3.455351477));
#7283=CARTESIAN_POINT('',(104.556508621,155.066240105,3.455351477));
#7284=CARTESIAN_POINT('',(100.420515164,156.043307944,3.455351477));
#7285=CARTESIAN_POINT('',(98.211853967,156.462892026,3.455351477));
#7286=CARTESIAN_POINT('',(93.505791851,157.145810901,3.455351477));
#7287=CARTESIAN_POINT('',(91.008494975,157.409095854,3.455351477));
#7288=CARTESIAN_POINT('',(85.724047861,157.76362494,3.455351477));
#7289=CARTESIAN_POINT('',(82.936977217,157.85486484,3.455351477));
#7290=CARTESIAN_POINT('',(80.006052058,157.853940508,3.455351477));
#7291=CARTESIAN_POINT('',(137.750122711,96.999981872,3.906522822));
#7292=CARTESIAN_POINT('',(137.750122711,102.954803619,3.906522822));
#7293=CARTESIAN_POINT('',(137.417743547,108.39371982,3.906522822));
#7294=CARTESIAN_POINT('',(136.470993069,115.748149874,3.906522822));
#7295=CARTESIAN_POINT('',(136.081128071,118.065786849,3.906522822));
#7296=CARTESIAN_POINT('',(135.166053423,122.433193841,3.906522822));
#7297=CARTESIAN_POINT('',(134.640908594,124.482860623,3.906522822));
#7298=CARTESIAN_POINT('',(133.470709232,128.320637568,3.906522822));
#7299=CARTESIAN_POINT('',(132.825794923,130.10866233,3.906522822));
#7300=CARTESIAN_POINT('',(131.430683307,133.439142583,3.906522822));
#7301=CARTESIAN_POINT('',(130.680692878,134.981602078,3.906522822));
#7302=CARTESIAN_POINT('',(129.083948619,137.848140937,3.906522822));
#7303=CARTESIAN_POINT('',(128.237388895,139.172384617,3.906522822));
#7304=CARTESIAN_POINT('',(126.443514462,141.638589336,3.906522822));
#7305=CARTESIAN_POINT('',(125.496245048,142.780861411,3.906522822));
#7306=CARTESIAN_POINT('',(123.480321722,144.920812735,3.906522822));
#7307=CARTESIAN_POINT('',(122.41148309,145.918803776,3.906522822));
#7308=CARTESIAN_POINT('',(120.117067518,147.799463298,3.906522822));
#7309=CARTESIAN_POINT('',(118.891158975,148.682265311,3.906522822));
#7310=CARTESIAN_POINT('',(116.240755976,150.346096007,3.906522822));
#7311=CARTESIAN_POINT('',(114.815971273,151.127033275,3.906522822));
#7312=CARTESIAN_POINT('',(111.72953459,152.584325452,3.906522822));
#7313=CARTESIAN_POINT('',(110.067756072,153.260469581,3.906522822));
#7314=CARTESIAN_POINT('',(106.479212087,154.494033208,3.906522822));
#7315=CARTESIAN_POINT('',(104.552471833,155.051254276,3.906522822));
#7316=CARTESIAN_POINT('',(100.417419088,156.028099886,3.906522822));
#7317=CARTESIAN_POINT('',(98.20920472,156.447601505,3.906522822));
#7318=CARTESIAN_POINT('',(93.503985588,157.130398051,3.906522822));
#7319=CARTESIAN_POINT('',(91.007084953,157.393643097,3.906522822));
#7320=CARTESIAN_POINT('',(85.723381114,157.748122317,3.906522822));
#7321=CARTESIAN_POINT('',(82.936657567,157.839352255,3.906522822));
#7322=CARTESIAN_POINT('',(80.00605695,157.838428025,3.906522822));
#7323=CARTESIAN_POINT('',(137.750122711,96.999981872,4.352763072));
#7324=CARTESIAN_POINT('',(137.750122711,102.954803619,4.352763072));
#7325=CARTESIAN_POINT('',(137.417743547,108.39371982,4.352763072));
#7326=CARTESIAN_POINT('',(136.470993069,115.748149874,4.352763072));
#7327=CARTESIAN_POINT('',(136.081128071,118.065786849,4.352763072));
#7328=CARTESIAN_POINT('',(135.166053423,122.433193841,4.352763072));
#7329=CARTESIAN_POINT('',(134.640908594,124.482860623,4.352763072));
#7330=CARTESIAN_POINT('',(133.470709232,128.320637568,4.352763072));
#7331=CARTESIAN_POINT('',(132.825794923,130.10866233,4.352763072));
#7332=CARTESIAN_POINT('',(131.430683307,133.439142583,4.352763072));
#7333=CARTESIAN_POINT('',(130.680692878,134.981602078,4.352763072));
#7334=CARTESIAN_POINT('',(129.083948619,137.848140937,4.352763072));
#7335=CARTESIAN_POINT('',(128.237388895,139.172384617,4.352763072));
#7336=CARTESIAN_POINT('',(126.443514462,141.638589336,4.352763072));
#7337=CARTESIAN_POINT('',(125.496245048,142.780861411,4.352763072));
#7338=CARTESIAN_POINT('',(123.480321722,144.920812735,4.352763072));
#7339=CARTESIAN_POINT('',(122.41148309,145.918803776,4.352763072));
#7340=CARTESIAN_POINT('',(120.117067518,147.799463298,4.352763072));
#7341=CARTESIAN_POINT('',(118.891158975,148.682265311,4.352763072));
#7342=CARTESIAN_POINT('',(116.240755976,150.346096007,4.352763072));
#7343=CARTESIAN_POINT('',(114.815971273,151.127033275,4.352763072));
#7344=CARTESIAN_POINT('',(111.72953459,152.584325452,4.352763072));
#7345=CARTESIAN_POINT('',(110.067756072,153.260469581,4.352763072));
#7346=CARTESIAN_POINT('',(106.479212087,154.494033208,4.352763072));
#7347=CARTESIAN_POINT('',(104.552471833,155.051254276,4.352763072));
#7348=CARTESIAN_POINT('',(100.417419088,156.028099886,4.352763072));
#7349=CARTESIAN_POINT('',(98.20920472,156.447601505,4.352763072));
#7350=CARTESIAN_POINT('',(93.503985588,157.130398051,4.352763072));
#7351=CARTESIAN_POINT('',(91.007084953,157.393643097,4.352763072));
#7352=CARTESIAN_POINT('',(85.723381114,157.748122317,4.352763072));
#7353=CARTESIAN_POINT('',(82.936657567,157.839352255,4.352763072));
#7354=CARTESIAN_POINT('',(80.00605695,157.838428025,4.352763072));
#7355=CARTESIAN_POINT('',(137.750122711,96.999981872,4.352796405));
#7356=CARTESIAN_POINT('',(137.750122711,102.954803619,4.352796405));
#7357=CARTESIAN_POINT('',(137.417743547,108.39371982,4.352796405));
#7358=CARTESIAN_POINT('',(136.470993069,115.748149874,4.352796405));
#7359=CARTESIAN_POINT('',(136.081128071,118.065786849,4.352796405));
#7360=CARTESIAN_POINT('',(135.166053423,122.433193841,4.352796405));
#7361=CARTESIAN_POINT('',(134.640908594,124.482860623,4.352796405));
#7362=CARTESIAN_POINT('',(133.470709232,128.320637568,4.352796405));
#7363=CARTESIAN_POINT('',(132.825794923,130.10866233,4.352796405));
#7364=CARTESIAN_POINT('',(131.430683307,133.439142583,4.352796405));
#7365=CARTESIAN_POINT('',(130.680692878,134.981602078,4.352796405));
#7366=CARTESIAN_POINT('',(129.083948619,137.848140937,4.352796405));
#7367=CARTESIAN_POINT('',(128.237388895,139.172384617,4.352796405));
#7368=CARTESIAN_POINT('',(126.443514462,141.638589336,4.352796405));
#7369=CARTESIAN_POINT('',(125.496245048,142.780861411,4.352796405));
#7370=CARTESIAN_POINT('',(123.480321722,144.920812735,4.352796405));
#7371=CARTESIAN_POINT('',(122.41148309,145.918803776,4.352796405));
#7372=CARTESIAN_POINT('',(120.117067518,147.799463298,4.352796405));
#7373=CARTESIAN_POINT('',(118.891158975,148.682265311,4.352796405));
#7374=CARTESIAN_POINT('',(116.240755976,150.346096007,4.352796405));
#7375=CARTESIAN_POINT('',(114.815971273,151.127033275,4.352796405));
#7376=CARTESIAN_POINT('',(111.72953459,152.584325452,4.352796405));
#7377=CARTESIAN_POINT('',(110.067756072,153.260469581,4.352796405));
#7378=CARTESIAN_POINT('',(106.479212087,154.494033208,4.352796405));
#7379=CARTESIAN_POINT('',(104.552471833,155.051254276,4.352796405));
#7380=CARTESIAN_POINT('',(100.417419088,156.028099886,4.352796405));
#7381=CARTESIAN_POINT('',(98.20920472,156.447601505,4.352796405));
#7382=CARTESIAN_POINT('',(93.503985588,157.130398051,4.352796405));
#7383=CARTESIAN_POINT('',(91.007084953,157.393643097,4.352796405));
#7384=CARTESIAN_POINT('',(85.723381114,157.748122317,4.352796405));
#7385=CARTESIAN_POINT('',(82.936657567,157.839352255,4.352796405));
#7386=CARTESIAN_POINT('',(80.00605695,157.838428025,4.352796405));
#7387=CARTESIAN_POINT('',(137.750122711,96.999981872,4.352829739));
#7388=CARTESIAN_POINT('',(137.750122711,102.954803619,4.352829739));
#7389=CARTESIAN_POINT('',(137.417743547,108.39371982,4.352829739));
#7390=CARTESIAN_POINT('',(136.470993069,115.748149874,4.352829739));
#7391=CARTESIAN_POINT('',(136.081128071,118.065786849,4.352829739));
#7392=CARTESIAN_POINT('',(135.166053423,122.433193841,4.352829739));
#7393=CARTESIAN_POINT('',(134.640908594,124.482860623,4.352829739));
#7394=CARTESIAN_POINT('',(133.470709232,128.320637568,4.352829739));
#7395=CARTESIAN_POINT('',(132.825794923,130.10866233,4.352829739));
#7396=CARTESIAN_POINT('',(131.430683307,133.439142583,4.352829739));
#7397=CARTESIAN_POINT('',(130.680692878,134.981602078,4.352829739));
#7398=CARTESIAN_POINT('',(129.083948619,137.848140937,4.352829739));
#7399=CARTESIAN_POINT('',(128.237388895,139.172384617,4.352829739));
#7400=CARTESIAN_POINT('',(126.443514462,141.638589336,4.352829739));
#7401=CARTESIAN_POINT('',(125.496245048,142.780861411,4.352829739));
#7402=CARTESIAN_POINT('',(123.480321722,144.920812735,4.352829739));
#7403=CARTESIAN_POINT('',(122.41148309,145.918803776,4.352829739));
#7404=CARTESIAN_POINT('',(120.117067518,147.799463298,4.352829739));
#7405=CARTESIAN_POINT('',(118.891158975,148.682265311,4.352829739));
#7406=CARTESIAN_POINT('',(116.240755976,150.346096007,4.352829739));
#7407=CARTESIAN_POINT('',(114.815971273,151.127033275,4.352829739));
#7408=CARTESIAN_POINT('',(111.72953459,152.584325452,4.352829739));
#7409=CARTESIAN_POINT('',(110.067756072,153.260469581,4.352829739));
#7410=CARTESIAN_POINT('',(106.479212087,154.494033208,4.352829739));
#7411=CARTESIAN_POINT('',(104.552471833,155.051254276,4.352829739));
#7412=CARTESIAN_POINT('',(100.417419088,156.028099886,4.352829739));
#7413=CARTESIAN_POINT('',(98.20920472,156.447601505,4.352829739));
#7414=CARTESIAN_POINT('',(93.503985588,157.130398051,4.352829739));
#7415=CARTESIAN_POINT('',(91.007084953,157.393643097,4.352829739));
#7416=CARTESIAN_POINT('',(85.723381114,157.748122317,4.352829739));
#7417=CARTESIAN_POINT('',(82.936657567,157.839352255,4.352829739));
#7418=CARTESIAN_POINT('',(80.00605695,157.838428025,4.352829739));
#7419=CARTESIAN_POINT('',(137.750122711,96.999981872,4.352863072));
#7420=CARTESIAN_POINT('',(137.750122711,102.954803619,4.352863072));
#7421=CARTESIAN_POINT('',(137.417743547,108.39371982,4.352863072));
#7422=CARTESIAN_POINT('',(136.470993069,115.748149874,4.352863072));
#7423=CARTESIAN_POINT('',(136.081128071,118.065786849,4.352863072));
#7424=CARTESIAN_POINT('',(135.166053423,122.433193841,4.352863072));
#7425=CARTESIAN_POINT('',(134.640908594,124.482860623,4.352863072));
#7426=CARTESIAN_POINT('',(133.470709232,128.320637568,4.352863072));
#7427=CARTESIAN_POINT('',(132.825794923,130.10866233,4.352863072));
#7428=CARTESIAN_POINT('',(131.430683307,133.439142583,4.352863072));
#7429=CARTESIAN_POINT('',(130.680692878,134.981602078,4.352863072));
#7430=CARTESIAN_POINT('',(129.083948619,137.848140937,4.352863072));
#7431=CARTESIAN_POINT('',(128.237388895,139.172384617,4.352863072));
#7432=CARTESIAN_POINT('',(126.443514462,141.638589336,4.352863072));
#7433=CARTESIAN_POINT('',(125.496245048,142.780861411,4.352863072));
#7434=CARTESIAN_POINT('',(123.480321722,144.920812735,4.352863072));
#7435=CARTESIAN_POINT('',(122.41148309,145.918803776,4.352863072));
#7436=CARTESIAN_POINT('',(120.117067518,147.799463298,4.352863072));
#7437=CARTESIAN_POINT('',(118.891158975,148.682265311,4.352863072));
#7438=CARTESIAN_POINT('',(116.240755976,150.346096007,4.352863072));
#7439=CARTESIAN_POINT('',(114.815971273,151.127033275,4.352863072));
#7440=CARTESIAN_POINT('',(111.72953459,152.584325452,4.352863072));
#7441=CARTESIAN_POINT('',(110.067756072,153.260469581,4.352863072));
#7442=CARTESIAN_POINT('',(106.479212087,154.494033208,4.352863072));
#7443=CARTESIAN_POINT('',(104.552471833,155.051254276,4.352863072));
#7444=CARTESIAN_POINT('',(100.417419088,156.028099886,4.352863072));
#7445=CARTESIAN_POINT('',(98.20920472,156.447601505,4.352863072));
#7446=CARTESIAN_POINT('',(93.503985588,157.130398051,4.352863072));
#7447=CARTESIAN_POINT('',(91.007084953,157.393643097,4.352863072));
#7448=CARTESIAN_POINT('',(85.723381114,157.748122317,4.352863072));
#7449=CARTESIAN_POINT('',(82.936657567,157.839352255,4.352863072));
#7450=CARTESIAN_POINT('',(80.00605695,157.838428025,4.352863072));
#7451=CARTESIAN_POINT('',(137.750322711,96.999981872,42.852763071));
#7452=CARTESIAN_POINT('',(137.750322711,102.954811015,42.852763071));
#7453=CARTESIAN_POINT('',(137.417943159,108.39373566,42.852763071));
#7454=CARTESIAN_POINT('',(136.471190808,115.748180258,42.852763071));
#7455=CARTESIAN_POINT('',(136.081324967,118.065822392,42.852763071));
#7456=CARTESIAN_POINT('',(135.166248026,122.433240326,42.852763071));
#7457=CARTESIAN_POINT('',(134.641101747,124.482912892,42.852763071));
#7458=CARTESIAN_POINT('',(133.470898688,128.320701962,42.852763071));
#7459=CARTESIAN_POINT('',(132.825982131,130.108733066,42.852763071));
#7460=CARTESIAN_POINT('',(131.430865038,133.439226392,42.852763071));
#7461=CARTESIAN_POINT('',(130.680871379,134.981692619,42.852763071));
#7462=CARTESIAN_POINT('',(129.084119562,137.848245047,42.852763071));
#7463=CARTESIAN_POINT('',(128.237555508,139.172495562,42.852763071));
#7464=CARTESIAN_POINT('',(126.443671327,141.638713683,42.852763071));
#7465=CARTESIAN_POINT('',(125.496396495,142.78099232,42.852763071));
#7466=CARTESIAN_POINT('',(123.48046143,144.920956106,42.852763071));
#7467=CARTESIAN_POINT('',(122.411616478,145.918953043,42.852763071));
#7468=CARTESIAN_POINT('',(120.117187701,147.799623389,42.852763071));
#7469=CARTESIAN_POINT('',(118.891272275,148.682430329,42.852763071));
#7470=CARTESIAN_POINT('',(116.240855349,150.346269768,42.852763071));
#7471=CARTESIAN_POINT('',(114.816063604,151.127210853,42.852763071));
#7472=CARTESIAN_POINT('',(111.729613043,152.584509583,42.852763071));
#7473=CARTESIAN_POINT('',(110.06782769,153.260656449,42.852763071));
#7474=CARTESIAN_POINT('',(106.479270501,154.494224615,42.852763071));
#7475=CARTESIAN_POINT('',(104.552523879,155.051447486,42.852763071));
#7476=CARTESIAN_POINT('',(100.417459005,156.028295961,42.852763071));
#7477=CARTESIAN_POINT('',(98.209238876,156.447798644,42.852763071));
#7478=CARTESIAN_POINT('',(93.504008876,157.130596767,42.852763071));
#7479=CARTESIAN_POINT('',(91.007103132,157.393842327,42.852763071));
#7480=CARTESIAN_POINT('',(85.72338971,157.74832219,42.852763071));
#7481=CARTESIAN_POINT('',(82.936661688,157.839552257,42.852763071));
#7482=CARTESIAN_POINT('',(80.006056887,157.838628025,42.852763071));
#7483=CARTESIAN_POINT('',(176.250122711,96.999981872,42.852463074));
#7484=CARTESIAN_POINT('',(176.250122711,104.378502533,42.852463074));
#7485=CARTESIAN_POINT('',(175.842917548,111.442882391,42.852463074));
#7486=CARTESIAN_POINT('',(174.535758133,121.596996588,42.852463074));
#7487=CARTESIAN_POINT('',(173.983564262,124.907807721,42.852463074));
#7488=CARTESIAN_POINT('',(172.627150484,131.381608547,42.852463074));
#7489=CARTESIAN_POINT('',(171.822865751,134.544701476,42.852463074));
#7490=CARTESIAN_POINT('',(169.940975732,140.716533695,42.852463074));
#7491=CARTESIAN_POINT('',(168.863230214,143.725358384,42.852463074));
#7492=CARTESIAN_POINT('',(166.413932354,149.572444785,42.852463074));
#7493=CARTESIAN_POINT('',(165.042173128,152.410702494,42.852463074));
#7494=CARTESIAN_POINT('',(161.990468761,157.889243662,42.852463074));
#7495=CARTESIAN_POINT('',(160.310329516,160.529362805,42.852463074));
#7496=CARTESIAN_POINT('',(156.639997364,165.57530711,42.852463074));
#7497=CARTESIAN_POINT('',(154.649759166,167.980821232,42.852463074));
#7498=CARTESIAN_POINT('',(150.373999516,172.519643418,42.852463074));
#7499=CARTESIAN_POINT('',(148.088662781,174.652639685,42.852463074));
#7500=CARTESIAN_POINT('',(143.252200946,178.616933738,42.852463074));
#7501=CARTESIAN_POINT('',(140.701407449,180.448097989,42.852463074));
#7502=CARTESIAN_POINT('',(135.370020838,183.794956827,42.852463074));
#7503=CARTESIAN_POINT('',(132.589717979,185.310742826,42.852463074));
#7504=CARTESIAN_POINT('',(126.831735124,188.029432443,42.852463074));
#7505=CARTESIAN_POINT('',(123.854181667,189.232546838,42.852463074));
#7506=CARTESIAN_POINT('',(117.723958267,191.339813921,42.852463074));
#7507=CARTESIAN_POINT('',(114.571263112,192.244165032,42.852463074));
#7508=CARTESIAN_POINT('',(108.101482444,193.772555896,42.852463074));
#7509=CARTESIAN_POINT('',(104.784298803,194.396718569,42.852463074));
#7510=CARTESIAN_POINT('',(97.98690003,195.383121172,42.852463074));
#7511=CARTESIAN_POINT('',(94.506580767,195.745410984,42.852463074));
#7512=CARTESIAN_POINT('',(87.378163578,196.22365046,42.852463074));
#7513=CARTESIAN_POINT('',(83.729985976,196.339604363,42.852463074));
#7514=CARTESIAN_POINT('',(79.993915124,196.33842611,42.852463074));
#7515=CARTESIAN_POINT('',(176.250122711,96.999981872,4.352763072));
#7516=CARTESIAN_POINT('',(176.250122711,104.378502533,4.352763072));
#7517=CARTESIAN_POINT('',(175.842917548,111.442882391,4.352763072));
#7518=CARTESIAN_POINT('',(174.535758133,121.596996588,4.352763072));
#7519=CARTESIAN_POINT('',(173.983564262,124.907807721,4.352763072));
#7520=CARTESIAN_POINT('',(172.627150484,131.381608547,4.352763072));
#7521=CARTESIAN_POINT('',(171.822865751,134.544701476,4.352763072));
#7522=CARTESIAN_POINT('',(169.940975732,140.716533695,4.352763072));
#7523=CARTESIAN_POINT('',(168.863230214,143.725358384,4.352763072));
#7524=CARTESIAN_POINT('',(166.413932354,149.572444785,4.352763072));
#7525=CARTESIAN_POINT('',(165.042173128,152.410702494,4.352763072));
#7526=CARTESIAN_POINT('',(161.990468761,157.889243662,4.352763072));
#7527=CARTESIAN_POINT('',(160.310329516,160.529362805,4.352763072));
#7528=CARTESIAN_POINT('',(156.639997364,165.57530711,4.352763072));
#7529=CARTESIAN_POINT('',(154.649759166,167.980821232,4.352763072));
#7530=CARTESIAN_POINT('',(150.373999516,172.519643418,4.352763072));
#7531=CARTESIAN_POINT('',(148.088662781,174.652639685,4.352763072));
#7532=CARTESIAN_POINT('',(143.252200946,178.616933738,4.352763072));
#7533=CARTESIAN_POINT('',(140.701407449,180.448097989,4.352763072));
#7534=CARTESIAN_POINT('',(135.370020838,183.794956827,4.352763072));
#7535=CARTESIAN_POINT('',(132.589717979,185.310742826,4.352763072));
#7536=CARTESIAN_POINT('',(126.831735124,188.029432443,4.352763072));
#7537=CARTESIAN_POINT('',(123.854181667,189.232546838,4.352763072));
#7538=CARTESIAN_POINT('',(117.723958267,191.339813921,4.352763072));
#7539=CARTESIAN_POINT('',(114.571263112,192.244165032,4.352763072));
#7540=CARTESIAN_POINT('',(108.101482444,193.772555896,4.352763072));
#7541=CARTESIAN_POINT('',(104.784298803,194.396718569,4.352763072));
#7542=CARTESIAN_POINT('',(97.98690003,195.383121172,4.352763072));
#7543=CARTESIAN_POINT('',(94.506580767,195.745410984,4.352763072));
#7544=CARTESIAN_POINT('',(87.378163578,196.22365046,4.352763072));
#7545=CARTESIAN_POINT('',(83.729985976,196.339604363,4.352763072));
#7546=CARTESIAN_POINT('',(79.993915124,196.33842611,4.352763072));
#7547=(BOUNDED_SURFACE()
B_SPLINE_SURFACE(3,3,((#7227,#7228,#7229,#7230,#7231,#7232,#7233,#7234,#7235,#7236,#7237,#7238,#7239,#7240,#7241,#7242,#7243,#7244,#7245,#7246,#7247,#7248,#7249,#7250,#7251,#7252,
#7253,#7254,#7255,#7256,#7257,#7258),(#7259,#7260,#7261,#7262,#7263,#7264,#7265,#7266,#7267,#7268,#7269,#7270,#7271,#7272,#7273,#7274,#7275,#7276,#7277,#7278,#7279,#7280,#7281,#7282,#7283,#7284,
#7285,#7286,#7287,#7288,#7289,#7290),(#7291,#7292,#7293,#7294,#7295,#7296,#7297,#7298,#7299,#7300,#7301,#7302,#7303,#7304,#7305,#7306,#7307,#7308,#7309,#7310,#7311,#7312,#7313,#7314,#7315,#7316,
#7317,#7318,#7319,#7320,#7321,#7322),(#7323,#7324,#7325,#7326,#7327,#7328,#7329,#7330,#7331,#7332,#7333,#7334,#7335,#7336,#7337,#7338,#7339,#7340,#7341,#7342,#7343,#7344,#7345,#7346,#7347,#7348,
#7349,#7350,#7351,#7352,#7353,#7354),(#7355,#7356,#7357,#7358,#7359,#7360,#7361,#7362,#7363,#7364,#7365,#7366,#7367,#7368,#7369,#7370,#7371,#7372,#7373,#7374,#7375,#7376,#7377,#7378,#7379,#7380,
#7381,#7382,#7383,#7384,#7385,#7386),(#7387,#7388,#7389,#7390,#7391,#7392,#7393,#7394,#7395,#7396,#7397,#7398,#7399,#7400,#7401,#7402,#7403,#7404,#7405,#7406,#7407,#7408,#7409,#7410,#7411,#7412,
#7413,#7414,#7415,#7416,#7417,#7418),(#7419,#7420,#7421,#7422,#7423,#7424,#7425,#7426,#7427,#7428,#7429,#7430,#7431,#7432,#7433,#7434,#7435,#7436,#7437,#7438,#7439,#7440,#7441,#7442,#7443,#7444,
#7445,#7446,#7447,#7448,#7449,#7450),(#7451,#7452,#7453,#7454,#7455,#7456,#7457,#7458,#7459,#7460,#7461,#7462,#7463,#7464,#7465,#7466,#7467,#7468,#7469,#7470,#7471,#7472,#7473,#7474,#7475,#7476,
#7477,#7478,#7479,#7480,#7481,#7482),(#7483,#7484,#7485,#7486,#7487,#7488,#7489,#7490,#7491,#7492,#7493,#7494,#7495,#7496,#7497,#7498,#7499,#7500,#7501,#7502,#7503,#7504,#7505,#7506,#7507,#7508,
#7509,#7510,#7511,#7512,#7513,#7514),(#7515,#7516,#7517,#7518,#7519,#7520,#7521,#7522,#7523,#7524,#7525,#7526,#7527,#7528,#7529,#7530,#7531,#7532,#7533,#7534,#7535,#7536,#7537,#7538,#7539,#7540,
#7541,#7542,#7543,#7544,#7545,#7546)),.UNSPECIFIED.,.F.,.F.,.U.)
B_SPLINE_SURFACE_WITH_KNOTS((4,3,3,4),(4,2,2,2,2,2,2,2,2,2,2,2,2,2,2,4),(0.483007915,0.5,0.500001299,1.),(0.119055704,0.214291778,0.261909815,0.309527852,0.357145889,0.404763926,0.452381963,0.5,0.547618037,0.595236074,0.642854111,0.690472148,0.738090185,0.785708222,0.833326259,0.880944296),.UNSPECIFIED.)
GEOMETRIC_REPRESENTATION_ITEM()
RATIONAL_B_SPLINE_SURFACE(((0.934341508,0.934341508,0.934341508,0.934341508,0.934341508,0.934341508,0.934341508,0.934341508,0.934341508,0.934341508,0.934341508,0.934341508,0.934341508,0.934341508,0.934341508,0.934341508,0.934341508,0.934341508,0.934341508,0.934341508,0.934341508,0.934341508,0.934341508,0.934341508,0.934341508,0.934341508,
0.934341508,0.934341508,0.934341508,0.934341508,0.934341508,0.934341508),(0.955457723,0.955457723,0.955457723,0.955457723,0.955457723,0.955457723,0.955457723,0.955457723,0.955457723,0.955457723,0.955457723,0.955457723,0.955457723,0.955457723,0.955457723,0.955457723,0.955457723,0.955457723,0.955457723,0.955457723,0.955457723,0.955457723,0.955457723,0.955457723,0.955457723,0.955457723,
0.955457723,0.955457723,0.955457723,0.955457723,0.955457723,0.955457723),(0.977343887,0.977343887,0.977343887,0.977343887,0.977343887,0.977343887,0.977343887,0.977343887,0.977343887,0.977343887,0.977343887,0.977343887,0.977343887,0.977343887,0.977343887,0.977343887,0.977343887,0.977343887,0.977343887,0.977343887,0.977343887,0.977343887,0.977343887,0.977343887,0.977343887,0.977343887,
0.977343887,0.977343887,0.977343887,0.977343887,0.977343887,0.977343887),(1.,1.,1.,1.,1.,1.,1.,1.,1.,1.,1.,1.,1.,1.,1.,1.,1.,1.,1.,1.,1.,1.,1.,1.,1.,1.,
1.,1.,1.,1.,1.,1.),(0.999998268,0.999998268,0.999998268,0.999998268,0.999998268,0.999998268,0.999998268,0.999998268,0.999998268,0.999998268,0.999998268,0.999998268,0.999998268,0.999998268,0.999998268,0.999998268,0.999998268,0.999998268,0.999998268,0.999998268,0.999998268,0.999998268,0.999998268,0.999998268,0.999998268,0.999998268,
0.999998268,0.999998268,0.999998268,0.999998268,0.999998268,0.999998268),(0.999996537,0.999996537,0.999996537,0.999996537,0.999996537,0.999996537,0.999996537,0.999996537,0.999996537,0.999996537,0.999996537,0.999996537,0.999996537,0.999996537,0.999996537,0.999996537,0.999996537,0.999996537,0.999996537,0.999996537,0.999996537,0.999996537,0.999996537,0.999996537,0.999996537,0.999996537,
0.999996537,0.999996537,0.999996537,0.999996537,0.999996537,0.999996537),(0.999994805,0.999994805,0.999994805,0.999994805,0.999994805,0.999994805,0.999994805,0.999994805,0.999994805,0.999994805,0.999994805,0.999994805,0.999994805,0.999994805,0.999994805,0.999994805,0.999994805,0.999994805,0.999994805,0.999994805,0.999994805,0.999994805,0.999994805,0.999994805,0.999994805,0.999994805,
0.999994805,0.999994805,0.999994805,0.999994805,0.999994805,0.999994805),(0.333333333,0.333333333,0.333333333,0.333333333,0.333333333,0.333333333,0.333333333,0.333333333,0.333333333,0.333333333,0.333333333,0.333333333,0.333333333,0.333333333,0.333333333,0.333333333,0.333333333,0.333333333,0.333333333,0.333333333,0.333333333,0.333333333,0.333333333,0.333333333,0.333333333,0.333333333,
0.333333333,0.333333333,0.333333333,0.333333333,0.333333333,0.333333333),(0.333335065,0.333335065,0.333335065,0.333335065,0.333335065,0.333335065,0.333335065,0.333335065,0.333335065,0.333335065,0.333335065,0.333335065,0.333335065,0.333335065,0.333335065,0.333335065,0.333335065,0.333335065,0.333335065,0.333335065,0.333335065,0.333335065,0.333335065,0.333335065,0.333335065,0.333335065,
0.333335065,0.333335065,0.333335065,0.333335065,0.333335065,0.333335065),(1.,1.,1.,1.,1.,1.,1.,1.,1.,1.,1.,1.,1.,1.,1.,1.,1.,1.,1.,1.,1.,1.,1.,1.,1.,1.,
1.,1.,1.,1.,1.,1.)))
REPRESENTATION_ITEM('')
SURFACE()
);
#7548=ORIENTED_EDGE('',*,*,#6997,.F.);
#7549=CARTESIAN_POINT('',(79.999986038,177.088427068,4.352763072));
#7550=DIRECTION('',(-0.99999995,-0.000315372,0.));
#7551=DIRECTION('',(0.000315372,-0.99999995,0.));
#7552=AXIS2_PLACEMENT_3D('',#7549,#7550,#7551);
#7553=CIRCLE('',#7552,19.25);
#7554=EDGE_CURVE('',#7128,#6963,#7553,.T.);
#7555=ORIENTED_EDGE('',*,*,#7554,.F.);
#7556=ORIENTED_EDGE('',*,*,#7205,.T.);
#7557=CARTESIAN_POINT('',(157.000122711,96.999981872,4.352763072));
#7558=DIRECTION('',(0.,1.,0.));
#7559=DIRECTION('',(0.,-0.,1.));
#7560=AXIS2_PLACEMENT_3D('',#7557,#7558,#7559);
#7561=CIRCLE('',#7560,19.25);
#7562=EDGE_CURVE('',#7130,#6807,#7561,.T.);
#7563=ORIENTED_EDGE('',*,*,#7562,.T.);
#7564=EDGE_LOOP('',(#7548,#7555,#7556,#7563));
#7565=FACE_BOUND('',#7564,.T.);
#7566=ADVANCED_FACE('',(#7565),#7547,.T.);
#7567=CARTESIAN_POINT('',(157.000122711,76.999981872,4.352763072));
#7568=DIRECTION('',(-0.,1.,0.));
#7569=DIRECTION('',(1.,0.,0.));
#7570=AXIS2_PLACEMENT_3D('',#7567,#7568,#7569);
#7571=CYLINDRICAL_SURFACE('',#7570,19.25);
#7572=ORIENTED_EDGE('',*,*,#6812,.F.);
#7573=ORIENTED_EDGE('',*,*,#7562,.F.);
#7574=ORIENTED_EDGE('',*,*,#7222,.T.);
#7575=ORIENTED_EDGE('',*,*,#6762,.T.);
#7576=EDGE_LOOP('',(#7572,#7573,#7574,#7575));
#7577=FACE_BOUND('',#7576,.T.);
#7578=ADVANCED_FACE('',(#7577),#7571,.T.);
#7579=CARTESIAN_POINT('',(79.999986037,177.088427068,4.352763072));
#7580=DIRECTION('',(-0.99999995,-0.000315372,0.));
#7581=DIRECTION('',(-0.000315372,0.99999995,0.));
#7582=AXIS2_PLACEMENT_3D('',#7579,#7580,#7581);
#7583=CYLINDRICAL_SURFACE('',#7582,19.25);
#7584=ORIENTED_EDGE('',*,*,#7109,.F.);
#7585=ORIENTED_EDGE('',*,*,#6781,.F.);
#7586=ORIENTED_EDGE('',*,*,#7211,.T.);
#7587=ORIENTED_EDGE('',*,*,#7554,.T.);
#7588=EDGE_LOOP('',(#7584,#7585,#7586,#7587));
#7589=FACE_BOUND('',#7588,.T.);
#7590=ADVANCED_FACE('',(#7589),#7583,.T.);
#7591=CLOSED_SHELL('',(#6766,#6800,#6832,#7099,#7121,#7226,#7566,#7578,#7590));
#7592=MANIFOLD_SOLID_BREP('Body 122 (1)',#7591);
#6732=STYLED_ITEM('',(#4137),#7592);
#7594=CARTESIAN_POINT('',(179.500915115,76.999999833,48.000018128));
#7595=DIRECTION('',(0.,1.,0.));
#7596=DIRECTION('',(1.,0.,0.));
#7597=AXIS2_PLACEMENT_3D('',#7594,#7595,#7596);
#7598=PLANE('',#7597);
#7599=CARTESIAN_POINT('',(145.754994328,76.999981872,43.000018127));
#7600=VERTEX_POINT('',#7599);
#7601=CARTESIAN_POINT('',(117.001463313,76.999999833,8.843983495));
#7602=VERTEX_POINT('',#7601);
#7603=CARTESIAN_POINT('',(157.000122711,76.999981872,4.352763072));
#7604=DIRECTION('',(-0.,-1.,-0.));
#7605=DIRECTION('',(0.,-0.,1.));
#7606=AXIS2_PLACEMENT_3D('',#7603,#7604,#7605);
#7607=CIRCLE('',#7606,40.25);
#7608=EDGE_CURVE('',#7600,#7602,#7607,.T.);
#7609=ORIENTED_EDGE('',*,*,#7608,.F.);
#7610=CARTESIAN_POINT('',(168.245233058,76.999981872,43.000018128));
#7611=VERTEX_POINT('',#7610);
#7612=CARTESIAN_POINT('',(145.754994328,76.999999833,43.000018128));
#7613=DIRECTION('',(1.,0.,0.));
#7614=VECTOR('',#7613,22.49023873);
#7615=LINE('',#7612,#7614);
#7616=EDGE_CURVE('',#7600,#7611,#7615,.T.);
#7617=ORIENTED_EDGE('',*,*,#7616,.T.);
#7618=CARTESIAN_POINT('',(197.000011863,76.999990853,8.832975301));
#7619=VERTEX_POINT('',#7618);
#7620=CARTESIAN_POINT('',(197.000000335,76.999981872,8.832974008));
#7621=CARTESIAN_POINT('',(196.890225311,76.999981872,9.813059008));
#7622=CARTESIAN_POINT('',(196.744412772,76.999981872,10.789107121));
#7623=CARTESIAN_POINT('',(196.562956327,76.999981872,11.758483582));
#7624=CARTESIAN_POINT('',(196.381499882,76.999981872,12.727860042));
#7625=CARTESIAN_POINT('',(196.164399708,76.999981872,13.690563907));
#7626=CARTESIAN_POINT('',(195.912241851,76.999981872,14.643996431));
#7627=CARTESIAN_POINT('',(195.660083993,76.999981872,15.597428955));
#7628=CARTESIAN_POINT('',(195.372868697,76.999981872,16.541589212));
#7629=CARTESIAN_POINT('',(195.051371277,76.999981872,17.473928513));
#7630=CARTESIAN_POINT('',(194.729873858,76.999981872,18.406267814));
#7631=CARTESIAN_POINT('',(194.374094628,76.999981872,19.326785254));
#7632=CARTESIAN_POINT('',(193.984993986,76.999981872,20.232995965));
#7633=CARTESIAN_POINT('',(193.595893345,76.999981872,21.139206677));
#7634=CARTESIAN_POINT('',(193.173471669,76.999981872,22.03110978));
#7635=CARTESIAN_POINT('',(192.718869255,76.999981872,22.90629765));
#7636=CARTESIAN_POINT('',(192.264266841,76.999981872,23.78148552));
#7637=CARTESIAN_POINT('',(191.77748413,76.999981872,24.639957307));
#7638=CARTESIAN_POINT('',(191.259835154,76.999981872,25.479395632));
#7639=CARTESIAN_POINT('',(190.742186178,76.999981872,26.318833957));
#7640=CARTESIAN_POINT('',(190.193671442,76.999981872,27.139238004));
#7641=CARTESIAN_POINT('',(189.615771617,76.999981872,27.938393155));
#7642=CARTESIAN_POINT('',(189.037871792,76.999981872,28.737548307));
#7643=CARTESIAN_POINT('',(188.430587442,76.999981872,29.515453786));
#7644=CARTESIAN_POINT('',(187.795557883,76.999981872,30.270009696));
#7645=CARTESIAN_POINT('',(187.160528323,76.999981872,31.024565607));
#7646=CARTESIAN_POINT('',(186.497754173,76.999981872,31.755771215));
#7647=CARTESIAN_POINT('',(185.809024539,76.999981872,32.461652689));
#7648=CARTESIAN_POINT('',(185.120294904,76.999981872,33.167534162));
#7649=CARTESIAN_POINT('',(184.405610456,76.999981872,33.848090814));
#7650=CARTESIAN_POINT('',(183.66690043,76.999981872,34.501485534));
#7651=CARTESIAN_POINT('',(182.928190404,76.999981872,35.154880254));
#7652=CARTESIAN_POINT('',(182.165455517,76.999981872,35.781112407));
#7653=CARTESIAN_POINT('',(181.380754714,76.999981872,36.378491528));
#7654=CARTESIAN_POINT('',(180.596053912,76.999981872,36.975870648));
#7655=CARTESIAN_POINT('',(179.789387956,76.999981872,37.544396155));
#7656=CARTESIAN_POINT('',(178.96293438,76.999981872,38.082533359));
#7657=CARTESIAN_POINT('',(178.136480803,76.999981872,38.620670562));
#7658=CARTESIAN_POINT('',(177.29024041,76.999981872,39.128418938));
#7659=CARTESIAN_POINT('',(176.426497561,76.999981872,39.604407859));
#7660=CARTESIAN_POINT('',(175.562754711,76.999981872,40.08039678));
#7661=CARTESIAN_POINT('',(174.681510245,76.999981872,40.524625784));
#7662=CARTESIAN_POINT('',(173.785143014,76.999981872,40.935895708));
#7663=CARTESIAN_POINT('',(172.888775782,76.999981872,41.347165632));
#7664=CARTESIAN_POINT('',(171.977286658,76.999981872,41.725476076));
#7665=CARTESIAN_POINT('',(171.053136134,76.999981872,42.069805821));
#7666=CARTESIAN_POINT('',(170.128985611,76.999981872,42.414135566));
#7667=CARTESIAN_POINT('',(169.192174587,76.999981872,42.724484277));
#7668=CARTESIAN_POINT('',(168.245231912,76.999981872,43.000014191));
#7669=B_SPLINE_CURVE_WITH_KNOTS('',3,(#7620,#7621,#7622,#7623,#7624,#7625,#7626,#7627,#7628,#7629,#7630,#7631,#7632,#7633,#7634,#7635,#7636,#7637,#7638,#7639,#7640,#7641,#7642,#7643,#7644,#7645,
#7646,#7647,#7648,#7649,#7650,#7651,#7652,#7653,#7654,#7655,#7656,#7657,#7658,#7659,#7660,#7661,#7662,#7663,#7664,#7665,#7666,#7667,#7668),.UNSPECIFIED.,.F.,.F.,(4,3,3,3,3,3,3,3,3,3,3,3,3,3,3,3,4),(0.565556809,0.582575556,0.599594303,0.61661305,0.633631796,0.650650543,0.66766929,0.684688037,0.701706784,0.718725531,0.735744277,0.752763024,0.769781771,0.786800518,0.803819265,0.820838012,0.837856758),.UNSPECIFIED.);
#7670=EDGE_CURVE('',#7619,#7611,#7669,.T.);
#7671=ORIENTED_EDGE('',*,*,#7670,.F.);
#7672=CARTESIAN_POINT('',(197.000000335,76.999999833,2.000018128));
#7673=VERTEX_POINT('',#7672);
#7674=CARTESIAN_POINT('',(197.000000335,76.999999833,8.832974012));
#7675=DIRECTION('',(0.,0.,-1.));
#7676=VECTOR('',#7675,6.832955884);
#7677=LINE('',#7674,#7676);
#7678=EDGE_CURVE('',#7619,#7673,#7677,.T.);
#7679=ORIENTED_EDGE('',*,*,#7678,.T.);
#7680=CARTESIAN_POINT('',(194.884245704,76.999999833,2.000018128));
#7681=VERTEX_POINT('',#7680);
#7682=CARTESIAN_POINT('',(194.884245704,76.999999833,2.000018128));
#7683=DIRECTION('',(1.,0.,-0.));
#7684=VECTOR('',#7683,2.115754631);
#7685=LINE('',#7682,#7684);
#7686=EDGE_CURVE('',#7681,#7673,#7685,.T.);
#7687=ORIENTED_EDGE('',*,*,#7686,.F.);
#7688=CARTESIAN_POINT('',(157.000122711,76.999999833,42.309869853));
#7689=VERTEX_POINT('',#7688);
#7690=CARTESIAN_POINT('',(157.000122711,76.999999833,4.352763072));
#7691=DIRECTION('',(-0.,-1.,-0.));
#7692=DIRECTION('',(0.,-0.,1.));
#7693=AXIS2_PLACEMENT_3D('',#7690,#7691,#7692);
#7694=CIRCLE('',#7693,37.957106781);
#7695=EDGE_CURVE('',#7681,#7689,#7694,.T.);
#7696=ORIENTED_EDGE('',*,*,#7695,.T.);
#7697=CARTESIAN_POINT('',(119.115999718,76.999999833,2.000018128));
#7698=VERTEX_POINT('',#7697);
#7699=CARTESIAN_POINT('',(157.000122711,76.999999833,4.352763072));
#7700=DIRECTION('',(-0.,-1.,-0.));
#7701=DIRECTION('',(0.,-0.,1.));
#7702=AXIS2_PLACEMENT_3D('',#7699,#7700,#7701);
#7703=CIRCLE('',#7702,37.957106781);
#7704=EDGE_CURVE('',#7689,#7698,#7703,.T.);
#7705=ORIENTED_EDGE('',*,*,#7704,.T.);
#7706=CARTESIAN_POINT('',(117.001463313,76.999999833,2.000018128));
#7707=VERTEX_POINT('',#7706);
#7708=CARTESIAN_POINT('',(117.001463313,76.999999833,2.000018128));
#7709=DIRECTION('',(1.,0.,-0.));
#7710=VECTOR('',#7709,2.114536405);
#7711=LINE('',#7708,#7710);
#7712=EDGE_CURVE('',#7707,#7698,#7711,.T.);
#7713=ORIENTED_EDGE('',*,*,#7712,.F.);
#7714=CARTESIAN_POINT('',(117.001463314,76.999999833,8.843983495));
#7715=DIRECTION('',(0.,0.,-1.));
#7716=VECTOR('',#7715,6.843965367);
#7717=LINE('',#7714,#7716);
#7718=EDGE_CURVE('',#7602,#7707,#7717,.T.);
#7719=ORIENTED_EDGE('',*,*,#7718,.F.);
#7720=EDGE_LOOP('',(#7609,#7617,#7671,#7679,#7687,#7696,#7705,#7713,#7719));
#7721=FACE_BOUND('',#7720,.T.);
#7722=ADVANCED_FACE('',(#7721),#7598,.T.);
#7723=CARTESIAN_POINT('',(176.999991187,68.999999833,48.000018128));
#7724=DIRECTION('',(0.,-1.,0.));
#7725=DIRECTION('',(-1.,0.,0.));
#7726=AXIS2_PLACEMENT_3D('',#7723,#7724,#7725);
#7727=PLANE('',#7726);
#7728=CARTESIAN_POINT('',(116.999999665,68.999999833,8.830782311));
#7729=VERTEX_POINT('',#7728);
#7730=CARTESIAN_POINT('',(145.755027041,68.999999833,43.000018128));
#7731=VERTEX_POINT('',#7730);
#7732=CARTESIAN_POINT('',(157.000122711,68.999999833,4.352763072));
#7733=DIRECTION('',(-0.,1.,-0.));
#7734=DIRECTION('',(0.,0.,-1.));
#7735=AXIS2_PLACEMENT_3D('',#7732,#7733,#7734);
#7736=CIRCLE('',#7735,40.25);
#7737=EDGE_CURVE('',#7729,#7731,#7736,.T.);
#7738=ORIENTED_EDGE('',*,*,#7737,.F.);
#7739=CARTESIAN_POINT('',(116.999999665,68.999999833,2.000018128));
#7740=VERTEX_POINT('',#7739);
#7741=CARTESIAN_POINT('',(116.999999665,68.999999833,8.830782311));
#7742=DIRECTION('',(0.,0.,-1.));
#7743=VECTOR('',#7742,6.830764183);
#7744=LINE('',#7741,#7743);
#7745=EDGE_CURVE('',#7729,#7740,#7744,.T.);
#7746=ORIENTED_EDGE('',*,*,#7745,.T.);
#7747=CARTESIAN_POINT('',(197.000000335,68.999999833,2.000018128));
#7748=VERTEX_POINT('',#7747);
#7749=CARTESIAN_POINT('',(197.000000335,68.999999833,2.000018128));
#7750=DIRECTION('',(-1.,0.,0.));
#7751=VECTOR('',#7750,80.00000067);
#7752=LINE('',#7749,#7751);
#7753=EDGE_CURVE('',#7748,#7740,#7752,.T.);
#7754=ORIENTED_EDGE('',*,*,#7753,.F.);
#7755=CARTESIAN_POINT('',(197.000000335,68.999999833,8.832974012));
#7756=VERTEX_POINT('',#7755);
#7757=CARTESIAN_POINT('',(197.000000335,68.999999833,8.832974012));
#7758=DIRECTION('',(0.,0.,-1.));
#7759=VECTOR('',#7758,6.832955884);
#7760=LINE('',#7757,#7759);
#7761=EDGE_CURVE('',#7756,#7748,#7760,.T.);
#7762=ORIENTED_EDGE('',*,*,#7761,.F.);
#7763=CARTESIAN_POINT('',(168.245218381,68.999999833,43.000018128));
#7764=VERTEX_POINT('',#7763);
#7765=CARTESIAN_POINT('',(157.000122711,68.999999833,4.352763072));
#7766=DIRECTION('',(-0.,1.,-0.));
#7767=DIRECTION('',(0.,0.,-1.));
#7768=AXIS2_PLACEMENT_3D('',#7765,#7766,#7767);
#7769=CIRCLE('',#7768,40.25);
#7770=EDGE_CURVE('',#7764,#7756,#7769,.T.);
#7771=ORIENTED_EDGE('',*,*,#7770,.F.);
#7772=CARTESIAN_POINT('',(168.245218381,68.999999833,43.000018128));
#7773=DIRECTION('',(-1.,0.,0.));
#7774=VECTOR('',#7773,22.490191341);
#7775=LINE('',#7772,#7774);
#7776=EDGE_CURVE('',#7764,#7731,#7775,.T.);
#7777=ORIENTED_EDGE('',*,*,#7776,.T.);
#7778=EDGE_LOOP('',(#7738,#7746,#7754,#7762,#7771,#7777));
#7779=FACE_BOUND('',#7778,.T.);
#7780=ADVANCED_FACE('',(#7779),#7727,.T.);
#7781=CARTESIAN_POINT('',(197.000000335,73.999999833,48.000018128));
#7782=DIRECTION('',(1.,0.,0.));
#7783=DIRECTION('',(0.,-1.,0.));
#7784=AXIS2_PLACEMENT_3D('',#7781,#7782,#7783);
#7785=PLANE('',#7784);
#7786=CARTESIAN_POINT('',(197.000000335,68.999999833,8.832974012));
#7787=DIRECTION('',(0.,1.,0.));
#7788=VECTOR('',#7787,7.999982039);
#7789=LINE('',#7786,#7788);
#7790=EDGE_CURVE('',#7756,#7619,#7789,.T.);
#7791=ORIENTED_EDGE('',*,*,#7790,.F.);
#7792=ORIENTED_EDGE('',*,*,#7761,.T.);
#7793=CARTESIAN_POINT('',(197.000000335,76.999999833,2.000018128));
#7794=DIRECTION('',(0.,-1.,0.));
#7795=VECTOR('',#7794,8.);
#7796=LINE('',#7793,#7795);
#7797=EDGE_CURVE('',#7673,#7748,#7796,.T.);
#7798=ORIENTED_EDGE('',*,*,#7797,.F.);
#7799=ORIENTED_EDGE('',*,*,#7678,.F.);
#7800=EDGE_LOOP('',(#7791,#7792,#7798,#7799));
#7801=FACE_BOUND('',#7800,.T.);
#7802=ADVANCED_FACE('',(#7801),#7785,.T.);
#7803=CARTESIAN_POINT('',(179.500915115,76.999999833,48.000018128));
#7804=DIRECTION('',(0.,1.,0.));
#7805=DIRECTION('',(1.,0.,0.));
#7806=AXIS2_PLACEMENT_3D('',#7803,#7804,#7805);
#7807=PLANE('',#7806);
#7808=CARTESIAN_POINT('',(121.535181297,76.999999833,2.000018128));
#7809=VERTEX_POINT('',#7808);
#7810=CARTESIAN_POINT('',(192.465064125,76.999999833,2.000018128));
#7811=VERTEX_POINT('',#7810);
#7812=CARTESIAN_POINT('',(121.535181297,76.999999833,2.000018128));
#7813=DIRECTION('',(1.,0.,-0.));
#7814=VECTOR('',#7813,70.929882827);
#7815=LINE('',#7812,#7814);
#7816=EDGE_CURVE('',#7809,#7811,#7815,.T.);
#7817=ORIENTED_EDGE('',*,*,#7816,.F.);
#7818=CARTESIAN_POINT('',(157.000122711,76.999999833,39.895656291));
#7819=VERTEX_POINT('',#7818);
#7820=CARTESIAN_POINT('',(157.000122711,76.999999833,4.352763072));
#7821=DIRECTION('',(0.,1.,0.));
#7822=DIRECTION('',(0.,-0.,1.));
#7823=AXIS2_PLACEMENT_3D('',#7820,#7821,#7822);
#7824=CIRCLE('',#7823,35.542893219);
#7825=EDGE_CURVE('',#7809,#7819,#7824,.T.);
#7826=ORIENTED_EDGE('',*,*,#7825,.T.);
#7827=CARTESIAN_POINT('',(157.000122711,76.999999833,4.352763072));
#7828=DIRECTION('',(0.,1.,0.));
#7829=DIRECTION('',(0.,-0.,1.));
#7830=AXIS2_PLACEMENT_3D('',#7827,#7828,#7829);
#7831=CIRCLE('',#7830,35.542893219);
#7832=EDGE_CURVE('',#7819,#7811,#7831,.T.);
#7833=ORIENTED_EDGE('',*,*,#7832,.T.);
#7834=EDGE_LOOP('',(#7817,#7826,#7833));
#7835=FACE_BOUND('',#7834,.T.);
#7836=ADVANCED_FACE('',(#7835),#7807,.T.);
#7837=CARTESIAN_POINT('',(117.000915784,74.007318074,48.000018128));
#7838=DIRECTION('',(0.999999983,-0.000182956,0.));
#7839=DIRECTION('',(-0.000182956,-0.999999983,0.));
#7840=AXIS2_PLACEMENT_3D('',#7837,#7838,#7839);
#7841=PLANE('',#7840);
#7842=ORIENTED_EDGE('',*,*,#7745,.F.);
#7843=CARTESIAN_POINT('',(116.999999665,68.999999833,8.830782312));
#7844=CARTESIAN_POINT('',(117.000487547,71.666660502,8.835140337));
#7845=CARTESIAN_POINT('',(117.000975428,74.333321182,8.839491922));
#7846=CARTESIAN_POINT('',(117.00146331,76.999981872,8.84383712));
#7847=B_SPLINE_CURVE_WITH_KNOTS('',3,(#7843,#7844,#7845,#7846),.UNSPECIFIED.,.F.,.F.,(4,4),(0.000000225,0.008000218),.UNSPECIFIED.);
#7848=EDGE_CURVE('',#7729,#7602,#7847,.T.);
#7849=ORIENTED_EDGE('',*,*,#7848,.T.);
#7850=ORIENTED_EDGE('',*,*,#7718,.T.);
#7851=CARTESIAN_POINT('',(117.001463313,76.999999833,2.000018128));
#7852=DIRECTION('',(-0.000182956,-0.999999983,0.));
#7853=VECTOR('',#7852,8.000000134);
#7854=LINE('',#7851,#7853);
#7855=EDGE_CURVE('',#7707,#7740,#7854,.T.);
#7856=ORIENTED_EDGE('',*,*,#7855,.T.);
#7857=EDGE_LOOP('',(#7842,#7849,#7850,#7856));
#7858=FACE_BOUND('',#7857,.T.);
#7859=ADVANCED_FACE('',(#7858),#7841,.F.);
#7860=CARTESIAN_POINT('',(-403.000017961,1818.999999833,43.000018128));
#7861=DIRECTION('',(0.,0.,1.));
#7862=DIRECTION('',(0.,-1.,0.));
#7863=AXIS2_PLACEMENT_3D('',#7860,#7861,#7862);
#7864=PLANE('',#7863);
#7865=CARTESIAN_POINT('',(168.245218381,76.999999833,43.000018128));
#7866=DIRECTION('',(-0.,-1.,-0.));
#7867=VECTOR('',#7866,8.);
#7868=LINE('',#7865,#7867);
#7869=EDGE_CURVE('',#7611,#7764,#7868,.T.);
#7870=ORIENTED_EDGE('',*,*,#7869,.F.);
#7871=ORIENTED_EDGE('',*,*,#7616,.F.);
#7872=CARTESIAN_POINT('',(145.755027041,68.999999833,43.000018128));
#7873=DIRECTION('',(0.,1.,0.));
#7874=VECTOR('',#7873,8.);
#7875=LINE('',#7872,#7874);
#7876=EDGE_CURVE('',#7731,#7600,#7875,.T.);
#7877=ORIENTED_EDGE('',*,*,#7876,.F.);
#7878=ORIENTED_EDGE('',*,*,#7776,.F.);
#7879=EDGE_LOOP('',(#7870,#7871,#7877,#7878));
#7880=FACE_BOUND('',#7879,.T.);
#7881=ADVANCED_FACE('',(#7880),#7864,.T.);
#7882=CARTESIAN_POINT('',(-403.000017961,1818.999999833,2.000018128));
#7883=DIRECTION('',(0.,0.,1.));
#7884=DIRECTION('',(0.,-1.,0.));
#7885=AXIS2_PLACEMENT_3D('',#7882,#7883,#7884);
#7886=PLANE('',#7885);
#7887=ORIENTED_EDGE('',*,*,#7712,.T.);
#7888=CARTESIAN_POINT('',(119.82449775,76.292893052,2.000018128));
#7889=VERTEX_POINT('',#7888);
#7890=CARTESIAN_POINT('',(119.115999718,76.999999833,2.000018128));
#7891=CARTESIAN_POINT('',(119.209551992,77.000000231,2.000018128));
#7892=CARTESIAN_POINT('',(119.301346448,76.981637011,2.000018128));
#7893=CARTESIAN_POINT('',(119.387130991,76.946172416,2.000018128));
#7894=CARTESIAN_POINT('',(119.430023262,76.928440119,2.000018128));
#7895=CARTESIAN_POINT('',(119.470713996,76.906735412,2.000018128));
#7896=CARTESIAN_POINT('',(119.509222207,76.881092607,2.000018128));
#7897=CARTESIAN_POINT('',(119.547730419,76.855449802,2.000018128));
#7898=CARTESIAN_POINT('',(119.584212206,76.825586381,2.000018128));
#7899=CARTESIAN_POINT('',(119.616912311,76.792959521,2.000018128));
#7900=CARTESIAN_POINT('',(119.682312522,76.727705802,2.000018128));
#7901=CARTESIAN_POINT('',(119.735152564,76.648773768,2.000018128));
#7902=CARTESIAN_POINT('',(119.770519787,76.563599826,2.000018128));
#7903=CARTESIAN_POINT('',(119.805887009,76.478425884,2.000018128));
#7904=CARTESIAN_POINT('',(119.82449775,76.38524033,2.000018128));
#7905=CARTESIAN_POINT('',(119.82449775,76.292893052,2.000018128));
#7906=B_SPLINE_CURVE_WITH_KNOTS('',3,(#7890,#7891,#7892,#7893,#7894,#7895,#7896,#7897,#7898,#7899,#7900,#7901,#7902,#7903,#7904,#7905),.UNSPECIFIED.,.F.,.F.,(4,3,3,3,3,4),(0.,0.000276676,0.000415014,0.000553352,0.000830029,0.001106705),.UNSPECIFIED.);
#7907=EDGE_CURVE('',#7698,#7889,#7906,.T.);
#7908=ORIENTED_EDGE('',*,*,#7907,.T.);
#7909=CARTESIAN_POINT('',(119.82449775,75.999981872,2.000018128));
#7910=VERTEX_POINT('',#7909);
#7911=CARTESIAN_POINT('',(119.82449775,75.999981872,2.000018128));
#7912=DIRECTION('',(0.,1.,0.));
#7913=VECTOR('',#7912,0.29291118);
#7914=LINE('',#7911,#7913);
#7915=EDGE_CURVE('',#7910,#7889,#7914,.T.);
#7916=ORIENTED_EDGE('',*,*,#7915,.F.);
#7917=CARTESIAN_POINT('',(120.826553752,75.999981872,2.000018128));
#7918=VERTEX_POINT('',#7917);
#7919=CARTESIAN_POINT('',(119.82449775,75.999981872,2.000018128));
#7920=DIRECTION('',(1.,0.,-0.));
#7921=VECTOR('',#7920,1.002056002);
#7922=LINE('',#7919,#7921);
#7923=EDGE_CURVE('',#7910,#7918,#7922,.T.);
#7924=ORIENTED_EDGE('',*,*,#7923,.T.);
#7925=CARTESIAN_POINT('',(120.826553752,76.292893052,2.000018128));
#7926=VERTEX_POINT('',#7925);
#7927=CARTESIAN_POINT('',(120.826553752,75.999981872,2.000018128));
#7928=DIRECTION('',(0.,1.,0.));
#7929=VECTOR('',#7928,0.29291118);
#7930=LINE('',#7927,#7929);
#7931=EDGE_CURVE('',#7918,#7926,#7930,.T.);
#7932=ORIENTED_EDGE('',*,*,#7931,.T.);
#7933=CARTESIAN_POINT('',(120.826553752,76.292893052,2.000018128));
#7934=CARTESIAN_POINT('',(120.826553752,76.386168266,2.000018128));
#7935=CARTESIAN_POINT('',(120.84496892,76.478012676,2.000018128));
#7936=CARTESIAN_POINT('',(120.880608096,76.563768341,2.000018128));
#7937=CARTESIAN_POINT('',(120.898427684,76.606646174,2.000018128));
#7938=CARTESIAN_POINT('',(120.920217063,76.647258567,2.000018128));
#7939=CARTESIAN_POINT('',(120.945910198,76.685643204,2.000018128));
#7940=CARTESIAN_POINT('',(120.971603334,76.72402784,2.000018128));
#7941=CARTESIAN_POINT('',(121.001533116,76.760412015,2.000018128));
#7942=CARTESIAN_POINT('',(121.034231791,76.793023878,2.000018128));
#7943=CARTESIAN_POINT('',(121.099629142,76.858247604,2.000018128));
#7944=CARTESIAN_POINT('',(121.178562883,76.910820135,2.000018128));
#7945=CARTESIAN_POINT('',(121.263712066,76.946057083,2.000018128));
#7946=CARTESIAN_POINT('',(121.348861249,76.981294031,2.000018128));
#7947=CARTESIAN_POINT('',(121.441717054,76.999999425,2.000018128));
#7948=CARTESIAN_POINT('',(121.535181297,76.999999833,2.000018128));
#7949=B_SPLINE_CURVE_WITH_KNOTS('',3,(#7933,#7934,#7935,#7936,#7937,#7938,#7939,#7940,#7941,#7942,#7943,#7944,#7945,#7946,#7947,#7948),.UNSPECIFIED.,.F.,.F.,(4,3,3,3,3,4),(0.003320087,0.003596503,0.003734711,0.003872918,0.004149334,0.004425749),.UNSPECIFIED.);
#7950=EDGE_CURVE('',#7926,#7809,#7949,.T.);
#7951=ORIENTED_EDGE('',*,*,#7950,.T.);
#7952=ORIENTED_EDGE('',*,*,#7816,.T.);
#7953=CARTESIAN_POINT('',(193.17369167,76.292893052,2.000018128));
#7954=VERTEX_POINT('',#7953);
#7955=CARTESIAN_POINT('',(192.465064125,76.999999833,2.000018128));
#7956=CARTESIAN_POINT('',(192.558625151,76.999999425,2.000018128));
#7957=CARTESIAN_POINT('',(192.650427984,76.981642515,2.000018128));
#7958=CARTESIAN_POINT('',(192.736225825,76.946184263,2.000018128));
#7959=CARTESIAN_POINT('',(192.779124745,76.928455136,2.000018128));
#7960=CARTESIAN_POINT('',(192.819822182,76.906753805,2.000018128));
#7961=CARTESIAN_POINT('',(192.858337022,76.881114347,2.000018128));
#7962=CARTESIAN_POINT('',(192.896851863,76.855474888,2.000018128));
#7963=CARTESIAN_POINT('',(192.933341943,76.825613548,2.000018128));
#7964=CARTESIAN_POINT('',(192.966049931,76.792987671,2.000018128));
#7965=CARTESIAN_POINT('',(193.031465907,76.727735917,2.000018128));
#7966=CARTESIAN_POINT('',(193.084320071,76.648802784,2.000018128));
#7967=CARTESIAN_POINT('',(193.119697571,76.563623331,2.000018128));
#7968=CARTESIAN_POINT('',(193.155075072,76.478443879,2.000018128));
#7969=CARTESIAN_POINT('',(193.17369167,76.385248769,2.000018128));
#7970=CARTESIAN_POINT('',(193.17369167,76.292893052,2.000018128));
#7971=B_SPLINE_CURVE_WITH_KNOTS('',3,(#7955,#7956,#7957,#7958,#7959,#7960,#7961,#7962,#7963,#7964,#7965,#7966,#7967,#7968,#7969,#7970),.UNSPECIFIED.,.F.,.F.,(4,3,3,3,3,4),(0.,0.000276703,0.000415054,0.000553406,0.000830109,0.001106812),.UNSPECIFIED.);
#7972=EDGE_CURVE('',#7811,#7954,#7971,.T.);
#7973=ORIENTED_EDGE('',*,*,#7972,.T.);
#7974=CARTESIAN_POINT('',(193.17369167,75.999981872,2.000018128));
#7975=VERTEX_POINT('',#7974);
#7976=CARTESIAN_POINT('',(193.17369167,76.292893052,2.000018128));
#7977=DIRECTION('',(-0.,-1.,-0.));
#7978=VECTOR('',#7977,0.29291118);
#7979=LINE('',#7976,#7978);
#7980=EDGE_CURVE('',#7954,#7975,#7979,.T.);
#7981=ORIENTED_EDGE('',*,*,#7980,.T.);
#7982=CARTESIAN_POINT('',(194.175747672,75.999981872,2.000018128));
#7983=VERTEX_POINT('',#7982);
#7984=CARTESIAN_POINT('',(193.17369167,75.999981872,2.000018128));
#7985=DIRECTION('',(1.,0.,-0.));
#7986=VECTOR('',#7985,1.002056002);
#7987=LINE('',#7984,#7986);
#7988=EDGE_CURVE('',#7975,#7983,#7987,.T.);
#7989=ORIENTED_EDGE('',*,*,#7988,.T.);
#7990=CARTESIAN_POINT('',(194.175747672,76.292893052,2.000018128));
#7991=VERTEX_POINT('',#7990);
#7992=CARTESIAN_POINT('',(194.175747672,76.292893052,2.000018128));
#7993=DIRECTION('',(-0.,-1.,-0.));
#7994=VECTOR('',#7993,0.29291118);
#7995=LINE('',#7992,#7994);
#7996=EDGE_CURVE('',#7991,#7983,#7995,.T.);
#7997=ORIENTED_EDGE('',*,*,#7996,.F.);
#7998=CARTESIAN_POINT('',(194.175747672,76.292893052,2.000018128));
#7999=CARTESIAN_POINT('',(194.175747672,76.386162757,2.000018128));
#8000=CARTESIAN_POINT('',(194.194157563,76.477995907,2.000018128));
#8001=CARTESIAN_POINT('',(194.229785799,76.563744671,2.000018128));
#8002=CARTESIAN_POINT('',(194.247599917,76.606619054,2.000018128));
#8003=CARTESIAN_POINT('',(194.269383003,76.647229639,2.000018128));
#8004=CARTESIAN_POINT('',(194.295069491,76.685613823,2.000018128));
#8005=CARTESIAN_POINT('',(194.32075598,76.723998007,2.000018128));
#8006=CARTESIAN_POINT('',(194.350678284,76.760382535,2.000018128));
#8007=CARTESIAN_POINT('',(194.38336921,76.792995536,2.000018128));
#8008=CARTESIAN_POINT('',(194.448751061,76.858221538,2.000018128));
#8009=CARTESIAN_POINT('',(194.527669938,76.910801485,2.000018128));
#8010=CARTESIAN_POINT('',(194.612806577,76.94604506,2.000018128));
#8011=CARTESIAN_POINT('',(194.697943216,76.981288635,2.000018128));
#8012=CARTESIAN_POINT('',(194.790789846,77.00000023,2.000018128));
#8013=CARTESIAN_POINT('',(194.884245704,76.999999833,2.000018128));
#8014=B_SPLINE_CURVE_WITH_KNOTS('',3,(#7998,#7999,#8000,#8001,#8002,#8003,#8004,#8005,#8006,#8007,#8008,#8009,#8010,#8011,#8012,#8013),.UNSPECIFIED.,.F.,.F.,(4,3,3,3,3,4),(0.003319601,0.003595992,0.003734188,0.003872383,0.004148774,0.004425165),.UNSPECIFIED.);
#8015=EDGE_CURVE('',#7991,#7681,#8014,.T.);
#8016=ORIENTED_EDGE('',*,*,#8015,.T.);
#8017=ORIENTED_EDGE('',*,*,#7686,.T.);
#8018=ORIENTED_EDGE('',*,*,#7797,.T.);
#8019=ORIENTED_EDGE('',*,*,#7753,.T.);
#8020=ORIENTED_EDGE('',*,*,#7855,.F.);
#8021=EDGE_LOOP('',(#7887,#7908,#7916,#7924,#7932,#7951,#7952,#7973,#7981,#7989,#7997,#8016,#8017,#8018,#8019,#8020));
#8022=FACE_BOUND('',#8021,.T.);
#8023=ADVANCED_FACE('',(#8022),#7886,.F.);
#8024=CARTESIAN_POINT('',(157.000122711,75.999981872,4.352763072));
#8025=DIRECTION('',(0.,1.,0.));
#8026=DIRECTION('',(0.,-0.,1.));
#8027=AXIS2_PLACEMENT_3D('',#8024,#8025,#8026);
#8028=CYLINDRICAL_SURFACE('',#8027,36.25);
#8029=CARTESIAN_POINT('',(157.000122711,76.292893052,40.602763072));
#8030=VERTEX_POINT('',#8029);
#8031=CARTESIAN_POINT('',(157.000122711,75.999981872,40.602763072));
#8032=VERTEX_POINT('',#8031);
#8033=CARTESIAN_POINT('',(157.000122711,76.292893052,40.602763072));
#8034=DIRECTION('',(-0.,-1.,-0.));
#8035=VECTOR('',#8034,0.29291118);
#8036=LINE('',#8033,#8035);
#8037=EDGE_CURVE('',#8030,#8032,#8036,.T.);
#8038=ORIENTED_EDGE('',*,*,#8037,.T.);
#8039=CARTESIAN_POINT('',(157.000122711,75.999981872,4.352763072));
#8040=DIRECTION('',(0.,-1.,0.));
#8041=DIRECTION('',(0.,0.,-1.));
#8042=AXIS2_PLACEMENT_3D('',#8039,#8040,#8041);
#8043=CIRCLE('',#8042,36.25);
#8044=EDGE_CURVE('',#7975,#8032,#8043,.T.);
#8045=ORIENTED_EDGE('',*,*,#8044,.F.);
#8046=ORIENTED_EDGE('',*,*,#7980,.F.);
#8047=CARTESIAN_POINT('',(157.000122711,76.292893052,4.352763072));
#8048=DIRECTION('',(-0.,-1.,-0.));
#8049=DIRECTION('',(0.,-0.,1.));
#8050=AXIS2_PLACEMENT_3D('',#8047,#8048,#8049);
#8051=CIRCLE('',#8050,36.25);
#8052=EDGE_CURVE('',#7954,#8030,#8051,.T.);
#8053=ORIENTED_EDGE('',*,*,#8052,.T.);
#8054=EDGE_LOOP('',(#8038,#8045,#8046,#8053));
#8055=FACE_BOUND('',#8054,.T.);
#8056=ADVANCED_FACE('',(#8055),#8028,.T.);
#8057=CARTESIAN_POINT('',(157.000122711,75.999981872,4.352763072));
#8058=DIRECTION('',(0.,1.,0.));
#8059=DIRECTION('',(0.,-0.,1.));
#8060=AXIS2_PLACEMENT_3D('',#8057,#8058,#8059);
#8061=CYLINDRICAL_SURFACE('',#8060,37.25);
#8062=CARTESIAN_POINT('',(157.000122711,76.292893052,41.602763072));
#8063=VERTEX_POINT('',#8062);
#8064=CARTESIAN_POINT('',(157.000122711,75.999981872,41.602763072));
#8065=VERTEX_POINT('',#8064);
#8066=CARTESIAN_POINT('',(157.000122711,76.292893052,41.602763072));
#8067=DIRECTION('',(-0.,-1.,-0.));
#8068=VECTOR('',#8067,0.29291118);
#8069=LINE('',#8066,#8068);
#8070=EDGE_CURVE('',#8063,#8065,#8069,.T.);
#8071=ORIENTED_EDGE('',*,*,#8070,.F.);
#8072=CARTESIAN_POINT('',(157.000122711,76.292893052,4.352763072));
#8073=DIRECTION('',(0.,1.,0.));
#8074=DIRECTION('',(0.,-0.,1.));
#8075=AXIS2_PLACEMENT_3D('',#8072,#8073,#8074);
#8076=CIRCLE('',#8075,37.25);
#8077=EDGE_CURVE('',#8063,#7991,#8076,.T.);
#8078=ORIENTED_EDGE('',*,*,#8077,.T.);
#8079=ORIENTED_EDGE('',*,*,#7996,.T.);
#8080=CARTESIAN_POINT('',(157.000122711,75.999981872,4.352763072));
#8081=DIRECTION('',(0.,-1.,0.));
#8082=DIRECTION('',(0.,0.,-1.));
#8083=AXIS2_PLACEMENT_3D('',#8080,#8081,#8082);
#8084=CIRCLE('',#8083,37.25);
#8085=EDGE_CURVE('',#7983,#8065,#8084,.T.);
#8086=ORIENTED_EDGE('',*,*,#8085,.T.);
#8087=EDGE_LOOP('',(#8071,#8078,#8079,#8086));
#8088=FACE_BOUND('',#8087,.T.);
#8089=ADVANCED_FACE('',(#8088),#8061,.F.);
#8090=CARTESIAN_POINT('',(-1950.,75.999981872,63.000018128));
#8091=DIRECTION('',(0.,-1.,0.));
#8092=DIRECTION('',(-1.,0.,0.));
#8093=AXIS2_PLACEMENT_3D('',#8090,#8091,#8092);
#8094=PLANE('',#8093);
#8095=CARTESIAN_POINT('',(157.000122711,75.999981872,4.352763072));
#8096=DIRECTION('',(0.,-1.,0.));
#8097=DIRECTION('',(0.,0.,-1.));
#8098=AXIS2_PLACEMENT_3D('',#8095,#8096,#8097);
#8099=CIRCLE('',#8098,37.25);
#8100=EDGE_CURVE('',#8065,#7910,#8099,.T.);
#8101=ORIENTED_EDGE('',*,*,#8100,.F.);
#8102=ORIENTED_EDGE('',*,*,#8085,.F.);
#8103=ORIENTED_EDGE('',*,*,#7988,.F.);
#8104=ORIENTED_EDGE('',*,*,#8044,.T.);
#8105=CARTESIAN_POINT('',(157.000122711,75.999981872,4.352763072));
#8106=DIRECTION('',(0.,-1.,0.));
#8107=DIRECTION('',(0.,0.,-1.));
#8108=AXIS2_PLACEMENT_3D('',#8105,#8106,#8107);
#8109=CIRCLE('',#8108,36.25);
#8110=EDGE_CURVE('',#8032,#7918,#8109,.T.);
#8111=ORIENTED_EDGE('',*,*,#8110,.T.);
#8112=ORIENTED_EDGE('',*,*,#7923,.F.);
#8113=EDGE_LOOP('',(#8101,#8102,#8103,#8104,#8111,#8112));
#8114=FACE_BOUND('',#8113,.T.);
#8115=ADVANCED_FACE('',(#8114),#8094,.F.);
#8116=CARTESIAN_POINT('',(157.000122711,76.292893052,4.352763072));
#8117=DIRECTION('',(0.,1.,0.));
#8118=DIRECTION('',(0.,-0.,1.));
#8119=AXIS2_PLACEMENT_3D('',#8116,#8117,#8118);
#8120=TOROIDAL_SURFACE('',#8119,35.542893219,0.707106781);
#8121=CARTESIAN_POINT('',(157.000122711,76.292893052,39.895656291));
#8122=DIRECTION('',(1.,-0.,-0.));
#8123=DIRECTION('',(0.,0.,1.));
#8124=AXIS2_PLACEMENT_3D('',#8121,#8122,#8123);
#8125=CIRCLE('',#8124,0.707106781);
#8126=EDGE_CURVE('',#7819,#8030,#8125,.T.);
#8127=ORIENTED_EDGE('',*,*,#8126,.T.);
#8128=ORIENTED_EDGE('',*,*,#8052,.F.);
#8129=ORIENTED_EDGE('',*,*,#7972,.F.);
#8130=ORIENTED_EDGE('',*,*,#7832,.F.);
#8131=EDGE_LOOP('',(#8127,#8128,#8129,#8130));
#8132=FACE_BOUND('',#8131,.T.);
#8133=ADVANCED_FACE('',(#8132),#8120,.T.);
#8134=CARTESIAN_POINT('',(157.000122711,76.292893052,4.352763072));
#8135=DIRECTION('',(0.,1.,0.));
#8136=DIRECTION('',(0.,-0.,1.));
#8137=AXIS2_PLACEMENT_3D('',#8134,#8135,#8136);
#8138=TOROIDAL_SURFACE('',#8137,37.957106781,0.707106781);
#8139=CARTESIAN_POINT('',(157.000122711,76.292893052,42.309869853));
#8140=DIRECTION('',(1.,-0.,-0.));
#8141=DIRECTION('',(0.,0.,1.));
#8142=AXIS2_PLACEMENT_3D('',#8139,#8140,#8141);
#8143=CIRCLE('',#8142,0.707106781);
#8144=EDGE_CURVE('',#8063,#7689,#8143,.T.);
#8145=ORIENTED_EDGE('',*,*,#8144,.T.);
#8146=ORIENTED_EDGE('',*,*,#7695,.F.);
#8147=ORIENTED_EDGE('',*,*,#8015,.F.);
#8148=ORIENTED_EDGE('',*,*,#8077,.F.);
#8149=EDGE_LOOP('',(#8145,#8146,#8147,#8148));
#8150=FACE_BOUND('',#8149,.T.);
#8151=ADVANCED_FACE('',(#8150),#8138,.T.);
#8152=CARTESIAN_POINT('',(157.000122711,-253.000018128,4.352763072));
#8153=DIRECTION('',(0.,1.,0.));
#8154=DIRECTION('',(0.,-0.,1.));
#8155=AXIS2_PLACEMENT_3D('',#8152,#8153,#8154);
#8156=CYLINDRICAL_SURFACE('',#8155,40.25);
#8157=ORIENTED_EDGE('',*,*,#7737,.T.);
#8158=ORIENTED_EDGE('',*,*,#7876,.T.);
#8159=ORIENTED_EDGE('',*,*,#7608,.T.);
#8160=ORIENTED_EDGE('',*,*,#7848,.F.);
#8161=EDGE_LOOP('',(#8157,#8158,#8159,#8160));
#8162=FACE_BOUND('',#8161,.T.);
#8163=ADVANCED_FACE('',(#8162),#8156,.T.);
#8164=CARTESIAN_POINT('',(157.000122711,-253.000018128,4.352763072));
#8165=DIRECTION('',(0.,1.,0.));
#8166=DIRECTION('',(0.,-0.,1.));
#8167=AXIS2_PLACEMENT_3D('',#8164,#8165,#8166);
#8168=CYLINDRICAL_SURFACE('',#8167,40.25);
#8169=ORIENTED_EDGE('',*,*,#7790,.T.);
#8170=ORIENTED_EDGE('',*,*,#7670,.T.);
#8171=ORIENTED_EDGE('',*,*,#7869,.T.);
#8172=ORIENTED_EDGE('',*,*,#7770,.T.);
#8173=EDGE_LOOP('',(#8169,#8170,#8171,#8172));
#8174=FACE_BOUND('',#8173,.T.);
#8175=ADVANCED_FACE('',(#8174),#8168,.T.);
#8176=CARTESIAN_POINT('',(157.000122711,75.999981872,4.352763072));
#8177=DIRECTION('',(0.,1.,0.));
#8178=DIRECTION('',(0.,-0.,1.));
#8179=AXIS2_PLACEMENT_3D('',#8176,#8177,#8178);
#8180=CYLINDRICAL_SURFACE('',#8179,36.25);
#8181=ORIENTED_EDGE('',*,*,#8037,.F.);
#8182=CARTESIAN_POINT('',(157.000122711,76.292893052,4.352763072));
#8183=DIRECTION('',(-0.,-1.,-0.));
#8184=DIRECTION('',(0.,-0.,1.));
#8185=AXIS2_PLACEMENT_3D('',#8182,#8183,#8184);
#8186=CIRCLE('',#8185,36.25);
#8187=EDGE_CURVE('',#8030,#7926,#8186,.T.);
#8188=ORIENTED_EDGE('',*,*,#8187,.T.);
#8189=ORIENTED_EDGE('',*,*,#7931,.F.);
#8190=ORIENTED_EDGE('',*,*,#8110,.F.);
#8191=EDGE_LOOP('',(#8181,#8188,#8189,#8190));
#8192=FACE_BOUND('',#8191,.T.);
#8193=ADVANCED_FACE('',(#8192),#8180,.T.);
#8194=CARTESIAN_POINT('',(157.000122711,75.999981872,4.352763072));
#8195=DIRECTION('',(0.,1.,0.));
#8196=DIRECTION('',(0.,-0.,1.));
#8197=AXIS2_PLACEMENT_3D('',#8194,#8195,#8196);
#8198=CYLINDRICAL_SURFACE('',#8197,37.25);
#8199=ORIENTED_EDGE('',*,*,#8070,.T.);
#8200=ORIENTED_EDGE('',*,*,#8100,.T.);
#8201=ORIENTED_EDGE('',*,*,#7915,.T.);
#8202=CARTESIAN_POINT('',(157.000122711,76.292893052,4.352763072));
#8203=DIRECTION('',(0.,1.,0.));
#8204=DIRECTION('',(0.,-0.,1.));
#8205=AXIS2_PLACEMENT_3D('',#8202,#8203,#8204);
#8206=CIRCLE('',#8205,37.25);
#8207=EDGE_CURVE('',#7889,#8063,#8206,.T.);
#8208=ORIENTED_EDGE('',*,*,#8207,.T.);
#8209=EDGE_LOOP('',(#8199,#8200,#8201,#8208));
#8210=FACE_BOUND('',#8209,.T.);
#8211=ADVANCED_FACE('',(#8210),#8198,.F.);
#8212=CARTESIAN_POINT('',(157.000122711,76.292893052,4.352763072));
#8213=DIRECTION('',(0.,1.,0.));
#8214=DIRECTION('',(0.,-0.,1.));
#8215=AXIS2_PLACEMENT_3D('',#8212,#8213,#8214);
#8216=TOROIDAL_SURFACE('',#8215,35.542893219,0.707106781);
#8217=ORIENTED_EDGE('',*,*,#8126,.F.);
#8218=ORIENTED_EDGE('',*,*,#7825,.F.);
#8219=ORIENTED_EDGE('',*,*,#7950,.F.);
#8220=ORIENTED_EDGE('',*,*,#8187,.F.);
#8221=EDGE_LOOP('',(#8217,#8218,#8219,#8220));
#8222=FACE_BOUND('',#8221,.T.);
#8223=ADVANCED_FACE('',(#8222),#8216,.T.);
#8224=CARTESIAN_POINT('',(157.000122711,76.292893052,4.352763072));
#8225=DIRECTION('',(0.,1.,0.));
#8226=DIRECTION('',(0.,-0.,1.));
#8227=AXIS2_PLACEMENT_3D('',#8224,#8225,#8226);
#8228=TOROIDAL_SURFACE('',#8227,37.957106781,0.707106781);
#8229=ORIENTED_EDGE('',*,*,#8144,.F.);
#8230=ORIENTED_EDGE('',*,*,#8207,.F.);
#8231=ORIENTED_EDGE('',*,*,#7907,.F.);
#8232=ORIENTED_EDGE('',*,*,#7704,.F.);
#8233=EDGE_LOOP('',(#8229,#8230,#8231,#8232));
#8234=FACE_BOUND('',#8233,.T.);
#8235=ADVANCED_FACE('',(#8234),#8228,.T.);
#8236=CLOSED_SHELL('',(#7722,#7780,#7802,#7836,#7859,#7881,#8023,#8056,#8089,#8115,#8133,#8151,#8163,#8175,#8193,#8211,#8223,#8235));
#8237=MANIFOLD_SOLID_BREP('Body 120 (4)',#8236);
#7593=STYLED_ITEM('',(#4137),#8237);
#6713=SHAPE_REPRESENTATION('Folder 34',(#15),#6711);
#6714=ADVANCED_BREP_SHAPE_REPRESENTATION('Folder 34',(#7592,#8237),#6711);
#8245=SHAPE_REPRESENTATION_RELATIONSHIP('','',#6713,#6714);
#8246=CARTESIAN_POINT('',(0.,0.,0.));
#8247=DIRECTION('',(0.,0.,1.));
#8248=DIRECTION('',(1.,0.,0.));
#8249=AXIS2_PLACEMENT_3D('',#8246,#8247,#8248);
#8251=MAPPED_ITEM('',#8250,#8249);
#8250=REPRESENTATION_MAP(#8249,#6713);
#6721=PRODUCT('Folder 34','Folder 34','',(#6699));
#8252=PRODUCT_RELATED_PRODUCT_CATEGORY('part','',(#6721));
#8253=PRODUCT_DEFINITION_FORMATION_WITH_SPECIFIED_SOURCE('','',#6721,.NOT_KNOWN.);
#6722=PRODUCT_DEFINITION('design','',#8253,#6700);
#6720=PRODUCT_DEFINITION_SHAPE('','',#6722);
#8254=SHAPE_DEFINITION_REPRESENTATION(#6720,#6713);
#6712=DRAUGHTING_MODEL('',(#8251),#6711);
#8255=(NAMED_UNIT(*)PLANE_ANGLE_UNIT()SI_UNIT($,.RADIAN.));
#8256=PLANE_ANGLE_MEASURE_WITH_UNIT(PLANE_ANGLE_MEASURE(0.0174532925),#8255);
#8257=(CONVERSION_BASED_UNIT('DEGREE',#8256)NAMED_UNIT(#8258)PLANE_ANGLE_UNIT());
#8258=DIMENSIONAL_EXPONENTS(0.,0.,0.,0.,0.,0.,0.);
#8259=(NAMED_UNIT(*)SI_UNIT($,.STERADIAN.)SOLID_ANGLE_UNIT());
#8260=(LENGTH_UNIT()NAMED_UNIT(*)SI_UNIT(.MILLI.,.METRE.));
#8261=UNCERTAINTY_MEASURE_WITH_UNIT(LENGTH_MEASURE(1.000000E-05),#8260,'DISTANCE_ACCURACY_VALUE','Maximum Tolerance applied to model');
#8262=(GEOMETRIC_REPRESENTATION_CONTEXT(3)GLOBAL_UNCERTAINTY_ASSIGNED_CONTEXT((#8261))GLOBAL_UNIT_ASSIGNED_CONTEXT((#8260,#8257,#8259))REPRESENTATION_CONTEXT('','Folder 35'));
#8274=CARTESIAN_POINT('',(0.,0.,0.));
#8275=DIRECTION('',(0.,0.,1.));
#8276=DIRECTION('',(1.,0.,-0.));
#8277=AXIS2_PLACEMENT_3D('',#8274,#8275,#8276);
#8278=ITEM_DEFINED_TRANSFORMATION('','',#8277,#15);
#8279=(REPRESENTATION_RELATIONSHIP('','',#8264,#6514)REPRESENTATION_RELATIONSHIP_WITH_TRANSFORMATION(#8278)SHAPE_REPRESENTATION_RELATIONSHIP());
#8280=NEXT_ASSEMBLY_USAGE_OCCURRENCE('Folder 35_4','Folder 35','Folder 35',#6523,#8273,$);
#8281=PRODUCT_DEFINITION_SHAPE('','',#8280);
#8282=CONTEXT_DEPENDENT_SHAPE_REPRESENTATION(#8279,#8281);
#8284=CARTESIAN_POINT('',(-1950.,30.999981872,63.000018128));
#8285=DIRECTION('',(0.,1.,0.));
#8286=DIRECTION('',(1.,0.,0.));
#8287=AXIS2_PLACEMENT_3D('',#8284,#8285,#8286);
#8288=PLANE('',#8287);
#8289=CARTESIAN_POINT('',(137.797711896,30.999981872,3.000018128));
#8290=VERTEX_POINT('',#8289);
#8291=CARTESIAN_POINT('',(176.250122711,30.999981872,4.352763072));
#8292=VERTEX_POINT('',#8291);
#8293=CARTESIAN_POINT('',(157.000122711,30.999981872,4.352763072));
#8294=DIRECTION('',(0.,1.,0.));
#8295=DIRECTION('',(0.,-0.,1.));
#8296=AXIS2_PLACEMENT_3D('',#8293,#8294,#8295);
#8297=CIRCLE('',#8296,19.25);
#8298=EDGE_CURVE('',#8290,#8292,#8297,.T.);
#8299=ORIENTED_EDGE('',*,*,#8298,.T.);
#8300=CARTESIAN_POINT('',(176.202533526,30.999981872,3.000018128));
#8301=VERTEX_POINT('',#8300);
#8302=CARTESIAN_POINT('',(157.000122711,30.999981872,4.352763072));
#8303=DIRECTION('',(0.,1.,0.));
#8304=DIRECTION('',(0.,-0.,1.));
#8305=AXIS2_PLACEMENT_3D('',#8302,#8303,#8304);
#8306=CIRCLE('',#8305,19.25);
#8307=EDGE_CURVE('',#8292,#8301,#8306,.T.);
#8308=ORIENTED_EDGE('',*,*,#8307,.T.);
#8309=CARTESIAN_POINT('',(176.202533526,30.999981872,3.000018128));
#8310=DIRECTION('',(-1.,-0.,0.));
#8311=VECTOR('',#8310,38.40482163);
#8312=LINE('',#8309,#8311);
#8313=EDGE_CURVE('',#8301,#8290,#8312,.T.);
#8314=ORIENTED_EDGE('',*,*,#8313,.T.);
#8315=EDGE_LOOP('',(#8299,#8308,#8314));
#8316=FACE_BOUND('',#8315,.T.);
#8317=ADVANCED_FACE('',(#8316),#8288,.T.);
#8318=CARTESIAN_POINT('',(157.000122711,-49.000018128,4.352763072));
#8319=DIRECTION('',(-0.,1.,0.));
#8320=DIRECTION('',(1.,0.,0.));
#8321=AXIS2_PLACEMENT_3D('',#8318,#8319,#8320);
#8322=CYLINDRICAL_SURFACE('',#8321,19.25);
#8323=CARTESIAN_POINT('',(176.250122711,-129.000018128,4.352763072));
#8324=VERTEX_POINT('',#8323);
#8325=CARTESIAN_POINT('',(176.250122711,30.999981872,4.352763072));
#8326=DIRECTION('',(-0.,-1.,-0.));
#8327=VECTOR('',#8326,160.);
#8328=LINE('',#8325,#8327);
#8329=EDGE_CURVE('',#8292,#8324,#8328,.T.);
#8330=ORIENTED_EDGE('',*,*,#8329,.T.);
#8331=CARTESIAN_POINT('',(176.202533526,-129.000018128,3.000018128));
#8332=VERTEX_POINT('',#8331);
#8333=CARTESIAN_POINT('',(157.000122711,-129.000018128,4.352763072));
#8334=DIRECTION('',(0.,1.,0.));
#8335=DIRECTION('',(0.,-0.,1.));
#8336=AXIS2_PLACEMENT_3D('',#8333,#8334,#8335);
#8337=CIRCLE('',#8336,19.25);
#8338=EDGE_CURVE('',#8324,#8332,#8337,.T.);
#8339=ORIENTED_EDGE('',*,*,#8338,.T.);
#8340=CARTESIAN_POINT('',(176.202533526,-129.000018128,3.000018128));
#8341=DIRECTION('',(0.,1.,0.));
#8342=VECTOR('',#8341,160.);
#8343=LINE('',#8340,#8342);
#8344=EDGE_CURVE('',#8332,#8301,#8343,.T.);
#8345=ORIENTED_EDGE('',*,*,#8344,.T.);
#8346=ORIENTED_EDGE('',*,*,#8307,.F.);
#8347=EDGE_LOOP('',(#8330,#8339,#8345,#8346));
#8348=FACE_BOUND('',#8347,.T.);
#8349=ADVANCED_FACE('',(#8348),#8322,.T.);
#8350=CARTESIAN_POINT('',(10.5,160.999981872,3.000018128));
#8351=DIRECTION('',(0.,0.,-1.));
#8352=DIRECTION('',(0.,1.,0.));
#8353=AXIS2_PLACEMENT_3D('',#8350,#8351,#8352);
#8354=PLANE('',#8353);
#8355=ORIENTED_EDGE('',*,*,#8313,.F.);
#8356=ORIENTED_EDGE('',*,*,#8344,.F.);
#8357=CARTESIAN_POINT('',(137.797711896,-129.000018128,3.000018128));
#8358=VERTEX_POINT('',#8357);
#8359=CARTESIAN_POINT('',(176.202533526,-129.000018128,3.000018128));
#8360=DIRECTION('',(-1.,-0.,0.));
#8361=VECTOR('',#8360,38.40482163);
#8362=LINE('',#8359,#8361);
#8363=EDGE_CURVE('',#8332,#8358,#8362,.T.);
#8364=ORIENTED_EDGE('',*,*,#8363,.T.);
#8365=CARTESIAN_POINT('',(137.797711896,30.999981872,3.000018128));
#8366=DIRECTION('',(-0.,-1.,-0.));
#8367=VECTOR('',#8366,160.);
#8368=LINE('',#8365,#8367);
#8369=EDGE_CURVE('',#8290,#8358,#8368,.T.);
#8370=ORIENTED_EDGE('',*,*,#8369,.F.);
#8371=EDGE_LOOP('',(#8355,#8356,#8364,#8370));
#8372=FACE_BOUND('',#8371,.T.);
#8373=ADVANCED_FACE('',(#8372),#8354,.T.);
#8374=CARTESIAN_POINT('',(-1950.,-129.000018128,63.000018128));
#8375=DIRECTION('',(0.,1.,0.));
#8376=DIRECTION('',(1.,0.,0.));
#8377=AXIS2_PLACEMENT_3D('',#8374,#8375,#8376);
#8378=PLANE('',#8377);
#8379=ORIENTED_EDGE('',*,*,#8363,.F.);
#8380=ORIENTED_EDGE('',*,*,#8338,.F.);
#8381=CARTESIAN_POINT('',(157.000122711,-129.000018128,4.352763072));
#8382=DIRECTION('',(0.,1.,0.));
#8383=DIRECTION('',(0.,-0.,1.));
#8384=AXIS2_PLACEMENT_3D('',#8381,#8382,#8383);
#8385=CIRCLE('',#8384,19.25);
#8386=EDGE_CURVE('',#8358,#8324,#8385,.T.);
#8387=ORIENTED_EDGE('',*,*,#8386,.F.);
#8388=EDGE_LOOP('',(#8379,#8380,#8387));
#8389=FACE_BOUND('',#8388,.T.);
#8390=ADVANCED_FACE('',(#8389),#8378,.F.);
#8391=CARTESIAN_POINT('',(157.000122711,-49.000018128,4.352763072));
#8392=DIRECTION('',(-0.,1.,0.));
#8393=DIRECTION('',(1.,0.,0.));
#8394=AXIS2_PLACEMENT_3D('',#8391,#8392,#8393);
#8395=CYLINDRICAL_SURFACE('',#8394,19.25);
#8396=ORIENTED_EDGE('',*,*,#8329,.F.);
#8397=ORIENTED_EDGE('',*,*,#8298,.F.);
#8398=ORIENTED_EDGE('',*,*,#8369,.T.);
#8399=ORIENTED_EDGE('',*,*,#8386,.T.);
#8400=EDGE_LOOP('',(#8396,#8397,#8398,#8399));
#8401=FACE_BOUND('',#8400,.T.);
#8402=ADVANCED_FACE('',(#8401),#8395,.T.);
#8403=CLOSED_SHELL('',(#8317,#8349,#8373,#8390,#8402));
#8404=MANIFOLD_SOLID_BREP('Body 121 (2)',#8403);
#8283=STYLED_ITEM('',(#4137),#8404);
#8406=CARTESIAN_POINT('',(60.,154.499084718,48.000018128));
#8407=DIRECTION('',(1.,0.,0.));
#8408=DIRECTION('',(0.,-1.,0.));
#8409=AXIS2_PLACEMENT_3D('',#8406,#8407,#8408);
#8410=PLANE('',#8409);
#8411=CARTESIAN_POINT('',(60.,216.99853652,9.524060908));
#8412=VERTEX_POINT('',#8411);
#8413=CARTESIAN_POINT('',(60.,216.99853652,3.000018128));
#8414=VERTEX_POINT('',#8413);
#8415=CARTESIAN_POINT('',(60.,216.99853652,9.524060908));
#8416=DIRECTION('',(0.,0.,-1.));
#8417=VECTOR('',#8416,6.52404278);
#8418=LINE('',#8415,#8417);
#8419=EDGE_CURVE('',#8412,#8414,#8418,.T.);
#8420=ORIENTED_EDGE('',*,*,#8419,.F.);
#8421=CARTESIAN_POINT('',(60.,188.327215862,43.000018128));
#8422=VERTEX_POINT('',#8421);
#8423=CARTESIAN_POINT('',(60.,177.082119632,4.352763072));
#8424=DIRECTION('',(1.,0.,0.));
#8425=DIRECTION('',(-0.,1.,0.));
#8426=AXIS2_PLACEMENT_3D('',#8423,#8424,#8425);
#8427=ELLIPSE('',#8426,40.250002002,40.25);
#8428=EDGE_CURVE('',#8412,#8422,#8427,.T.);
#8429=ORIENTED_EDGE('',*,*,#8428,.T.);
#8430=CARTESIAN_POINT('',(60.,165.837023402,43.000018128));
#8431=VERTEX_POINT('',#8430);
#8432=CARTESIAN_POINT('',(60.,188.327215862,43.000018128));
#8433=DIRECTION('',(0.,-1.,0.));
#8434=VECTOR('',#8433,22.490192459);
#8435=LINE('',#8432,#8434);
#8436=EDGE_CURVE('',#8422,#8431,#8435,.T.);
#8437=ORIENTED_EDGE('',*,*,#8436,.T.);
#8438=CARTESIAN_POINT('',(60.,136.999999498,8.025133607));
#8439=VERTEX_POINT('',#8438);
#8440=CARTESIAN_POINT('',(60.,177.082119632,4.352763072));
#8441=DIRECTION('',(-1.,-0.,-0.));
#8442=DIRECTION('',(-0.,1.,0.));
#8443=AXIS2_PLACEMENT_3D('',#8440,#8441,#8442);
#8444=ELLIPSE('',#8443,40.250002002,40.25);
#8445=EDGE_CURVE('',#8439,#8431,#8444,.T.);
#8446=ORIENTED_EDGE('',*,*,#8445,.F.);
#8447=CARTESIAN_POINT('',(60.,136.999999498,3.000018128));
#8448=VERTEX_POINT('',#8447);
#8449=CARTESIAN_POINT('',(60.,136.999999498,8.025133607));
#8450=DIRECTION('',(0.,0.,-1.));
#8451=VECTOR('',#8450,5.025115479);
#8452=LINE('',#8449,#8451);
#8453=EDGE_CURVE('',#8439,#8448,#8452,.T.);
#8454=ORIENTED_EDGE('',*,*,#8453,.T.);
#8455=CARTESIAN_POINT('',(60.,139.066883089,3.000018128));
#8456=VERTEX_POINT('',#8455);
#8457=CARTESIAN_POINT('',(60.,139.066883089,3.000018128));
#8458=DIRECTION('',(0.,-1.,0.));
#8459=VECTOR('',#8458,2.066883591);
#8460=LINE('',#8457,#8459);
#8461=EDGE_CURVE('',#8456,#8448,#8460,.T.);
#8462=ORIENTED_EDGE('',*,*,#8461,.F.);
#8463=CARTESIAN_POINT('',(60.,176.999877122,42.309869853));
#8464=VERTEX_POINT('',#8463);
#8465=CARTESIAN_POINT('',(60.,176.999877122,4.352763072));
#8466=DIRECTION('',(-1.,-0.,0.));
#8467=DIRECTION('',(0.,0.,1.));
#8468=AXIS2_PLACEMENT_3D('',#8465,#8466,#8467);
#8469=CIRCLE('',#8468,37.957106781);
#8470=EDGE_CURVE('',#8456,#8464,#8469,.T.);
#8471=ORIENTED_EDGE('',*,*,#8470,.T.);
#8472=CARTESIAN_POINT('',(60.,214.932871155,3.000018128));
#8473=VERTEX_POINT('',#8472);
#8474=CARTESIAN_POINT('',(60.,176.999877122,4.352763072));
#8475=DIRECTION('',(-1.,-0.,0.));
#8476=DIRECTION('',(0.,0.,1.));
#8477=AXIS2_PLACEMENT_3D('',#8474,#8475,#8476);
#8478=CIRCLE('',#8477,37.957106781);
#8479=EDGE_CURVE('',#8464,#8473,#8478,.T.);
#8480=ORIENTED_EDGE('',*,*,#8479,.T.);
#8481=CARTESIAN_POINT('',(60.,216.99853652,3.000018128));
#8482=DIRECTION('',(0.,-1.,0.));
#8483=VECTOR('',#8482,2.065665365);
#8484=LINE('',#8481,#8483);
#8485=EDGE_CURVE('',#8414,#8473,#8484,.T.);
#8486=ORIENTED_EDGE('',*,*,#8485,.F.);
#8487=EDGE_LOOP('',(#8420,#8429,#8437,#8446,#8454,#8462,#8471,#8480,#8486));
#8488=FACE_BOUND('',#8487,.T.);
#8489=ADVANCED_FACE('',(#8488),#8410,.T.);
#8490=CARTESIAN_POINT('',(52.,157.000008646,48.000018128));
#8491=DIRECTION('',(-1.,-0.,0.));
#8492=DIRECTION('',(-0.,1.,0.));
#8493=AXIS2_PLACEMENT_3D('',#8490,#8491,#8492);
#8494=PLANE('',#8493);
#8495=CARTESIAN_POINT('',(52.,217.000000168,9.493195149));
#8496=VERTEX_POINT('',#8495);
#8497=CARTESIAN_POINT('',(52.,188.324692886,43.000018128));
#8498=VERTEX_POINT('',#8497);
#8499=CARTESIAN_POINT('',(52.,177.079596656,4.352763072));
#8500=DIRECTION('',(1.,0.,-0.));
#8501=DIRECTION('',(-0.,1.,0.));
#8502=AXIS2_PLACEMENT_3D('',#8499,#8500,#8501);
#8503=ELLIPSE('',#8502,40.250002002,40.25);
#8504=EDGE_CURVE('',#8496,#8498,#8503,.T.);
#8505=ORIENTED_EDGE('',*,*,#8504,.F.);
#8506=CARTESIAN_POINT('',(52.,217.000000168,3.000018128));
#8507=VERTEX_POINT('',#8506);
#8508=CARTESIAN_POINT('',(52.,217.000000168,9.493195149));
#8509=DIRECTION('',(0.,0.,-1.));
#8510=VECTOR('',#8509,6.493177021);
#8511=LINE('',#8508,#8510);
#8512=EDGE_CURVE('',#8496,#8507,#8511,.T.);
#8513=ORIENTED_EDGE('',*,*,#8512,.T.);
#8514=CARTESIAN_POINT('',(52.,136.999999498,3.000018128));
#8515=VERTEX_POINT('',#8514);
#8516=CARTESIAN_POINT('',(52.,136.999999498,3.000018128));
#8517=DIRECTION('',(-0.,1.,-0.));
#8518=VECTOR('',#8517,80.00000067);
#8519=LINE('',#8516,#8518);
#8520=EDGE_CURVE('',#8515,#8507,#8519,.T.);
#8521=ORIENTED_EDGE('',*,*,#8520,.F.);
#8522=CARTESIAN_POINT('',(52.,136.999999498,8.052567313));
#8523=VERTEX_POINT('',#8522);
#8524=CARTESIAN_POINT('',(52.,136.999999498,8.052567313));
#8525=DIRECTION('',(0.,0.,-1.));
#8526=VECTOR('',#8525,5.052549185);
#8527=LINE('',#8524,#8526);
#8528=EDGE_CURVE('',#8523,#8515,#8527,.T.);
#8529=ORIENTED_EDGE('',*,*,#8528,.F.);
#8530=CARTESIAN_POINT('',(52.,165.834500426,43.000018128));
#8531=VERTEX_POINT('',#8530);
#8532=CARTESIAN_POINT('',(52.,177.079596656,4.352763072));
#8533=DIRECTION('',(1.,0.,-0.));
#8534=DIRECTION('',(-0.,1.,0.));
#8535=AXIS2_PLACEMENT_3D('',#8532,#8533,#8534);
#8536=ELLIPSE('',#8535,40.250002002,40.25);
#8537=EDGE_CURVE('',#8531,#8523,#8536,.T.);
#8538=ORIENTED_EDGE('',*,*,#8537,.F.);
#8539=CARTESIAN_POINT('',(52.,165.834500426,43.000018128));
#8540=DIRECTION('',(-0.,1.,0.));
#8541=VECTOR('',#8540,22.490192459);
#8542=LINE('',#8539,#8541);
#8543=EDGE_CURVE('',#8531,#8498,#8542,.T.);
#8544=ORIENTED_EDGE('',*,*,#8543,.T.);
#8545=EDGE_LOOP('',(#8505,#8513,#8521,#8529,#8538,#8544));
#8546=FACE_BOUND('',#8545,.T.);
#8547=ADVANCED_FACE('',(#8546),#8494,.T.);
#8548=CARTESIAN_POINT('',(57.,136.999999498,48.000018128));
#8549=DIRECTION('',(0.,-1.,0.));
#8550=DIRECTION('',(-1.,-0.,0.));
#8551=AXIS2_PLACEMENT_3D('',#8548,#8549,#8550);
#8552=PLANE('',#8551);
#8553=CARTESIAN_POINT('',(-127034.726640252,136.999999498,4.352763072));
#8554=DIRECTION('',(-0.,1.,-0.));
#8555=DIRECTION('',(1.,0.,0.));
#8556=AXIS2_PLACEMENT_3D('',#8553,#8554,#8555);
#8557=ELLIPSE('',#8556,127627.056267296,40.25);
#8558=EDGE_CURVE('',#8523,#8439,#8557,.T.);
#8559=ORIENTED_EDGE('',*,*,#8558,.F.);
#8560=ORIENTED_EDGE('',*,*,#8528,.T.);
#8561=CARTESIAN_POINT('',(60.,136.999999498,3.000018128));
#8562=DIRECTION('',(-1.,-0.,0.));
#8563=VECTOR('',#8562,8.);
#8564=LINE('',#8561,#8563);
#8565=EDGE_CURVE('',#8448,#8515,#8564,.T.);
#8566=ORIENTED_EDGE('',*,*,#8565,.F.);
#8567=ORIENTED_EDGE('',*,*,#8453,.F.);
#8568=EDGE_LOOP('',(#8559,#8560,#8566,#8567));
#8569=FACE_BOUND('',#8568,.T.);
#8570=ADVANCED_FACE('',(#8569),#8552,.T.);
#8571=CARTESIAN_POINT('',(60.,154.499084718,48.000018128));
#8572=DIRECTION('',(1.,0.,0.));
#8573=DIRECTION('',(0.,-1.,0.));
#8574=AXIS2_PLACEMENT_3D('',#8571,#8572,#8573);
#8575=PLANE('',#8574);
#8576=CARTESIAN_POINT('',(60.,212.51701861,3.000018128));
#8577=VERTEX_POINT('',#8576);
#8578=CARTESIAN_POINT('',(60.,141.482735634,3.000018128));
#8579=VERTEX_POINT('',#8578);
#8580=CARTESIAN_POINT('',(60.,212.51701861,3.000018128));
#8581=DIRECTION('',(0.,-1.,0.));
#8582=VECTOR('',#8581,71.034282976);
#8583=LINE('',#8580,#8582);
#8584=EDGE_CURVE('',#8577,#8579,#8583,.T.);
#8585=ORIENTED_EDGE('',*,*,#8584,.F.);
#8586=CARTESIAN_POINT('',(60.,176.999877122,39.895656291));
#8587=VERTEX_POINT('',#8586);
#8588=CARTESIAN_POINT('',(60.,176.999877122,4.352763072));
#8589=DIRECTION('',(1.,0.,-0.));
#8590=DIRECTION('',(0.,0.,1.));
#8591=AXIS2_PLACEMENT_3D('',#8588,#8589,#8590);
#8592=CIRCLE('',#8591,35.542893219);
#8593=EDGE_CURVE('',#8577,#8587,#8592,.T.);
#8594=ORIENTED_EDGE('',*,*,#8593,.T.);
#8595=CARTESIAN_POINT('',(60.,176.999877122,4.352763072));
#8596=DIRECTION('',(1.,0.,-0.));
#8597=DIRECTION('',(0.,0.,1.));
#8598=AXIS2_PLACEMENT_3D('',#8595,#8596,#8597);
#8599=CIRCLE('',#8598,35.542893219);
#8600=EDGE_CURVE('',#8587,#8579,#8599,.T.);
#8601=ORIENTED_EDGE('',*,*,#8600,.T.);
#8602=EDGE_LOOP('',(#8585,#8594,#8601));
#8603=FACE_BOUND('',#8602,.T.);
#8604=ADVANCED_FACE('',(#8603),#8575,.T.);
#8605=CARTESIAN_POINT('',(57.007318241,216.999084049,48.000018128));
#8606=DIRECTION('',(-0.000182956,-0.999999983,0.));
#8607=DIRECTION('',(-0.999999983,0.000182956,0.));
#8608=AXIS2_PLACEMENT_3D('',#8605,#8606,#8607);
#8609=PLANE('',#8608);
#8610=ORIENTED_EDGE('',*,*,#8512,.F.);
#8611=CARTESIAN_POINT('',(80160.687450063,202.343634898,4.352763072));
#8612=DIRECTION('',(0.000182956,0.999999983,-0.));
#8613=DIRECTION('',(0.999999983,-0.000182956,0.));
#8614=AXIS2_PLACEMENT_3D('',#8611,#8612,#8613);
#8615=ELLIPSE('',#8614,80770.097506907,40.25);
#8616=EDGE_CURVE('',#8496,#8412,#8615,.T.);
#8617=ORIENTED_EDGE('',*,*,#8616,.T.);
#8618=ORIENTED_EDGE('',*,*,#8419,.T.);
#8619=CARTESIAN_POINT('',(60.,216.99853652,3.000018128));
#8620=DIRECTION('',(-0.999999983,0.000182956,0.));
#8621=VECTOR('',#8620,8.000000134);
#8622=LINE('',#8619,#8621);
#8623=EDGE_CURVE('',#8414,#8507,#8622,.T.);
#8624=ORIENTED_EDGE('',*,*,#8623,.T.);
#8625=EDGE_LOOP('',(#8610,#8617,#8618,#8624));
#8626=FACE_BOUND('',#8625,.T.);
#8627=ADVANCED_FACE('',(#8626),#8609,.F.);
#8628=CARTESIAN_POINT('',(1802.,737.000017794,43.000018128));
#8629=DIRECTION('',(0.,0.,1.));
#8630=DIRECTION('',(-1.,-0.,0.));
#8631=AXIS2_PLACEMENT_3D('',#8628,#8629,#8630);
#8632=PLANE('',#8631);
#8633=CARTESIAN_POINT('',(60.,165.837023402,43.000018128));
#8634=DIRECTION('',(-0.99999995,-0.000315372,-0.));
#8635=VECTOR('',#8634,8.000000398);
#8636=LINE('',#8633,#8635);
#8637=EDGE_CURVE('',#8431,#8531,#8636,.T.);
#8638=ORIENTED_EDGE('',*,*,#8637,.F.);
#8639=ORIENTED_EDGE('',*,*,#8436,.F.);
#8640=CARTESIAN_POINT('',(52.,188.324692886,43.000018128));
#8641=DIRECTION('',(0.99999995,0.000315372,0.));
#8642=VECTOR('',#8641,8.000000398);
#8643=LINE('',#8640,#8642);
#8644=EDGE_CURVE('',#8498,#8422,#8643,.T.);
#8645=ORIENTED_EDGE('',*,*,#8644,.F.);
#8646=ORIENTED_EDGE('',*,*,#8543,.F.);
#8647=EDGE_LOOP('',(#8638,#8639,#8645,#8646));
#8648=FACE_BOUND('',#8647,.T.);
#8649=ADVANCED_FACE('',(#8648),#8632,.T.);
#8650=CARTESIAN_POINT('',(1802.,737.000017794,3.000018128));
#8651=DIRECTION('',(0.,0.,1.));
#8652=DIRECTION('',(-1.,-0.,0.));
#8653=AXIS2_PLACEMENT_3D('',#8650,#8651,#8652);
#8654=PLANE('',#8653);
#8655=ORIENTED_EDGE('',*,*,#8485,.T.);
#8656=CARTESIAN_POINT('',(59.292893219,214.225306349,3.000018128));
#8657=VERTEX_POINT('',#8656);
#8658=CARTESIAN_POINT('',(60.,214.932871155,3.000018128));
#8659=CARTESIAN_POINT('',(60.,214.839464839,3.000018128));
#8660=CARTESIAN_POINT('',(59.981643606,214.747813189,3.000018128));
#8661=CARTESIAN_POINT('',(59.94620664,214.662177029,3.000018128));
#8662=CARTESIAN_POINT('',(59.928488158,214.619358949,3.000018128));
#8663=CARTESIAN_POINT('',(59.906801834,214.578739831,3.000018128));
#8664=CARTESIAN_POINT('',(59.881183548,214.540299793,3.000018128));
#8665=CARTESIAN_POINT('',(59.855565262,214.501859755,3.000018128));
#8666=CARTESIAN_POINT('',(59.825736404,214.465447611,3.000018128));
#8667=CARTESIAN_POINT('',(59.793152016,214.432808175,3.000018128));
#8668=CARTESIAN_POINT('',(59.727983241,214.367529302,3.000018128));
#8669=CARTESIAN_POINT('',(59.649172998,214.314781144,3.000018128));
#8670=CARTESIAN_POINT('',(59.564144556,214.279438286,3.000018128));
#8671=CARTESIAN_POINT('',(59.479116115,214.244095427,3.000018128));
#8672=CARTESIAN_POINT('',(59.386301229,214.225306349,3.000018128));
#8673=CARTESIAN_POINT('',(59.292893219,214.225306349,3.000018128));
#8674=B_SPLINE_CURVE_WITH_KNOTS('',3,(#8658,#8659,#8660,#8661,#8662,#8663,#8664,#8665,#8666,#8667,#8668,#8669,#8670,#8671,#8672,#8673),.UNSPECIFIED.,.F.,.F.,(4,3,3,3,3,4),(0.,0.000276243,0.000414364,0.000552485,0.000828728,0.00110497),.UNSPECIFIED.);
#8675=EDGE_CURVE('',#8473,#8657,#8674,.T.);
#8676=ORIENTED_EDGE('',*,*,#8675,.T.);
#8677=CARTESIAN_POINT('',(57.999982039,214.225306349,3.000018128));
#8678=VERTEX_POINT('',#8677);
#8679=CARTESIAN_POINT('',(57.999982039,214.225306349,3.000018128));
#8680=DIRECTION('',(1.,0.,0.));
#8681=VECTOR('',#8680,1.29291118);
#8682=LINE('',#8679,#8681);
#8683=EDGE_CURVE('',#8678,#8657,#8682,.T.);
#8684=ORIENTED_EDGE('',*,*,#8683,.F.);
#8685=CARTESIAN_POINT('',(57.999982039,213.224628068,3.000018128));
#8686=VERTEX_POINT('',#8685);
#8687=CARTESIAN_POINT('',(57.999982039,214.225306349,3.000018128));
#8688=DIRECTION('',(0.,-1.,0.));
#8689=VECTOR('',#8688,1.000678281);
#8690=LINE('',#8687,#8689);
#8691=EDGE_CURVE('',#8678,#8686,#8690,.T.);
#8692=ORIENTED_EDGE('',*,*,#8691,.T.);
#8693=CARTESIAN_POINT('',(59.292893219,213.224628068,3.000018128));
#8694=VERTEX_POINT('',#8693);
#8695=CARTESIAN_POINT('',(57.999982039,213.224628068,3.000018128));
#8696=DIRECTION('',(1.,0.,0.));
#8697=VECTOR('',#8696,1.29291118);
#8698=LINE('',#8695,#8697);
#8699=EDGE_CURVE('',#8686,#8694,#8698,.T.);
#8700=ORIENTED_EDGE('',*,*,#8699,.T.);
#8701=CARTESIAN_POINT('',(59.292893219,213.224628068,3.000018128));
#8702=CARTESIAN_POINT('',(59.386303322,213.224628068,3.000018128));
#8703=CARTESIAN_POINT('',(59.477962808,213.206229221,3.000018128));
#8704=CARTESIAN_POINT('',(59.563570766,213.17073224,3.000018128));
#8705=CARTESIAN_POINT('',(59.606374744,213.152983749,3.000018128));
#8706=CARTESIAN_POINT('',(59.64697705,213.131262418,3.000018128));
#8707=CARTESIAN_POINT('',(59.685397935,213.105604795,3.000018128));
#8708=CARTESIAN_POINT('',(59.723818821,213.079947172,3.000018128));
#8709=CARTESIAN_POINT('',(59.760198971,213.050081806,3.000018128));
#8710=CARTESIAN_POINT('',(59.79280448,213.017464886,3.000018128));
#8711=CARTESIAN_POINT('',(59.8580155,212.952231046,3.000018128));
#8712=CARTESIAN_POINT('',(59.910687413,212.873363722,3.000018128));
#8713=CARTESIAN_POINT('',(59.945969651,212.788306233,3.000018128));
#8714=CARTESIAN_POINT('',(59.981251888,212.703248744,3.000018128));
#8715=CARTESIAN_POINT('',(60.,212.610426841,3.000018128));
#8716=CARTESIAN_POINT('',(60.,212.51701861,3.000018128));
#8717=B_SPLINE_CURVE_WITH_KNOTS('',3,(#8701,#8702,#8703,#8704,#8705,#8706,#8707,#8708,#8709,#8710,#8711,#8712,#8713,#8714,#8715,#8716),.UNSPECIFIED.,.F.,.F.,(4,3,3,3,3,4),(0.,0.000276252,0.000414378,0.000552504,0.000828755,0.001105007),.UNSPECIFIED.);
#8718=EDGE_CURVE('',#8694,#8577,#8717,.T.);
#8719=ORIENTED_EDGE('',*,*,#8718,.T.);
#8720=ORIENTED_EDGE('',*,*,#8584,.T.);
#8721=CARTESIAN_POINT('',(59.292893219,140.775126176,3.000018128));
#8722=VERTEX_POINT('',#8721);
#8723=CARTESIAN_POINT('',(60.,141.482735634,3.000018128));
#8724=CARTESIAN_POINT('',(60.,141.389326264,3.000018128));
#8725=CARTESIAN_POINT('',(59.981645873,141.297671623,3.000018128));
#8726=CARTESIAN_POINT('',(59.946211114,141.212030859,3.000018128));
#8727=CARTESIAN_POINT('',(59.928493735,141.169210478,3.000018128));
#8728=CARTESIAN_POINT('',(59.906808563,141.128589037,3.000018128));
#8729=CARTESIAN_POINT('',(59.881191395,141.090146696,3.000018128));
#8730=CARTESIAN_POINT('',(59.855574227,141.051704355,3.000018128));
#8731=CARTESIAN_POINT('',(59.825746052,141.015289366,3.000018128));
#8732=CARTESIAN_POINT('',(59.793161976,140.982647234,3.000018128));
#8733=CARTESIAN_POINT('',(59.727993824,140.917362971,3.000018128));
#8734=CARTESIAN_POINT('',(59.649183111,140.864609978,3.000018128));
#8735=CARTESIAN_POINT('',(59.564152726,140.829263616,3.000018128));
#8736=CARTESIAN_POINT('',(59.479122341,140.793917255,3.000018128));
#8737=CARTESIAN_POINT('',(59.386304477,140.775126176,3.000018128));
#8738=CARTESIAN_POINT('',(59.292893219,140.775126176,3.000018128));
#8739=B_SPLINE_CURVE_WITH_KNOTS('',3,(#8723,#8724,#8725,#8726,#8727,#8728,#8729,#8730,#8731,#8732,#8733,#8734,#8735,#8736,#8737,#8738),.UNSPECIFIED.,.F.,.F.,(4,3,3,3,3,4),(0.,0.000276252,0.000414378,0.000552504,0.000828756,0.001105008),.UNSPECIFIED.);
#8740=EDGE_CURVE('',#8579,#8722,#8739,.T.);
#8741=ORIENTED_EDGE('',*,*,#8740,.T.);
#8742=CARTESIAN_POINT('',(57.999982039,140.775126176,3.000018128));
#8743=VERTEX_POINT('',#8742);
#8744=CARTESIAN_POINT('',(59.292893219,140.775126176,3.000018128));
#8745=DIRECTION('',(-1.,-0.,-0.));
#8746=VECTOR('',#8745,1.29291118);
#8747=LINE('',#8744,#8746);
#8748=EDGE_CURVE('',#8722,#8743,#8747,.T.);
#8749=ORIENTED_EDGE('',*,*,#8748,.T.);
#8750=CARTESIAN_POINT('',(57.999982039,139.774447895,3.000018128));
#8751=VERTEX_POINT('',#8750);
#8752=CARTESIAN_POINT('',(57.999982039,140.775126176,3.000018128));
#8753=DIRECTION('',(0.,-1.,0.));
#8754=VECTOR('',#8753,1.000678281);
#8755=LINE('',#8752,#8754);
#8756=EDGE_CURVE('',#8743,#8751,#8755,.T.);
#8757=ORIENTED_EDGE('',*,*,#8756,.T.);
#8758=CARTESIAN_POINT('',(59.292893219,139.774447895,3.000018128));
#8759=VERTEX_POINT('',#8758);
#8760=CARTESIAN_POINT('',(59.292893219,139.774447895,3.000018128));
#8761=DIRECTION('',(-1.,-0.,-0.));
#8762=VECTOR('',#8761,1.29291118);
#8763=LINE('',#8760,#8762);
#8764=EDGE_CURVE('',#8759,#8751,#8763,.T.);
#8765=ORIENTED_EDGE('',*,*,#8764,.F.);
#8766=CARTESIAN_POINT('',(59.292893219,139.774447895,3.000018128));
#8767=CARTESIAN_POINT('',(59.386300177,139.774447895,3.000018128));
#8768=CARTESIAN_POINT('',(59.477956348,139.756051122,3.000018128));
#8769=CARTESIAN_POINT('',(59.56356263,139.720557537,3.000018128));
#8770=CARTESIAN_POINT('',(59.606365771,139.702810745,3.000018128));
#8771=CARTESIAN_POINT('',(59.646967431,139.681091463,3.000018128));
#8772=CARTESIAN_POINT('',(59.685387876,139.655436258,3.000018128));
#8773=CARTESIAN_POINT('',(59.72380832,139.629781053,3.000018128));
#8774=CARTESIAN_POINT('',(59.76018864,139.599918213,3.000018128));
#8775=CARTESIAN_POINT('',(59.792794627,139.567303806,3.000018128));
#8776=CARTESIAN_POINT('',(59.858006601,139.50207499,3.000018128));
#8777=CARTESIAN_POINT('',(59.910680693,139.423213066,3.000018128));
#8778=CARTESIAN_POINT('',(59.945965196,139.338159948,3.000018128));
#8779=CARTESIAN_POINT('',(59.9812497,139.25310683,3.000018128));
#8780=CARTESIAN_POINT('',(60.,139.160288345,3.000018128));
#8781=CARTESIAN_POINT('',(60.,139.066883089,3.000018128));
#8782=B_SPLINE_CURVE_WITH_KNOTS('',3,(#8766,#8767,#8768,#8769,#8770,#8771,#8772,#8773,#8774,#8775,#8776,#8777,#8778,#8779,#8780,#8781),.UNSPECIFIED.,.F.,.F.,(4,3,3,3,3,4),(0.,0.000276242,0.000414364,0.000552485,0.000828727,0.00110497),.UNSPECIFIED.);
#8783=EDGE_CURVE('',#8759,#8456,#8782,.T.);
#8784=ORIENTED_EDGE('',*,*,#8783,.T.);
#8785=ORIENTED_EDGE('',*,*,#8461,.T.);
#8786=ORIENTED_EDGE('',*,*,#8565,.T.);
#8787=ORIENTED_EDGE('',*,*,#8520,.T.);
#8788=ORIENTED_EDGE('',*,*,#8623,.F.);
#8789=EDGE_LOOP('',(#8655,#8676,#8684,#8692,#8700,#8719,#8720,#8741,#8749,#8757,#8765,#8784,#8785,#8786,#8787,#8788));
#8790=FACE_BOUND('',#8789,.T.);
#8791=ADVANCED_FACE('',(#8790),#8654,.F.);
#8792=CARTESIAN_POINT('',(57.999982039,176.999877122,4.352763072));
#8793=DIRECTION('',(1.,0.,-0.));
#8794=DIRECTION('',(0.,0.,1.));
#8795=AXIS2_PLACEMENT_3D('',#8792,#8793,#8794);
#8796=CYLINDRICAL_SURFACE('',#8795,36.25);
#8797=CARTESIAN_POINT('',(59.292893219,176.999877122,40.602763072));
#8798=VERTEX_POINT('',#8797);
#8799=CARTESIAN_POINT('',(57.999982039,176.999877122,40.602763072));
#8800=VERTEX_POINT('',#8799);
#8801=CARTESIAN_POINT('',(59.292893219,176.999877122,40.602763072));
#8802=DIRECTION('',(-1.,-0.,-0.));
#8803=VECTOR('',#8802,1.29291118);
#8804=LINE('',#8801,#8803);
#8805=EDGE_CURVE('',#8798,#8800,#8804,.T.);
#8806=ORIENTED_EDGE('',*,*,#8805,.T.);
#8807=CARTESIAN_POINT('',(57.999982039,176.999877122,4.352763072));
#8808=DIRECTION('',(-1.,-0.,-0.));
#8809=DIRECTION('',(0.,0.,-1.));
#8810=AXIS2_PLACEMENT_3D('',#8807,#8808,#8809);
#8811=CIRCLE('',#8810,36.25);
#8812=EDGE_CURVE('',#8743,#8800,#8811,.T.);
#8813=ORIENTED_EDGE('',*,*,#8812,.F.);
#8814=ORIENTED_EDGE('',*,*,#8748,.F.);
#8815=CARTESIAN_POINT('',(59.292893219,176.999877122,4.352763072));
#8816=DIRECTION('',(-1.,-0.,0.));
#8817=DIRECTION('',(0.,0.,1.));
#8818=AXIS2_PLACEMENT_3D('',#8815,#8816,#8817);
#8819=CIRCLE('',#8818,36.25);
#8820=EDGE_CURVE('',#8722,#8798,#8819,.T.);
#8821=ORIENTED_EDGE('',*,*,#8820,.T.);
#8822=EDGE_LOOP('',(#8806,#8813,#8814,#8821));
#8823=FACE_BOUND('',#8822,.T.);
#8824=ADVANCED_FACE('',(#8823),#8796,.T.);
#8825=CARTESIAN_POINT('',(57.999982039,176.999877122,4.352763072));
#8826=DIRECTION('',(1.,0.,-0.));
#8827=DIRECTION('',(0.,0.,1.));
#8828=AXIS2_PLACEMENT_3D('',#8825,#8826,#8827);
#8829=CYLINDRICAL_SURFACE('',#8828,37.25);
#8830=CARTESIAN_POINT('',(59.292893219,176.999877122,41.602763072));
#8831=VERTEX_POINT('',#8830);
#8832=CARTESIAN_POINT('',(57.999982039,176.999877122,41.602763072));
#8833=VERTEX_POINT('',#8832);
#8834=CARTESIAN_POINT('',(59.292893219,176.999877122,41.602763072));
#8835=DIRECTION('',(-1.,-0.,-0.));
#8836=VECTOR('',#8835,1.29291118);
#8837=LINE('',#8834,#8836);
#8838=EDGE_CURVE('',#8831,#8833,#8837,.T.);
#8839=ORIENTED_EDGE('',*,*,#8838,.F.);
#8840=CARTESIAN_POINT('',(59.292893219,176.999877122,4.352763072));
#8841=DIRECTION('',(1.,0.,-0.));
#8842=DIRECTION('',(0.,0.,1.));
#8843=AXIS2_PLACEMENT_3D('',#8840,#8841,#8842);
#8844=CIRCLE('',#8843,37.25);
#8845=EDGE_CURVE('',#8831,#8759,#8844,.T.);
#8846=ORIENTED_EDGE('',*,*,#8845,.T.);
#8847=ORIENTED_EDGE('',*,*,#8764,.T.);
#8848=CARTESIAN_POINT('',(57.999982039,176.999877122,4.352763072));
#8849=DIRECTION('',(-1.,-0.,-0.));
#8850=DIRECTION('',(0.,0.,-1.));
#8851=AXIS2_PLACEMENT_3D('',#8848,#8849,#8850);
#8852=CIRCLE('',#8851,37.25);
#8853=EDGE_CURVE('',#8751,#8833,#8852,.T.);
#8854=ORIENTED_EDGE('',*,*,#8853,.T.);
#8855=EDGE_LOOP('',(#8839,#8846,#8847,#8854));
#8856=FACE_BOUND('',#8855,.T.);
#8857=ADVANCED_FACE('',(#8856),#8829,.F.);
#8858=CARTESIAN_POINT('',(57.999982039,2283.999999833,63.000018128));
#8859=DIRECTION('',(-1.,-0.,0.));
#8860=DIRECTION('',(-0.,1.,0.));
#8861=AXIS2_PLACEMENT_3D('',#8858,#8859,#8860);
#8862=PLANE('',#8861);
#8863=CARTESIAN_POINT('',(57.999982039,176.999877122,4.352763072));
#8864=DIRECTION('',(-1.,-0.,-0.));
#8865=DIRECTION('',(0.,0.,-1.));
#8866=AXIS2_PLACEMENT_3D('',#8863,#8864,#8865);
#8867=CIRCLE('',#8866,37.25);
#8868=EDGE_CURVE('',#8833,#8678,#8867,.T.);
#8869=ORIENTED_EDGE('',*,*,#8868,.F.);
#8870=ORIENTED_EDGE('',*,*,#8853,.F.);
#8871=ORIENTED_EDGE('',*,*,#8756,.F.);
#8872=ORIENTED_EDGE('',*,*,#8812,.T.);
#8873=CARTESIAN_POINT('',(57.999982039,176.999877122,4.352763072));
#8874=DIRECTION('',(-1.,-0.,-0.));
#8875=DIRECTION('',(0.,0.,-1.));
#8876=AXIS2_PLACEMENT_3D('',#8873,#8874,#8875);
#8877=CIRCLE('',#8876,36.25);
#8878=EDGE_CURVE('',#8800,#8686,#8877,.T.);
#8879=ORIENTED_EDGE('',*,*,#8878,.T.);
#8880=ORIENTED_EDGE('',*,*,#8691,.F.);
#8881=EDGE_LOOP('',(#8869,#8870,#8871,#8872,#8879,#8880));
#8882=FACE_BOUND('',#8881,.T.);
#8883=ADVANCED_FACE('',(#8882),#8862,.F.);
#8884=CARTESIAN_POINT('',(59.292893219,176.999877122,4.352763072));
#8885=DIRECTION('',(1.,0.,-0.));
#8886=DIRECTION('',(0.,0.,1.));
#8887=AXIS2_PLACEMENT_3D('',#8884,#8885,#8886);
#8888=TOROIDAL_SURFACE('',#8887,35.542893219,0.707106781);
#8889=CARTESIAN_POINT('',(59.292893219,176.999877122,39.895656291));
#8890=DIRECTION('',(0.,-1.,-0.));
#8891=DIRECTION('',(0.,0.,1.));
#8892=AXIS2_PLACEMENT_3D('',#8889,#8890,#8891);
#8893=CIRCLE('',#8892,0.707106781);
#8894=EDGE_CURVE('',#8587,#8798,#8893,.T.);
#8895=ORIENTED_EDGE('',*,*,#8894,.T.);
#8896=ORIENTED_EDGE('',*,*,#8820,.F.);
#8897=ORIENTED_EDGE('',*,*,#8740,.F.);
#8898=ORIENTED_EDGE('',*,*,#8600,.F.);
#8899=EDGE_LOOP('',(#8895,#8896,#8897,#8898));
#8900=FACE_BOUND('',#8899,.T.);
#8901=ADVANCED_FACE('',(#8900),#8888,.T.);
#8902=CARTESIAN_POINT('',(59.292893219,176.999877122,4.352763072));
#8903=DIRECTION('',(1.,0.,-0.));
#8904=DIRECTION('',(0.,0.,1.));
#8905=AXIS2_PLACEMENT_3D('',#8902,#8903,#8904);
#8906=TOROIDAL_SURFACE('',#8905,37.957106781,0.707106781);
#8907=CARTESIAN_POINT('',(59.292893219,176.999877122,42.309869853));
#8908=DIRECTION('',(0.,-1.,-0.));
#8909=DIRECTION('',(0.,0.,1.));
#8910=AXIS2_PLACEMENT_3D('',#8907,#8908,#8909);
#8911=CIRCLE('',#8910,0.707106781);
#8912=EDGE_CURVE('',#8831,#8464,#8911,.T.);
#8913=ORIENTED_EDGE('',*,*,#8912,.T.);
#8914=ORIENTED_EDGE('',*,*,#8470,.F.);
#8915=ORIENTED_EDGE('',*,*,#8783,.F.);
#8916=ORIENTED_EDGE('',*,*,#8845,.F.);
#8917=EDGE_LOOP('',(#8913,#8914,#8915,#8916));
#8918=FACE_BOUND('',#8917,.T.);
#8919=ADVANCED_FACE('',(#8918),#8906,.T.);
#8920=CARTESIAN_POINT('',(-309.99999435,176.965431988,4.352763072));
#8921=DIRECTION('',(0.99999995,0.000315372,0.));
#8922=DIRECTION('',(-0.000315372,0.99999995,0.));
#8923=AXIS2_PLACEMENT_3D('',#8920,#8921,#8922);
#8924=CYLINDRICAL_SURFACE('',#8923,40.25);
#8925=ORIENTED_EDGE('',*,*,#8428,.F.);
#8926=ORIENTED_EDGE('',*,*,#8616,.F.);
#8927=ORIENTED_EDGE('',*,*,#8504,.T.);
#8928=ORIENTED_EDGE('',*,*,#8644,.T.);
#8929=EDGE_LOOP('',(#8925,#8926,#8927,#8928));
#8930=FACE_BOUND('',#8929,.T.);
#8931=ADVANCED_FACE('',(#8930),#8924,.T.);
#8932=CARTESIAN_POINT('',(-309.99999435,176.965431988,4.352763072));
#8933=DIRECTION('',(0.99999995,0.000315372,0.));
#8934=DIRECTION('',(-0.000315372,0.99999995,0.));
#8935=AXIS2_PLACEMENT_3D('',#8932,#8933,#8934);
#8936=CYLINDRICAL_SURFACE('',#8935,40.25);
#8937=ORIENTED_EDGE('',*,*,#8558,.T.);
#8938=ORIENTED_EDGE('',*,*,#8445,.T.);
#8939=ORIENTED_EDGE('',*,*,#8637,.T.);
#8940=ORIENTED_EDGE('',*,*,#8537,.T.);
#8941=EDGE_LOOP('',(#8937,#8938,#8939,#8940));
#8942=FACE_BOUND('',#8941,.T.);
#8943=ADVANCED_FACE('',(#8942),#8936,.T.);
#8944=CARTESIAN_POINT('',(57.999982039,176.999877122,4.352763072));
#8945=DIRECTION('',(1.,0.,-0.));
#8946=DIRECTION('',(0.,0.,1.));
#8947=AXIS2_PLACEMENT_3D('',#8944,#8945,#8946);
#8948=CYLINDRICAL_SURFACE('',#8947,36.25);
#8949=ORIENTED_EDGE('',*,*,#8805,.F.);
#8950=CARTESIAN_POINT('',(59.292893219,176.999877122,4.352763072));
#8951=DIRECTION('',(-1.,-0.,0.));
#8952=DIRECTION('',(0.,0.,1.));
#8953=AXIS2_PLACEMENT_3D('',#8950,#8951,#8952);
#8954=CIRCLE('',#8953,36.25);
#8955=EDGE_CURVE('',#8798,#8694,#8954,.T.);
#8956=ORIENTED_EDGE('',*,*,#8955,.T.);
#8957=ORIENTED_EDGE('',*,*,#8699,.F.);
#8958=ORIENTED_EDGE('',*,*,#8878,.F.);
#8959=EDGE_LOOP('',(#8949,#8956,#8957,#8958));
#8960=FACE_BOUND('',#8959,.T.);
#8961=ADVANCED_FACE('',(#8960),#8948,.T.);
#8962=CARTESIAN_POINT('',(57.999982039,176.999877122,4.352763072));
#8963=DIRECTION('',(1.,0.,-0.));
#8964=DIRECTION('',(0.,0.,1.));
#8965=AXIS2_PLACEMENT_3D('',#8962,#8963,#8964);
#8966=CYLINDRICAL_SURFACE('',#8965,37.25);
#8967=ORIENTED_EDGE('',*,*,#8838,.T.);
#8968=ORIENTED_EDGE('',*,*,#8868,.T.);
#8969=ORIENTED_EDGE('',*,*,#8683,.T.);
#8970=CARTESIAN_POINT('',(59.292893219,176.999877122,4.352763072));
#8971=DIRECTION('',(1.,0.,-0.));
#8972=DIRECTION('',(0.,0.,1.));
#8973=AXIS2_PLACEMENT_3D('',#8970,#8971,#8972);
#8974=CIRCLE('',#8973,37.25);
#8975=EDGE_CURVE('',#8657,#8831,#8974,.T.);
#8976=ORIENTED_EDGE('',*,*,#8975,.T.);
#8977=EDGE_LOOP('',(#8967,#8968,#8969,#8976));
#8978=FACE_BOUND('',#8977,.T.);
#8979=ADVANCED_FACE('',(#8978),#8966,.F.);
#8980=CARTESIAN_POINT('',(59.292893219,176.999877122,4.352763072));
#8981=DIRECTION('',(1.,0.,-0.));
#8982=DIRECTION('',(0.,0.,1.));
#8983=AXIS2_PLACEMENT_3D('',#8980,#8981,#8982);
#8984=TOROIDAL_SURFACE('',#8983,35.542893219,0.707106781);
#8985=ORIENTED_EDGE('',*,*,#8894,.F.);
#8986=ORIENTED_EDGE('',*,*,#8593,.F.);
#8987=ORIENTED_EDGE('',*,*,#8718,.F.);
#8988=ORIENTED_EDGE('',*,*,#8955,.F.);
#8989=EDGE_LOOP('',(#8985,#8986,#8987,#8988));
#8990=FACE_BOUND('',#8989,.T.);
#8991=ADVANCED_FACE('',(#8990),#8984,.T.);
#8992=CARTESIAN_POINT('',(59.292893219,176.999877122,4.352763072));
#8993=DIRECTION('',(1.,0.,-0.));
#8994=DIRECTION('',(0.,0.,1.));
#8995=AXIS2_PLACEMENT_3D('',#8992,#8993,#8994);
#8996=TOROIDAL_SURFACE('',#8995,37.957106781,0.707106781);
#8997=ORIENTED_EDGE('',*,*,#8912,.F.);
#8998=ORIENTED_EDGE('',*,*,#8975,.F.);
#8999=ORIENTED_EDGE('',*,*,#8675,.F.);
#9000=ORIENTED_EDGE('',*,*,#8479,.F.);
#9001=EDGE_LOOP('',(#8997,#8998,#8999,#9000));
#9002=FACE_BOUND('',#9001,.T.);
#9003=ADVANCED_FACE('',(#9002),#8996,.T.);
#9004=CLOSED_SHELL('',(#8489,#8547,#8570,#8604,#8627,#8649,#8791,#8824,#8857,#8883,#8901,#8919,#8931,#8943,#8961,#8979,#8991,#9003));
#9005=MANIFOLD_SOLID_BREP('Body 120 (8)',#9004);
#8405=STYLED_ITEM('',(#4137),#9005);
#9007=CARTESIAN_POINT('',(179.500915115,-129.000000167,48.000018128));
#9008=DIRECTION('',(0.,1.,0.));
#9009=DIRECTION('',(1.,0.,0.));
#9010=AXIS2_PLACEMENT_3D('',#9007,#9008,#9009);
#9011=PLANE('',#9010);
#9012=CARTESIAN_POINT('',(145.755027041,-129.000000167,43.000018128));
#9013=VERTEX_POINT('',#9012);
#9014=CARTESIAN_POINT('',(117.001463313,-129.000000167,8.84383715));
#9015=VERTEX_POINT('',#9014);
#9016=CARTESIAN_POINT('',(157.000122711,-129.000000167,4.352763072));
#9017=DIRECTION('',(-0.,-1.,-0.));
#9018=DIRECTION('',(0.,-0.,1.));
#9019=AXIS2_PLACEMENT_3D('',#9016,#9017,#9018);
#9020=CIRCLE('',#9019,40.25);
#9021=EDGE_CURVE('',#9013,#9015,#9020,.T.);
#9022=ORIENTED_EDGE('',*,*,#9021,.F.);
#9023=CARTESIAN_POINT('',(168.245218381,-129.000000167,43.000018128));
#9024=VERTEX_POINT('',#9023);
#9025=CARTESIAN_POINT('',(145.755027041,-129.000000167,43.000018128));
#9026=DIRECTION('',(1.,0.,-0.));
#9027=VECTOR('',#9026,22.490191341);
#9028=LINE('',#9025,#9027);
#9029=EDGE_CURVE('',#9013,#9024,#9028,.T.);
#9030=ORIENTED_EDGE('',*,*,#9029,.T.);
#9031=CARTESIAN_POINT('',(197.000000335,-129.000000167,8.832974012));
#9032=VERTEX_POINT('',#9031);
#9033=CARTESIAN_POINT('',(157.000122711,-129.000000167,4.352763072));
#9034=DIRECTION('',(-0.,-1.,-0.));
#9035=DIRECTION('',(0.,-0.,1.));
#9036=AXIS2_PLACEMENT_3D('',#9033,#9034,#9035);
#9037=CIRCLE('',#9036,40.25);
#9038=EDGE_CURVE('',#9032,#9024,#9037,.T.);
#9039=ORIENTED_EDGE('',*,*,#9038,.F.);
#9040=CARTESIAN_POINT('',(197.000000335,-129.000000167,3.000018128));
#9041=VERTEX_POINT('',#9040);
#9042=CARTESIAN_POINT('',(197.000000335,-129.000000167,8.832974012));
#9043=DIRECTION('',(0.,0.,-1.));
#9044=VECTOR('',#9043,5.832955884);
#9045=LINE('',#9042,#9044);
#9046=EDGE_CURVE('',#9032,#9041,#9045,.T.);
#9047=ORIENTED_EDGE('',*,*,#9046,.T.);
#9048=CARTESIAN_POINT('',(194.933116744,-129.000000167,3.000018128));
#9049=VERTEX_POINT('',#9048);
#9050=CARTESIAN_POINT('',(194.933116744,-129.000000167,3.000018128));
#9051=DIRECTION('',(1.,0.,-0.));
#9052=VECTOR('',#9051,2.066883591);
#9053=LINE('',#9050,#9052);
#9054=EDGE_CURVE('',#9049,#9041,#9053,.T.);
#9055=ORIENTED_EDGE('',*,*,#9054,.F.);
#9056=CARTESIAN_POINT('',(157.000122711,-129.000000167,42.309869853));
#9057=VERTEX_POINT('',#9056);
#9058=CARTESIAN_POINT('',(157.000122711,-129.000000167,4.352763072));
#9059=DIRECTION('',(-0.,-1.,-0.));
#9060=DIRECTION('',(0.,-0.,1.));
#9061=AXIS2_PLACEMENT_3D('',#9058,#9059,#9060);
#9062=CIRCLE('',#9061,37.957106781);
#9063=EDGE_CURVE('',#9049,#9057,#9062,.T.);
#9064=ORIENTED_EDGE('',*,*,#9063,.T.);
#9065=CARTESIAN_POINT('',(119.067128678,-129.000000167,3.000018128));
#9066=VERTEX_POINT('',#9065);
#9067=CARTESIAN_POINT('',(157.000122711,-129.000000167,4.352763072));
#9068=DIRECTION('',(-0.,-1.,-0.));
#9069=DIRECTION('',(0.,-0.,1.));
#9070=AXIS2_PLACEMENT_3D('',#9067,#9068,#9069);
#9071=CIRCLE('',#9070,37.957106781);
#9072=EDGE_CURVE('',#9057,#9066,#9071,.T.);
#9073=ORIENTED_EDGE('',*,*,#9072,.T.);
#9074=CARTESIAN_POINT('',(117.001463313,-129.000000167,3.000018128));
#9075=VERTEX_POINT('',#9074);
#9076=CARTESIAN_POINT('',(117.001463313,-129.000000167,3.000018128));
#9077=DIRECTION('',(1.,0.,-0.));
#9078=VECTOR('',#9077,2.065665365);
#9079=LINE('',#9076,#9078);
#9080=EDGE_CURVE('',#9075,#9066,#9079,.T.);
#9081=ORIENTED_EDGE('',*,*,#9080,.F.);
#9082=CARTESIAN_POINT('',(117.001463313,-129.000000167,8.84383715));
#9083=DIRECTION('',(0.,0.,-1.));
#9084=VECTOR('',#9083,5.843819022);
#9085=LINE('',#9082,#9084);
#9086=EDGE_CURVE('',#9015,#9075,#9085,.T.);
#9087=ORIENTED_EDGE('',*,*,#9086,.F.);
#9088=EDGE_LOOP('',(#9022,#9030,#9039,#9047,#9055,#9064,#9073,#9081,#9087));
#9089=FACE_BOUND('',#9088,.T.);
#9090=ADVANCED_FACE('',(#9089),#9011,.T.);
#9091=CARTESIAN_POINT('',(176.999991187,-137.000000167,48.000018128));
#9092=DIRECTION('',(0.,-1.,0.));
#9093=DIRECTION('',(-1.,0.,0.));
#9094=AXIS2_PLACEMENT_3D('',#9091,#9092,#9093);
#9095=PLANE('',#9094);
#9096=CARTESIAN_POINT('',(116.999999665,-137.000000167,8.830782311));
#9097=VERTEX_POINT('',#9096);
#9098=CARTESIAN_POINT('',(145.755027041,-137.000000167,43.000018128));
#9099=VERTEX_POINT('',#9098);
#9100=CARTESIAN_POINT('',(157.000122711,-137.000000167,4.352763072));
#9101=DIRECTION('',(-0.,1.,-0.));
#9102=DIRECTION('',(0.,0.,-1.));
#9103=AXIS2_PLACEMENT_3D('',#9100,#9101,#9102);
#9104=CIRCLE('',#9103,40.25);
#9105=EDGE_CURVE('',#9097,#9099,#9104,.T.);
#9106=ORIENTED_EDGE('',*,*,#9105,.F.);
#9107=CARTESIAN_POINT('',(116.999999665,-137.000000167,3.000018128));
#9108=VERTEX_POINT('',#9107);
#9109=CARTESIAN_POINT('',(116.999999665,-137.000000167,8.830782311));
#9110=DIRECTION('',(0.,0.,-1.));
#9111=VECTOR('',#9110,5.830764183);
#9112=LINE('',#9109,#9111);
#9113=EDGE_CURVE('',#9097,#9108,#9112,.T.);
#9114=ORIENTED_EDGE('',*,*,#9113,.T.);
#9115=CARTESIAN_POINT('',(197.000000335,-137.000000167,3.000018128));
#9116=VERTEX_POINT('',#9115);
#9117=CARTESIAN_POINT('',(197.000000335,-137.000000167,3.000018128));
#9118=DIRECTION('',(-1.,-0.,0.));
#9119=VECTOR('',#9118,80.00000067);
#9120=LINE('',#9117,#9119);
#9121=EDGE_CURVE('',#9116,#9108,#9120,.T.);
#9122=ORIENTED_EDGE('',*,*,#9121,.F.);
#9123=CARTESIAN_POINT('',(197.000000335,-137.000000167,8.832974012));
#9124=VERTEX_POINT('',#9123);
#9125=CARTESIAN_POINT('',(197.000000335,-137.000000167,8.832974012));
#9126=DIRECTION('',(0.,0.,-1.));
#9127=VECTOR('',#9126,5.832955884);
#9128=LINE('',#9125,#9127);
#9129=EDGE_CURVE('',#9124,#9116,#9128,.T.);
#9130=ORIENTED_EDGE('',*,*,#9129,.F.);
#9131=CARTESIAN_POINT('',(168.245218381,-137.000000167,43.000018128));
#9132=VERTEX_POINT('',#9131);
#9133=CARTESIAN_POINT('',(157.000122711,-137.000000167,4.352763072));
#9134=DIRECTION('',(-0.,1.,-0.));
#9135=DIRECTION('',(0.,0.,-1.));
#9136=AXIS2_PLACEMENT_3D('',#9133,#9134,#9135);
#9137=CIRCLE('',#9136,40.25);
#9138=EDGE_CURVE('',#9132,#9124,#9137,.T.);
#9139=ORIENTED_EDGE('',*,*,#9138,.F.);
#9140=CARTESIAN_POINT('',(168.245218381,-137.000000167,43.000018128));
#9141=DIRECTION('',(-1.,0.,0.));
#9142=VECTOR('',#9141,22.490191341);
#9143=LINE('',#9140,#9142);
#9144=EDGE_CURVE('',#9132,#9099,#9143,.T.);
#9145=ORIENTED_EDGE('',*,*,#9144,.T.);
#9146=EDGE_LOOP('',(#9106,#9114,#9122,#9130,#9139,#9145));
#9147=FACE_BOUND('',#9146,.T.);
#9148=ADVANCED_FACE('',(#9147),#9095,.T.);
#9149=CARTESIAN_POINT('',(197.000000335,-132.000000167,48.000018128));
#9150=DIRECTION('',(1.,0.,0.));
#9151=DIRECTION('',(0.,-1.,0.));
#9152=AXIS2_PLACEMENT_3D('',#9149,#9150,#9151);
#9153=PLANE('',#9152);
#9154=CARTESIAN_POINT('',(197.000000335,-137.000000167,8.832974012));
#9155=DIRECTION('',(0.,1.,0.));
#9156=VECTOR('',#9155,8.);
#9157=LINE('',#9154,#9156);
#9158=EDGE_CURVE('',#9124,#9032,#9157,.T.);
#9159=ORIENTED_EDGE('',*,*,#9158,.F.);
#9160=ORIENTED_EDGE('',*,*,#9129,.T.);
#9161=CARTESIAN_POINT('',(197.000000335,-129.000000167,3.000018128));
#9162=DIRECTION('',(0.,-1.,0.));
#9163=VECTOR('',#9162,8.);
#9164=LINE('',#9161,#9163);
#9165=EDGE_CURVE('',#9041,#9116,#9164,.T.);
#9166=ORIENTED_EDGE('',*,*,#9165,.F.);
#9167=ORIENTED_EDGE('',*,*,#9046,.F.);
#9168=EDGE_LOOP('',(#9159,#9160,#9166,#9167));
#9169=FACE_BOUND('',#9168,.T.);
#9170=ADVANCED_FACE('',(#9169),#9153,.T.);
#9171=CARTESIAN_POINT('',(179.500915115,-129.000000167,48.000018128));
#9172=DIRECTION('',(0.,1.,0.));
#9173=DIRECTION('',(1.,0.,0.));
#9174=AXIS2_PLACEMENT_3D('',#9171,#9172,#9173);
#9175=PLANE('',#9174);
#9176=CARTESIAN_POINT('',(121.482981223,-129.000000167,3.000018128));
#9177=VERTEX_POINT('',#9176);
#9178=CARTESIAN_POINT('',(192.517264199,-129.000000167,3.000018128));
#9179=VERTEX_POINT('',#9178);
#9180=CARTESIAN_POINT('',(121.482981223,-129.000000167,3.000018128));
#9181=DIRECTION('',(1.,0.,-0.));
#9182=VECTOR('',#9181,71.034282976);
#9183=LINE('',#9180,#9182);
#9184=EDGE_CURVE('',#9177,#9179,#9183,.T.);
#9185=ORIENTED_EDGE('',*,*,#9184,.F.);
#9186=CARTESIAN_POINT('',(157.000122711,-129.000000167,39.895656291));
#9187=VERTEX_POINT('',#9186);
#9188=CARTESIAN_POINT('',(157.000122711,-129.000000167,4.352763072));
#9189=DIRECTION('',(0.,1.,0.));
#9190=DIRECTION('',(0.,-0.,1.));
#9191=AXIS2_PLACEMENT_3D('',#9188,#9189,#9190);
#9192=CIRCLE('',#9191,35.542893219);
#9193=EDGE_CURVE('',#9177,#9187,#9192,.T.);
#9194=ORIENTED_EDGE('',*,*,#9193,.T.);
#9195=CARTESIAN_POINT('',(157.000122711,-129.000000167,4.352763072));
#9196=DIRECTION('',(0.,1.,0.));
#9197=DIRECTION('',(0.,-0.,1.));
#9198=AXIS2_PLACEMENT_3D('',#9195,#9196,#9197);
#9199=CIRCLE('',#9198,35.542893219);
#9200=EDGE_CURVE('',#9187,#9179,#9199,.T.);
#9201=ORIENTED_EDGE('',*,*,#9200,.T.);
#9202=EDGE_LOOP('',(#9185,#9194,#9201));
#9203=FACE_BOUND('',#9202,.T.);
#9204=ADVANCED_FACE('',(#9203),#9175,.T.);
#9205=CARTESIAN_POINT('',(117.000915784,-131.992681926,48.000018128));
#9206=DIRECTION('',(0.999999983,-0.000182956,0.));
#9207=DIRECTION('',(-0.000182956,-0.999999983,0.));
#9208=AXIS2_PLACEMENT_3D('',#9205,#9206,#9207);
#9209=PLANE('',#9208);
#9210=ORIENTED_EDGE('',*,*,#9113,.F.);
#9211=CARTESIAN_POINT('',(116.999999665,-137.000000167,8.830782312));
#9212=CARTESIAN_POINT('',(117.000487548,-134.333333511,8.835140347));
#9213=CARTESIAN_POINT('',(117.00097543,-131.666666844,8.839491941));
#9214=CARTESIAN_POINT('',(117.001463313,-129.000000167,8.84383715));
#9215=B_SPLINE_CURVE_WITH_KNOTS('',3,(#9211,#9212,#9213,#9214),.UNSPECIFIED.,.F.,.F.,(4,4),(0.0000002,0.008000211),.UNSPECIFIED.);
#9216=EDGE_CURVE('',#9097,#9015,#9215,.T.);
#9217=ORIENTED_EDGE('',*,*,#9216,.T.);
#9218=ORIENTED_EDGE('',*,*,#9086,.T.);
#9219=CARTESIAN_POINT('',(117.001463313,-129.000000167,3.000018128));
#9220=DIRECTION('',(-0.000182956,-0.999999983,0.));
#9221=VECTOR('',#9220,8.000000134);
#9222=LINE('',#9219,#9221);
#9223=EDGE_CURVE('',#9075,#9108,#9222,.T.);
#9224=ORIENTED_EDGE('',*,*,#9223,.T.);
#9225=EDGE_LOOP('',(#9210,#9217,#9218,#9224));
#9226=FACE_BOUND('',#9225,.T.);
#9227=ADVANCED_FACE('',(#9226),#9209,.F.);
#9228=CARTESIAN_POINT('',(-403.000017961,1612.999999833,43.000018128));
#9229=DIRECTION('',(0.,0.,1.));
#9230=DIRECTION('',(0.,-1.,0.));
#9231=AXIS2_PLACEMENT_3D('',#9228,#9229,#9230);
#9232=PLANE('',#9231);
#9233=CARTESIAN_POINT('',(168.245218381,-129.000000167,43.000018128));
#9234=DIRECTION('',(-0.,-1.,-0.));
#9235=VECTOR('',#9234,8.);
#9236=LINE('',#9233,#9235);
#9237=EDGE_CURVE('',#9024,#9132,#9236,.T.);
#9238=ORIENTED_EDGE('',*,*,#9237,.F.);
#9239=ORIENTED_EDGE('',*,*,#9029,.F.);
#9240=CARTESIAN_POINT('',(145.755027041,-137.000000167,43.000018128));
#9241=DIRECTION('',(0.,1.,0.));
#9242=VECTOR('',#9241,8.);
#9243=LINE('',#9240,#9242);
#9244=EDGE_CURVE('',#9099,#9013,#9243,.T.);
#9245=ORIENTED_EDGE('',*,*,#9244,.F.);
#9246=ORIENTED_EDGE('',*,*,#9144,.F.);
#9247=EDGE_LOOP('',(#9238,#9239,#9245,#9246));
#9248=FACE_BOUND('',#9247,.T.);
#9249=ADVANCED_FACE('',(#9248),#9232,.T.);
#9250=CARTESIAN_POINT('',(-403.000017961,1612.999999833,3.000018128));
#9251=DIRECTION('',(0.,0.,1.));
#9252=DIRECTION('',(0.,-1.,0.));
#9253=AXIS2_PLACEMENT_3D('',#9250,#9251,#9252);
#9254=PLANE('',#9253);
#9255=ORIENTED_EDGE('',*,*,#9080,.T.);
#9256=CARTESIAN_POINT('',(119.774693484,-129.707106948,3.000018128));
#9257=VERTEX_POINT('',#9256);
#9258=CARTESIAN_POINT('',(119.067128678,-129.000000167,3.000018128));
#9259=CARTESIAN_POINT('',(119.160534994,-129.000000167,3.000018128));
#9260=CARTESIAN_POINT('',(119.252186644,-129.018356561,3.000018128));
#9261=CARTESIAN_POINT('',(119.337822804,-129.053793527,3.000018128));
#9262=CARTESIAN_POINT('',(119.380640884,-129.071512009,3.000018128));
#9263=CARTESIAN_POINT('',(119.421260002,-129.093198333,3.000018128));
#9264=CARTESIAN_POINT('',(119.45970004,-129.118816619,3.000018128));
#9265=CARTESIAN_POINT('',(119.498140078,-129.144434905,3.000018128));
#9266=CARTESIAN_POINT('',(119.534552222,-129.174263763,3.000018128));
#9267=CARTESIAN_POINT('',(119.567191658,-129.206848151,3.000018128));
#9268=CARTESIAN_POINT('',(119.632470531,-129.272016926,3.000018128));
#9269=CARTESIAN_POINT('',(119.685218689,-129.350827169,3.000018128));
#9270=CARTESIAN_POINT('',(119.720561547,-129.435855611,3.000018128));
#9271=CARTESIAN_POINT('',(119.755904406,-129.520884052,3.000018128));
#9272=CARTESIAN_POINT('',(119.774693484,-129.613698938,3.000018128));
#9273=CARTESIAN_POINT('',(119.774693484,-129.707106948,3.000018128));
#9274=B_SPLINE_CURVE_WITH_KNOTS('',3,(#9258,#9259,#9260,#9261,#9262,#9263,#9264,#9265,#9266,#9267,#9268,#9269,#9270,#9271,#9272,#9273),.UNSPECIFIED.,.F.,.F.,(4,3,3,3,3,4),(0.,0.000276243,0.000414364,0.000552485,0.000828728,0.00110497),.UNSPECIFIED.);
#9275=EDGE_CURVE('',#9066,#9257,#9274,.T.);
#9276=ORIENTED_EDGE('',*,*,#9275,.T.);
#9277=CARTESIAN_POINT('',(119.774693484,-131.000018128,3.000018128));
#9278=VERTEX_POINT('',#9277);
#9279=CARTESIAN_POINT('',(119.774693484,-131.000018128,3.000018128));
#9280=DIRECTION('',(0.,1.,0.));
#9281=VECTOR('',#9280,1.29291118);
#9282=LINE('',#9279,#9281);
#9283=EDGE_CURVE('',#9278,#9257,#9282,.T.);
#9284=ORIENTED_EDGE('',*,*,#9283,.F.);
#9285=CARTESIAN_POINT('',(120.775371765,-131.000018128,3.000018128));
#9286=VERTEX_POINT('',#9285);
#9287=CARTESIAN_POINT('',(119.774693484,-131.000018128,3.000018128));
#9288=DIRECTION('',(1.,0.,-0.));
#9289=VECTOR('',#9288,1.000678281);
#9290=LINE('',#9287,#9289);
#9291=EDGE_CURVE('',#9278,#9286,#9290,.T.);
#9292=ORIENTED_EDGE('',*,*,#9291,.T.);
#9293=CARTESIAN_POINT('',(120.775371765,-129.707106948,3.000018128));
#9294=VERTEX_POINT('',#9293);
#9295=CARTESIAN_POINT('',(120.775371765,-131.000018128,3.000018128));
#9296=DIRECTION('',(0.,1.,0.));
#9297=VECTOR('',#9296,1.29291118);
#9298=LINE('',#9295,#9297);
#9299=EDGE_CURVE('',#9286,#9294,#9298,.T.);
#9300=ORIENTED_EDGE('',*,*,#9299,.T.);
#9301=CARTESIAN_POINT('',(120.775371765,-129.707106948,3.000018128));
#9302=CARTESIAN_POINT('',(120.775371765,-129.613696845,3.000018128));
#9303=CARTESIAN_POINT('',(120.793770612,-129.522037359,3.000018128));
#9304=CARTESIAN_POINT('',(120.829267593,-129.436429401,3.000018128));
#9305=CARTESIAN_POINT('',(120.847016084,-129.393625423,3.000018128));
#9306=CARTESIAN_POINT('',(120.868737415,-129.353023117,3.000018128));
#9307=CARTESIAN_POINT('',(120.894395038,-129.314602232,3.000018128));
#9308=CARTESIAN_POINT('',(120.920052661,-129.276181346,3.000018128));
#9309=CARTESIAN_POINT('',(120.949918027,-129.239801196,3.000018128));
#9310=CARTESIAN_POINT('',(120.982534947,-129.207195687,3.000018128));
#9311=CARTESIAN_POINT('',(121.047768787,-129.141984667,3.000018128));
#9312=CARTESIAN_POINT('',(121.126636111,-129.089312754,3.000018128));
#9313=CARTESIAN_POINT('',(121.2116936,-129.054030516,3.000018128));
#9314=CARTESIAN_POINT('',(121.296751089,-129.018748279,3.000018128));
#9315=CARTESIAN_POINT('',(121.389572992,-129.000000167,3.000018128));
#9316=CARTESIAN_POINT('',(121.482981223,-129.000000167,3.000018128));
#9317=B_SPLINE_CURVE_WITH_KNOTS('',3,(#9301,#9302,#9303,#9304,#9305,#9306,#9307,#9308,#9309,#9310,#9311,#9312,#9313,#9314,#9315,#9316),.UNSPECIFIED.,.F.,.F.,(4,3,3,3,3,4),(0.,0.000276252,0.000414378,0.000552504,0.000828755,0.001105007),.UNSPECIFIED.);
#9318=EDGE_CURVE('',#9294,#9177,#9317,.T.);
#9319=ORIENTED_EDGE('',*,*,#9318,.T.);
#9320=ORIENTED_EDGE('',*,*,#9184,.T.);
#9321=CARTESIAN_POINT('',(193.224873657,-129.707106948,3.000018128));
#9322=VERTEX_POINT('',#9321);
#9323=CARTESIAN_POINT('',(192.517264199,-129.000000167,3.000018128));
#9324=CARTESIAN_POINT('',(192.610673569,-129.000000167,3.000018128));
#9325=CARTESIAN_POINT('',(192.70232821,-129.018354294,3.000018128));
#9326=CARTESIAN_POINT('',(192.787968974,-129.053789053,3.000018128));
#9327=CARTESIAN_POINT('',(192.830789355,-129.071506432,3.000018128));
#9328=CARTESIAN_POINT('',(192.871410796,-129.093191604,3.000018128));
#9329=CARTESIAN_POINT('',(192.909853137,-129.118808772,3.000018128));
#9330=CARTESIAN_POINT('',(192.948295478,-129.14442594,3.000018128));
#9331=CARTESIAN_POINT('',(192.984710467,-129.174254115,3.000018128));
#9332=CARTESIAN_POINT('',(193.017352599,-129.206838191,3.000018128));
#9333=CARTESIAN_POINT('',(193.082636862,-129.272006343,3.000018128));
#9334=CARTESIAN_POINT('',(193.135389855,-129.350817056,3.000018128));
#9335=CARTESIAN_POINT('',(193.170736217,-129.435847441,3.000018128));
#9336=CARTESIAN_POINT('',(193.206082578,-129.520877826,3.000018128));
#9337=CARTESIAN_POINT('',(193.224873657,-129.61369569,3.000018128));
#9338=CARTESIAN_POINT('',(193.224873657,-129.707106948,3.000018128));
#9339=B_SPLINE_CURVE_WITH_KNOTS('',3,(#9323,#9324,#9325,#9326,#9327,#9328,#9329,#9330,#9331,#9332,#9333,#9334,#9335,#9336,#9337,#9338),.UNSPECIFIED.,.F.,.F.,(4,3,3,3,3,4),(0.,0.000276252,0.000414378,0.000552504,0.000828756,0.001105008),.UNSPECIFIED.);
#9340=EDGE_CURVE('',#9179,#9322,#9339,.T.);
#9341=ORIENTED_EDGE('',*,*,#9340,.T.);
#9342=CARTESIAN_POINT('',(193.224873657,-131.000018128,3.000018128));
#9343=VERTEX_POINT('',#9342);
#9344=CARTESIAN_POINT('',(193.224873657,-129.707106948,3.000018128));
#9345=DIRECTION('',(-0.,-1.,-0.));
#9346=VECTOR('',#9345,1.29291118);
#9347=LINE('',#9344,#9346);
#9348=EDGE_CURVE('',#9322,#9343,#9347,.T.);
#9349=ORIENTED_EDGE('',*,*,#9348,.T.);
#9350=CARTESIAN_POINT('',(194.225551938,-131.000018128,3.000018128));
#9351=VERTEX_POINT('',#9350);
#9352=CARTESIAN_POINT('',(193.224873657,-131.000018128,3.000018128));
#9353=DIRECTION('',(1.,0.,-0.));
#9354=VECTOR('',#9353,1.000678281);
#9355=LINE('',#9352,#9354);
#9356=EDGE_CURVE('',#9343,#9351,#9355,.T.);
#9357=ORIENTED_EDGE('',*,*,#9356,.T.);
#9358=CARTESIAN_POINT('',(194.225551938,-129.707106948,3.000018128));
#9359=VERTEX_POINT('',#9358);
#9360=CARTESIAN_POINT('',(194.225551938,-129.707106948,3.000018128));
#9361=DIRECTION('',(-0.,-1.,-0.));
#9362=VECTOR('',#9361,1.29291118);
#9363=LINE('',#9360,#9362);
#9364=EDGE_CURVE('',#9359,#9351,#9363,.T.);
#9365=ORIENTED_EDGE('',*,*,#9364,.F.);
#9366=CARTESIAN_POINT('',(194.225551938,-129.707106948,3.000018128));
#9367=CARTESIAN_POINT('',(194.225551938,-129.61369999,3.000018128));
#9368=CARTESIAN_POINT('',(194.243948711,-129.522043819,3.000018128));
#9369=CARTESIAN_POINT('',(194.279442296,-129.436437537,3.000018128));
#9370=CARTESIAN_POINT('',(194.297189088,-129.393634396,3.000018128));
#9371=CARTESIAN_POINT('',(194.31890837,-129.353032736,3.000018128));
#9372=CARTESIAN_POINT('',(194.344563575,-129.314612291,3.000018128));
#9373=CARTESIAN_POINT('',(194.37021878,-129.276191847,3.000018128));
#9374=CARTESIAN_POINT('',(194.40008162,-129.239811527,3.000018128));
#9375=CARTESIAN_POINT('',(194.432696027,-129.20720554,3.000018128));
#9376=CARTESIAN_POINT('',(194.497924843,-129.141993566,3.000018128));
#9377=CARTESIAN_POINT('',(194.576786767,-129.089319474,3.000018128));
#9378=CARTESIAN_POINT('',(194.661839885,-129.054034971,3.000018128));
#9379=CARTESIAN_POINT('',(194.746893003,-129.018750467,3.000018128));
#9380=CARTESIAN_POINT('',(194.839711488,-129.000000167,3.000018128));
#9381=CARTESIAN_POINT('',(194.933116744,-129.000000167,3.000018128));
#9382=B_SPLINE_CURVE_WITH_KNOTS('',3,(#9366,#9367,#9368,#9369,#9370,#9371,#9372,#9373,#9374,#9375,#9376,#9377,#9378,#9379,#9380,#9381),.UNSPECIFIED.,.F.,.F.,(4,3,3,3,3,4),(0.,0.000276242,0.000414364,0.000552485,0.000828727,0.00110497),.UNSPECIFIED.);
#9383=EDGE_CURVE('',#9359,#9049,#9382,.T.);
#9384=ORIENTED_EDGE('',*,*,#9383,.T.);
#9385=ORIENTED_EDGE('',*,*,#9054,.T.);
#9386=ORIENTED_EDGE('',*,*,#9165,.T.);
#9387=ORIENTED_EDGE('',*,*,#9121,.T.);
#9388=ORIENTED_EDGE('',*,*,#9223,.F.);
#9389=EDGE_LOOP('',(#9255,#9276,#9284,#9292,#9300,#9319,#9320,#9341,#9349,#9357,#9365,#9384,#9385,#9386,#9387,#9388));
#9390=FACE_BOUND('',#9389,.T.);
#9391=ADVANCED_FACE('',(#9390),#9254,.F.);
#9392=CARTESIAN_POINT('',(157.000122711,-131.000018128,4.352763072));
#9393=DIRECTION('',(0.,1.,0.));
#9394=DIRECTION('',(0.,-0.,1.));
#9395=AXIS2_PLACEMENT_3D('',#9392,#9393,#9394);
#9396=CYLINDRICAL_SURFACE('',#9395,36.25);
#9397=CARTESIAN_POINT('',(157.000122711,-129.707106948,40.602763072));
#9398=VERTEX_POINT('',#9397);
#9399=CARTESIAN_POINT('',(157.000122711,-131.000018128,40.602763072));
#9400=VERTEX_POINT('',#9399);
#9401=CARTESIAN_POINT('',(157.000122711,-129.707106948,40.602763072));
#9402=DIRECTION('',(-0.,-1.,-0.));
#9403=VECTOR('',#9402,1.29291118);
#9404=LINE('',#9401,#9403);
#9405=EDGE_CURVE('',#9398,#9400,#9404,.T.);
#9406=ORIENTED_EDGE('',*,*,#9405,.T.);
#9407=CARTESIAN_POINT('',(157.000122711,-131.000018128,4.352763072));
#9408=DIRECTION('',(0.,-1.,0.));
#9409=DIRECTION('',(0.,0.,-1.));
#9410=AXIS2_PLACEMENT_3D('',#9407,#9408,#9409);
#9411=CIRCLE('',#9410,36.25);
#9412=EDGE_CURVE('',#9343,#9400,#9411,.T.);
#9413=ORIENTED_EDGE('',*,*,#9412,.F.);
#9414=ORIENTED_EDGE('',*,*,#9348,.F.);
#9415=CARTESIAN_POINT('',(157.000122711,-129.707106948,4.352763072));
#9416=DIRECTION('',(-0.,-1.,-0.));
#9417=DIRECTION('',(0.,-0.,1.));
#9418=AXIS2_PLACEMENT_3D('',#9415,#9416,#9417);
#9419=CIRCLE('',#9418,36.25);
#9420=EDGE_CURVE('',#9322,#9398,#9419,.T.);
#9421=ORIENTED_EDGE('',*,*,#9420,.T.);
#9422=EDGE_LOOP('',(#9406,#9413,#9414,#9421));
#9423=FACE_BOUND('',#9422,.T.);
#9424=ADVANCED_FACE('',(#9423),#9396,.T.);
#9425=CARTESIAN_POINT('',(157.000122711,-131.000018128,4.352763072));
#9426=DIRECTION('',(0.,1.,0.));
#9427=DIRECTION('',(0.,-0.,1.));
#9428=AXIS2_PLACEMENT_3D('',#9425,#9426,#9427);
#9429=CYLINDRICAL_SURFACE('',#9428,37.25);
#9430=CARTESIAN_POINT('',(157.000122711,-129.707106948,41.602763072));
#9431=VERTEX_POINT('',#9430);
#9432=CARTESIAN_POINT('',(157.000122711,-131.000018128,41.602763072));
#9433=VERTEX_POINT('',#9432);
#9434=CARTESIAN_POINT('',(157.000122711,-129.707106948,41.602763072));
#9435=DIRECTION('',(-0.,-1.,-0.));
#9436=VECTOR('',#9435,1.29291118);
#9437=LINE('',#9434,#9436);
#9438=EDGE_CURVE('',#9431,#9433,#9437,.T.);
#9439=ORIENTED_EDGE('',*,*,#9438,.F.);
#9440=CARTESIAN_POINT('',(157.000122711,-129.707106948,4.352763072));
#9441=DIRECTION('',(0.,1.,0.));
#9442=DIRECTION('',(0.,-0.,1.));
#9443=AXIS2_PLACEMENT_3D('',#9440,#9441,#9442);
#9444=CIRCLE('',#9443,37.25);
#9445=EDGE_CURVE('',#9431,#9359,#9444,.T.);
#9446=ORIENTED_EDGE('',*,*,#9445,.T.);
#9447=ORIENTED_EDGE('',*,*,#9364,.T.);
#9448=CARTESIAN_POINT('',(157.000122711,-131.000018128,4.352763072));
#9449=DIRECTION('',(0.,-1.,0.));
#9450=DIRECTION('',(0.,0.,-1.));
#9451=AXIS2_PLACEMENT_3D('',#9448,#9449,#9450);
#9452=CIRCLE('',#9451,37.25);
#9453=EDGE_CURVE('',#9351,#9433,#9452,.T.);
#9454=ORIENTED_EDGE('',*,*,#9453,.T.);
#9455=EDGE_LOOP('',(#9439,#9446,#9447,#9454));
#9456=FACE_BOUND('',#9455,.T.);
#9457=ADVANCED_FACE('',(#9456),#9429,.F.);
#9458=CARTESIAN_POINT('',(-1950.,-131.000018128,63.000018128));
#9459=DIRECTION('',(0.,-1.,0.));
#9460=DIRECTION('',(-1.,0.,0.));
#9461=AXIS2_PLACEMENT_3D('',#9458,#9459,#9460);
#9462=PLANE('',#9461);
#9463=CARTESIAN_POINT('',(157.000122711,-131.000018128,4.352763072));
#9464=DIRECTION('',(0.,-1.,0.));
#9465=DIRECTION('',(0.,0.,-1.));
#9466=AXIS2_PLACEMENT_3D('',#9463,#9464,#9465);
#9467=CIRCLE('',#9466,37.25);
#9468=EDGE_CURVE('',#9433,#9278,#9467,.T.);
#9469=ORIENTED_EDGE('',*,*,#9468,.F.);
#9470=ORIENTED_EDGE('',*,*,#9453,.F.);
#9471=ORIENTED_EDGE('',*,*,#9356,.F.);
#9472=ORIENTED_EDGE('',*,*,#9412,.T.);
#9473=CARTESIAN_POINT('',(157.000122711,-131.000018128,4.352763072));
#9474=DIRECTION('',(0.,-1.,0.));
#9475=DIRECTION('',(0.,0.,-1.));
#9476=AXIS2_PLACEMENT_3D('',#9473,#9474,#9475);
#9477=CIRCLE('',#9476,36.25);
#9478=EDGE_CURVE('',#9400,#9286,#9477,.T.);
#9479=ORIENTED_EDGE('',*,*,#9478,.T.);
#9480=ORIENTED_EDGE('',*,*,#9291,.F.);
#9481=EDGE_LOOP('',(#9469,#9470,#9471,#9472,#9479,#9480));
#9482=FACE_BOUND('',#9481,.T.);
#9483=ADVANCED_FACE('',(#9482),#9462,.F.);
#9484=CARTESIAN_POINT('',(157.000122711,-129.707106948,4.352763072));
#9485=DIRECTION('',(0.,1.,0.));
#9486=DIRECTION('',(0.,-0.,1.));
#9487=AXIS2_PLACEMENT_3D('',#9484,#9485,#9486);
#9488=TOROIDAL_SURFACE('',#9487,35.542893219,0.707106781);
#9489=CARTESIAN_POINT('',(157.000122711,-129.707106948,39.895656291));
#9490=DIRECTION('',(1.,-0.,-0.));
#9491=DIRECTION('',(0.,0.,1.));
#9492=AXIS2_PLACEMENT_3D('',#9489,#9490,#9491);
#9493=CIRCLE('',#9492,0.707106781);
#9494=EDGE_CURVE('',#9187,#9398,#9493,.T.);
#9495=ORIENTED_EDGE('',*,*,#9494,.T.);
#9496=ORIENTED_EDGE('',*,*,#9420,.F.);
#9497=ORIENTED_EDGE('',*,*,#9340,.F.);
#9498=ORIENTED_EDGE('',*,*,#9200,.F.);
#9499=EDGE_LOOP('',(#9495,#9496,#9497,#9498));
#9500=FACE_BOUND('',#9499,.T.);
#9501=ADVANCED_FACE('',(#9500),#9488,.T.);
#9502=CARTESIAN_POINT('',(157.000122711,-129.707106948,4.352763072));
#9503=DIRECTION('',(0.,1.,0.));
#9504=DIRECTION('',(0.,-0.,1.));
#9505=AXIS2_PLACEMENT_3D('',#9502,#9503,#9504);
#9506=TOROIDAL_SURFACE('',#9505,37.957106781,0.707106781);
#9507=CARTESIAN_POINT('',(157.000122711,-129.707106948,42.309869853));
#9508=DIRECTION('',(1.,-0.,-0.));
#9509=DIRECTION('',(0.,0.,1.));
#9510=AXIS2_PLACEMENT_3D('',#9507,#9508,#9509);
#9511=CIRCLE('',#9510,0.707106781);
#9512=EDGE_CURVE('',#9431,#9057,#9511,.T.);
#9513=ORIENTED_EDGE('',*,*,#9512,.T.);
#9514=ORIENTED_EDGE('',*,*,#9063,.F.);
#9515=ORIENTED_EDGE('',*,*,#9383,.F.);
#9516=ORIENTED_EDGE('',*,*,#9445,.F.);
#9517=EDGE_LOOP('',(#9513,#9514,#9515,#9516));
#9518=FACE_BOUND('',#9517,.T.);
#9519=ADVANCED_FACE('',(#9518),#9506,.T.);
#9520=CARTESIAN_POINT('',(157.000122711,-253.000018128,4.352763072));
#9521=DIRECTION('',(0.,1.,0.));
#9522=DIRECTION('',(0.,-0.,1.));
#9523=AXIS2_PLACEMENT_3D('',#9520,#9521,#9522);
#9524=CYLINDRICAL_SURFACE('',#9523,40.25);
#9525=ORIENTED_EDGE('',*,*,#9105,.T.);
#9526=ORIENTED_EDGE('',*,*,#9244,.T.);
#9527=ORIENTED_EDGE('',*,*,#9021,.T.);
#9528=ORIENTED_EDGE('',*,*,#9216,.F.);
#9529=EDGE_LOOP('',(#9525,#9526,#9527,#9528));
#9530=FACE_BOUND('',#9529,.T.);
#9531=ADVANCED_FACE('',(#9530),#9524,.T.);
#9532=CARTESIAN_POINT('',(157.000122711,-253.000018128,4.352763072));
#9533=DIRECTION('',(0.,1.,0.));
#9534=DIRECTION('',(0.,-0.,1.));
#9535=AXIS2_PLACEMENT_3D('',#9532,#9533,#9534);
#9536=CYLINDRICAL_SURFACE('',#9535,40.25);
#9537=ORIENTED_EDGE('',*,*,#9158,.T.);
#9538=ORIENTED_EDGE('',*,*,#9038,.T.);
#9539=ORIENTED_EDGE('',*,*,#9237,.T.);
#9540=ORIENTED_EDGE('',*,*,#9138,.T.);
#9541=EDGE_LOOP('',(#9537,#9538,#9539,#9540));
#9542=FACE_BOUND('',#9541,.T.);
#9543=ADVANCED_FACE('',(#9542),#9536,.T.);
#9544=CARTESIAN_POINT('',(157.000122711,-131.000018128,4.352763072));
#9545=DIRECTION('',(0.,1.,0.));
#9546=DIRECTION('',(0.,-0.,1.));
#9547=AXIS2_PLACEMENT_3D('',#9544,#9545,#9546);
#9548=CYLINDRICAL_SURFACE('',#9547,36.25);
#9549=ORIENTED_EDGE('',*,*,#9405,.F.);
#9550=CARTESIAN_POINT('',(157.000122711,-129.707106948,4.352763072));
#9551=DIRECTION('',(-0.,-1.,-0.));
#9552=DIRECTION('',(0.,-0.,1.));
#9553=AXIS2_PLACEMENT_3D('',#9550,#9551,#9552);
#9554=CIRCLE('',#9553,36.25);
#9555=EDGE_CURVE('',#9398,#9294,#9554,.T.);
#9556=ORIENTED_EDGE('',*,*,#9555,.T.);
#9557=ORIENTED_EDGE('',*,*,#9299,.F.);
#9558=ORIENTED_EDGE('',*,*,#9478,.F.);
#9559=EDGE_LOOP('',(#9549,#9556,#9557,#9558));
#9560=FACE_BOUND('',#9559,.T.);
#9561=ADVANCED_FACE('',(#9560),#9548,.T.);
#9562=CARTESIAN_POINT('',(157.000122711,-131.000018128,4.352763072));
#9563=DIRECTION('',(0.,1.,0.));
#9564=DIRECTION('',(0.,-0.,1.));
#9565=AXIS2_PLACEMENT_3D('',#9562,#9563,#9564);
#9566=CYLINDRICAL_SURFACE('',#9565,37.25);
#9567=ORIENTED_EDGE('',*,*,#9438,.T.);
#9568=ORIENTED_EDGE('',*,*,#9468,.T.);
#9569=ORIENTED_EDGE('',*,*,#9283,.T.);
#9570=CARTESIAN_POINT('',(157.000122711,-129.707106948,4.352763072));
#9571=DIRECTION('',(0.,1.,0.));
#9572=DIRECTION('',(0.,-0.,1.));
#9573=AXIS2_PLACEMENT_3D('',#9570,#9571,#9572);
#9574=CIRCLE('',#9573,37.25);
#9575=EDGE_CURVE('',#9257,#9431,#9574,.T.);
#9576=ORIENTED_EDGE('',*,*,#9575,.T.);
#9577=EDGE_LOOP('',(#9567,#9568,#9569,#9576));
#9578=FACE_BOUND('',#9577,.T.);
#9579=ADVANCED_FACE('',(#9578),#9566,.F.);
#9580=CARTESIAN_POINT('',(157.000122711,-129.707106948,4.352763072));
#9581=DIRECTION('',(0.,1.,0.));
#9582=DIRECTION('',(0.,-0.,1.));
#9583=AXIS2_PLACEMENT_3D('',#9580,#9581,#9582);
#9584=TOROIDAL_SURFACE('',#9583,35.542893219,0.707106781);
#9585=ORIENTED_EDGE('',*,*,#9494,.F.);
#9586=ORIENTED_EDGE('',*,*,#9193,.F.);
#9587=ORIENTED_EDGE('',*,*,#9318,.F.);
#9588=ORIENTED_EDGE('',*,*,#9555,.F.);
#9589=EDGE_LOOP('',(#9585,#9586,#9587,#9588));
#9590=FACE_BOUND('',#9589,.T.);
#9591=ADVANCED_FACE('',(#9590),#9584,.T.);
#9592=CARTESIAN_POINT('',(157.000122711,-129.707106948,4.352763072));
#9593=DIRECTION('',(0.,1.,0.));
#9594=DIRECTION('',(0.,-0.,1.));
#9595=AXIS2_PLACEMENT_3D('',#9592,#9593,#9594);
#9596=TOROIDAL_SURFACE('',#9595,37.957106781,0.707106781);
#9597=ORIENTED_EDGE('',*,*,#9512,.F.);
#9598=ORIENTED_EDGE('',*,*,#9575,.F.);
#9599=ORIENTED_EDGE('',*,*,#9275,.F.);
#9600=ORIENTED_EDGE('',*,*,#9072,.F.);
#9601=EDGE_LOOP('',(#9597,#9598,#9599,#9600));
#9602=FACE_BOUND('',#9601,.T.);
#9603=ADVANCED_FACE('',(#9602),#9596,.T.);
#9604=CLOSED_SHELL('',(#9090,#9148,#9170,#9204,#9227,#9249,#9391,#9424,#9457,#9483,#9501,#9519,#9531,#9543,#9561,#9579,#9591,#9603));
#9605=MANIFOLD_SOLID_BREP('Body 120 (6)',#9604);
#9006=STYLED_ITEM('',(#4137),#9605);
#9607=CARTESIAN_POINT('',(176.999991187,30.999999833,48.000018128));
#9608=DIRECTION('',(0.,-1.,0.));
#9609=DIRECTION('',(-1.,0.,0.));
#9610=AXIS2_PLACEMENT_3D('',#9607,#9608,#9609);
#9611=PLANE('',#9610);
#9612=CARTESIAN_POINT('',(116.999999665,30.999999833,8.830782311));
#9613=VERTEX_POINT('',#9612);
#9614=CARTESIAN_POINT('',(145.755027041,30.999999833,43.000018128));
#9615=VERTEX_POINT('',#9614);
#9616=CARTESIAN_POINT('',(157.000122711,30.999999833,4.352763072));
#9617=DIRECTION('',(-0.,1.,-0.));
#9618=DIRECTION('',(0.,0.,-1.));
#9619=AXIS2_PLACEMENT_3D('',#9616,#9617,#9618);
#9620=CIRCLE('',#9619,40.25);
#9621=EDGE_CURVE('',#9613,#9615,#9620,.T.);
#9622=ORIENTED_EDGE('',*,*,#9621,.F.);
#9623=CARTESIAN_POINT('',(116.999999665,30.999999833,3.000018128));
#9624=VERTEX_POINT('',#9623);
#9625=CARTESIAN_POINT('',(116.999999665,30.999999833,8.830782311));
#9626=DIRECTION('',(0.,0.,-1.));
#9627=VECTOR('',#9626,5.830764183);
#9628=LINE('',#9625,#9627);
#9629=EDGE_CURVE('',#9613,#9624,#9628,.T.);
#9630=ORIENTED_EDGE('',*,*,#9629,.T.);
#9631=CARTESIAN_POINT('',(119.067128678,30.999999833,3.000018128));
#9632=VERTEX_POINT('',#9631);
#9633=CARTESIAN_POINT('',(119.067128678,30.999999833,3.000018128));
#9634=DIRECTION('',(-1.,-0.,0.));
#9635=VECTOR('',#9634,2.067129013);
#9636=LINE('',#9633,#9635);
#9637=EDGE_CURVE('',#9632,#9624,#9636,.T.);
#9638=ORIENTED_EDGE('',*,*,#9637,.F.);
#9639=CARTESIAN_POINT('',(194.933116744,30.999999833,3.000018128));
#9640=VERTEX_POINT('',#9639);
#9641=CARTESIAN_POINT('',(157.000122711,30.999999833,4.352763072));
#9642=DIRECTION('',(-0.,1.,-0.));
#9643=DIRECTION('',(0.,0.,-1.));
#9644=AXIS2_PLACEMENT_3D('',#9641,#9642,#9643);
#9645=CIRCLE('',#9644,37.957106781);
#9646=EDGE_CURVE('',#9632,#9640,#9645,.T.);
#9647=ORIENTED_EDGE('',*,*,#9646,.T.);
#9648=CARTESIAN_POINT('',(197.000000335,30.999999833,3.000018128));
#9649=VERTEX_POINT('',#9648);
#9650=CARTESIAN_POINT('',(197.000000335,30.999999833,3.000018128));
#9651=DIRECTION('',(-1.,-0.,0.));
#9652=VECTOR('',#9651,2.066883591);
#9653=LINE('',#9650,#9652);
#9654=EDGE_CURVE('',#9649,#9640,#9653,.T.);
#9655=ORIENTED_EDGE('',*,*,#9654,.F.);
#9656=CARTESIAN_POINT('',(197.000000335,30.999999833,8.832974012));
#9657=VERTEX_POINT('',#9656);
#9658=CARTESIAN_POINT('',(197.000000335,30.999999833,8.832974012));
#9659=DIRECTION('',(0.,0.,-1.));
#9660=VECTOR('',#9659,5.832955884);
#9661=LINE('',#9658,#9660);
#9662=EDGE_CURVE('',#9657,#9649,#9661,.T.);
#9663=ORIENTED_EDGE('',*,*,#9662,.F.);
#9664=CARTESIAN_POINT('',(168.245218381,30.999999833,43.000018128));
#9665=VERTEX_POINT('',#9664);
#9666=CARTESIAN_POINT('',(157.000122711,30.999999833,4.352763072));
#9667=DIRECTION('',(-0.,1.,-0.));
#9668=DIRECTION('',(0.,0.,-1.));
#9669=AXIS2_PLACEMENT_3D('',#9666,#9667,#9668);
#9670=CIRCLE('',#9669,40.25);
#9671=EDGE_CURVE('',#9665,#9657,#9670,.T.);
#9672=ORIENTED_EDGE('',*,*,#9671,.F.);
#9673=CARTESIAN_POINT('',(168.245218381,30.999999833,43.000018128));
#9674=DIRECTION('',(-1.,0.,0.));
#9675=VECTOR('',#9674,22.490191341);
#9676=LINE('',#9673,#9675);
#9677=EDGE_CURVE('',#9665,#9615,#9676,.T.);
#9678=ORIENTED_EDGE('',*,*,#9677,.T.);
#9679=EDGE_LOOP('',(#9622,#9630,#9638,#9647,#9655,#9663,#9672,#9678));
#9680=FACE_BOUND('',#9679,.T.);
#9681=ADVANCED_FACE('',(#9680),#9611,.T.);
#9682=CARTESIAN_POINT('',(179.500915115,38.999999833,48.000018128));
#9683=DIRECTION('',(0.,1.,0.));
#9684=DIRECTION('',(1.,0.,0.));
#9685=AXIS2_PLACEMENT_3D('',#9682,#9683,#9684);
#9686=PLANE('',#9685);
#9687=CARTESIAN_POINT('',(145.755027041,38.999999833,43.000018128));
#9688=VERTEX_POINT('',#9687);
#9689=CARTESIAN_POINT('',(117.001463313,38.999999833,8.84383715));
#9690=VERTEX_POINT('',#9689);
#9691=CARTESIAN_POINT('',(157.000122711,38.999999833,4.352763072));
#9692=DIRECTION('',(-0.,-1.,-0.));
#9693=DIRECTION('',(0.,-0.,1.));
#9694=AXIS2_PLACEMENT_3D('',#9691,#9692,#9693);
#9695=CIRCLE('',#9694,40.25);
#9696=EDGE_CURVE('',#9688,#9690,#9695,.T.);
#9697=ORIENTED_EDGE('',*,*,#9696,.F.);
#9698=CARTESIAN_POINT('',(168.245218381,38.999999833,43.000018128));
#9699=VERTEX_POINT('',#9698);
#9700=CARTESIAN_POINT('',(145.755027041,38.999999833,43.000018128));
#9701=DIRECTION('',(1.,0.,-0.));
#9702=VECTOR('',#9701,22.490191341);
#9703=LINE('',#9700,#9702);
#9704=EDGE_CURVE('',#9688,#9699,#9703,.T.);
#9705=ORIENTED_EDGE('',*,*,#9704,.T.);
#9706=CARTESIAN_POINT('',(197.000000335,38.999999833,8.832974012));
#9707=VERTEX_POINT('',#9706);
#9708=CARTESIAN_POINT('',(157.000122711,38.999999833,4.352763072));
#9709=DIRECTION('',(-0.,-1.,-0.));
#9710=DIRECTION('',(0.,-0.,1.));
#9711=AXIS2_PLACEMENT_3D('',#9708,#9709,#9710);
#9712=CIRCLE('',#9711,40.25);
#9713=EDGE_CURVE('',#9707,#9699,#9712,.T.);
#9714=ORIENTED_EDGE('',*,*,#9713,.F.);
#9715=CARTESIAN_POINT('',(197.000000335,38.999999833,3.000018128));
#9716=VERTEX_POINT('',#9715);
#9717=CARTESIAN_POINT('',(197.000000335,38.999999833,8.832974012));
#9718=DIRECTION('',(0.,0.,-1.));
#9719=VECTOR('',#9718,5.832955884);
#9720=LINE('',#9717,#9719);
#9721=EDGE_CURVE('',#9707,#9716,#9720,.T.);
#9722=ORIENTED_EDGE('',*,*,#9721,.T.);
#9723=CARTESIAN_POINT('',(117.001463313,38.999999833,3.000018128));
#9724=VERTEX_POINT('',#9723);
#9725=CARTESIAN_POINT('',(117.001463313,38.999999833,3.000018128));
#9726=DIRECTION('',(1.,0.,-0.));
#9727=VECTOR('',#9726,79.998537022);
#9728=LINE('',#9725,#9727);
#9729=EDGE_CURVE('',#9724,#9716,#9728,.T.);
#9730=ORIENTED_EDGE('',*,*,#9729,.F.);
#9731=CARTESIAN_POINT('',(117.001463313,38.999999833,8.84383715));
#9732=DIRECTION('',(0.,0.,-1.));
#9733=VECTOR('',#9732,5.843819022);
#9734=LINE('',#9731,#9733);
#9735=EDGE_CURVE('',#9690,#9724,#9734,.T.);
#9736=ORIENTED_EDGE('',*,*,#9735,.F.);
#9737=EDGE_LOOP('',(#9697,#9705,#9714,#9722,#9730,#9736));
#9738=FACE_BOUND('',#9737,.T.);
#9739=ADVANCED_FACE('',(#9738),#9686,.T.);
#9740=CARTESIAN_POINT('',(176.999991187,30.999999833,48.000018128));
#9741=DIRECTION('',(0.,-1.,0.));
#9742=DIRECTION('',(-1.,0.,0.));
#9743=AXIS2_PLACEMENT_3D('',#9740,#9741,#9742);
#9744=PLANE('',#9743);
#9745=CARTESIAN_POINT('',(192.517264199,30.999999833,3.000018128));
#9746=VERTEX_POINT('',#9745);
#9747=CARTESIAN_POINT('',(121.482981223,30.999999833,3.000018128));
#9748=VERTEX_POINT('',#9747);
#9749=CARTESIAN_POINT('',(192.517264199,30.999999833,3.000018128));
#9750=DIRECTION('',(-1.,-0.,0.));
#9751=VECTOR('',#9750,71.034282976);
#9752=LINE('',#9749,#9751);
#9753=EDGE_CURVE('',#9746,#9748,#9752,.T.);
#9754=ORIENTED_EDGE('',*,*,#9753,.F.);
#9755=CARTESIAN_POINT('',(157.000122711,30.999999833,4.352763072));
#9756=DIRECTION('',(0.,-1.,0.));
#9757=DIRECTION('',(0.,0.,-1.));
#9758=AXIS2_PLACEMENT_3D('',#9755,#9756,#9757);
#9759=CIRCLE('',#9758,35.542893219);
#9760=EDGE_CURVE('',#9746,#9748,#9759,.T.);
#9761=ORIENTED_EDGE('',*,*,#9760,.T.);
#9762=EDGE_LOOP('',(#9754,#9761));
#9763=FACE_BOUND('',#9762,.T.);
#9764=ADVANCED_FACE('',(#9763),#9744,.T.);
#9765=CARTESIAN_POINT('',(197.000000335,35.999999833,48.000018128));
#9766=DIRECTION('',(1.,0.,0.));
#9767=DIRECTION('',(0.,-1.,0.));
#9768=AXIS2_PLACEMENT_3D('',#9765,#9766,#9767);
#9769=PLANE('',#9768);
#9770=CARTESIAN_POINT('',(197.000000335,30.999999833,8.832974012));
#9771=DIRECTION('',(0.,1.,0.));
#9772=VECTOR('',#9771,8.);
#9773=LINE('',#9770,#9772);
#9774=EDGE_CURVE('',#9657,#9707,#9773,.T.);
#9775=ORIENTED_EDGE('',*,*,#9774,.F.);
#9776=ORIENTED_EDGE('',*,*,#9662,.T.);
#9777=CARTESIAN_POINT('',(197.000000335,38.999999833,3.000018128));
#9778=DIRECTION('',(0.,-1.,0.));
#9779=VECTOR('',#9778,8.);
#9780=LINE('',#9777,#9779);
#9781=EDGE_CURVE('',#9716,#9649,#9780,.T.);
#9782=ORIENTED_EDGE('',*,*,#9781,.F.);
#9783=ORIENTED_EDGE('',*,*,#9721,.F.);
#9784=EDGE_LOOP('',(#9775,#9776,#9782,#9783));
#9785=FACE_BOUND('',#9784,.T.);
#9786=ADVANCED_FACE('',(#9785),#9769,.T.);
#9787=CARTESIAN_POINT('',(117.000915784,36.007318074,48.000018128));
#9788=DIRECTION('',(0.999999983,-0.000182956,0.));
#9789=DIRECTION('',(-0.000182956,-0.999999983,0.));
#9790=AXIS2_PLACEMENT_3D('',#9787,#9788,#9789);
#9791=PLANE('',#9790);
#9792=ORIENTED_EDGE('',*,*,#9629,.F.);
#9793=CARTESIAN_POINT('',(116.999999665,30.999999833,8.830782312));
#9794=CARTESIAN_POINT('',(117.000487548,33.666666489,8.835140347));
#9795=CARTESIAN_POINT('',(117.00097543,36.333333156,8.839491941));
#9796=CARTESIAN_POINT('',(117.001463313,38.999999833,8.84383715));
#9797=B_SPLINE_CURVE_WITH_KNOTS('',3,(#9793,#9794,#9795,#9796),.UNSPECIFIED.,.F.,.F.,(4,4),(0.0000002,0.008000211),.UNSPECIFIED.);
#9798=EDGE_CURVE('',#9613,#9690,#9797,.T.);
#9799=ORIENTED_EDGE('',*,*,#9798,.T.);
#9800=ORIENTED_EDGE('',*,*,#9735,.T.);
#9801=CARTESIAN_POINT('',(117.001463313,38.999999833,3.000018128));
#9802=DIRECTION('',(-0.000182956,-0.999999983,0.));
#9803=VECTOR('',#9802,8.000000134);
#9804=LINE('',#9801,#9803);
#9805=EDGE_CURVE('',#9724,#9624,#9804,.T.);
#9806=ORIENTED_EDGE('',*,*,#9805,.T.);
#9807=EDGE_LOOP('',(#9792,#9799,#9800,#9806));
#9808=FACE_BOUND('',#9807,.T.);
#9809=ADVANCED_FACE('',(#9808),#9791,.F.);
#9810=CARTESIAN_POINT('',(-403.000017961,1780.999999833,43.000018128));
#9811=DIRECTION('',(0.,0.,1.));
#9812=DIRECTION('',(0.,-1.,0.));
#9813=AXIS2_PLACEMENT_3D('',#9810,#9811,#9812);
#9814=PLANE('',#9813);
#9815=CARTESIAN_POINT('',(168.245218381,38.999999833,43.000018128));
#9816=DIRECTION('',(-0.,-1.,-0.));
#9817=VECTOR('',#9816,8.);
#9818=LINE('',#9815,#9817);
#9819=EDGE_CURVE('',#9699,#9665,#9818,.T.);
#9820=ORIENTED_EDGE('',*,*,#9819,.F.);
#9821=ORIENTED_EDGE('',*,*,#9704,.F.);
#9822=CARTESIAN_POINT('',(145.755027041,30.999999833,43.000018128));
#9823=DIRECTION('',(0.,1.,0.));
#9824=VECTOR('',#9823,8.);
#9825=LINE('',#9822,#9824);
#9826=EDGE_CURVE('',#9615,#9688,#9825,.T.);
#9827=ORIENTED_EDGE('',*,*,#9826,.F.);
#9828=ORIENTED_EDGE('',*,*,#9677,.F.);
#9829=EDGE_LOOP('',(#9820,#9821,#9827,#9828));
#9830=FACE_BOUND('',#9829,.T.);
#9831=ADVANCED_FACE('',(#9830),#9814,.T.);
#9832=CARTESIAN_POINT('',(-403.000017961,1780.999999833,3.000018128));
#9833=DIRECTION('',(0.,0.,1.));
#9834=DIRECTION('',(0.,-1.,0.));
#9835=AXIS2_PLACEMENT_3D('',#9832,#9833,#9834);
#9836=PLANE('',#9835);
#9837=ORIENTED_EDGE('',*,*,#9654,.T.);
#9838=CARTESIAN_POINT('',(194.225551938,31.707106614,3.000018128));
#9839=VERTEX_POINT('',#9838);
#9840=CARTESIAN_POINT('',(194.933116744,30.999999833,3.000018128));
#9841=CARTESIAN_POINT('',(194.839710428,30.999999833,3.000018128));
#9842=CARTESIAN_POINT('',(194.748058778,31.018356227,3.000018128));
#9843=CARTESIAN_POINT('',(194.662422618,31.053793193,3.000018128));
#9844=CARTESIAN_POINT('',(194.619604538,31.071511675,3.000018128));
#9845=CARTESIAN_POINT('',(194.57898542,31.093197999,3.000018128));
#9846=CARTESIAN_POINT('',(194.540545382,31.118816285,3.000018128));
#9847=CARTESIAN_POINT('',(194.502105344,31.144434571,3.000018128));
#9848=CARTESIAN_POINT('',(194.4656932,31.174263429,3.000018128));
#9849=CARTESIAN_POINT('',(194.433053764,31.206847817,3.000018128));
#9850=CARTESIAN_POINT('',(194.367774891,31.272016592,3.000018128));
#9851=CARTESIAN_POINT('',(194.315026733,31.350826835,3.000018128));
#9852=CARTESIAN_POINT('',(194.279683875,31.435855277,3.000018128));
#9853=CARTESIAN_POINT('',(194.244341016,31.520883718,3.000018128));
#9854=CARTESIAN_POINT('',(194.225551938,31.613698604,3.000018128));
#9855=CARTESIAN_POINT('',(194.225551938,31.707106614,3.000018128));
#9856=B_SPLINE_CURVE_WITH_KNOTS('',3,(#9840,#9841,#9842,#9843,#9844,#9845,#9846,#9847,#9848,#9849,#9850,#9851,#9852,#9853,#9854,#9855),.UNSPECIFIED.,.F.,.F.,(4,3,3,3,3,4),(0.,0.000276243,0.000414364,0.000552485,0.000828728,0.00110497),.UNSPECIFIED.);
#9857=EDGE_CURVE('',#9640,#9839,#9856,.T.);
#9858=ORIENTED_EDGE('',*,*,#9857,.T.);
#9859=CARTESIAN_POINT('',(194.225551938,31.999981872,3.000018128));
#9860=VERTEX_POINT('',#9859);
#9861=CARTESIAN_POINT('',(194.225551938,31.999981872,3.000018128));
#9862=DIRECTION('',(0.,-1.,0.));
#9863=VECTOR('',#9862,0.292875258);
#9864=LINE('',#9861,#9863);
#9865=EDGE_CURVE('',#9860,#9839,#9864,.T.);
#9866=ORIENTED_EDGE('',*,*,#9865,.F.);
#9867=CARTESIAN_POINT('',(193.224873657,31.999981872,3.000018128));
#9868=VERTEX_POINT('',#9867);
#9869=CARTESIAN_POINT('',(194.225551938,31.999981872,3.000018128));
#9870=DIRECTION('',(-1.,0.,0.));
#9871=VECTOR('',#9870,1.000678281);
#9872=LINE('',#9869,#9871);
#9873=EDGE_CURVE('',#9860,#9868,#9872,.T.);
#9874=ORIENTED_EDGE('',*,*,#9873,.T.);
#9875=CARTESIAN_POINT('',(193.224873657,31.707106614,3.000018128));
#9876=VERTEX_POINT('',#9875);
#9877=CARTESIAN_POINT('',(193.224873657,31.999981872,3.000018128));
#9878=DIRECTION('',(0.,-1.,0.));
#9879=VECTOR('',#9878,0.292875258);
#9880=LINE('',#9877,#9879);
#9881=EDGE_CURVE('',#9868,#9876,#9880,.T.);
#9882=ORIENTED_EDGE('',*,*,#9881,.T.);
#9883=CARTESIAN_POINT('',(193.224873657,31.707106614,3.000018128));
#9884=CARTESIAN_POINT('',(193.224873657,31.613696511,3.000018128));
#9885=CARTESIAN_POINT('',(193.20647481,31.522037025,3.000018128));
#9886=CARTESIAN_POINT('',(193.170977829,31.436429067,3.000018128));
#9887=CARTESIAN_POINT('',(193.153229338,31.393625089,3.000018128));
#9888=CARTESIAN_POINT('',(193.131508007,31.353022783,3.000018128));
#9889=CARTESIAN_POINT('',(193.105850384,31.314601898,3.000018128));
#9890=CARTESIAN_POINT('',(193.080192761,31.276181012,3.000018128));
#9891=CARTESIAN_POINT('',(193.050327395,31.239800862,3.000018128));
#9892=CARTESIAN_POINT('',(193.017710475,31.207195353,3.000018128));
#9893=CARTESIAN_POINT('',(192.952476635,31.141984333,3.000018128));
#9894=CARTESIAN_POINT('',(192.873609311,31.08931242,3.000018128));
#9895=CARTESIAN_POINT('',(192.788551822,31.054030182,3.000018128));
#9896=CARTESIAN_POINT('',(192.703494333,31.018747945,3.000018128));
#9897=CARTESIAN_POINT('',(192.61067243,30.999999833,3.000018128));
#9898=CARTESIAN_POINT('',(192.517264199,30.999999833,3.000018128));
#9899=B_SPLINE_CURVE_WITH_KNOTS('',3,(#9883,#9884,#9885,#9886,#9887,#9888,#9889,#9890,#9891,#9892,#9893,#9894,#9895,#9896,#9897,#9898),.UNSPECIFIED.,.F.,.F.,(4,3,3,3,3,4),(0.,0.000276252,0.000414378,0.000552504,0.000828755,0.001105007),.UNSPECIFIED.);
#9900=EDGE_CURVE('',#9876,#9746,#9899,.T.);
#9901=ORIENTED_EDGE('',*,*,#9900,.T.);
#9902=ORIENTED_EDGE('',*,*,#9753,.T.);
#9903=CARTESIAN_POINT('',(120.775371765,31.707106614,3.000018128));
#9904=VERTEX_POINT('',#9903);
#9905=CARTESIAN_POINT('',(121.482981223,30.999999833,3.000018128));
#9906=CARTESIAN_POINT('',(121.389571853,30.999999833,3.000018128));
#9907=CARTESIAN_POINT('',(121.297917212,31.01835396,3.000018128));
#9908=CARTESIAN_POINT('',(121.212276448,31.053788719,3.000018128));
#9909=CARTESIAN_POINT('',(121.169456067,31.071506098,3.000018128));
#9910=CARTESIAN_POINT('',(121.128834626,31.09319127,3.000018128));
#9911=CARTESIAN_POINT('',(121.090392285,31.118808438,3.000018128));
#9912=CARTESIAN_POINT('',(121.051949944,31.144425606,3.000018128));
#9913=CARTESIAN_POINT('',(121.015534955,31.174253781,3.000018128));
#9914=CARTESIAN_POINT('',(120.982892823,31.206837857,3.000018128));
#9915=CARTESIAN_POINT('',(120.91760856,31.272006009,3.000018128));
#9916=CARTESIAN_POINT('',(120.864855567,31.350816722,3.000018128));
#9917=CARTESIAN_POINT('',(120.829509205,31.435847107,3.000018128));
#9918=CARTESIAN_POINT('',(120.794162844,31.520877492,3.000018128));
#9919=CARTESIAN_POINT('',(120.775371765,31.613695356,3.000018128));
#9920=CARTESIAN_POINT('',(120.775371765,31.707106614,3.000018128));
#9921=B_SPLINE_CURVE_WITH_KNOTS('',3,(#9905,#9906,#9907,#9908,#9909,#9910,#9911,#9912,#9913,#9914,#9915,#9916,#9917,#9918,#9919,#9920),.UNSPECIFIED.,.F.,.F.,(4,3,3,3,3,4),(0.,0.000276252,0.000414378,0.000552504,0.000828756,0.001105008),.UNSPECIFIED.);
#9922=EDGE_CURVE('',#9748,#9904,#9921,.T.);
#9923=ORIENTED_EDGE('',*,*,#9922,.T.);
#9924=CARTESIAN_POINT('',(120.775371765,31.999981872,3.000018128));
#9925=VERTEX_POINT('',#9924);
#9926=CARTESIAN_POINT('',(120.775371765,31.707106614,3.000018128));
#9927=DIRECTION('',(-0.,1.,-0.));
#9928=VECTOR('',#9927,0.292875258);
#9929=LINE('',#9926,#9928);
#9930=EDGE_CURVE('',#9904,#9925,#9929,.T.);
#9931=ORIENTED_EDGE('',*,*,#9930,.T.);
#9932=CARTESIAN_POINT('',(119.774693484,31.999981872,3.000018128));
#9933=VERTEX_POINT('',#9932);
#9934=CARTESIAN_POINT('',(120.775371765,31.999981872,3.000018128));
#9935=DIRECTION('',(-1.,0.,0.));
#9936=VECTOR('',#9935,1.000678281);
#9937=LINE('',#9934,#9936);
#9938=EDGE_CURVE('',#9925,#9933,#9937,.T.);
#9939=ORIENTED_EDGE('',*,*,#9938,.T.);
#9940=CARTESIAN_POINT('',(119.774693484,31.707106614,3.000018128));
#9941=VERTEX_POINT('',#9940);
#9942=CARTESIAN_POINT('',(119.774693484,31.707106614,3.000018128));
#9943=DIRECTION('',(-0.,1.,-0.));
#9944=VECTOR('',#9943,0.292875258);
#9945=LINE('',#9942,#9944);
#9946=EDGE_CURVE('',#9941,#9933,#9945,.T.);
#9947=ORIENTED_EDGE('',*,*,#9946,.F.);
#9948=CARTESIAN_POINT('',(119.774693484,31.707106614,3.000018128));
#9949=CARTESIAN_POINT('',(119.774693484,31.613699656,3.000018128));
#9950=CARTESIAN_POINT('',(119.756296711,31.522043485,3.000018128));
#9951=CARTESIAN_POINT('',(119.720803126,31.436437203,3.000018128));
#9952=CARTESIAN_POINT('',(119.703056334,31.393634062,3.000018128));
#9953=CARTESIAN_POINT('',(119.681337052,31.353032402,3.000018128));
#9954=CARTESIAN_POINT('',(119.655681847,31.314611957,3.000018128));
#9955=CARTESIAN_POINT('',(119.630026642,31.276191513,3.000018128));
#9956=CARTESIAN_POINT('',(119.600163802,31.239811193,3.000018128));
#9957=CARTESIAN_POINT('',(119.567549395,31.207205206,3.000018128));
#9958=CARTESIAN_POINT('',(119.502320579,31.141993232,3.000018128));
#9959=CARTESIAN_POINT('',(119.423458655,31.08931914,3.000018128));
#9960=CARTESIAN_POINT('',(119.338405537,31.054034637,3.000018128));
#9961=CARTESIAN_POINT('',(119.253352419,31.018750133,3.000018128));
#9962=CARTESIAN_POINT('',(119.160533934,30.999999833,3.000018128));
#9963=CARTESIAN_POINT('',(119.067128678,30.999999833,3.000018128));
#9964=B_SPLINE_CURVE_WITH_KNOTS('',3,(#9948,#9949,#9950,#9951,#9952,#9953,#9954,#9955,#9956,#9957,#9958,#9959,#9960,#9961,#9962,#9963),.UNSPECIFIED.,.F.,.F.,(4,3,3,3,3,4),(0.,0.000276242,0.000414364,0.000552485,0.000828727,0.00110497),.UNSPECIFIED.);
#9965=EDGE_CURVE('',#9941,#9632,#9964,.T.);
#9966=ORIENTED_EDGE('',*,*,#9965,.T.);
#9967=ORIENTED_EDGE('',*,*,#9637,.T.);
#9968=ORIENTED_EDGE('',*,*,#9805,.F.);
#9969=ORIENTED_EDGE('',*,*,#9729,.T.);
#9970=ORIENTED_EDGE('',*,*,#9781,.T.);
#9971=EDGE_LOOP('',(#9837,#9858,#9866,#9874,#9882,#9901,#9902,#9923,#9931,#9939,#9947,#9966,#9967,#9968,#9969,#9970));
#9972=FACE_BOUND('',#9971,.T.);
#9973=ADVANCED_FACE('',(#9972),#9836,.F.);
#9974=CARTESIAN_POINT('',(157.000122711,31.999981872,4.352763072));
#9975=DIRECTION('',(0.,-1.,0.));
#9976=DIRECTION('',(0.,0.,-1.));
#9977=AXIS2_PLACEMENT_3D('',#9974,#9975,#9976);
#9978=CYLINDRICAL_SURFACE('',#9977,36.25);
#9979=ORIENTED_EDGE('',*,*,#9930,.F.);
#9980=CARTESIAN_POINT('',(157.000122711,31.707106614,4.352763072));
#9981=DIRECTION('',(-0.,1.,-0.));
#9982=DIRECTION('',(0.,0.,-1.));
#9983=AXIS2_PLACEMENT_3D('',#9980,#9981,#9982);
#9984=CIRCLE('',#9983,36.25);
#9985=EDGE_CURVE('',#9904,#9876,#9984,.T.);
#9986=ORIENTED_EDGE('',*,*,#9985,.T.);
#9987=ORIENTED_EDGE('',*,*,#9881,.F.);
#9988=CARTESIAN_POINT('',(157.000122711,31.999981872,4.352763072));
#9989=DIRECTION('',(0.,1.,0.));
#9990=DIRECTION('',(0.,-0.,1.));
#9991=AXIS2_PLACEMENT_3D('',#9988,#9989,#9990);
#9992=CIRCLE('',#9991,36.25);
#9993=EDGE_CURVE('',#9925,#9868,#9992,.T.);
#9994=ORIENTED_EDGE('',*,*,#9993,.F.);
#9995=EDGE_LOOP('',(#9979,#9986,#9987,#9994));
#9996=FACE_BOUND('',#9995,.T.);
#9997=ADVANCED_FACE('',(#9996),#9978,.T.);
#9998=CARTESIAN_POINT('',(157.000122711,31.999981872,4.352763072));
#9999=DIRECTION('',(0.,-1.,0.));
#10000=DIRECTION('',(0.,0.,-1.));
#10001=AXIS2_PLACEMENT_3D('',#9998,#9999,#10000);
#10002=CYLINDRICAL_SURFACE('',#10001,37.25);
#10003=ORIENTED_EDGE('',*,*,#9865,.T.);
#10004=CARTESIAN_POINT('',(157.000122711,31.707106614,4.352763072));
#10005=DIRECTION('',(0.,-1.,0.));
#10006=DIRECTION('',(0.,0.,-1.));
#10007=AXIS2_PLACEMENT_3D('',#10004,#10005,#10006);
#10008=CIRCLE('',#10007,37.25);
#10009=EDGE_CURVE('',#9839,#9941,#10008,.T.);
#10010=ORIENTED_EDGE('',*,*,#10009,.T.);
#10011=ORIENTED_EDGE('',*,*,#9946,.T.);
#10012=CARTESIAN_POINT('',(157.000122711,31.999981872,4.352763072));
#10013=DIRECTION('',(0.,1.,0.));
#10014=DIRECTION('',(0.,-0.,1.));
#10015=AXIS2_PLACEMENT_3D('',#10012,#10013,#10014);
#10016=CIRCLE('',#10015,37.25);
#10017=EDGE_CURVE('',#9933,#9860,#10016,.T.);
#10018=ORIENTED_EDGE('',*,*,#10017,.T.);
#10019=EDGE_LOOP('',(#10003,#10010,#10011,#10018));
#10020=FACE_BOUND('',#10019,.T.);
#10021=ADVANCED_FACE('',(#10020),#10002,.F.);
#10022=CARTESIAN_POINT('',(-1950.,31.999981872,63.000018128));
#10023=DIRECTION('',(0.,1.,0.));
#10024=DIRECTION('',(1.,0.,0.));
#10025=AXIS2_PLACEMENT_3D('',#10022,#10023,#10024);
#10026=PLANE('',#10025);
#10027=ORIENTED_EDGE('',*,*,#10017,.F.);
#10028=ORIENTED_EDGE('',*,*,#9938,.F.);
#10029=ORIENTED_EDGE('',*,*,#9993,.T.);
#10030=ORIENTED_EDGE('',*,*,#9873,.F.);
#10031=EDGE_LOOP('',(#10027,#10028,#10029,#10030));
#10032=FACE_BOUND('',#10031,.T.);
#10033=ADVANCED_FACE('',(#10032),#10026,.F.);
#10034=CARTESIAN_POINT('',(157.000122711,31.707106614,4.352763072));
#10035=DIRECTION('',(0.,-1.,0.));
#10036=DIRECTION('',(0.,0.,-1.));
#10037=AXIS2_PLACEMENT_3D('',#10034,#10035,#10036);
#10038=TOROIDAL_SURFACE('',#10037,35.542893219,0.707106781);
#10039=ORIENTED_EDGE('',*,*,#9922,.F.);
#10040=ORIENTED_EDGE('',*,*,#9760,.F.);
#10041=ORIENTED_EDGE('',*,*,#9900,.F.);
#10042=ORIENTED_EDGE('',*,*,#9985,.F.);
#10043=EDGE_LOOP('',(#10039,#10040,#10041,#10042));
#10044=FACE_BOUND('',#10043,.T.);
#10045=ADVANCED_FACE('',(#10044),#10038,.T.);
#10046=CARTESIAN_POINT('',(157.000122711,31.707106614,4.352763072));
#10047=DIRECTION('',(0.,-1.,0.));
#10048=DIRECTION('',(0.,0.,-1.));
#10049=AXIS2_PLACEMENT_3D('',#10046,#10047,#10048);
#10050=TOROIDAL_SURFACE('',#10049,37.957106781,0.707106781);
#10051=ORIENTED_EDGE('',*,*,#9965,.F.);
#10052=ORIENTED_EDGE('',*,*,#10009,.F.);
#10053=ORIENTED_EDGE('',*,*,#9857,.F.);
#10054=ORIENTED_EDGE('',*,*,#9646,.F.);
#10055=EDGE_LOOP('',(#10051,#10052,#10053,#10054));
#10056=FACE_BOUND('',#10055,.T.);
#10057=ADVANCED_FACE('',(#10056),#10050,.T.);
#10058=CARTESIAN_POINT('',(157.000122711,-253.000018128,4.352763072));
#10059=DIRECTION('',(0.,1.,0.));
#10060=DIRECTION('',(0.,-0.,1.));
#10061=AXIS2_PLACEMENT_3D('',#10058,#10059,#10060);
#10062=CYLINDRICAL_SURFACE('',#10061,40.25);
#10063=ORIENTED_EDGE('',*,*,#9621,.T.);
#10064=ORIENTED_EDGE('',*,*,#9826,.T.);
#10065=ORIENTED_EDGE('',*,*,#9696,.T.);
#10066=ORIENTED_EDGE('',*,*,#9798,.F.);
#10067=EDGE_LOOP('',(#10063,#10064,#10065,#10066));
#10068=FACE_BOUND('',#10067,.T.);
#10069=ADVANCED_FACE('',(#10068),#10062,.T.);
#10070=CARTESIAN_POINT('',(157.000122711,-253.000018128,4.352763072));
#10071=DIRECTION('',(0.,1.,0.));
#10072=DIRECTION('',(0.,-0.,1.));
#10073=AXIS2_PLACEMENT_3D('',#10070,#10071,#10072);
#10074=CYLINDRICAL_SURFACE('',#10073,40.25);
#10075=ORIENTED_EDGE('',*,*,#9671,.T.);
#10076=ORIENTED_EDGE('',*,*,#9774,.T.);
#10077=ORIENTED_EDGE('',*,*,#9713,.T.);
#10078=ORIENTED_EDGE('',*,*,#9819,.T.);
#10079=EDGE_LOOP('',(#10075,#10076,#10077,#10078));
#10080=FACE_BOUND('',#10079,.T.);
#10081=ADVANCED_FACE('',(#10080),#10074,.T.);
#10082=CLOSED_SHELL('',(#9681,#9739,#9764,#9786,#9809,#9831,#9973,#9997,#10021,#10033,#10045,#10057,#10069,#10081));
#10083=MANIFOLD_SOLID_BREP('Body 120 (5)',#10082);
#9606=STYLED_ITEM('',(#4137),#10083);
#8264=SHAPE_REPRESENTATION('Folder 35',(#15),#8262);
#8265=ADVANCED_BREP_SHAPE_REPRESENTATION('Folder 35',(#8404,#9005,#9605,#10083),#8262);
#10091=SHAPE_REPRESENTATION_RELATIONSHIP('','',#8264,#8265);
#10092=CARTESIAN_POINT('',(0.,0.,0.));
#10093=DIRECTION('',(0.,0.,1.));
#10094=DIRECTION('',(1.,0.,0.));
#10095=AXIS2_PLACEMENT_3D('',#10092,#10093,#10094);
#10097=MAPPED_ITEM('',#10096,#10095);
#10096=REPRESENTATION_MAP(#10095,#8264);
#8272=PRODUCT('Folder 35','Folder 35','',(#6699));
#10098=PRODUCT_RELATED_PRODUCT_CATEGORY('part','',(#8272));
#10099=PRODUCT_DEFINITION_FORMATION_WITH_SPECIFIED_SOURCE('','',#8272,.NOT_KNOWN.);
#8273=PRODUCT_DEFINITION('design','',#10099,#6700);
#8271=PRODUCT_DEFINITION_SHAPE('','',#8273);
#10100=SHAPE_DEFINITION_REPRESENTATION(#8271,#8264);
#8263=DRAUGHTING_MODEL('',(#10097),#8262);
#6514=SHAPE_REPRESENTATION('Act ii print plast.step',(#15,#6555,#6726,#8277),#6512);
#10101=CARTESIAN_POINT('',(0.,0.,0.));
#10102=DIRECTION('',(0.,0.,1.));
#10103=DIRECTION('',(1.,0.,0.));
#10104=AXIS2_PLACEMENT_3D('',#10101,#10102,#10103);
#10106=MAPPED_ITEM('',#10105,#10104);
#10105=REPRESENTATION_MAP(#10104,#6514);
#6522=PRODUCT('Act ii print plast.step','Act ii print plast.step','',(#6699));
#10107=PRODUCT_RELATED_PRODUCT_CATEGORY('part','',(#6522));
#10108=PRODUCT_DEFINITION_FORMATION_WITH_SPECIFIED_SOURCE('','',#6522,.NOT_KNOWN.);
#6523=PRODUCT_DEFINITION('design','',#10108,#6700);
#6521=PRODUCT_DEFINITION_SHAPE('','',#6523);
#10109=SHAPE_DEFINITION_REPRESENTATION(#6521,#6514);
#6513=DRAUGHTING_MODEL('',(#10106),#6512);
#16=SHAPE_REPRESENTATION('root',(#15,#6527),#10);
#17=ADVANCED_BREP_SHAPE_REPRESENTATION('root',(#4130,#5859,#6504),#10);
#10117=SHAPE_REPRESENTATION_RELATIONSHIP('','',#16,#17);
#10118=CARTESIAN_POINT('',(0.,0.,0.));
#10119=DIRECTION('',(0.,0.,1.));
#10120=DIRECTION('',(1.,0.,0.));
#10121=AXIS2_PLACEMENT_3D('',#10118,#10119,#10120);
#10123=MAPPED_ITEM('',#10122,#10121);
#10122=REPRESENTATION_MAP(#10121,#16);
#24=PRODUCT('root','root','',(#6699));
#10124=PRODUCT_RELATED_PRODUCT_CATEGORY('part','',(#24));
#10125=PRODUCT_DEFINITION_FORMATION_WITH_SPECIFIED_SOURCE('','',#24,.NOT_KNOWN.);
#25=PRODUCT_DEFINITION('design','',#10125,#6700);
#23=PRODUCT_DEFINITION_SHAPE('','',#25);
#10126=SHAPE_DEFINITION_REPRESENTATION(#23,#16);
#11=DRAUGHTING_MODEL('',(#10123),#10);
#10127=DESCRIPTIVE_REPRESENTATION_ITEM('KEY','/private/var/mobile/Containers/Data/Application/5F2095C5-6E5A-4F28-9900-660682EC0850/tmp/83DEA0E2-378B-462C-A2D4-C1314DE8E0CF.tmp');
#10128=PROPERTY_DEFINITION('KEY','',#25);
#10129=REPRESENTATION('',(#10127),#10);
#10130=PROPERTY_DEFINITION_REPRESENTATION(#10128,#10129);
#10131=GENERAL_PROPERTY('','KEY','');
#10132=GENERAL_PROPERTY_ASSOCIATION('','',#10131,#10128);
#1=MECHANICAL_DESIGN_GEOMETRIC_PRESENTATION_REPRESENTATION('',(#26,#4138,#5860,#6561,#6732,#7593,#8283,#8405,#9006,#9606),#10);
ENDSEC;
END-ISO-10303-21;
