ISO-10303-21;
HEADER;

/* File generated by Shapr3D Version 26.50.0.10685 */

FILE_DESCRIPTION(('HOOPS Exchange Step'),'2;1');

FILE_NAME('/private/var/mobile/Containers/Data/Application/5F2095C5-6E5A-4F28-9900-660682EC0850/tmp/export/temp_export',
'2026-05-03T21:30:31+02:00',
('mobile'),
('Shapr3D Limited'),
'HOOPS Exchange 2025.9',
'Shapr3D',
'Authorized');

FILE_SCHEMA( ('AP242_MANAGED_MODEL_BASED_3D_ENGINEERING_MIM_LF {1 0 10303 442 1 1 4}') );

ENDSEC;

DATA;
#3=(NAMED_UNIT(*)PLANE_ANGLE_UNIT()SI_UNIT($,.RADIAN.));
#4=PLANE_ANGLE_MEASURE_WITH_UNIT(PLANE_ANGLE_MEASURE(0.0174532925),#3);
#5=(CONVERSION_BASED_UNIT('DEGREE',#4)NAMED_UNIT(#6)PLANE_ANGLE_UNIT());
#6=DIMENSIONAL_EXPONENTS(0.,0.,0.,0.,0.,0.,0.);
#7=(NAMED_UNIT(*)SI_UNIT($,.STERADIAN.)SOLID_ANGLE_UNIT());
#8=(LENGTH_UNIT()NAMED_UNIT(*)SI_UNIT(.MILLI.,.METRE.));
#9=UNCERTAINTY_MEASURE_WITH_UNIT(LENGTH_MEASURE(1.000000E-05),#8,'DISTANCE_ACCURACY_VALUE','Maximum Tolerance applied to model');
#10=(GEOMETRIC_REPRESENTATION_CONTEXT(3)GLOBAL_UNCERTAINTY_ASSIGNED_CONTEXT((#9))GLOBAL_UNIT_ASSIGNED_CONTEXT((#8,#5,#7))REPRESENTATION_CONTEXT('','root'));
#12=CARTESIAN_POINT('',(0.,0.,0.));
#13=DIRECTION('',(0.,0.,1.));
#14=DIRECTION('',(1.,0.,0.));
#15=AXIS2_PLACEMENT_3D('TS3D_PRODUCT_CSYS',#12,#13,#14);
#27=CARTESIAN_POINT('',(175.950122711,323.550104583,3.000018128));
#28=DIRECTION('',(0.,0.,-1.));
#29=DIRECTION('',(1.,0.,0.));
#30=AXIS2_PLACEMENT_3D('',#27,#28,#29);
#31=PLANE('',#30);
#32=CARTESIAN_POINT('',(-288.,136.847571057,3.000018128));
#33=VERTEX_POINT('',#32);
#34=CARTESIAN_POINT('',(-288.,139.140464276,3.000018128));
#35=VERTEX_POINT('',#34);
#36=CARTESIAN_POINT('',(-288.,136.847571057,3.000018128));
#37=DIRECTION('',(0.,1.,0.));
#38=VECTOR('',#37,2.292893219);
#39=LINE('',#36,#38);
#40=EDGE_CURVE('',#33,#35,#39,.T.);
#41=ORIENTED_EDGE('',*,*,#40,.F.);
#42=CARTESIAN_POINT('',(-11.949877289,136.847571057,3.000018128));
#43=VERTEX_POINT('',#42);
#44=CARTESIAN_POINT('',(-288.,136.847571057,3.000018128));
#45=DIRECTION('',(1.,0.,0.));
#46=VECTOR('',#45,276.050122711);
#47=LINE('',#44,#46);
#48=EDGE_CURVE('',#33,#43,#47,.T.);
#49=ORIENTED_EDGE('',*,*,#48,.T.);
#50=CARTESIAN_POINT('',(-11.949877289,217.252392687,3.000018128));
#51=VERTEX_POINT('',#50);
#52=CARTESIAN_POINT('',(-11.949877289,136.847571057,3.000018128));
#53=DIRECTION('',(-0.,1.,0.));
#54=VECTOR('',#53,80.40482163);
#55=LINE('',#52,#54);
#56=EDGE_CURVE('',#43,#51,#55,.T.);
#57=ORIENTED_EDGE('',*,*,#56,.T.);
#58=CARTESIAN_POINT('',(-288.,217.252392687,3.000018128));
#59=VERTEX_POINT('',#58);
#60=CARTESIAN_POINT('',(-11.949877289,217.252392687,3.000018128));
#61=DIRECTION('',(-1.,0.,0.));
#62=VECTOR('',#61,276.050122711);
#63=LINE('',#60,#62);
#64=EDGE_CURVE('',#51,#59,#63,.T.);
#65=ORIENTED_EDGE('',*,*,#64,.T.);
#66=CARTESIAN_POINT('',(-288.,214.959499468,3.000018128));
#67=VERTEX_POINT('',#66);
#68=CARTESIAN_POINT('',(-288.,214.959499468,3.000018128));
#69=DIRECTION('',(0.,1.,0.));
#70=VECTOR('',#69,2.292893219);
#71=LINE('',#68,#70);
#72=EDGE_CURVE('',#67,#59,#71,.T.);
#73=ORIENTED_EDGE('',*,*,#72,.F.);
#74=CARTESIAN_POINT('',(-20.049467839,214.959499468,3.000018128));
#75=VERTEX_POINT('',#74);
#76=CARTESIAN_POINT('',(-288.,214.959499468,3.000018128));
#77=DIRECTION('',(1.,-0.,-0.));
#78=VECTOR('',#77,267.950532161);
#79=LINE('',#76,#78);
#80=EDGE_CURVE('',#67,#75,#79,.T.);
#81=ORIENTED_EDGE('',*,*,#80,.T.);
#82=CARTESIAN_POINT('',(-20.049859328,214.982975905,3.000018128));
#83=VERTEX_POINT('',#82);
#84=CARTESIAN_POINT('',(-20.049467857,214.959499997,3.000018128));
#85=CARTESIAN_POINT('',(-20.04972854,214.967317808,3.000018128));
#86=CARTESIAN_POINT('',(-20.049859328,214.975144325,3.000018128));
#87=CARTESIAN_POINT('',(-20.049859328,214.982975905,3.000018128));
#88=B_SPLINE_CURVE_WITH_KNOTS('',3,(#84,#85,#86,#87),.UNSPECIFIED.,.F.,.F.,(4,4),(0.0010817,0.00110497),.UNSPECIFIED.);
#89=EDGE_CURVE('',#75,#83,#88,.T.);
#90=ORIENTED_EDGE('',*,*,#89,.T.);
#91=CARTESIAN_POINT('',(-20.049859328,217.050104918,3.000018128));
#92=VERTEX_POINT('',#91);
#93=CARTESIAN_POINT('',(-20.049859328,214.982975905,3.000018128));
#94=DIRECTION('',(-0.,1.,0.));
#95=VECTOR('',#94,2.067129013);
#96=LINE('',#93,#95);
#97=EDGE_CURVE('',#83,#92,#96,.T.);
#98=ORIENTED_EDGE('',*,*,#97,.T.);
#99=CARTESIAN_POINT('',(-12.049859328,217.04864127,3.000018128));
#100=VERTEX_POINT('',#99);
#101=CARTESIAN_POINT('',(-12.049859328,217.04864127,3.000018128));
#102=DIRECTION('',(-0.999999983,0.000182956,0.));
#103=VECTOR('',#102,8.000000134);
#104=LINE('',#101,#103);
#105=EDGE_CURVE('',#100,#92,#104,.T.);
#106=ORIENTED_EDGE('',*,*,#105,.F.);
#107=CARTESIAN_POINT('',(-12.049859328,137.050104248,3.000018128));
#108=VERTEX_POINT('',#107);
#109=CARTESIAN_POINT('',(-12.049859328,217.04864127,3.000018128));
#110=DIRECTION('',(0.,-1.,0.));
#111=VECTOR('',#110,79.998537022);
#112=LINE('',#109,#111);
#113=EDGE_CURVE('',#100,#108,#112,.T.);
#114=ORIENTED_EDGE('',*,*,#113,.T.);
#115=CARTESIAN_POINT('',(-20.049859328,137.050104248,3.000018128));
#116=VERTEX_POINT('',#115);
#117=CARTESIAN_POINT('',(-12.049859328,137.050104248,3.000018128));
#118=DIRECTION('',(-1.,-0.,0.));
#119=VECTOR('',#118,8.);
#120=LINE('',#117,#119);
#121=EDGE_CURVE('',#108,#116,#120,.T.);
#122=ORIENTED_EDGE('',*,*,#121,.T.);
#123=CARTESIAN_POINT('',(-20.049859328,139.116987839,3.000018128));
#124=VERTEX_POINT('',#123);
#125=CARTESIAN_POINT('',(-20.049859328,137.050104248,3.000018128));
#126=DIRECTION('',(-0.,1.,0.));
#127=VECTOR('',#126,2.066883591);
#128=LINE('',#125,#127);
#129=EDGE_CURVE('',#116,#124,#128,.T.);
#130=ORIENTED_EDGE('',*,*,#129,.T.);
#131=CARTESIAN_POINT('',(-20.049469631,139.140464276,3.000018128));
#132=VERTEX_POINT('',#131);
#133=CARTESIAN_POINT('',(-20.049859328,139.116987839,3.000018128));
#134=CARTESIAN_POINT('',(-20.049859328,139.124821776,3.000018128));
#135=CARTESIAN_POINT('',(-20.049729152,139.132648104,3.000018128));
#136=CARTESIAN_POINT('',(-20.049469657,139.140463484,3.000018128));
#137=B_SPLINE_CURVE_WITH_KNOTS('',3,(#133,#134,#135,#136),.UNSPECIFIED.,.F.,.F.,(4,4),(0.,0.000023229),.UNSPECIFIED.);
#138=EDGE_CURVE('',#124,#132,#137,.T.);
#139=ORIENTED_EDGE('',*,*,#138,.T.);
#140=CARTESIAN_POINT('',(-20.049469631,139.140464276,3.000018128));
#141=DIRECTION('',(-1.,-0.,-0.));
#142=VECTOR('',#141,267.950530369);
#143=LINE('',#140,#142);
#144=EDGE_CURVE('',#132,#35,#143,.T.);
#145=ORIENTED_EDGE('',*,*,#144,.T.);
#146=EDGE_LOOP('',(#41,#49,#57,#65,#73,#81,#90,#98,#106,#114,#122,#130,#139,#145));
#147=FACE_BOUND('',#146,.T.);
#148=ADVANCED_FACE('',(#147),#31,.F.);
#149=CARTESIAN_POINT('',(175.950122711,323.550104583,3.000018128));
#150=DIRECTION('',(0.,0.,-1.));
#151=DIRECTION('',(1.,0.,0.));
#152=AXIS2_PLACEMENT_3D('',#149,#150,#151);
#153=PLANE('',#152);
#154=CARTESIAN_POINT('',(-288.,141.554677838,3.000018128));
#155=VERTEX_POINT('',#154);
#156=CARTESIAN_POINT('',(-288.,157.847571057,3.000018128));
#157=VERTEX_POINT('',#156);
#158=CARTESIAN_POINT('',(-288.,141.554677838,3.000018128));
#159=DIRECTION('',(0.,1.,0.));
#160=VECTOR('',#159,16.292893219);
#161=LINE('',#158,#160);
#162=EDGE_CURVE('',#155,#157,#161,.T.);
#163=ORIENTED_EDGE('',*,*,#162,.F.);
#164=CARTESIAN_POINT('',(-20.049859328,141.554677838,3.000018128));
#165=VERTEX_POINT('',#164);
#166=CARTESIAN_POINT('',(-288.,141.554677838,3.000018128));
#167=DIRECTION('',(1.,0.,0.));
#168=VECTOR('',#167,267.950140672);
#169=LINE('',#166,#168);
#170=EDGE_CURVE('',#155,#165,#169,.T.);
#171=ORIENTED_EDGE('',*,*,#170,.T.);
#172=CARTESIAN_POINT('',(-20.049859328,212.545285906,3.000018128));
#173=VERTEX_POINT('',#172);
#174=CARTESIAN_POINT('',(-20.049859328,141.554677838,3.000018128));
#175=DIRECTION('',(-0.,1.,0.));
#176=VECTOR('',#175,70.990608068);
#177=LINE('',#174,#176);
#178=EDGE_CURVE('',#165,#173,#177,.T.);
#179=ORIENTED_EDGE('',*,*,#178,.T.);
#180=CARTESIAN_POINT('',(-288.,212.545285906,3.000018128));
#181=VERTEX_POINT('',#180);
#182=CARTESIAN_POINT('',(-20.049859328,212.545285906,3.000018128));
#183=DIRECTION('',(-1.,0.,0.));
#184=VECTOR('',#183,267.950140672);
#185=LINE('',#182,#184);
#186=EDGE_CURVE('',#173,#181,#185,.T.);
#187=ORIENTED_EDGE('',*,*,#186,.T.);
#188=CARTESIAN_POINT('',(-288.,196.252392687,3.000018128));
#189=VERTEX_POINT('',#188);
#190=CARTESIAN_POINT('',(-288.,196.252392687,3.000018128));
#191=DIRECTION('',(0.,1.,0.));
#192=VECTOR('',#191,16.292893219);
#193=LINE('',#190,#192);
#194=EDGE_CURVE('',#189,#181,#193,.T.);
#195=ORIENTED_EDGE('',*,*,#194,.F.);
#196=CARTESIAN_POINT('',(-20.049877289,196.252392687,3.000018128));
#197=VERTEX_POINT('',#196);
#198=CARTESIAN_POINT('',(-20.049877289,196.252392687,3.000018128));
#199=DIRECTION('',(-1.,-0.,0.));
#200=VECTOR('',#199,267.950122711);
#201=LINE('',#198,#200);
#202=EDGE_CURVE('',#197,#189,#201,.T.);
#203=ORIENTED_EDGE('',*,*,#202,.F.);
#204=CARTESIAN_POINT('',(-20.049877289,157.847571057,3.000018128));
#205=VERTEX_POINT('',#204);
#206=CARTESIAN_POINT('',(-20.049877289,157.847571057,3.000018128));
#207=DIRECTION('',(-0.,1.,0.));
#208=VECTOR('',#207,38.40482163);
#209=LINE('',#206,#208);
#210=EDGE_CURVE('',#205,#197,#209,.T.);
#211=ORIENTED_EDGE('',*,*,#210,.F.);
#212=CARTESIAN_POINT('',(-288.,157.847571057,3.000018128));
#213=DIRECTION('',(1.,0.,0.));
#214=VECTOR('',#213,267.950122711);
#215=LINE('',#212,#214);
#216=EDGE_CURVE('',#157,#205,#215,.T.);
#217=ORIENTED_EDGE('',*,*,#216,.F.);
#218=EDGE_LOOP('',(#163,#171,#179,#187,#195,#203,#211,#217));
#219=FACE_BOUND('',#218,.T.);
#220=ADVANCED_FACE('',(#219),#153,.F.);
#221=CARTESIAN_POINT('',(-100.049868309,157.847571057,0.000018128));
#222=DIRECTION('',(0.,-1.,0.));
#223=DIRECTION('',(0.,0.,-1.));
#224=AXIS2_PLACEMENT_3D('',#221,#222,#223);
#225=PLANE('',#224);
#226=CARTESIAN_POINT('',(-288.,157.847571057,0.000018128));
#227=VERTEX_POINT('',#226);
#228=CARTESIAN_POINT('',(-288.,157.847571057,3.000018128));
#229=DIRECTION('',(0.,0.,-1.));
#230=VECTOR('',#229,3.);
#231=LINE('',#228,#230);
#232=EDGE_CURVE('',#157,#227,#231,.T.);
#233=ORIENTED_EDGE('',*,*,#232,.F.);
#234=ORIENTED_EDGE('',*,*,#216,.T.);
#235=CARTESIAN_POINT('',(-20.049877289,157.847571057,0.000018128));
#236=VERTEX_POINT('',#235);
#237=CARTESIAN_POINT('',(-20.049877289,157.847571057,0.000018128));
#238=DIRECTION('',(0.,0.,1.));
#239=VECTOR('',#238,3.);
#240=LINE('',#237,#239);
#241=EDGE_CURVE('',#236,#205,#240,.T.);
#242=ORIENTED_EDGE('',*,*,#241,.F.);
#243=CARTESIAN_POINT('',(-288.,157.847571057,0.000018128));
#244=DIRECTION('',(1.,0.,0.));
#245=VECTOR('',#244,267.950122711);
#246=LINE('',#243,#245);
#247=EDGE_CURVE('',#227,#236,#246,.T.);
#248=ORIENTED_EDGE('',*,*,#247,.F.);
#249=EDGE_LOOP('',(#233,#234,#242,#248));
#250=FACE_BOUND('',#249,.T.);
#251=ADVANCED_FACE('',(#250),#225,.F.);
#252=CARTESIAN_POINT('',(-100.049868309,196.252392687,0.000018128));
#253=DIRECTION('',(-0.,1.,0.));
#254=DIRECTION('',(0.,0.,1.));
#255=AXIS2_PLACEMENT_3D('',#252,#253,#254);
#256=PLANE('',#255);
#257=CARTESIAN_POINT('',(-288.,196.252392687,0.000018128));
#258=VERTEX_POINT('',#257);
#259=CARTESIAN_POINT('',(-288.,196.252392687,0.000018128));
#260=DIRECTION('',(0.,0.,1.));
#261=VECTOR('',#260,3.);
#262=LINE('',#259,#261);
#263=EDGE_CURVE('',#258,#189,#262,.T.);
#264=ORIENTED_EDGE('',*,*,#263,.F.);
#265=CARTESIAN_POINT('',(-20.049877289,196.252392687,0.000018128));
#266=VERTEX_POINT('',#265);
#267=CARTESIAN_POINT('',(-20.049877289,196.252392687,0.000018128));
#268=DIRECTION('',(-1.,-0.,0.));
#269=VECTOR('',#268,267.950122711);
#270=LINE('',#267,#269);
#271=EDGE_CURVE('',#266,#258,#270,.T.);
#272=ORIENTED_EDGE('',*,*,#271,.F.);
#273=CARTESIAN_POINT('',(-20.049877289,196.252392687,0.000018128));
#274=DIRECTION('',(0.,0.,1.));
#275=VECTOR('',#274,3.);
#276=LINE('',#273,#275);
#277=EDGE_CURVE('',#266,#197,#276,.T.);
#278=ORIENTED_EDGE('',*,*,#277,.T.);
#279=ORIENTED_EDGE('',*,*,#202,.T.);
#280=EDGE_LOOP('',(#264,#272,#278,#279));
#281=FACE_BOUND('',#280,.T.);
#282=ADVANCED_FACE('',(#281),#256,.F.);
#283=CARTESIAN_POINT('',(-100.049877289,136.847571057,0.000018128));
#284=DIRECTION('',(0.,-1.,0.));
#285=DIRECTION('',(1.,0.,0.));
#286=AXIS2_PLACEMENT_3D('',#283,#284,#285);
#287=PLANE('',#286);
#288=ORIENTED_EDGE('',*,*,#48,.F.);
#289=CARTESIAN_POINT('',(-288.,136.847571057,0.000018128));
#290=VERTEX_POINT('',#289);
#291=CARTESIAN_POINT('',(-288.,136.847571057,3.000018128));
#292=DIRECTION('',(0.,0.,-1.));
#293=VECTOR('',#292,3.);
#294=LINE('',#291,#293);
#295=EDGE_CURVE('',#33,#290,#294,.T.);
#296=ORIENTED_EDGE('',*,*,#295,.T.);
#297=CARTESIAN_POINT('',(-11.949877289,136.847571057,0.000018128));
#298=VERTEX_POINT('',#297);
#299=CARTESIAN_POINT('',(-288.,136.847571057,0.000018128));
#300=DIRECTION('',(1.,0.,0.));
#301=VECTOR('',#300,276.050122711);
#302=LINE('',#299,#301);
#303=EDGE_CURVE('',#290,#298,#302,.T.);
#304=ORIENTED_EDGE('',*,*,#303,.T.);
#305=CARTESIAN_POINT('',(-11.949877289,136.847571057,0.000018128));
#306=DIRECTION('',(0.,0.,1.));
#307=VECTOR('',#306,3.);
#308=LINE('',#305,#307);
#309=EDGE_CURVE('',#298,#43,#308,.T.);
#310=ORIENTED_EDGE('',*,*,#309,.T.);
#311=EDGE_LOOP('',(#288,#296,#304,#310));
#312=FACE_BOUND('',#311,.T.);
#313=ADVANCED_FACE('',(#312),#287,.T.);
#314=CARTESIAN_POINT('',(-100.049877289,217.252392687,0.000018128));
#315=DIRECTION('',(0.,1.,0.));
#316=DIRECTION('',(-1.,0.,0.));
#317=AXIS2_PLACEMENT_3D('',#314,#315,#316);
#318=PLANE('',#317);
#319=CARTESIAN_POINT('',(-11.949877289,217.252392687,0.000018128));
#320=VERTEX_POINT('',#319);
#321=CARTESIAN_POINT('',(-288.,217.252392687,0.000018128));
#322=VERTEX_POINT('',#321);
#323=CARTESIAN_POINT('',(-11.949877289,217.252392687,0.000018128));
#324=DIRECTION('',(-1.,0.,0.));
#325=VECTOR('',#324,276.050122711);
#326=LINE('',#323,#325);
#327=EDGE_CURVE('',#320,#322,#326,.T.);
#328=ORIENTED_EDGE('',*,*,#327,.T.);
#329=CARTESIAN_POINT('',(-288.,217.252392687,0.000018128));
#330=DIRECTION('',(0.,0.,1.));
#331=VECTOR('',#330,3.);
#332=LINE('',#329,#331);
#333=EDGE_CURVE('',#322,#59,#332,.T.);
#334=ORIENTED_EDGE('',*,*,#333,.T.);
#335=ORIENTED_EDGE('',*,*,#64,.F.);
#336=CARTESIAN_POINT('',(-11.949877289,217.252392687,0.000018128));
#337=DIRECTION('',(0.,0.,1.));
#338=VECTOR('',#337,3.);
#339=LINE('',#336,#338);
#340=EDGE_CURVE('',#320,#51,#339,.T.);
#341=ORIENTED_EDGE('',*,*,#340,.F.);
#342=EDGE_LOOP('',(#328,#334,#335,#341));
#343=FACE_BOUND('',#342,.T.);
#344=ADVANCED_FACE('',(#343),#318,.T.);
#345=CARTESIAN_POINT('',(175.950122711,323.550104583,0.000018128));
#346=DIRECTION('',(0.,0.,-1.));
#347=DIRECTION('',(1.,0.,0.));
#348=AXIS2_PLACEMENT_3D('',#345,#346,#347);
#349=PLANE('',#348);
#350=CARTESIAN_POINT('',(-19.049877289,140.825230926,0.000018128));
#351=VERTEX_POINT('',#350);
#352=CARTESIAN_POINT('',(-19.342752547,140.825230926,0.000018128));
#353=VERTEX_POINT('',#352);
#354=CARTESIAN_POINT('',(-19.049877289,140.825230926,0.000018128));
#355=DIRECTION('',(-1.,-0.,0.));
#356=VECTOR('',#355,0.292875258);
#357=LINE('',#354,#356);
#358=EDGE_CURVE('',#351,#353,#357,.T.);
#359=ORIENTED_EDGE('',*,*,#358,.F.);
#360=CARTESIAN_POINT('',(-19.049877289,139.824552645,0.000018128));
#361=VERTEX_POINT('',#360);
#362=CARTESIAN_POINT('',(-19.049877289,139.824552645,0.000018128));
#363=DIRECTION('',(-0.,1.,0.));
#364=VECTOR('',#363,1.000678281);
#365=LINE('',#362,#364);
#366=EDGE_CURVE('',#361,#351,#365,.T.);
#367=ORIENTED_EDGE('',*,*,#366,.F.);
#368=CARTESIAN_POINT('',(-19.342752547,139.824552645,0.000018128));
#369=VERTEX_POINT('',#368);
#370=CARTESIAN_POINT('',(-19.049877289,139.824552645,0.000018128));
#371=DIRECTION('',(-1.,-0.,0.));
#372=VECTOR('',#371,0.292875258);
#373=LINE('',#370,#372);
#374=EDGE_CURVE('',#361,#369,#373,.T.);
#375=ORIENTED_EDGE('',*,*,#374,.T.);
#376=CARTESIAN_POINT('',(-20.049859328,139.116987839,0.000018128));
#377=VERTEX_POINT('',#376);
#378=CARTESIAN_POINT('',(-20.049859328,139.116987839,0.000018128));
#379=CARTESIAN_POINT('',(-20.049859328,139.210150569,0.000018128));
#380=CARTESIAN_POINT('',(-20.013055279,139.394242843,0.000018128));
#381=CARTESIAN_POINT('',(-19.856188057,139.630201716,0.000018128));
#382=CARTESIAN_POINT('',(-19.620522336,139.787514982,0.000018128));
#383=CARTESIAN_POINT('',(-19.435928946,139.824552645,0.000018128));
#384=CARTESIAN_POINT('',(-19.342752547,139.824552645,0.000018128));
#385=B_SPLINE_CURVE_WITH_KNOTS('',3,(#378,#379,#380,#381,#382,#383,#384),.UNSPECIFIED.,.F.,.F.,(4,1,1,1,4),(0.,0.000276239,0.000552234,0.000828105,0.00110497),.UNSPECIFIED.);
#386=EDGE_CURVE('',#377,#369,#385,.T.);
#387=ORIENTED_EDGE('',*,*,#386,.F.);
#388=CARTESIAN_POINT('',(-20.049859328,137.050104248,0.000018128));
#389=VERTEX_POINT('',#388);
#390=CARTESIAN_POINT('',(-20.049859328,137.050104248,0.000018128));
#391=DIRECTION('',(-0.,1.,0.));
#392=VECTOR('',#391,2.066883591);
#393=LINE('',#390,#392);
#394=EDGE_CURVE('',#389,#377,#393,.T.);
#395=ORIENTED_EDGE('',*,*,#394,.F.);
#396=CARTESIAN_POINT('',(-12.049859328,137.050104248,0.000018128));
#397=VERTEX_POINT('',#396);
#398=CARTESIAN_POINT('',(-12.049859328,137.050104248,0.000018128));
#399=DIRECTION('',(-1.,-0.,0.));
#400=VECTOR('',#399,8.);
#401=LINE('',#398,#400);
#402=EDGE_CURVE('',#397,#389,#401,.T.);
#403=ORIENTED_EDGE('',*,*,#402,.F.);
#404=CARTESIAN_POINT('',(-12.049859328,217.04864127,0.000018128));
#405=VERTEX_POINT('',#404);
#406=CARTESIAN_POINT('',(-12.049859328,217.04864127,0.000018128));
#407=DIRECTION('',(0.,-1.,0.));
#408=VECTOR('',#407,79.998537022);
#409=LINE('',#406,#408);
#410=EDGE_CURVE('',#405,#397,#409,.T.);
#411=ORIENTED_EDGE('',*,*,#410,.F.);
#412=CARTESIAN_POINT('',(-20.049859328,217.050104918,0.000018128));
#413=VERTEX_POINT('',#412);
#414=CARTESIAN_POINT('',(-12.049859328,217.04864127,0.000018128));
#415=DIRECTION('',(-0.999999983,0.000182956,0.));
#416=VECTOR('',#415,8.000000134);
#417=LINE('',#414,#416);
#418=EDGE_CURVE('',#405,#413,#417,.T.);
#419=ORIENTED_EDGE('',*,*,#418,.T.);
#420=CARTESIAN_POINT('',(-20.049859328,214.982975905,0.000018128));
#421=VERTEX_POINT('',#420);
#422=CARTESIAN_POINT('',(-20.049859328,214.982975905,0.000018128));
#423=DIRECTION('',(-0.,1.,0.));
#424=VECTOR('',#423,2.067129013);
#425=LINE('',#422,#424);
#426=EDGE_CURVE('',#421,#413,#425,.T.);
#427=ORIENTED_EDGE('',*,*,#426,.F.);
#428=CARTESIAN_POINT('',(-19.342752547,214.275411099,0.000018128));
#429=VERTEX_POINT('',#428);
#430=CARTESIAN_POINT('',(-19.342752547,214.275411099,0.000018128));
#431=CARTESIAN_POINT('',(-19.435916658,214.275411099,0.000018128));
#432=CARTESIAN_POINT('',(-19.620005863,214.312291911,0.000018128));
#433=CARTESIAN_POINT('',(-19.855820829,214.469393372,0.000018128));
#434=CARTESIAN_POINT('',(-20.012898028,214.705206311,0.000018128));
#435=CARTESIAN_POINT('',(-20.049859328,214.889797603,0.000018128));
#436=CARTESIAN_POINT('',(-20.049859328,214.982975905,0.000018128));
#437=B_SPLINE_CURVE_WITH_KNOTS('',3,(#430,#431,#432,#433,#434,#435,#436),.UNSPECIFIED.,.F.,.F.,(4,1,1,1,4),(0.,0.000276239,0.000552234,0.000828105,0.00110497),.UNSPECIFIED.);
#438=EDGE_CURVE('',#429,#421,#437,.T.);
#439=ORIENTED_EDGE('',*,*,#438,.F.);
#440=CARTESIAN_POINT('',(-19.049877289,214.275411099,0.000018128));
#441=VERTEX_POINT('',#440);
#442=CARTESIAN_POINT('',(-19.342752547,214.275411099,0.000018128));
#443=DIRECTION('',(1.,0.,0.));
#444=VECTOR('',#443,0.292875258);
#445=LINE('',#442,#444);
#446=EDGE_CURVE('',#429,#441,#445,.T.);
#447=ORIENTED_EDGE('',*,*,#446,.T.);
#448=CARTESIAN_POINT('',(-19.049877289,213.274732818,0.000018128));
#449=VERTEX_POINT('',#448);
#450=CARTESIAN_POINT('',(-19.049877289,213.274732818,0.000018128));
#451=DIRECTION('',(-0.,1.,0.));
#452=VECTOR('',#451,1.000678281);
#453=LINE('',#450,#452);
#454=EDGE_CURVE('',#449,#441,#453,.T.);
#455=ORIENTED_EDGE('',*,*,#454,.F.);
#456=CARTESIAN_POINT('',(-19.342752547,213.274732818,0.000018128));
#457=VERTEX_POINT('',#456);
#458=CARTESIAN_POINT('',(-19.342752547,213.274732818,0.000018128));
#459=DIRECTION('',(1.,0.,0.));
#460=VECTOR('',#459,0.292875258);
#461=LINE('',#458,#460);
#462=EDGE_CURVE('',#457,#449,#461,.T.);
#463=ORIENTED_EDGE('',*,*,#462,.F.);
#464=CARTESIAN_POINT('',(-20.049859328,212.56712336,0.000018128));
#465=VERTEX_POINT('',#464);
#466=CARTESIAN_POINT('',(-20.049859328,212.56712336,0.000018128));
#467=CARTESIAN_POINT('',(-20.049859328,212.660289106,0.000018128));
#468=CARTESIAN_POINT('',(-20.013059678,212.844387984,0.000018128));
#469=CARTESIAN_POINT('',(-19.856199531,213.080362812,0.000018128));
#470=CARTESIAN_POINT('',(-19.62053176,213.237691224,0.000018128));
#471=CARTESIAN_POINT('',(-19.435931991,213.274732818,0.000018128));
#472=CARTESIAN_POINT('',(-19.342752547,213.274732818,0.000018128));
#473=B_SPLINE_CURVE_WITH_KNOTS('',3,(#466,#467,#468,#469,#470,#471,#472),.UNSPECIFIED.,.F.,.F.,(4,1,1,1,4),(0.,0.000276248,0.000552253,0.000828133,0.001105008),.UNSPECIFIED.);
#474=EDGE_CURVE('',#465,#457,#473,.T.);
#475=ORIENTED_EDGE('',*,*,#474,.F.);
#476=CARTESIAN_POINT('',(-20.049859328,141.532840384,0.000018128));
#477=VERTEX_POINT('',#476);
#478=CARTESIAN_POINT('',(-20.049859328,141.532840384,0.000018128));
#479=DIRECTION('',(-0.,1.,0.));
#480=VECTOR('',#479,71.034282976);
#481=LINE('',#478,#480);
#482=EDGE_CURVE('',#477,#465,#481,.T.);
#483=ORIENTED_EDGE('',*,*,#482,.F.);
#484=CARTESIAN_POINT('',(-19.342752547,140.825230926,0.000018128));
#485=CARTESIAN_POINT('',(-19.435919828,140.825230926,0.000018128));
#486=CARTESIAN_POINT('',(-19.620015115,140.862115669,0.000018128));
#487=CARTESIAN_POINT('',(-19.855832289,141.019232123,0.000018128));
#488=CARTESIAN_POINT('',(-20.012902389,141.255061179,0.000018128));
#489=CARTESIAN_POINT('',(-20.049859328,141.439658875,0.000018128));
#490=CARTESIAN_POINT('',(-20.049859328,141.532840384,0.000018128));
#491=B_SPLINE_CURVE_WITH_KNOTS('',3,(#484,#485,#486,#487,#488,#489,#490),.UNSPECIFIED.,.F.,.F.,(4,1,1,1,4),(0.,0.000276248,0.000552252,0.000828133,0.001105007),.UNSPECIFIED.);
#492=EDGE_CURVE('',#353,#477,#491,.T.);
#493=ORIENTED_EDGE('',*,*,#492,.F.);
#494=EDGE_LOOP('',(#359,#367,#375,#387,#395,#403,#411,#419,#427,#439,#447,#455,#463,#475,#483,#493));
#495=FACE_BOUND('',#494,.T.);
#496=ORIENTED_EDGE('',*,*,#303,.F.);
#497=CARTESIAN_POINT('',(-288.,136.847571057,0.000018128));
#498=DIRECTION('',(0.,1.,0.));
#499=VECTOR('',#498,21.);
#500=LINE('',#497,#499);
#501=EDGE_CURVE('',#290,#227,#500,.T.);
#502=ORIENTED_EDGE('',*,*,#501,.T.);
#503=ORIENTED_EDGE('',*,*,#247,.T.);
#504=CARTESIAN_POINT('',(-20.049877289,157.847571057,0.000018128));
#505=DIRECTION('',(-0.,1.,0.));
#506=VECTOR('',#505,38.40482163);
#507=LINE('',#504,#506);
#508=EDGE_CURVE('',#236,#266,#507,.T.);
#509=ORIENTED_EDGE('',*,*,#508,.T.);
#510=ORIENTED_EDGE('',*,*,#271,.T.);
#511=CARTESIAN_POINT('',(-288.,196.252392687,0.000018128));
#512=DIRECTION('',(0.,1.,0.));
#513=VECTOR('',#512,21.);
#514=LINE('',#511,#513);
#515=EDGE_CURVE('',#258,#322,#514,.T.);
#516=ORIENTED_EDGE('',*,*,#515,.T.);
#517=ORIENTED_EDGE('',*,*,#327,.F.);
#518=CARTESIAN_POINT('',(-11.949877289,136.847571057,0.000018128));
#519=DIRECTION('',(-0.,1.,0.));
#520=VECTOR('',#519,80.40482163);
#521=LINE('',#518,#520);
#522=EDGE_CURVE('',#298,#320,#521,.T.);
#523=ORIENTED_EDGE('',*,*,#522,.F.);
#524=EDGE_LOOP('',(#496,#502,#503,#509,#510,#516,#517,#523));
#525=FACE_BOUND('',#524,.T.);
#526=ADVANCED_FACE('',(#495,#525),#349,.T.);
#527=CARTESIAN_POINT('',(-100.049877289,213.252392687,2.000018128));
#528=DIRECTION('',(0.,1.,0.));
#529=DIRECTION('',(-1.,0.,0.));
#530=AXIS2_PLACEMENT_3D('',#527,#528,#529);
#531=PLANE('',#530);
#532=CARTESIAN_POINT('',(-19.518928544,213.252392687,2.000018128));
#533=VERTEX_POINT('',#532);
#534=CARTESIAN_POINT('',(-288.,213.252392687,2.000018128));
#535=VERTEX_POINT('',#534);
#536=CARTESIAN_POINT('',(-19.518928544,213.252392687,2.000018128));
#537=DIRECTION('',(-1.,0.,0.));
#538=VECTOR('',#537,268.481071456);
#539=LINE('',#536,#538);
#540=EDGE_CURVE('',#533,#535,#539,.T.);
#541=ORIENTED_EDGE('',*,*,#540,.T.);
#542=CARTESIAN_POINT('',(-288.,213.252392687,2.292911347));
#543=VERTEX_POINT('',#542);
#544=CARTESIAN_POINT('',(-288.,213.252392687,2.000018128));
#545=DIRECTION('',(0.,0.,1.));
#546=VECTOR('',#545,0.292893219);
#547=LINE('',#544,#546);
#548=EDGE_CURVE('',#535,#543,#547,.T.);
#549=ORIENTED_EDGE('',*,*,#548,.T.);
#550=CARTESIAN_POINT('',(-19.518928534,213.252392687,2.292911347));
#551=VERTEX_POINT('',#550);
#552=CARTESIAN_POINT('',(-288.,213.252392687,2.292911347));
#553=DIRECTION('',(1.,-0.,-0.));
#554=VECTOR('',#553,268.481071466);
#555=LINE('',#552,#554);
#556=EDGE_CURVE('',#543,#551,#555,.T.);
#557=ORIENTED_EDGE('',*,*,#556,.T.);
#558=CARTESIAN_POINT('',(-19.518928534,213.252392687,2.000018128));
#559=DIRECTION('',(0.,0.,1.));
#560=VECTOR('',#559,0.292893219);
#561=LINE('',#558,#560);
#562=EDGE_CURVE('',#533,#551,#561,.T.);
#563=ORIENTED_EDGE('',*,*,#562,.F.);
#564=EDGE_LOOP('',(#541,#549,#557,#563));
#565=FACE_BOUND('',#564,.T.);
#566=ADVANCED_FACE('',(#565),#531,.T.);
#567=CARTESIAN_POINT('',(-100.049877289,214.252392687,2.000018128));
#568=DIRECTION('',(0.,1.,0.));
#569=DIRECTION('',(-1.,0.,0.));
#570=AXIS2_PLACEMENT_3D('',#567,#568,#569);
#571=PLANE('',#570);
#572=CARTESIAN_POINT('',(-288.,214.252392687,2.000018128));
#573=VERTEX_POINT('',#572);
#574=CARTESIAN_POINT('',(-288.,214.252392687,2.292911347));
#575=VERTEX_POINT('',#574);
#576=CARTESIAN_POINT('',(-288.,214.252392687,2.000018128));
#577=DIRECTION('',(0.,0.,1.));
#578=VECTOR('',#577,0.292893219);
#579=LINE('',#576,#578);
#580=EDGE_CURVE('',#573,#575,#579,.T.);
#581=ORIENTED_EDGE('',*,*,#580,.F.);
#582=CARTESIAN_POINT('',(-19.049877289,214.252392687,2.000018128));
#583=VERTEX_POINT('',#582);
#584=CARTESIAN_POINT('',(-19.049877289,214.252392687,2.000018128));
#585=DIRECTION('',(-1.,0.,0.));
#586=VECTOR('',#585,268.950122711);
#587=LINE('',#584,#586);
#588=EDGE_CURVE('',#583,#573,#587,.T.);
#589=ORIENTED_EDGE('',*,*,#588,.F.);
#590=CARTESIAN_POINT('',(-19.049877289,214.252392687,2.292911347));
#591=VERTEX_POINT('',#590);
#592=CARTESIAN_POINT('',(-19.049877289,214.252392687,2.000018128));
#593=DIRECTION('',(0.,0.,1.));
#594=VECTOR('',#593,0.292893219);
#595=LINE('',#592,#594);
#596=EDGE_CURVE('',#583,#591,#595,.T.);
#597=ORIENTED_EDGE('',*,*,#596,.T.);
#598=CARTESIAN_POINT('',(-19.049877289,214.252392687,2.292911347));
#599=DIRECTION('',(-1.,0.,0.));
#600=VECTOR('',#599,268.950122711);
#601=LINE('',#598,#600);
#602=EDGE_CURVE('',#591,#575,#601,.T.);
#603=ORIENTED_EDGE('',*,*,#602,.T.);
#604=EDGE_LOOP('',(#581,#589,#597,#603));
#605=FACE_BOUND('',#604,.T.);
#606=ADVANCED_FACE('',(#605),#571,.F.);
#607=CARTESIAN_POINT('',(109.950122711,323.550104583,2.000018128));
#608=DIRECTION('',(0.,0.,-1.));
#609=DIRECTION('',(1.,0.,0.));
#610=AXIS2_PLACEMENT_3D('',#607,#608,#609);
#611=PLANE('',#610);
#612=CARTESIAN_POINT('',(-288.,213.252392687,2.000018128));
#613=DIRECTION('',(0.,1.,0.));
#614=VECTOR('',#613,1.);
#615=LINE('',#612,#614);
#616=EDGE_CURVE('',#535,#573,#615,.T.);
#617=ORIENTED_EDGE('',*,*,#616,.F.);
#618=ORIENTED_EDGE('',*,*,#540,.F.);
#619=CARTESIAN_POINT('',(-19.342752547,213.274732818,2.000018128));
#620=VERTEX_POINT('',#619);
#621=CARTESIAN_POINT('',(-19.518928185,213.25239278,2.000018128));
#622=CARTESIAN_POINT('',(-19.46156752,213.267153846,2.000018128));
#623=CARTESIAN_POINT('',(-19.402305774,213.274732818,2.000018128));
#624=CARTESIAN_POINT('',(-19.342752547,213.274732818,2.000018128));
#625=B_SPLINE_CURVE_WITH_KNOTS('',3,(#621,#622,#623,#624),.UNSPECIFIED.,.F.,.F.,(4,4),(0.00092805,0.001105008),.UNSPECIFIED.);
#626=EDGE_CURVE('',#533,#620,#625,.T.);
#627=ORIENTED_EDGE('',*,*,#626,.T.);
#628=CARTESIAN_POINT('',(-19.049877289,213.274732818,2.000018128));
#629=VERTEX_POINT('',#628);
#630=CARTESIAN_POINT('',(-19.342752547,213.274732818,2.000018128));
#631=DIRECTION('',(1.,0.,0.));
#632=VECTOR('',#631,0.292875258);
#633=LINE('',#630,#632);
#634=EDGE_CURVE('',#620,#629,#633,.T.);
#635=ORIENTED_EDGE('',*,*,#634,.T.);
#636=CARTESIAN_POINT('',(-19.049877289,213.274732818,2.000018128));
#637=DIRECTION('',(-0.,1.,0.));
#638=VECTOR('',#637,0.977659869);
#639=LINE('',#636,#638);
#640=EDGE_CURVE('',#629,#583,#639,.T.);
#641=ORIENTED_EDGE('',*,*,#640,.T.);
#642=ORIENTED_EDGE('',*,*,#588,.T.);
#643=EDGE_LOOP('',(#617,#618,#627,#635,#641,#642));
#644=FACE_BOUND('',#643,.T.);
#645=ADVANCED_FACE('',(#644),#611,.F.);
#646=CARTESIAN_POINT('',(175.950122711,212.545285906,2.292911347));
#647=DIRECTION('',(1.,-0.,0.));
#648=DIRECTION('',(0.,1.,0.));
#649=AXIS2_PLACEMENT_3D('',#646,#647,#648);
#650=CYLINDRICAL_SURFACE('',#649,0.707106781);
#651=ORIENTED_EDGE('',*,*,#556,.F.);
#652=CARTESIAN_POINT('',(-288.,212.545285906,2.292911347));
#653=DIRECTION('',(1.,-0.,-0.));
#654=DIRECTION('',(0.,0.,1.));
#655=AXIS2_PLACEMENT_3D('',#652,#653,#654);
#656=CIRCLE('',#655,0.707106781);
#657=EDGE_CURVE('',#543,#181,#656,.T.);
#658=ORIENTED_EDGE('',*,*,#657,.T.);
#659=ORIENTED_EDGE('',*,*,#186,.F.);
#660=CARTESIAN_POINT('',(-20.049859328,212.56712336,2.999680846));
#661=VERTEX_POINT('',#660);
#662=CARTESIAN_POINT('',(-20.049859328,212.545285906,2.292911347));
#663=DIRECTION('',(1.,0.,-0.));
#664=DIRECTION('',(0.,0.,1.));
#665=AXIS2_PLACEMENT_3D('',#662,#663,#664);
#666=CIRCLE('',#665,0.707106781);
#667=EDGE_CURVE('',#661,#173,#666,.T.);
#668=ORIENTED_EDGE('',*,*,#667,.F.);
#669=CARTESIAN_POINT('',(-19.518928534,213.252392687,2.292911347));
#670=CARTESIAN_POINT('',(-19.518928534,213.252392687,2.345238572));
#671=CARTESIAN_POINT('',(-19.541993868,213.246618988,2.393283716));
#672=CARTESIAN_POINT('',(-19.568542581,213.237670981,2.436448479));
#673=CARTESIAN_POINT('',(-19.595091293,213.228722974,2.479613241));
#674=CARTESIAN_POINT('',(-19.626014532,213.216370073,2.519444241));
#675=CARTESIAN_POINT('',(-19.656820301,213.201075332,2.557373498));
#676=CARTESIAN_POINT('',(-19.718431838,213.170485849,2.633232012));
#677=CARTESIAN_POINT('',(-19.782446092,213.127214703,2.703408769));
#678=CARTESIAN_POINT('',(-19.83970943,213.070614065,2.766229766));
#679=CARTESIAN_POINT('',(-19.896972767,213.014013426,2.829050763));
#680=CARTESIAN_POINT('',(-19.949360411,212.942428869,2.88562434));
#681=CARTESIAN_POINT('',(-19.987717788,212.85713609,2.927536797));
#682=CARTESIAN_POINT('',(-20.026075164,212.771843312,2.969449255));
#683=CARTESIAN_POINT('',(-20.049859328,212.671053194,2.996469668));
#684=CARTESIAN_POINT('',(-20.049859328,212.56712336,2.999680846));
#685=B_SPLINE_CURVE_WITH_KNOTS('',3,(#669,#670,#671,#672,#673,#674,#675,#676,#677,#678,#679,#680,#681,#682,#683,#684),.UNSPECIFIED.,.F.,.F.,(4,3,3,3,3,4),(0.,0.000154035,0.00030807,0.000616139,0.000924209,0.001232279),.UNSPECIFIED.);
#686=EDGE_CURVE('',#551,#661,#685,.T.);
#687=ORIENTED_EDGE('',*,*,#686,.F.);
#688=EDGE_LOOP('',(#651,#658,#659,#668,#687));
#689=FACE_BOUND('',#688,.T.);
#690=ADVANCED_FACE('',(#689),#650,.T.);
#691=CARTESIAN_POINT('',(-100.049877289,214.959499468,2.292911347));
#692=DIRECTION('',(-1.,0.,0.));
#693=DIRECTION('',(-0.,-1.,0.));
#694=AXIS2_PLACEMENT_3D('',#691,#692,#693);
#695=CYLINDRICAL_SURFACE('',#694,0.707106781);
#696=ORIENTED_EDGE('',*,*,#80,.F.);
#697=CARTESIAN_POINT('',(-288.,214.959499468,2.292911347));
#698=DIRECTION('',(1.,-0.,-0.));
#699=DIRECTION('',(0.,0.,1.));
#700=AXIS2_PLACEMENT_3D('',#697,#698,#699);
#701=CIRCLE('',#700,0.707106781);
#702=EDGE_CURVE('',#67,#575,#701,.T.);
#703=ORIENTED_EDGE('',*,*,#702,.T.);
#704=ORIENTED_EDGE('',*,*,#602,.F.);
#705=CARTESIAN_POINT('',(-19.049877289,214.275411099,2.471861347));
#706=VERTEX_POINT('',#705);
#707=CARTESIAN_POINT('',(-19.049877289,214.959499468,2.292911347));
#708=DIRECTION('',(1.,0.,-0.));
#709=DIRECTION('',(0.,0.,1.));
#710=AXIS2_PLACEMENT_3D('',#707,#708,#709);
#711=CIRCLE('',#710,0.707106781);
#712=EDGE_CURVE('',#706,#591,#711,.T.);
#713=ORIENTED_EDGE('',*,*,#712,.F.);
#714=CARTESIAN_POINT('',(-19.342752547,214.275411099,2.471861347));
#715=VERTEX_POINT('',#714);
#716=CARTESIAN_POINT('',(-19.342752547,214.275411099,2.471861347));
#717=DIRECTION('',(1.,-0.,-0.));
#718=VECTOR('',#717,0.292875258);
#719=LINE('',#716,#718);
#720=EDGE_CURVE('',#715,#706,#719,.T.);
#721=ORIENTED_EDGE('',*,*,#720,.F.);
#722=CARTESIAN_POINT('',(-20.049467839,214.959499468,3.000018128));
#723=CARTESIAN_POINT('',(-20.047736694,214.907583016,3.000018128));
#724=CARTESIAN_POINT('',(-20.040407166,214.85736375,2.994376514));
#725=CARTESIAN_POINT('',(-20.028039312,214.808660542,2.983742454));
#726=CARTESIAN_POINT('',(-20.015671458,214.759957334,2.973108394));
#727=CARTESIAN_POINT('',(-19.998225387,214.713365136,2.957445161));
#728=CARTESIAN_POINT('',(-19.977225235,214.670676247,2.938342324));
#729=CARTESIAN_POINT('',(-19.956225082,214.627987357,2.919239487));
#730=CARTESIAN_POINT('',(-19.931280032,214.588272479,2.896293713));
#731=CARTESIAN_POINT('',(-19.904191818,214.552806469,2.871358237));
#732=CARTESIAN_POINT('',(-19.877103604,214.517340459,2.846422761));
#733=CARTESIAN_POINT('',(-19.847655442,214.485648508,2.819316386));
#734=CARTESIAN_POINT('',(-19.816000586,214.45717271,2.79057371));
#735=CARTESIAN_POINT('',(-19.752690873,214.400221116,2.733088359));
#736=CARTESIAN_POINT('',(-19.683251522,214.357534901,2.670180063));
#737=CARTESIAN_POINT('',(-19.607559644,214.326911814,2.608874731));
#738=CARTESIAN_POINT('',(-19.569713705,214.311600271,2.578222065));
#739=CARTESIAN_POINT('',(-19.529819214,214.299188872,2.547403022));
#740=CARTESIAN_POINT('',(-19.486558597,214.290199511,2.521028788));
#741=CARTESIAN_POINT('',(-19.443297979,214.28121015,2.494654554));
#742=CARTESIAN_POINT('',(-19.394828135,214.275411099,2.471861347));
#743=CARTESIAN_POINT('',(-19.342752547,214.275411099,2.471861347));
#744=B_SPLINE_CURVE_WITH_KNOTS('',3,(#722,#723,#724,#725,#726,#727,#728,#729,#730,#731,#732,#733,#734,#735,#736,#737,#738,#739,#740,#741,#742,#743),.UNSPECIFIED.,.F.,.F.,(4,3,3,3,3,3,3,4),(0.,0.000153124,0.000306247,0.000459371,0.000612495,0.000918742,0.001071866,0.001224989),.UNSPECIFIED.);
#745=EDGE_CURVE('',#75,#715,#744,.T.);
#746=ORIENTED_EDGE('',*,*,#745,.F.);
#747=EDGE_LOOP('',(#696,#703,#704,#713,#721,#746));
#748=FACE_BOUND('',#747,.T.);
#749=ADVANCED_FACE('',(#748),#695,.T.);
#750=CARTESIAN_POINT('',(-100.049877289,139.847571057,2.000018128));
#751=DIRECTION('',(0.,-1.,0.));
#752=DIRECTION('',(1.,0.,0.));
#753=AXIS2_PLACEMENT_3D('',#750,#751,#752);
#754=PLANE('',#753);
#755=CARTESIAN_POINT('',(-288.,139.847571057,2.292911347));
#756=VERTEX_POINT('',#755);
#757=CARTESIAN_POINT('',(-288.,139.847571057,2.000018128));
#758=VERTEX_POINT('',#757);
#759=CARTESIAN_POINT('',(-288.,139.847571057,2.292911347));
#760=DIRECTION('',(0.,0.,-1.));
#761=VECTOR('',#760,0.292893219);
#762=LINE('',#759,#761);
#763=EDGE_CURVE('',#756,#758,#762,.T.);
#764=ORIENTED_EDGE('',*,*,#763,.F.);
#765=CARTESIAN_POINT('',(-19.049877289,139.847571057,2.292911347));
#766=VERTEX_POINT('',#765);
#767=CARTESIAN_POINT('',(-288.,139.847571057,2.292911347));
#768=DIRECTION('',(1.,0.,0.));
#769=VECTOR('',#768,268.950122711);
#770=LINE('',#767,#769);
#771=EDGE_CURVE('',#756,#766,#770,.T.);
#772=ORIENTED_EDGE('',*,*,#771,.T.);
#773=CARTESIAN_POINT('',(-19.049877289,139.847571057,2.000018128));
#774=VERTEX_POINT('',#773);
#775=CARTESIAN_POINT('',(-19.049877289,139.847571057,2.000018128));
#776=DIRECTION('',(0.,0.,1.));
#777=VECTOR('',#776,0.292893219);
#778=LINE('',#775,#777);
#779=EDGE_CURVE('',#774,#766,#778,.T.);
#780=ORIENTED_EDGE('',*,*,#779,.F.);
#781=CARTESIAN_POINT('',(-288.,139.847571057,2.000018128));
#782=DIRECTION('',(1.,0.,0.));
#783=VECTOR('',#782,268.950122711);
#784=LINE('',#781,#783);
#785=EDGE_CURVE('',#758,#774,#784,.T.);
#786=ORIENTED_EDGE('',*,*,#785,.F.);
#787=EDGE_LOOP('',(#764,#772,#780,#786));
#788=FACE_BOUND('',#787,.T.);
#789=ADVANCED_FACE('',(#788),#754,.F.);
#790=CARTESIAN_POINT('',(-100.049877289,140.847571057,2.000018128));
#791=DIRECTION('',(0.,-1.,0.));
#792=DIRECTION('',(1.,0.,0.));
#793=AXIS2_PLACEMENT_3D('',#790,#791,#792);
#794=PLANE('',#793);
#795=CARTESIAN_POINT('',(-19.519030865,140.847571057,2.292911347));
#796=VERTEX_POINT('',#795);
#797=CARTESIAN_POINT('',(-288.,140.847571057,2.292911347));
#798=VERTEX_POINT('',#797);
#799=CARTESIAN_POINT('',(-19.519030865,140.847571057,2.292911347));
#800=DIRECTION('',(-1.,-0.,-0.));
#801=VECTOR('',#800,268.480969135);
#802=LINE('',#799,#801);
#803=EDGE_CURVE('',#796,#798,#802,.T.);
#804=ORIENTED_EDGE('',*,*,#803,.T.);
#805=CARTESIAN_POINT('',(-288.,140.847571057,2.000018128));
#806=VERTEX_POINT('',#805);
#807=CARTESIAN_POINT('',(-288.,140.847571057,2.292911347));
#808=DIRECTION('',(0.,0.,-1.));
#809=VECTOR('',#808,0.292893219);
#810=LINE('',#807,#809);
#811=EDGE_CURVE('',#798,#806,#810,.T.);
#812=ORIENTED_EDGE('',*,*,#811,.T.);
#813=CARTESIAN_POINT('',(-19.519030865,140.847571057,2.000018128));
#814=VERTEX_POINT('',#813);
#815=CARTESIAN_POINT('',(-288.,140.847571057,2.000018128));
#816=DIRECTION('',(1.,0.,0.));
#817=VECTOR('',#816,268.480969135);
#818=LINE('',#815,#817);
#819=EDGE_CURVE('',#806,#814,#818,.T.);
#820=ORIENTED_EDGE('',*,*,#819,.T.);
#821=CARTESIAN_POINT('',(-19.519030865,140.847571057,2.000018128));
#822=DIRECTION('',(0.,0.,1.));
#823=VECTOR('',#822,0.292893219);
#824=LINE('',#821,#823);
#825=EDGE_CURVE('',#814,#796,#824,.T.);
#826=ORIENTED_EDGE('',*,*,#825,.T.);
#827=EDGE_LOOP('',(#804,#812,#820,#826));
#828=FACE_BOUND('',#827,.T.);
#829=ADVANCED_FACE('',(#828),#794,.T.);
#830=CARTESIAN_POINT('',(109.950122711,323.550104583,2.000018128));
#831=DIRECTION('',(0.,0.,-1.));
#832=DIRECTION('',(1.,0.,0.));
#833=AXIS2_PLACEMENT_3D('',#830,#831,#832);
#834=PLANE('',#833);
#835=CARTESIAN_POINT('',(-288.,139.847571057,2.000018128));
#836=DIRECTION('',(0.,1.,0.));
#837=VECTOR('',#836,1.);
#838=LINE('',#835,#837);
#839=EDGE_CURVE('',#758,#806,#838,.T.);
#840=ORIENTED_EDGE('',*,*,#839,.F.);
#841=ORIENTED_EDGE('',*,*,#785,.T.);
#842=CARTESIAN_POINT('',(-19.049877289,140.825230926,2.000018128));
#843=VERTEX_POINT('',#842);
#844=CARTESIAN_POINT('',(-19.049877289,139.847571057,2.000018128));
#845=DIRECTION('',(-0.,1.,0.));
#846=VECTOR('',#845,0.977659869);
#847=LINE('',#844,#846);
#848=EDGE_CURVE('',#774,#843,#847,.T.);
#849=ORIENTED_EDGE('',*,*,#848,.T.);
#850=CARTESIAN_POINT('',(-19.342752547,140.825230926,2.000018128));
#851=VERTEX_POINT('',#850);
#852=CARTESIAN_POINT('',(-19.049877289,140.825230926,2.000018128));
#853=DIRECTION('',(-1.,-0.,0.));
#854=VECTOR('',#853,0.292875258);
#855=LINE('',#852,#854);
#856=EDGE_CURVE('',#843,#851,#855,.T.);
#857=ORIENTED_EDGE('',*,*,#856,.T.);
#858=CARTESIAN_POINT('',(-19.342752547,140.825230926,2.000018128));
#859=CARTESIAN_POINT('',(-19.402449037,140.825230926,2.000018128));
#860=CARTESIAN_POINT('',(-19.461702585,140.832805875,2.000018128));
#861=CARTESIAN_POINT('',(-19.519030487,140.847570957,2.000018128));
#862=B_SPLINE_CURVE_WITH_KNOTS('',3,(#858,#859,#860,#861),.UNSPECIFIED.,.F.,.F.,(4,4),(0.,0.000177005),.UNSPECIFIED.);
#863=EDGE_CURVE('',#851,#814,#862,.T.);
#864=ORIENTED_EDGE('',*,*,#863,.T.);
#865=ORIENTED_EDGE('',*,*,#819,.F.);
#866=EDGE_LOOP('',(#840,#841,#849,#857,#864,#865));
#867=FACE_BOUND('',#866,.T.);
#868=ADVANCED_FACE('',(#867),#834,.F.);
#869=CARTESIAN_POINT('',(-100.049877289,139.140464276,2.292911347));
#870=DIRECTION('',(1.,0.,0.));
#871=DIRECTION('',(-0.,1.,0.));
#872=AXIS2_PLACEMENT_3D('',#869,#870,#871);
#873=CYLINDRICAL_SURFACE('',#872,0.707106781);
#874=ORIENTED_EDGE('',*,*,#771,.F.);
#875=CARTESIAN_POINT('',(-288.,139.140464276,2.292911347));
#876=DIRECTION('',(1.,-0.,-0.));
#877=DIRECTION('',(0.,0.,1.));
#878=AXIS2_PLACEMENT_3D('',#875,#876,#877);
#879=CIRCLE('',#878,0.707106781);
#880=EDGE_CURVE('',#756,#35,#879,.T.);
#881=ORIENTED_EDGE('',*,*,#880,.T.);
#882=ORIENTED_EDGE('',*,*,#144,.F.);
#883=CARTESIAN_POINT('',(-19.342752547,139.824552645,2.471861347));
#884=VERTEX_POINT('',#883);
#885=CARTESIAN_POINT('',(-19.342752547,139.824552645,2.471861347));
#886=CARTESIAN_POINT('',(-19.394975703,139.824552645,2.471861347));
#887=CARTESIAN_POINT('',(-19.443017002,139.818766444,2.49459944));
#888=CARTESIAN_POINT('',(-19.486203956,139.809811992,2.520888614));
#889=CARTESIAN_POINT('',(-19.52939091,139.80085754,2.547177789));
#890=CARTESIAN_POINT('',(-19.569263742,139.788499762,2.577911315));
#891=CARTESIAN_POINT('',(-19.607167205,139.773205445,2.608567193));
#892=CARTESIAN_POINT('',(-19.68297413,139.74261681,2.669878948));
#893=CARTESIAN_POINT('',(-19.753166612,139.699346062,2.733479085));
#894=CARTESIAN_POINT('',(-19.81596776,139.642833258,2.790531086));
#895=CARTESIAN_POINT('',(-19.878768907,139.586320455,2.847583087));
#896=CARTESIAN_POINT('',(-19.935023684,139.514834222,2.8999869));
#897=CARTESIAN_POINT('',(-19.976983461,139.429753982,2.938133375));
#898=CARTESIAN_POINT('',(-20.018943239,139.344673742,2.976279851));
#899=CARTESIAN_POINT('',(-20.046026022,139.244174451,3.000018128));
#900=CARTESIAN_POINT('',(-20.049469631,139.140464276,3.000018128));
#901=B_SPLINE_CURVE_WITH_KNOTS('',3,(#885,#886,#887,#888,#889,#890,#891,#892,#893,#894,#895,#896,#897,#898,#899,#900),.UNSPECIFIED.,.F.,.F.,(4,3,3,3,3,4),(0.,0.000153731,0.000307461,0.000614923,0.000922384,0.001229845),.UNSPECIFIED.);
#902=EDGE_CURVE('',#884,#132,#901,.T.);
#903=ORIENTED_EDGE('',*,*,#902,.F.);
#904=CARTESIAN_POINT('',(-19.049877289,139.824552645,2.471861347));
#905=VERTEX_POINT('',#904);
#906=CARTESIAN_POINT('',(-19.049877289,139.824552645,2.471861347));
#907=DIRECTION('',(-1.,-0.,-0.));
#908=VECTOR('',#907,0.292875258);
#909=LINE('',#906,#908);
#910=EDGE_CURVE('',#905,#884,#909,.T.);
#911=ORIENTED_EDGE('',*,*,#910,.F.);
#912=CARTESIAN_POINT('',(-19.049877289,139.140464276,2.292911347));
#913=DIRECTION('',(1.,0.,-0.));
#914=DIRECTION('',(0.,0.,1.));
#915=AXIS2_PLACEMENT_3D('',#912,#913,#914);
#916=CIRCLE('',#915,0.707106781);
#917=EDGE_CURVE('',#766,#905,#916,.T.);
#918=ORIENTED_EDGE('',*,*,#917,.F.);
#919=EDGE_LOOP('',(#874,#881,#882,#903,#911,#918));
#920=FACE_BOUND('',#919,.T.);
#921=ADVANCED_FACE('',(#920),#873,.T.);
#922=CARTESIAN_POINT('',(175.950122711,141.554677838,2.292911347));
#923=DIRECTION('',(-1.,-0.,0.));
#924=DIRECTION('',(0.,-1.,0.));
#925=AXIS2_PLACEMENT_3D('',#922,#923,#924);
#926=CYLINDRICAL_SURFACE('',#925,0.707106781);
#927=ORIENTED_EDGE('',*,*,#170,.F.);
#928=CARTESIAN_POINT('',(-288.,141.554677838,2.292911347));
#929=DIRECTION('',(1.,-0.,-0.));
#930=DIRECTION('',(0.,0.,1.));
#931=AXIS2_PLACEMENT_3D('',#928,#929,#930);
#932=CIRCLE('',#931,0.707106781);
#933=EDGE_CURVE('',#155,#798,#932,.T.);
#934=ORIENTED_EDGE('',*,*,#933,.T.);
#935=ORIENTED_EDGE('',*,*,#803,.F.);
#936=CARTESIAN_POINT('',(-20.049859328,141.532840384,2.999680846));
#937=VERTEX_POINT('',#936);
#938=CARTESIAN_POINT('',(-20.049859328,141.532840384,2.999680846));
#939=CARTESIAN_POINT('',(-20.049859328,141.480813603,2.998073346));
#940=CARTESIAN_POINT('',(-20.044175744,141.43047896,2.990844141));
#941=CARTESIAN_POINT('',(-20.033505364,141.381655467,2.978522942));
#942=CARTESIAN_POINT('',(-20.022834984,141.332831974,2.966201743));
#943=CARTESIAN_POINT('',(-20.007140095,141.286134495,2.948773927));
#944=CARTESIAN_POINT('',(-19.987954247,141.243345376,2.92779094));
#945=CARTESIAN_POINT('',(-19.968768398,141.200556258,2.906807954));
#946=CARTESIAN_POINT('',(-19.945735686,141.160766971,2.881837623));
#947=CARTESIAN_POINT('',(-19.92075781,141.125241143,2.854680093));
#948=CARTESIAN_POINT('',(-19.895779934,141.089715314,2.827522563));
#949=CARTESIAN_POINT('',(-19.868658502,141.057958277,2.797972373));
#950=CARTESIAN_POINT('',(-19.839780506,141.029421302,2.766309246));
#951=CARTESIAN_POINT('',(-19.782024514,140.97234735,2.702982993));
#952=CARTESIAN_POINT('',(-19.718724357,140.929698726,2.633626979));
#953=CARTESIAN_POINT('',(-19.657166933,140.899073661,2.557832399));
#954=CARTESIAN_POINT('',(-19.626388221,140.883761128,2.519935108));
#955=CARTESIAN_POINT('',(-19.595413196,140.871350264,2.480032181));
#956=CARTESIAN_POINT('',(-19.568807076,140.862364084,2.436792082));
#957=CARTESIAN_POINT('',(-19.542200957,140.853377904,2.393551982));
#958=CARTESIAN_POINT('',(-19.519030876,140.847571057,2.345079044));
#959=CARTESIAN_POINT('',(-19.519030876,140.847571057,2.292911345));
#960=B_SPLINE_CURVE_WITH_KNOTS('',3,(#938,#939,#940,#941,#942,#943,#944,#945,#946,#947,#948,#949,#950,#951,#952,#953,#954,#955,#956,#957,#958,#959),.UNSPECIFIED.,.F.,.F.,(4,3,3,3,3,3,3,4),(0.,0.000153438,0.000306875,0.000460313,0.00061375,0.000920625,0.001074063,0.0012275),.UNSPECIFIED.);
#961=EDGE_CURVE('',#937,#796,#960,.T.);
#962=ORIENTED_EDGE('',*,*,#961,.F.);
#963=CARTESIAN_POINT('',(-20.049859328,141.554677838,2.292911347));
#964=DIRECTION('',(1.,0.,-0.));
#965=DIRECTION('',(0.,0.,1.));
#966=AXIS2_PLACEMENT_3D('',#963,#964,#965);
#967=CIRCLE('',#966,0.707106781);
#968=EDGE_CURVE('',#165,#937,#967,.T.);
#969=ORIENTED_EDGE('',*,*,#968,.F.);
#970=EDGE_LOOP('',(#927,#934,#935,#962,#969));
#971=FACE_BOUND('',#970,.T.);
#972=ADVANCED_FACE('',(#971),#926,.T.);
#973=CARTESIAN_POINT('',(-19.049877289,140.324891786,0.000018128));
#974=DIRECTION('',(1.,0.,0.));
#975=DIRECTION('',(0.,0.,1.));
#976=AXIS2_PLACEMENT_3D('',#973,#974,#975);
#977=PLANE('',#976);
#978=ORIENTED_EDGE('',*,*,#779,.T.);
#979=ORIENTED_EDGE('',*,*,#917,.T.);
#980=CARTESIAN_POINT('',(-19.049877289,139.824552645,0.000018128));
#981=DIRECTION('',(0.,0.,1.));
#982=VECTOR('',#981,2.471843219);
#983=LINE('',#980,#982);
#984=EDGE_CURVE('',#361,#905,#983,.T.);
#985=ORIENTED_EDGE('',*,*,#984,.F.);
#986=ORIENTED_EDGE('',*,*,#366,.T.);
#987=CARTESIAN_POINT('',(-19.049877289,140.825230926,0.000018128));
#988=DIRECTION('',(0.,0.,1.));
#989=VECTOR('',#988,2.);
#990=LINE('',#987,#989);
#991=EDGE_CURVE('',#351,#843,#990,.T.);
#992=ORIENTED_EDGE('',*,*,#991,.T.);
#993=ORIENTED_EDGE('',*,*,#848,.F.);
#994=EDGE_LOOP('',(#978,#979,#985,#986,#992,#993));
#995=FACE_BOUND('',#994,.T.);
#996=ADVANCED_FACE('',(#995),#977,.T.);
#997=CARTESIAN_POINT('',(-20.049859328,212.56712336,0.000018128));
#998=CARTESIAN_POINT('',(-20.049859328,212.56712336,2.999680846));
#999=CARTESIAN_POINT('',(-20.049859328,212.660289106,0.000018128));
#1000=CARTESIAN_POINT('',(-20.049859328,212.660289106,2.999680846));
#1001=CARTESIAN_POINT('',(-20.013059678,212.844387984,0.000018128));
#1002=CARTESIAN_POINT('',(-20.013059678,212.844387984,2.999680846));
#1003=CARTESIAN_POINT('',(-19.856199531,213.080362812,0.000018128));
#1004=CARTESIAN_POINT('',(-19.856199531,213.080362812,2.999680846));
#1005=CARTESIAN_POINT('',(-19.62053176,213.237691224,0.000018128));
#1006=CARTESIAN_POINT('',(-19.62053176,213.237691224,2.999680846));
#1007=CARTESIAN_POINT('',(-19.435931991,213.274732818,0.000018128));
#1008=CARTESIAN_POINT('',(-19.435931991,213.274732818,2.999680846));
#1009=CARTESIAN_POINT('',(-19.342752547,213.274732818,0.000018128));
#1010=CARTESIAN_POINT('',(-19.342752547,213.274732818,2.999680846));
#1011=B_SPLINE_SURFACE_WITH_KNOTS('',3,1,((#997,#998),(#999,#1000),(#1001,#1002),(#1003,#1004),(#1005,#1006),(#1007,#1008),(#1009,#1010)),.UNSPECIFIED.,.F.,.F.,.U.,(4,1,1,1,4),(2,2),(0.,0.000276248,0.000552253,0.000828133,0.001105008),(0.,0.999887573),.UNSPECIFIED.);
#1012=ORIENTED_EDGE('',*,*,#562,.T.);
#1013=ORIENTED_EDGE('',*,*,#686,.T.);
#1014=CARTESIAN_POINT('',(-20.049859328,212.56712336,0.000018128));
#1015=DIRECTION('',(0.,0.,1.));
#1016=VECTOR('',#1015,2.999662718);
#1017=LINE('',#1014,#1016);
#1018=EDGE_CURVE('',#465,#661,#1017,.T.);
#1019=ORIENTED_EDGE('',*,*,#1018,.F.);
#1020=ORIENTED_EDGE('',*,*,#474,.T.);
#1021=CARTESIAN_POINT('',(-19.342752547,213.274732818,0.000018128));
#1022=DIRECTION('',(0.,0.,1.));
#1023=VECTOR('',#1022,2.);
#1024=LINE('',#1021,#1023);
#1025=EDGE_CURVE('',#457,#620,#1024,.T.);
#1026=ORIENTED_EDGE('',*,*,#1025,.T.);
#1027=ORIENTED_EDGE('',*,*,#626,.F.);
#1028=EDGE_LOOP('',(#1012,#1013,#1019,#1020,#1026,#1027));
#1029=FACE_BOUND('',#1028,.T.);
#1030=ADVANCED_FACE('',(#1029),#1011,.T.);
#1031=CARTESIAN_POINT('',(-20.049877289,177.049981872,0.000018128));
#1032=DIRECTION('',(1.,0.,0.));
#1033=DIRECTION('',(0.,0.,1.));
#1034=AXIS2_PLACEMENT_3D('',#1031,#1032,#1033);
#1035=PLANE('',#1034);
#1036=ORIENTED_EDGE('',*,*,#210,.T.);
#1037=ORIENTED_EDGE('',*,*,#277,.F.);
#1038=ORIENTED_EDGE('',*,*,#508,.F.);
#1039=ORIENTED_EDGE('',*,*,#241,.T.);
#1040=EDGE_LOOP('',(#1036,#1037,#1038,#1039));
#1041=FACE_BOUND('',#1040,.T.);
#1042=ADVANCED_FACE('',(#1041),#1035,.F.);
#1043=CARTESIAN_POINT('',(-11.949877289,177.049981872,0.000018128));
#1044=DIRECTION('',(1.,0.,0.));
#1045=DIRECTION('',(0.,0.,1.));
#1046=AXIS2_PLACEMENT_3D('',#1043,#1044,#1045);
#1047=PLANE('',#1046);
#1048=ORIENTED_EDGE('',*,*,#56,.F.);
#1049=ORIENTED_EDGE('',*,*,#309,.F.);
#1050=ORIENTED_EDGE('',*,*,#522,.T.);
#1051=ORIENTED_EDGE('',*,*,#340,.T.);
#1052=EDGE_LOOP('',(#1048,#1049,#1050,#1051));
#1053=FACE_BOUND('',#1052,.T.);
#1054=ADVANCED_FACE('',(#1053),#1047,.T.);
#1055=CARTESIAN_POINT('',(-19.196314918,140.825230926,0.000018128));
#1056=DIRECTION('',(-0.,1.,0.));
#1057=DIRECTION('',(0.,0.,1.));
#1058=AXIS2_PLACEMENT_3D('',#1055,#1056,#1057);
#1059=PLANE('',#1058);
#1060=ORIENTED_EDGE('',*,*,#856,.F.);
#1061=ORIENTED_EDGE('',*,*,#991,.F.);
#1062=ORIENTED_EDGE('',*,*,#358,.T.);
#1063=CARTESIAN_POINT('',(-19.342752547,140.825230926,0.000018128));
#1064=DIRECTION('',(0.,0.,1.));
#1065=VECTOR('',#1064,2.);
#1066=LINE('',#1063,#1065);
#1067=EDGE_CURVE('',#353,#851,#1066,.T.);
#1068=ORIENTED_EDGE('',*,*,#1067,.T.);
#1069=EDGE_LOOP('',(#1060,#1061,#1062,#1068));
#1070=FACE_BOUND('',#1069,.T.);
#1071=ADVANCED_FACE('',(#1070),#1059,.T.);
#1072=CARTESIAN_POINT('',(-19.196314918,139.824552645,0.000018128));
#1073=DIRECTION('',(-0.,1.,0.));
#1074=DIRECTION('',(0.,0.,1.));
#1075=AXIS2_PLACEMENT_3D('',#1072,#1073,#1074);
#1076=PLANE('',#1075);
#1077=ORIENTED_EDGE('',*,*,#984,.T.);
#1078=ORIENTED_EDGE('',*,*,#910,.T.);
#1079=CARTESIAN_POINT('',(-19.342752547,139.824552645,0.000018128));
#1080=DIRECTION('',(0.,0.,1.));
#1081=VECTOR('',#1080,2.471843219);
#1082=LINE('',#1079,#1081);
#1083=EDGE_CURVE('',#369,#884,#1082,.T.);
#1084=ORIENTED_EDGE('',*,*,#1083,.F.);
#1085=ORIENTED_EDGE('',*,*,#374,.F.);
#1086=EDGE_LOOP('',(#1077,#1078,#1084,#1085));
#1087=FACE_BOUND('',#1086,.T.);
#1088=ADVANCED_FACE('',(#1087),#1076,.F.);
#1089=CARTESIAN_POINT('',(-20.049859328,139.116987839,0.000018128));
#1090=CARTESIAN_POINT('',(-20.049859328,139.116987839,3.000018128));
#1091=CARTESIAN_POINT('',(-20.049859328,139.210150569,0.000018128));
#1092=CARTESIAN_POINT('',(-20.049859328,139.210150569,3.000018128));
#1093=CARTESIAN_POINT('',(-20.013055279,139.394242843,0.000018128));
#1094=CARTESIAN_POINT('',(-20.013055279,139.394242843,3.000018128));
#1095=CARTESIAN_POINT('',(-19.856188057,139.630201716,0.000018128));
#1096=CARTESIAN_POINT('',(-19.856188057,139.630201716,3.000018128));
#1097=CARTESIAN_POINT('',(-19.620522336,139.787514982,0.000018128));
#1098=CARTESIAN_POINT('',(-19.620522336,139.787514982,3.000018128));
#1099=CARTESIAN_POINT('',(-19.435928946,139.824552645,0.000018128));
#1100=CARTESIAN_POINT('',(-19.435928946,139.824552645,3.000018128));
#1101=CARTESIAN_POINT('',(-19.342752547,139.824552645,0.000018128));
#1102=CARTESIAN_POINT('',(-19.342752547,139.824552645,3.000018128));
#1103=B_SPLINE_SURFACE_WITH_KNOTS('',3,1,((#1089,#1090),(#1091,#1092),(#1093,#1094),(#1095,#1096),(#1097,#1098),(#1099,#1100),(#1101,#1102)),.UNSPECIFIED.,.F.,.F.,.U.,(4,1,1,1,4),(2,2),(0.,0.000276239,0.000552234,0.000828105,0.00110497),(0.,1.),.UNSPECIFIED.);
#1104=ORIENTED_EDGE('',*,*,#1083,.T.);
#1105=ORIENTED_EDGE('',*,*,#902,.T.);
#1106=ORIENTED_EDGE('',*,*,#138,.F.);
#1107=CARTESIAN_POINT('',(-20.049859328,139.116987839,0.000018128));
#1108=DIRECTION('',(0.,0.,1.));
#1109=VECTOR('',#1108,3.);
#1110=LINE('',#1107,#1109);
#1111=EDGE_CURVE('',#377,#124,#1110,.T.);
#1112=ORIENTED_EDGE('',*,*,#1111,.F.);
#1113=ORIENTED_EDGE('',*,*,#386,.T.);
#1114=EDGE_LOOP('',(#1104,#1105,#1106,#1112,#1113));
#1115=FACE_BOUND('',#1114,.T.);
#1116=ADVANCED_FACE('',(#1115),#1103,.T.);
#1117=CARTESIAN_POINT('',(-20.049859328,138.083546043,0.000018128));
#1118=DIRECTION('',(1.,0.,0.));
#1119=DIRECTION('',(0.,0.,1.));
#1120=AXIS2_PLACEMENT_3D('',#1117,#1118,#1119);
#1121=PLANE('',#1120);
#1122=ORIENTED_EDGE('',*,*,#129,.F.);
#1123=CARTESIAN_POINT('',(-20.049859328,137.050104248,0.000018128));
#1124=DIRECTION('',(0.,0.,1.));
#1125=VECTOR('',#1124,3.);
#1126=LINE('',#1123,#1125);
#1127=EDGE_CURVE('',#389,#116,#1126,.T.);
#1128=ORIENTED_EDGE('',*,*,#1127,.F.);
#1129=ORIENTED_EDGE('',*,*,#394,.T.);
#1130=ORIENTED_EDGE('',*,*,#1111,.T.);
#1131=EDGE_LOOP('',(#1122,#1128,#1129,#1130));
#1132=FACE_BOUND('',#1131,.T.);
#1133=ADVANCED_FACE('',(#1132),#1121,.T.);
#1134=CARTESIAN_POINT('',(-16.049859328,137.050104248,0.000018128));
#1135=DIRECTION('',(-0.,1.,0.));
#1136=DIRECTION('',(0.,0.,1.));
#1137=AXIS2_PLACEMENT_3D('',#1134,#1135,#1136);
#1138=PLANE('',#1137);
#1139=ORIENTED_EDGE('',*,*,#121,.F.);
#1140=CARTESIAN_POINT('',(-12.049859328,137.050104248,0.000018128));
#1141=DIRECTION('',(0.,0.,1.));
#1142=VECTOR('',#1141,3.);
#1143=LINE('',#1140,#1142);
#1144=EDGE_CURVE('',#397,#108,#1143,.T.);
#1145=ORIENTED_EDGE('',*,*,#1144,.F.);
#1146=ORIENTED_EDGE('',*,*,#402,.T.);
#1147=ORIENTED_EDGE('',*,*,#1127,.T.);
#1148=EDGE_LOOP('',(#1139,#1145,#1146,#1147));
#1149=FACE_BOUND('',#1148,.T.);
#1150=ADVANCED_FACE('',(#1149),#1138,.T.);
#1151=CARTESIAN_POINT('',(-12.049859328,177.049372759,0.000018128));
#1152=DIRECTION('',(-1.,-0.,0.));
#1153=DIRECTION('',(0.,0.,-1.));
#1154=AXIS2_PLACEMENT_3D('',#1151,#1152,#1153);
#1155=PLANE('',#1154);
#1156=ORIENTED_EDGE('',*,*,#113,.F.);
#1157=CARTESIAN_POINT('',(-12.049859328,217.04864127,0.000018128));
#1158=DIRECTION('',(0.,0.,1.));
#1159=VECTOR('',#1158,3.);
#1160=LINE('',#1157,#1159);
#1161=EDGE_CURVE('',#405,#100,#1160,.T.);
#1162=ORIENTED_EDGE('',*,*,#1161,.F.);
#1163=ORIENTED_EDGE('',*,*,#410,.T.);
#1164=ORIENTED_EDGE('',*,*,#1144,.T.);
#1165=EDGE_LOOP('',(#1156,#1162,#1163,#1164));
#1166=FACE_BOUND('',#1165,.T.);
#1167=ADVANCED_FACE('',(#1166),#1155,.T.);
#1168=CARTESIAN_POINT('',(-16.049859328,217.049373094,0.000018128));
#1169=DIRECTION('',(0.000182956,0.999999983,0.));
#1170=DIRECTION('',(-0.999999983,0.000182956,0.));
#1171=AXIS2_PLACEMENT_3D('',#1168,#1169,#1170);
#1172=PLANE('',#1171);
#1173=ORIENTED_EDGE('',*,*,#105,.T.);
#1174=CARTESIAN_POINT('',(-20.049859328,217.050104918,0.000018128));
#1175=DIRECTION('',(0.,0.,1.));
#1176=VECTOR('',#1175,3.);
#1177=LINE('',#1174,#1176);
#1178=EDGE_CURVE('',#413,#92,#1177,.T.);
#1179=ORIENTED_EDGE('',*,*,#1178,.F.);
#1180=ORIENTED_EDGE('',*,*,#418,.F.);
#1181=ORIENTED_EDGE('',*,*,#1161,.T.);
#1182=EDGE_LOOP('',(#1173,#1179,#1180,#1181));
#1183=FACE_BOUND('',#1182,.T.);
#1184=ADVANCED_FACE('',(#1183),#1172,.F.);
#1185=CARTESIAN_POINT('',(-20.049859328,216.016540412,0.000018128));
#1186=DIRECTION('',(1.,0.,0.));
#1187=DIRECTION('',(0.,0.,1.));
#1188=AXIS2_PLACEMENT_3D('',#1185,#1186,#1187);
#1189=PLANE('',#1188);
#1190=ORIENTED_EDGE('',*,*,#97,.F.);
#1191=CARTESIAN_POINT('',(-20.049859328,214.982975905,0.000018128));
#1192=DIRECTION('',(0.,0.,1.));
#1193=VECTOR('',#1192,3.);
#1194=LINE('',#1191,#1193);
#1195=EDGE_CURVE('',#421,#83,#1194,.T.);
#1196=ORIENTED_EDGE('',*,*,#1195,.F.);
#1197=ORIENTED_EDGE('',*,*,#426,.T.);
#1198=ORIENTED_EDGE('',*,*,#1178,.T.);
#1199=EDGE_LOOP('',(#1190,#1196,#1197,#1198));
#1200=FACE_BOUND('',#1199,.T.);
#1201=ADVANCED_FACE('',(#1200),#1189,.T.);
#1202=CARTESIAN_POINT('',(-19.342752547,214.275411099,0.000018128));
#1203=CARTESIAN_POINT('',(-19.342752547,214.275411099,3.000018128));
#1204=CARTESIAN_POINT('',(-19.435916658,214.275411099,0.000018128));
#1205=CARTESIAN_POINT('',(-19.435916658,214.275411099,3.000018128));
#1206=CARTESIAN_POINT('',(-19.620005863,214.312291911,0.000018128));
#1207=CARTESIAN_POINT('',(-19.620005863,214.312291911,3.000018128));
#1208=CARTESIAN_POINT('',(-19.855820829,214.469393372,0.000018128));
#1209=CARTESIAN_POINT('',(-19.855820829,214.469393372,3.000018128));
#1210=CARTESIAN_POINT('',(-20.012898028,214.705206311,0.000018128));
#1211=CARTESIAN_POINT('',(-20.012898028,214.705206311,3.000018128));
#1212=CARTESIAN_POINT('',(-20.049859328,214.889797603,0.000018128));
#1213=CARTESIAN_POINT('',(-20.049859328,214.889797603,3.000018128));
#1214=CARTESIAN_POINT('',(-20.049859328,214.982975905,0.000018128));
#1215=CARTESIAN_POINT('',(-20.049859328,214.982975905,3.000018128));
#1216=B_SPLINE_SURFACE_WITH_KNOTS('',3,1,((#1202,#1203),(#1204,#1205),(#1206,#1207),(#1208,#1209),(#1210,#1211),(#1212,#1213),(#1214,#1215)),.UNSPECIFIED.,.F.,.F.,.U.,(4,1,1,1,4),(2,2),(0.,0.000276239,0.000552234,0.000828105,0.00110497),(0.,1.),.UNSPECIFIED.);
#1217=ORIENTED_EDGE('',*,*,#89,.F.);
#1218=ORIENTED_EDGE('',*,*,#745,.T.);
#1219=CARTESIAN_POINT('',(-19.342752547,214.275411099,0.000018128));
#1220=DIRECTION('',(0.,0.,1.));
#1221=VECTOR('',#1220,2.471843219);
#1222=LINE('',#1219,#1221);
#1223=EDGE_CURVE('',#429,#715,#1222,.T.);
#1224=ORIENTED_EDGE('',*,*,#1223,.F.);
#1225=ORIENTED_EDGE('',*,*,#438,.T.);
#1226=ORIENTED_EDGE('',*,*,#1195,.T.);
#1227=EDGE_LOOP('',(#1217,#1218,#1224,#1225,#1226));
#1228=FACE_BOUND('',#1227,.T.);
#1229=ADVANCED_FACE('',(#1228),#1216,.T.);
#1230=CARTESIAN_POINT('',(-19.196314918,214.275411099,0.000018128));
#1231=DIRECTION('',(0.,-1.,0.));
#1232=DIRECTION('',(0.,0.,-1.));
#1233=AXIS2_PLACEMENT_3D('',#1230,#1231,#1232);
#1234=PLANE('',#1233);
#1235=ORIENTED_EDGE('',*,*,#1223,.T.);
#1236=ORIENTED_EDGE('',*,*,#720,.T.);
#1237=CARTESIAN_POINT('',(-19.049877289,214.275411099,0.000018128));
#1238=DIRECTION('',(0.,0.,1.));
#1239=VECTOR('',#1238,2.471843219);
#1240=LINE('',#1237,#1239);
#1241=EDGE_CURVE('',#441,#706,#1240,.T.);
#1242=ORIENTED_EDGE('',*,*,#1241,.F.);
#1243=ORIENTED_EDGE('',*,*,#446,.F.);
#1244=EDGE_LOOP('',(#1235,#1236,#1242,#1243));
#1245=FACE_BOUND('',#1244,.T.);
#1246=ADVANCED_FACE('',(#1245),#1234,.F.);
#1247=CARTESIAN_POINT('',(-19.049877289,213.775071958,0.000018128));
#1248=DIRECTION('',(1.,0.,0.));
#1249=DIRECTION('',(0.,0.,1.));
#1250=AXIS2_PLACEMENT_3D('',#1247,#1248,#1249);
#1251=PLANE('',#1250);
#1252=ORIENTED_EDGE('',*,*,#1241,.T.);
#1253=ORIENTED_EDGE('',*,*,#712,.T.);
#1254=ORIENTED_EDGE('',*,*,#596,.F.);
#1255=ORIENTED_EDGE('',*,*,#640,.F.);
#1256=CARTESIAN_POINT('',(-19.049877289,213.274732818,0.000018128));
#1257=DIRECTION('',(0.,0.,1.));
#1258=VECTOR('',#1257,2.);
#1259=LINE('',#1256,#1258);
#1260=EDGE_CURVE('',#449,#629,#1259,.T.);
#1261=ORIENTED_EDGE('',*,*,#1260,.F.);
#1262=ORIENTED_EDGE('',*,*,#454,.T.);
#1263=EDGE_LOOP('',(#1252,#1253,#1254,#1255,#1261,#1262));
#1264=FACE_BOUND('',#1263,.T.);
#1265=ADVANCED_FACE('',(#1264),#1251,.T.);
#1266=CARTESIAN_POINT('',(-19.196314918,213.274732818,0.000018128));
#1267=DIRECTION('',(0.,-1.,0.));
#1268=DIRECTION('',(0.,0.,-1.));
#1269=AXIS2_PLACEMENT_3D('',#1266,#1267,#1268);
#1270=PLANE('',#1269);
#1271=ORIENTED_EDGE('',*,*,#634,.F.);
#1272=ORIENTED_EDGE('',*,*,#1025,.F.);
#1273=ORIENTED_EDGE('',*,*,#462,.T.);
#1274=ORIENTED_EDGE('',*,*,#1260,.T.);
#1275=EDGE_LOOP('',(#1271,#1272,#1273,#1274));
#1276=FACE_BOUND('',#1275,.T.);
#1277=ADVANCED_FACE('',(#1276),#1270,.T.);
#1278=CARTESIAN_POINT('',(-20.049859328,177.049981872,0.000018128));
#1279=DIRECTION('',(1.,0.,0.));
#1280=DIRECTION('',(0.,0.,1.));
#1281=AXIS2_PLACEMENT_3D('',#1278,#1279,#1280);
#1282=PLANE('',#1281);
#1283=ORIENTED_EDGE('',*,*,#178,.F.);
#1284=ORIENTED_EDGE('',*,*,#968,.T.);
#1285=CARTESIAN_POINT('',(-20.049859328,141.532840384,0.000018128));
#1286=DIRECTION('',(0.,0.,1.));
#1287=VECTOR('',#1286,2.999662718);
#1288=LINE('',#1285,#1287);
#1289=EDGE_CURVE('',#477,#937,#1288,.T.);
#1290=ORIENTED_EDGE('',*,*,#1289,.F.);
#1291=ORIENTED_EDGE('',*,*,#482,.T.);
#1292=ORIENTED_EDGE('',*,*,#1018,.T.);
#1293=ORIENTED_EDGE('',*,*,#667,.T.);
#1294=EDGE_LOOP('',(#1283,#1284,#1290,#1291,#1292,#1293));
#1295=FACE_BOUND('',#1294,.T.);
#1296=ADVANCED_FACE('',(#1295),#1282,.T.);
#1297=CARTESIAN_POINT('',(-19.342752547,140.825230926,0.000018128));
#1298=CARTESIAN_POINT('',(-19.342752547,140.825230926,2.999680846));
#1299=CARTESIAN_POINT('',(-19.435919828,140.825230926,0.000018128));
#1300=CARTESIAN_POINT('',(-19.435919828,140.825230926,2.999680846));
#1301=CARTESIAN_POINT('',(-19.620015115,140.862115669,0.000018128));
#1302=CARTESIAN_POINT('',(-19.620015115,140.862115669,2.999680846));
#1303=CARTESIAN_POINT('',(-19.855832289,141.019232123,0.000018128));
#1304=CARTESIAN_POINT('',(-19.855832289,141.019232123,2.999680846));
#1305=CARTESIAN_POINT('',(-20.012902389,141.255061179,0.000018128));
#1306=CARTESIAN_POINT('',(-20.012902389,141.255061179,2.999680846));
#1307=CARTESIAN_POINT('',(-20.049859328,141.439658875,0.000018128));
#1308=CARTESIAN_POINT('',(-20.049859328,141.439658875,2.999680846));
#1309=CARTESIAN_POINT('',(-20.049859328,141.532840384,0.000018128));
#1310=CARTESIAN_POINT('',(-20.049859328,141.532840384,2.999680846));
#1311=B_SPLINE_SURFACE_WITH_KNOTS('',3,1,((#1297,#1298),(#1299,#1300),(#1301,#1302),(#1303,#1304),(#1305,#1306),(#1307,#1308),(#1309,#1310)),.UNSPECIFIED.,.F.,.F.,.U.,(4,1,1,1,4),(2,2),(0.,0.000276248,0.000552252,0.000828133,0.001105007),(0.,0.999887573),.UNSPECIFIED.);
#1312=ORIENTED_EDGE('',*,*,#1289,.T.);
#1313=ORIENTED_EDGE('',*,*,#961,.T.);
#1314=ORIENTED_EDGE('',*,*,#825,.F.);
#1315=ORIENTED_EDGE('',*,*,#863,.F.);
#1316=ORIENTED_EDGE('',*,*,#1067,.F.);
#1317=ORIENTED_EDGE('',*,*,#492,.T.);
#1318=EDGE_LOOP('',(#1312,#1313,#1314,#1315,#1316,#1317));
#1319=FACE_BOUND('',#1318,.T.);
#1320=ADVANCED_FACE('',(#1319),#1311,.T.);
#1321=CARTESIAN_POINT('',(-288.,177.5,31.));
#1322=DIRECTION('',(-1.,0.,0.));
#1323=DIRECTION('',(0.,0.,1.));
#1324=AXIS2_PLACEMENT_3D('',#1321,#1322,#1323);
#1325=PLANE('',#1324);
#1326=ORIENTED_EDGE('',*,*,#40,.T.);
#1327=ORIENTED_EDGE('',*,*,#880,.F.);
#1328=ORIENTED_EDGE('',*,*,#763,.T.);
#1329=ORIENTED_EDGE('',*,*,#839,.T.);
#1330=ORIENTED_EDGE('',*,*,#811,.F.);
#1331=ORIENTED_EDGE('',*,*,#933,.F.);
#1332=ORIENTED_EDGE('',*,*,#162,.T.);
#1333=ORIENTED_EDGE('',*,*,#232,.T.);
#1334=ORIENTED_EDGE('',*,*,#501,.F.);
#1335=ORIENTED_EDGE('',*,*,#295,.F.);
#1336=EDGE_LOOP('',(#1326,#1327,#1328,#1329,#1330,#1331,#1332,#1333,#1334,#1335));
#1337=FACE_BOUND('',#1336,.T.);
#1338=ADVANCED_FACE('',(#1337),#1325,.T.);
#1339=CARTESIAN_POINT('',(-288.,177.5,31.));
#1340=DIRECTION('',(-1.,0.,0.));
#1341=DIRECTION('',(0.,0.,1.));
#1342=AXIS2_PLACEMENT_3D('',#1339,#1340,#1341);
#1343=PLANE('',#1342);
#1344=ORIENTED_EDGE('',*,*,#263,.T.);
#1345=ORIENTED_EDGE('',*,*,#194,.T.);
#1346=ORIENTED_EDGE('',*,*,#657,.F.);
#1347=ORIENTED_EDGE('',*,*,#548,.F.);
#1348=ORIENTED_EDGE('',*,*,#616,.T.);
#1349=ORIENTED_EDGE('',*,*,#580,.T.);
#1350=ORIENTED_EDGE('',*,*,#702,.F.);
#1351=ORIENTED_EDGE('',*,*,#72,.T.);
#1352=ORIENTED_EDGE('',*,*,#333,.F.);
#1353=ORIENTED_EDGE('',*,*,#515,.F.);
#1354=EDGE_LOOP('',(#1344,#1345,#1346,#1347,#1348,#1349,#1350,#1351,#1352,#1353));
#1355=FACE_BOUND('',#1354,.T.);
#1356=ADVANCED_FACE('',(#1355),#1343,.T.);
#1357=CLOSED_SHELL('',(#148,#220,#251,#282,#313,#344,#526,#566,#606,#645,#690,#749,#789,#829,#868,#921,#972,#996,#1030,#1042,#1054,#1071,#1088,#1116,#1133,#1150,
#1167,#1184,#1201,#1229,#1246,#1265,#1277,#1296,#1320,#1338,#1356));
#1358=MANIFOLD_SOLID_BREP('Body 10 (1)',#1357);
#1359=COLOUR_RGB('',0.627451003,0.627451003,0.643137276);
#1360=FILL_AREA_STYLE_COLOUR('',#1359);
#1361=FILL_AREA_STYLE('',(#1360));
#1362=SURFACE_STYLE_FILL_AREA(#1361);
#1363=SURFACE_SIDE_STYLE('',(#1362));
#1364=SURFACE_STYLE_USAGE(.BOTH.,#1363);
#1365=PRESENTATION_STYLE_ASSIGNMENT((#1364));
#26=STYLED_ITEM('',(#1365),#1358);
#1366=(NAMED_UNIT(*)PLANE_ANGLE_UNIT()SI_UNIT($,.RADIAN.));
#1367=PLANE_ANGLE_MEASURE_WITH_UNIT(PLANE_ANGLE_MEASURE(0.0174532925),#1366);
#1368=(CONVERSION_BASED_UNIT('DEGREE',#1367)NAMED_UNIT(#1369)PLANE_ANGLE_UNIT());
#1369=DIMENSIONAL_EXPONENTS(0.,0.,0.,0.,0.,0.,0.);
#1370=(NAMED_UNIT(*)SI_UNIT($,.STERADIAN.)SOLID_ANGLE_UNIT());
#1371=(LENGTH_UNIT()NAMED_UNIT(*)SI_UNIT(.MILLI.,.METRE.));
#1372=UNCERTAINTY_MEASURE_WITH_UNIT(LENGTH_MEASURE(1.000000E-03),#1371,'DISTANCE_ACCURACY_VALUE','Maximum Tolerance applied to model');
#1373=(GEOMETRIC_REPRESENTATION_CONTEXT(3)GLOBAL_UNCERTAINTY_ASSIGNED_CONTEXT((#1372))GLOBAL_UNIT_ASSIGNED_CONTEXT((#1371,#1368,#1370))REPRESENTATION_CONTEXT('','Act ii print plast.step'));
#1385=CARTESIAN_POINT('',(0.,0.,0.));
#1386=DIRECTION('',(0.,0.,1.));
#1387=DIRECTION('',(1.,0.,-0.));
#1388=AXIS2_PLACEMENT_3D('',#1385,#1386,#1387);
#1389=ITEM_DEFINED_TRANSFORMATION('','',#1388,#15);
#1390=(REPRESENTATION_RELATIONSHIP('','',#1375,#16)REPRESENTATION_RELATIONSHIP_WITH_TRANSFORMATION(#1389)SHAPE_REPRESENTATION_RELATIONSHIP());
#1391=NEXT_ASSEMBLY_USAGE_OCCURRENCE('Act ii print plast.step_1','Act ii print plast.step','Act ii print plast.step',#25,#1384,$);
#1392=PRODUCT_DEFINITION_SHAPE('','',#1391);
#1393=CONTEXT_DEPENDENT_SHAPE_REPRESENTATION(#1390,#1392);
#1394=(NAMED_UNIT(*)PLANE_ANGLE_UNIT()SI_UNIT($,.RADIAN.));
#1395=PLANE_ANGLE_MEASURE_WITH_UNIT(PLANE_ANGLE_MEASURE(0.0174532925),#1394);
#1396=(CONVERSION_BASED_UNIT('DEGREE',#1395)NAMED_UNIT(#1397)PLANE_ANGLE_UNIT());
#1397=DIMENSIONAL_EXPONENTS(0.,0.,0.,0.,0.,0.,0.);
#1398=(NAMED_UNIT(*)SI_UNIT($,.STERADIAN.)SOLID_ANGLE_UNIT());
#1399=(LENGTH_UNIT()NAMED_UNIT(*)SI_UNIT(.MILLI.,.METRE.));
#1400=UNCERTAINTY_MEASURE_WITH_UNIT(LENGTH_MEASURE(1.000000E-05),#1399,'DISTANCE_ACCURACY_VALUE','Maximum Tolerance applied to model');
#1401=(GEOMETRIC_REPRESENTATION_CONTEXT(3)GLOBAL_UNCERTAINTY_ASSIGNED_CONTEXT((#1400))GLOBAL_UNIT_ASSIGNED_CONTEXT((#1399,#1396,#1398))REPRESENTATION_CONTEXT('','Folder 33'));
#1413=CARTESIAN_POINT('',(0.,0.,0.));
#1414=DIRECTION('',(0.,0.,1.));
#1415=DIRECTION('',(1.,0.,-0.));
#1416=AXIS2_PLACEMENT_3D('',#1413,#1414,#1415);
#1417=ITEM_DEFINED_TRANSFORMATION('','',#1416,#15);
#1418=(REPRESENTATION_RELATIONSHIP('','',#1403,#1375)REPRESENTATION_RELATIONSHIP_WITH_TRANSFORMATION(#1417)SHAPE_REPRESENTATION_RELATIONSHIP());
#1419=NEXT_ASSEMBLY_USAGE_OCCURRENCE('Folder 33_2','Folder 33','Folder 33',#1384,#1412,$);
#1420=PRODUCT_DEFINITION_SHAPE('','',#1419);
#1421=CONTEXT_DEPENDENT_SHAPE_REPRESENTATION(#1418,#1420);
#1423=CARTESIAN_POINT('',(-20.000012968,177.082119626,4.352763072));
#1424=DIRECTION('',(-0.99999995,-0.000315372,0.));
#1425=DIRECTION('',(-0.000315372,0.99999995,0.));
#1426=AXIS2_PLACEMENT_3D('',#1423,#1424,#1425);
#1427=CYLINDRICAL_SURFACE('',#1426,19.25);
#1428=CARTESIAN_POINT('',(-280.006070951,196.250121949,4.352763072));
#1429=VERTEX_POINT('',#1428);
#1430=CARTESIAN_POINT('',(-20.00608388,196.332118669,4.352763072));
#1431=VERTEX_POINT('',#1430);
#1432=CARTESIAN_POINT('',(-280.006070951,196.250121949,4.352763072));
#1433=DIRECTION('',(0.99999995,0.000315372,-0.));
#1434=VECTOR('',#1433,260.000000001);
#1435=LINE('',#1432,#1434);
#1436=EDGE_CURVE('',#1429,#1431,#1435,.T.);
#1437=ORIENTED_EDGE('',*,*,#1436,.T.);
#1438=CARTESIAN_POINT('',(-20.006068873,196.284529486,3.000018128));
#1439=VERTEX_POINT('',#1438);
#1440=CARTESIAN_POINT('',(-20.000012969,177.082119626,4.352763072));
#1441=DIRECTION('',(-0.99999995,-0.000315372,0.));
#1442=DIRECTION('',(0.000315372,-0.99999995,0.));
#1443=AXIS2_PLACEMENT_3D('',#1440,#1441,#1442);
#1444=CIRCLE('',#1443,19.25);
#1445=EDGE_CURVE('',#1431,#1439,#1444,.T.);
#1446=ORIENTED_EDGE('',*,*,#1445,.T.);
#1447=CARTESIAN_POINT('',(-280.006055832,196.202532766,3.000018128));
#1448=VERTEX_POINT('',#1447);
#1449=CARTESIAN_POINT('',(-20.006068873,196.284529486,3.000018128));
#1450=DIRECTION('',(-0.99999995,-0.000315372,0.));
#1451=VECTOR('',#1450,259.99999989);
#1452=LINE('',#1449,#1451);
#1453=EDGE_CURVE('',#1439,#1448,#1452,.T.);
#1454=ORIENTED_EDGE('',*,*,#1453,.T.);
#1455=CARTESIAN_POINT('',(-280.00000004,177.000122906,4.352763072));
#1456=DIRECTION('',(-0.99999995,-0.000315372,0.));
#1457=DIRECTION('',(0.000315372,-0.99999995,0.));
#1458=AXIS2_PLACEMENT_3D('',#1455,#1456,#1457);
#1459=CIRCLE('',#1458,19.25);
#1460=EDGE_CURVE('',#1429,#1448,#1459,.T.);
#1461=ORIENTED_EDGE('',*,*,#1460,.F.);
#1462=EDGE_LOOP('',(#1437,#1446,#1454,#1461));
#1463=FACE_BOUND('',#1462,.T.);
#1464=ADVANCED_FACE('',(#1463),#1427,.T.);
#1465=CARTESIAN_POINT('',(-69.5,236.999981872,3.000018128));
#1466=DIRECTION('',(0.,0.,-1.));
#1467=DIRECTION('',(0.,1.,0.));
#1468=AXIS2_PLACEMENT_3D('',#1465,#1466,#1467);
#1469=PLANE('',#1468);
#1470=CARTESIAN_POINT('',(-19.993957064,157.879709766,3.000018129));
#1471=VERTEX_POINT('',#1470);
#1472=CARTESIAN_POINT('',(-20.006068873,196.284529486,3.000018128));
#1473=DIRECTION('',(0.000315372,-0.99999995,0.));
#1474=VECTOR('',#1473,38.404821631);
#1475=LINE('',#1472,#1474);
#1476=EDGE_CURVE('',#1439,#1471,#1475,.T.);
#1477=ORIENTED_EDGE('',*,*,#1476,.T.);
#1478=CARTESIAN_POINT('',(-279.993944027,157.797713046,3.000018128));
#1479=VERTEX_POINT('',#1478);
#1480=CARTESIAN_POINT('',(-279.993944027,157.797713046,3.00001813));
#1481=DIRECTION('',(0.99999995,0.000315372,-0.));
#1482=VECTOR('',#1481,259.999999893);
#1483=LINE('',#1480,#1482);
#1484=EDGE_CURVE('',#1479,#1471,#1483,.T.);
#1485=ORIENTED_EDGE('',*,*,#1484,.F.);
#1486=CARTESIAN_POINT('',(-280.006055723,196.202532766,3.000018128));
#1487=DIRECTION('',(0.000315372,-0.99999995,-0.));
#1488=VECTOR('',#1487,38.404821631);
#1489=LINE('',#1486,#1488);
#1490=EDGE_CURVE('',#1448,#1479,#1489,.T.);
#1491=ORIENTED_EDGE('',*,*,#1490,.F.);
#1492=ORIENTED_EDGE('',*,*,#1453,.F.);
#1493=EDGE_LOOP('',(#1477,#1485,#1491,#1492));
#1494=FACE_BOUND('',#1493,.T.);
#1495=ADVANCED_FACE('',(#1494),#1469,.T.);
#1496=CARTESIAN_POINT('',(-19.335523907,-1929.917898305,63.000018128));
#1497=DIRECTION('',(-0.99999995,-0.000315372,0.));
#1498=DIRECTION('',(-0.000315372,0.99999995,0.));
#1499=AXIS2_PLACEMENT_3D('',#1496,#1497,#1498);
#1500=PLANE('',#1499);
#1501=ORIENTED_EDGE('',*,*,#1476,.F.);
#1502=ORIENTED_EDGE('',*,*,#1445,.F.);
#1503=CARTESIAN_POINT('',(-20.000012969,177.082119626,4.352763072));
#1504=DIRECTION('',(-0.99999995,-0.000315372,0.));
#1505=DIRECTION('',(0.000315372,-0.99999995,0.));
#1506=AXIS2_PLACEMENT_3D('',#1503,#1504,#1505);
#1507=CIRCLE('',#1506,19.25);
#1508=EDGE_CURVE('',#1471,#1431,#1507,.T.);
#1509=ORIENTED_EDGE('',*,*,#1508,.F.);
#1510=EDGE_LOOP('',(#1501,#1502,#1509));
#1511=FACE_BOUND('',#1510,.T.);
#1512=ADVANCED_FACE('',(#1511),#1500,.F.);
#1513=CARTESIAN_POINT('',(-279.335510977,-1929.999895052,63.000018128));
#1514=DIRECTION('',(-0.99999995,-0.000315372,0.));
#1515=DIRECTION('',(-0.000315372,0.99999995,0.));
#1516=AXIS2_PLACEMENT_3D('',#1513,#1514,#1515);
#1517=PLANE('',#1516);
#1518=CARTESIAN_POINT('',(-280.00000004,177.000122906,4.352763072));
#1519=DIRECTION('',(-0.99999995,-0.000315372,0.));
#1520=DIRECTION('',(0.000315372,-0.99999995,0.));
#1521=AXIS2_PLACEMENT_3D('',#1518,#1519,#1520);
#1522=CIRCLE('',#1521,19.25);
#1523=EDGE_CURVE('',#1479,#1429,#1522,.T.);
#1524=ORIENTED_EDGE('',*,*,#1523,.T.);
#1525=ORIENTED_EDGE('',*,*,#1460,.T.);
#1526=ORIENTED_EDGE('',*,*,#1490,.T.);
#1527=EDGE_LOOP('',(#1524,#1525,#1526));
#1528=FACE_BOUND('',#1527,.T.);
#1529=ADVANCED_FACE('',(#1528),#1517,.T.);
#1530=CARTESIAN_POINT('',(-20.000012968,177.082119626,4.352763072));
#1531=DIRECTION('',(-0.99999995,-0.000315372,0.));
#1532=DIRECTION('',(-0.000315372,0.99999995,0.));
#1533=AXIS2_PLACEMENT_3D('',#1530,#1531,#1532);
#1534=CYLINDRICAL_SURFACE('',#1533,19.25);
#1535=ORIENTED_EDGE('',*,*,#1436,.F.);
#1536=ORIENTED_EDGE('',*,*,#1523,.F.);
#1537=ORIENTED_EDGE('',*,*,#1484,.T.);
#1538=ORIENTED_EDGE('',*,*,#1508,.T.);
#1539=EDGE_LOOP('',(#1535,#1536,#1537,#1538));
#1540=FACE_BOUND('',#1539,.T.);
#1541=ADVANCED_FACE('',(#1540),#1534,.T.);
#1542=CLOSED_SHELL('',(#1464,#1495,#1512,#1529,#1541));
#1543=MANIFOLD_SOLID_BREP('Body 123 (1)',#1542);
#1422=STYLED_ITEM('',(#1365),#1543);
#1403=SHAPE_REPRESENTATION('Folder 33',(#15),#1401);
#1404=ADVANCED_BREP_SHAPE_REPRESENTATION('Folder 33',(#1543),#1401);
#1551=SHAPE_REPRESENTATION_RELATIONSHIP('','',#1403,#1404);
#1552=CARTESIAN_POINT('',(0.,0.,0.));
#1553=DIRECTION('',(0.,0.,1.));
#1554=DIRECTION('',(1.,0.,0.));
#1555=AXIS2_PLACEMENT_3D('',#1552,#1553,#1554);
#1557=MAPPED_ITEM('',#1556,#1555);
#1556=REPRESENTATION_MAP(#1555,#1403);
#1558=APPLICATION_CONTEXT('Managed model based 3d engineering');
#1559=APPLICATION_PROTOCOL_DEFINITION('international standard','ap242_managed_model_based_3d_engineering',2014,#1558);
#1560=PRODUCT_CONTEXT('',#1558,'mechanical');
#1561=PRODUCT_DEFINITION_CONTEXT('part definition',#1558,'design');
#1411=PRODUCT('Folder 33','Folder 33','',(#1560));
#1562=PRODUCT_RELATED_PRODUCT_CATEGORY('part','',(#1411));
#1563=PRODUCT_DEFINITION_FORMATION_WITH_SPECIFIED_SOURCE('','',#1411,.NOT_KNOWN.);
#1412=PRODUCT_DEFINITION('design','',#1563,#1561);
#1410=PRODUCT_DEFINITION_SHAPE('','',#1412);
#1564=SHAPE_DEFINITION_REPRESENTATION(#1410,#1403);
#1402=DRAUGHTING_MODEL('',(#1557),#1401);
#1565=(NAMED_UNIT(*)PLANE_ANGLE_UNIT()SI_UNIT($,.RADIAN.));
#1566=PLANE_ANGLE_MEASURE_WITH_UNIT(PLANE_ANGLE_MEASURE(0.0174532925),#1565);
#1567=(CONVERSION_BASED_UNIT('DEGREE',#1566)NAMED_UNIT(#1568)PLANE_ANGLE_UNIT());
#1568=DIMENSIONAL_EXPONENTS(0.,0.,0.,0.,0.,0.,0.);
#1569=(NAMED_UNIT(*)SI_UNIT($,.STERADIAN.)SOLID_ANGLE_UNIT());
#1570=(LENGTH_UNIT()NAMED_UNIT(*)SI_UNIT(.MILLI.,.METRE.));
#1571=UNCERTAINTY_MEASURE_WITH_UNIT(LENGTH_MEASURE(1.000000E-05),#1570,'DISTANCE_ACCURACY_VALUE','Maximum Tolerance applied to model');
#1572=(GEOMETRIC_REPRESENTATION_CONTEXT(3)GLOBAL_UNCERTAINTY_ASSIGNED_CONTEXT((#1571))GLOBAL_UNIT_ASSIGNED_CONTEXT((#1570,#1567,#1569))REPRESENTATION_CONTEXT('','Folder 35'));
#1584=CARTESIAN_POINT('',(0.,0.,0.));
#1585=DIRECTION('',(0.,0.,1.));
#1586=DIRECTION('',(1.,0.,-0.));
#1587=AXIS2_PLACEMENT_3D('',#1584,#1585,#1586);
#1588=ITEM_DEFINED_TRANSFORMATION('','',#1587,#15);
#1589=(REPRESENTATION_RELATIONSHIP('','',#1574,#1375)REPRESENTATION_RELATIONSHIP_WITH_TRANSFORMATION(#1588)SHAPE_REPRESENTATION_RELATIONSHIP());
#1590=NEXT_ASSEMBLY_USAGE_OCCURRENCE('Folder 35_3','Folder 35','Folder 35',#1384,#1583,$);
#1591=PRODUCT_DEFINITION_SHAPE('','',#1590);
#1592=CONTEXT_DEPENDENT_SHAPE_REPRESENTATION(#1589,#1591);
#1594=CARTESIAN_POINT('',(-280.,154.499084718,48.000018128));
#1595=DIRECTION('',(1.,0.,0.));
#1596=DIRECTION('',(0.,-1.,0.));
#1597=AXIS2_PLACEMENT_3D('',#1594,#1595,#1596);
#1598=PLANE('',#1597);
#1599=CARTESIAN_POINT('',(-280.,139.066883089,3.000018128));
#1600=VERTEX_POINT('',#1599);
#1601=CARTESIAN_POINT('',(-280.,136.999999498,3.000018128));
#1602=VERTEX_POINT('',#1601);
#1603=CARTESIAN_POINT('',(-280.,139.066883089,3.000018128));
#1604=DIRECTION('',(0.,-1.,0.));
#1605=VECTOR('',#1604,2.066883591);
#1606=LINE('',#1603,#1605);
#1607=EDGE_CURVE('',#1600,#1602,#1606,.T.);
#1608=ORIENTED_EDGE('',*,*,#1607,.F.);
#1609=CARTESIAN_POINT('',(-280.,176.999877122,42.309869853));
#1610=VERTEX_POINT('',#1609);
#1611=CARTESIAN_POINT('',(-280.,176.999877122,4.352763072));
#1612=DIRECTION('',(-1.,-0.,0.));
#1613=DIRECTION('',(0.,0.,1.));
#1614=AXIS2_PLACEMENT_3D('',#1611,#1612,#1613);
#1615=CIRCLE('',#1614,37.957106781);
#1616=EDGE_CURVE('',#1600,#1610,#1615,.T.);
#1617=ORIENTED_EDGE('',*,*,#1616,.T.);
#1618=CARTESIAN_POINT('',(-280.,214.932871155,3.000018128));
#1619=VERTEX_POINT('',#1618);
#1620=CARTESIAN_POINT('',(-280.,176.999877122,4.352763072));
#1621=DIRECTION('',(-1.,-0.,0.));
#1622=DIRECTION('',(0.,0.,1.));
#1623=AXIS2_PLACEMENT_3D('',#1620,#1621,#1622);
#1624=CIRCLE('',#1623,37.957106781);
#1625=EDGE_CURVE('',#1610,#1619,#1624,.T.);
#1626=ORIENTED_EDGE('',*,*,#1625,.T.);
#1627=CARTESIAN_POINT('',(-280.,216.99853652,3.000018128));
#1628=VERTEX_POINT('',#1627);
#1629=CARTESIAN_POINT('',(-280.,216.99853652,3.000018128));
#1630=DIRECTION('',(0.,-1.,0.));
#1631=VECTOR('',#1630,2.065665365);
#1632=LINE('',#1629,#1631);
#1633=EDGE_CURVE('',#1628,#1619,#1632,.T.);
#1634=ORIENTED_EDGE('',*,*,#1633,.F.);
#1635=CARTESIAN_POINT('',(-280.,216.998536519,43.000018128));
#1636=VERTEX_POINT('',#1635);
#1637=CARTESIAN_POINT('',(-280.,216.99853652,43.000018128));
#1638=DIRECTION('',(0.,0.,-1.));
#1639=VECTOR('',#1638,40.);
#1640=LINE('',#1637,#1639);
#1641=EDGE_CURVE('',#1636,#1628,#1640,.T.);
#1642=ORIENTED_EDGE('',*,*,#1641,.F.);
#1643=CARTESIAN_POINT('',(-280.,136.999999498,43.000018128));
#1644=VERTEX_POINT('',#1643);
#1645=CARTESIAN_POINT('',(-280.,216.998536519,43.000018128));
#1646=DIRECTION('',(0.,-1.,0.));
#1647=VECTOR('',#1646,79.998537021);
#1648=LINE('',#1645,#1647);
#1649=EDGE_CURVE('',#1636,#1644,#1648,.T.);
#1650=ORIENTED_EDGE('',*,*,#1649,.T.);
#1651=CARTESIAN_POINT('',(-280.,136.999999498,43.000018128));
#1652=DIRECTION('',(0.,0.,-1.));
#1653=VECTOR('',#1652,40.);
#1654=LINE('',#1651,#1653);
#1655=EDGE_CURVE('',#1644,#1602,#1654,.T.);
#1656=ORIENTED_EDGE('',*,*,#1655,.T.);
#1657=EDGE_LOOP('',(#1608,#1617,#1626,#1634,#1642,#1650,#1656));
#1658=FACE_BOUND('',#1657,.T.);
#1659=ADVANCED_FACE('',(#1658),#1598,.T.);
#1660=CARTESIAN_POINT('',(-288.,157.000008646,48.000018128));
#1661=DIRECTION('',(-1.,-0.,0.));
#1662=DIRECTION('',(-0.,1.,0.));
#1663=AXIS2_PLACEMENT_3D('',#1660,#1661,#1662);
#1664=PLANE('',#1663);
#1665=CARTESIAN_POINT('',(-288.,136.999999498,3.000018128));
#1666=VERTEX_POINT('',#1665);
#1667=CARTESIAN_POINT('',(-288.,217.000000168,3.000018128));
#1668=VERTEX_POINT('',#1667);
#1669=CARTESIAN_POINT('',(-288.,136.999999498,3.000018128));
#1670=DIRECTION('',(-0.,1.,-0.));
#1671=VECTOR('',#1670,80.00000067);
#1672=LINE('',#1669,#1671);
#1673=EDGE_CURVE('',#1666,#1668,#1672,.T.);
#1674=ORIENTED_EDGE('',*,*,#1673,.F.);
#1675=CARTESIAN_POINT('',(-288.,136.999999498,43.000018128));
#1676=VERTEX_POINT('',#1675);
#1677=CARTESIAN_POINT('',(-288.,136.999999498,43.000018128));
#1678=DIRECTION('',(0.,0.,-1.));
#1679=VECTOR('',#1678,40.);
#1680=LINE('',#1677,#1679);
#1681=EDGE_CURVE('',#1676,#1666,#1680,.T.);
#1682=ORIENTED_EDGE('',*,*,#1681,.F.);
#1683=CARTESIAN_POINT('',(-288.,217.000000168,43.000018128));
#1684=VERTEX_POINT('',#1683);
#1685=CARTESIAN_POINT('',(-288.,136.999999498,43.000018128));
#1686=DIRECTION('',(-0.,1.,0.));
#1687=VECTOR('',#1686,80.00000067);
#1688=LINE('',#1685,#1687);
#1689=EDGE_CURVE('',#1676,#1684,#1688,.T.);
#1690=ORIENTED_EDGE('',*,*,#1689,.T.);
#1691=CARTESIAN_POINT('',(-288.,217.000000168,43.000018128));
#1692=DIRECTION('',(0.,0.,-1.));
#1693=VECTOR('',#1692,40.);
#1694=LINE('',#1691,#1693);
#1695=EDGE_CURVE('',#1684,#1668,#1694,.T.);
#1696=ORIENTED_EDGE('',*,*,#1695,.T.);
#1697=EDGE_LOOP('',(#1674,#1682,#1690,#1696));
#1698=FACE_BOUND('',#1697,.T.);
#1699=ADVANCED_FACE('',(#1698),#1664,.T.);
#1700=CARTESIAN_POINT('',(-283.,136.999999498,48.000018128));
#1701=DIRECTION('',(0.,-1.,0.));
#1702=DIRECTION('',(-1.,-0.,0.));
#1703=AXIS2_PLACEMENT_3D('',#1700,#1701,#1702);
#1704=PLANE('',#1703);
#1705=CARTESIAN_POINT('',(-280.,136.999999498,3.000018128));
#1706=DIRECTION('',(-1.,-0.,0.));
#1707=VECTOR('',#1706,8.);
#1708=LINE('',#1705,#1707);
#1709=EDGE_CURVE('',#1602,#1666,#1708,.T.);
#1710=ORIENTED_EDGE('',*,*,#1709,.F.);
#1711=ORIENTED_EDGE('',*,*,#1655,.F.);
#1712=CARTESIAN_POINT('',(-280.,136.999999498,43.000018128));
#1713=DIRECTION('',(-1.,-0.,0.));
#1714=VECTOR('',#1713,8.);
#1715=LINE('',#1712,#1714);
#1716=EDGE_CURVE('',#1644,#1676,#1715,.T.);
#1717=ORIENTED_EDGE('',*,*,#1716,.T.);
#1718=ORIENTED_EDGE('',*,*,#1681,.T.);
#1719=EDGE_LOOP('',(#1710,#1711,#1717,#1718));
#1720=FACE_BOUND('',#1719,.T.);
#1721=ADVANCED_FACE('',(#1720),#1704,.T.);
#1722=CARTESIAN_POINT('',(-280.,154.499084718,48.000018128));
#1723=DIRECTION('',(1.,0.,0.));
#1724=DIRECTION('',(0.,-1.,0.));
#1725=AXIS2_PLACEMENT_3D('',#1722,#1723,#1724);
#1726=PLANE('',#1725);
#1727=CARTESIAN_POINT('',(-280.,212.51701861,3.000018128));
#1728=VERTEX_POINT('',#1727);
#1729=CARTESIAN_POINT('',(-280.,141.482735634,3.000018128));
#1730=VERTEX_POINT('',#1729);
#1731=CARTESIAN_POINT('',(-280.,212.51701861,3.000018128));
#1732=DIRECTION('',(0.,-1.,0.));
#1733=VECTOR('',#1732,71.034282976);
#1734=LINE('',#1731,#1733);
#1735=EDGE_CURVE('',#1728,#1730,#1734,.T.);
#1736=ORIENTED_EDGE('',*,*,#1735,.F.);
#1737=CARTESIAN_POINT('',(-280.,176.999877122,39.895656291));
#1738=VERTEX_POINT('',#1737);
#1739=CARTESIAN_POINT('',(-280.,176.999877122,4.352763072));
#1740=DIRECTION('',(1.,0.,-0.));
#1741=DIRECTION('',(0.,0.,1.));
#1742=AXIS2_PLACEMENT_3D('',#1739,#1740,#1741);
#1743=CIRCLE('',#1742,35.542893219);
#1744=EDGE_CURVE('',#1728,#1738,#1743,.T.);
#1745=ORIENTED_EDGE('',*,*,#1744,.T.);
#1746=CARTESIAN_POINT('',(-280.,176.999877122,4.352763072));
#1747=DIRECTION('',(1.,0.,-0.));
#1748=DIRECTION('',(0.,0.,1.));
#1749=AXIS2_PLACEMENT_3D('',#1746,#1747,#1748);
#1750=CIRCLE('',#1749,35.542893219);
#1751=EDGE_CURVE('',#1738,#1730,#1750,.T.);
#1752=ORIENTED_EDGE('',*,*,#1751,.T.);
#1753=EDGE_LOOP('',(#1736,#1745,#1752));
#1754=FACE_BOUND('',#1753,.T.);
#1755=ADVANCED_FACE('',(#1754),#1726,.T.);
#1756=CARTESIAN_POINT('',(-282.992681759,216.999084049,48.000018128));
#1757=DIRECTION('',(-0.000182956,-0.999999983,0.));
#1758=DIRECTION('',(-0.999999983,0.000182956,0.));
#1759=AXIS2_PLACEMENT_3D('',#1756,#1757,#1758);
#1760=PLANE('',#1759);
#1761=CARTESIAN_POINT('',(-280.,216.99853652,3.000018128));
#1762=DIRECTION('',(-0.999999983,0.000182956,0.));
#1763=VECTOR('',#1762,8.000000134);
#1764=LINE('',#1761,#1763);
#1765=EDGE_CURVE('',#1628,#1668,#1764,.T.);
#1766=ORIENTED_EDGE('',*,*,#1765,.T.);
#1767=ORIENTED_EDGE('',*,*,#1695,.F.);
#1768=CARTESIAN_POINT('',(-280.,216.998536519,43.000018128));
#1769=DIRECTION('',(-0.999999983,0.000182956,0.));
#1770=VECTOR('',#1769,8.000000134);
#1771=LINE('',#1768,#1770);
#1772=EDGE_CURVE('',#1636,#1684,#1771,.T.);
#1773=ORIENTED_EDGE('',*,*,#1772,.F.);
#1774=ORIENTED_EDGE('',*,*,#1641,.T.);
#1775=EDGE_LOOP('',(#1766,#1767,#1773,#1774));
#1776=FACE_BOUND('',#1775,.T.);
#1777=ADVANCED_FACE('',(#1776),#1760,.F.);
#1778=CARTESIAN_POINT('',(1462.,737.000017794,43.000018128));
#1779=DIRECTION('',(0.,0.,1.));
#1780=DIRECTION('',(-1.,-0.,0.));
#1781=AXIS2_PLACEMENT_3D('',#1778,#1779,#1780);
#1782=PLANE('',#1781);
#1783=ORIENTED_EDGE('',*,*,#1689,.F.);
#1784=ORIENTED_EDGE('',*,*,#1716,.F.);
#1785=ORIENTED_EDGE('',*,*,#1649,.F.);
#1786=ORIENTED_EDGE('',*,*,#1772,.T.);
#1787=EDGE_LOOP('',(#1783,#1784,#1785,#1786));
#1788=FACE_BOUND('',#1787,.T.);
#1789=ADVANCED_FACE('',(#1788),#1782,.T.);
#1790=CARTESIAN_POINT('',(1462.,737.000017794,3.000018128));
#1791=DIRECTION('',(0.,0.,1.));
#1792=DIRECTION('',(-1.,-0.,0.));
#1793=AXIS2_PLACEMENT_3D('',#1790,#1791,#1792);
#1794=PLANE('',#1793);
#1795=ORIENTED_EDGE('',*,*,#1633,.T.);
#1796=CARTESIAN_POINT('',(-280.707106781,214.225306349,3.000018128));
#1797=VERTEX_POINT('',#1796);
#1798=CARTESIAN_POINT('',(-280.,214.932871155,3.000018128));
#1799=CARTESIAN_POINT('',(-280.,214.839464839,3.000018128));
#1800=CARTESIAN_POINT('',(-280.018356394,214.747813189,3.000018128));
#1801=CARTESIAN_POINT('',(-280.05379336,214.662177029,3.000018128));
#1802=CARTESIAN_POINT('',(-280.071511842,214.619358949,3.000018128));
#1803=CARTESIAN_POINT('',(-280.093198166,214.578739831,3.000018128));
#1804=CARTESIAN_POINT('',(-280.118816452,214.540299793,3.000018128));
#1805=CARTESIAN_POINT('',(-280.144434738,214.501859755,3.000018128));
#1806=CARTESIAN_POINT('',(-280.174263596,214.465447611,3.000018128));
#1807=CARTESIAN_POINT('',(-280.206847984,214.432808175,3.000018128));
#1808=CARTESIAN_POINT('',(-280.272016759,214.367529302,3.000018128));
#1809=CARTESIAN_POINT('',(-280.350827002,214.314781144,3.000018128));
#1810=CARTESIAN_POINT('',(-280.435855444,214.279438286,3.000018128));
#1811=CARTESIAN_POINT('',(-280.520883885,214.244095427,3.000018128));
#1812=CARTESIAN_POINT('',(-280.613698771,214.225306349,3.000018128));
#1813=CARTESIAN_POINT('',(-280.707106781,214.225306349,3.000018128));
#1814=B_SPLINE_CURVE_WITH_KNOTS('',3,(#1798,#1799,#1800,#1801,#1802,#1803,#1804,#1805,#1806,#1807,#1808,#1809,#1810,#1811,#1812,#1813),.UNSPECIFIED.,.F.,.F.,(4,3,3,3,3,4),(0.,0.000276243,0.000414364,0.000552485,0.000828728,0.00110497),.UNSPECIFIED.);
#1815=EDGE_CURVE('',#1619,#1797,#1814,.T.);
#1816=ORIENTED_EDGE('',*,*,#1815,.T.);
#1817=CARTESIAN_POINT('',(-282.000017961,214.225306349,3.000018128));
#1818=VERTEX_POINT('',#1817);
#1819=CARTESIAN_POINT('',(-282.000017961,214.225306349,3.000018128));
#1820=DIRECTION('',(1.,0.,0.));
#1821=VECTOR('',#1820,1.29291118);
#1822=LINE('',#1819,#1821);
#1823=EDGE_CURVE('',#1818,#1797,#1822,.T.);
#1824=ORIENTED_EDGE('',*,*,#1823,.F.);
#1825=CARTESIAN_POINT('',(-282.000017961,213.224628068,3.000018128));
#1826=VERTEX_POINT('',#1825);
#1827=CARTESIAN_POINT('',(-282.000017961,214.225306349,3.000018128));
#1828=DIRECTION('',(0.,-1.,0.));
#1829=VECTOR('',#1828,1.000678281);
#1830=LINE('',#1827,#1829);
#1831=EDGE_CURVE('',#1818,#1826,#1830,.T.);
#1832=ORIENTED_EDGE('',*,*,#1831,.T.);
#1833=CARTESIAN_POINT('',(-280.707106781,213.224628068,3.000018128));
#1834=VERTEX_POINT('',#1833);
#1835=CARTESIAN_POINT('',(-282.000017961,213.224628068,3.000018128));
#1836=DIRECTION('',(1.,0.,0.));
#1837=VECTOR('',#1836,1.29291118);
#1838=LINE('',#1835,#1837);
#1839=EDGE_CURVE('',#1826,#1834,#1838,.T.);
#1840=ORIENTED_EDGE('',*,*,#1839,.T.);
#1841=CARTESIAN_POINT('',(-280.707106781,213.224628068,3.000018128));
#1842=CARTESIAN_POINT('',(-280.613696678,213.224628068,3.000018128));
#1843=CARTESIAN_POINT('',(-280.522037192,213.206229221,3.000018128));
#1844=CARTESIAN_POINT('',(-280.436429234,213.17073224,3.000018128));
#1845=CARTESIAN_POINT('',(-280.393625256,213.152983749,3.000018128));
#1846=CARTESIAN_POINT('',(-280.35302295,213.131262418,3.000018128));
#1847=CARTESIAN_POINT('',(-280.314602065,213.105604795,3.000018128));
#1848=CARTESIAN_POINT('',(-280.276181179,213.079947172,3.000018128));
#1849=CARTESIAN_POINT('',(-280.239801029,213.050081806,3.000018128));
#1850=CARTESIAN_POINT('',(-280.20719552,213.017464886,3.000018128));
#1851=CARTESIAN_POINT('',(-280.1419845,212.952231046,3.000018128));
#1852=CARTESIAN_POINT('',(-280.089312587,212.873363722,3.000018128));
#1853=CARTESIAN_POINT('',(-280.054030349,212.788306233,3.000018128));
#1854=CARTESIAN_POINT('',(-280.018748112,212.703248744,3.000018128));
#1855=CARTESIAN_POINT('',(-280.,212.610426841,3.000018128));
#1856=CARTESIAN_POINT('',(-280.,212.51701861,3.000018128));
#1857=B_SPLINE_CURVE_WITH_KNOTS('',3,(#1841,#1842,#1843,#1844,#1845,#1846,#1847,#1848,#1849,#1850,#1851,#1852,#1853,#1854,#1855,#1856),.UNSPECIFIED.,.F.,.F.,(4,3,3,3,3,4),(0.,0.000276252,0.000414378,0.000552504,0.000828755,0.001105007),.UNSPECIFIED.);
#1858=EDGE_CURVE('',#1834,#1728,#1857,.T.);
#1859=ORIENTED_EDGE('',*,*,#1858,.T.);
#1860=ORIENTED_EDGE('',*,*,#1735,.T.);
#1861=CARTESIAN_POINT('',(-280.707106781,140.775126176,3.000018128));
#1862=VERTEX_POINT('',#1861);
#1863=CARTESIAN_POINT('',(-280.,141.482735634,3.000018128));
#1864=CARTESIAN_POINT('',(-280.,141.389326264,3.000018128));
#1865=CARTESIAN_POINT('',(-280.018354127,141.297671623,3.000018128));
#1866=CARTESIAN_POINT('',(-280.053788886,141.212030859,3.000018128));
#1867=CARTESIAN_POINT('',(-280.071506265,141.169210478,3.000018128));
#1868=CARTESIAN_POINT('',(-280.093191437,141.128589037,3.000018128));
#1869=CARTESIAN_POINT('',(-280.118808605,141.090146696,3.000018128));
#1870=CARTESIAN_POINT('',(-280.144425773,141.051704355,3.000018128));
#1871=CARTESIAN_POINT('',(-280.174253948,141.015289366,3.000018128));
#1872=CARTESIAN_POINT('',(-280.206838024,140.982647234,3.000018128));
#1873=CARTESIAN_POINT('',(-280.272006176,140.917362971,3.000018128));
#1874=CARTESIAN_POINT('',(-280.350816889,140.864609978,3.000018128));
#1875=CARTESIAN_POINT('',(-280.435847274,140.829263616,3.000018128));
#1876=CARTESIAN_POINT('',(-280.520877659,140.793917255,3.000018128));
#1877=CARTESIAN_POINT('',(-280.613695523,140.775126176,3.000018128));
#1878=CARTESIAN_POINT('',(-280.707106781,140.775126176,3.000018128));
#1879=B_SPLINE_CURVE_WITH_KNOTS('',3,(#1863,#1864,#1865,#1866,#1867,#1868,#1869,#1870,#1871,#1872,#1873,#1874,#1875,#1876,#1877,#1878),.UNSPECIFIED.,.F.,.F.,(4,3,3,3,3,4),(0.,0.000276252,0.000414378,0.000552504,0.000828756,0.001105008),.UNSPECIFIED.);
#1880=EDGE_CURVE('',#1730,#1862,#1879,.T.);
#1881=ORIENTED_EDGE('',*,*,#1880,.T.);
#1882=CARTESIAN_POINT('',(-282.000017961,140.775126176,3.000018128));
#1883=VERTEX_POINT('',#1882);
#1884=CARTESIAN_POINT('',(-280.707106781,140.775126176,3.000018128));
#1885=DIRECTION('',(-1.,-0.,-0.));
#1886=VECTOR('',#1885,1.29291118);
#1887=LINE('',#1884,#1886);
#1888=EDGE_CURVE('',#1862,#1883,#1887,.T.);
#1889=ORIENTED_EDGE('',*,*,#1888,.T.);
#1890=CARTESIAN_POINT('',(-282.000017961,139.774447895,3.000018128));
#1891=VERTEX_POINT('',#1890);
#1892=CARTESIAN_POINT('',(-282.000017961,140.775126176,3.000018128));
#1893=DIRECTION('',(0.,-1.,0.));
#1894=VECTOR('',#1893,1.000678281);
#1895=LINE('',#1892,#1894);
#1896=EDGE_CURVE('',#1883,#1891,#1895,.T.);
#1897=ORIENTED_EDGE('',*,*,#1896,.T.);
#1898=CARTESIAN_POINT('',(-280.707106781,139.774447895,3.000018128));
#1899=VERTEX_POINT('',#1898);
#1900=CARTESIAN_POINT('',(-280.707106781,139.774447895,3.000018128));
#1901=DIRECTION('',(-1.,-0.,-0.));
#1902=VECTOR('',#1901,1.29291118);
#1903=LINE('',#1900,#1902);
#1904=EDGE_CURVE('',#1899,#1891,#1903,.T.);
#1905=ORIENTED_EDGE('',*,*,#1904,.F.);
#1906=CARTESIAN_POINT('',(-280.707106781,139.774447895,3.000018128));
#1907=CARTESIAN_POINT('',(-280.613699823,139.774447895,3.000018128));
#1908=CARTESIAN_POINT('',(-280.522043652,139.756051122,3.000018128));
#1909=CARTESIAN_POINT('',(-280.43643737,139.720557537,3.000018128));
#1910=CARTESIAN_POINT('',(-280.393634229,139.702810745,3.000018128));
#1911=CARTESIAN_POINT('',(-280.353032569,139.681091463,3.000018128));
#1912=CARTESIAN_POINT('',(-280.314612124,139.655436258,3.000018128));
#1913=CARTESIAN_POINT('',(-280.27619168,139.629781053,3.000018128));
#1914=CARTESIAN_POINT('',(-280.23981136,139.599918213,3.000018128));
#1915=CARTESIAN_POINT('',(-280.207205373,139.567303806,3.000018128));
#1916=CARTESIAN_POINT('',(-280.141993399,139.50207499,3.000018128));
#1917=CARTESIAN_POINT('',(-280.089319307,139.423213066,3.000018128));
#1918=CARTESIAN_POINT('',(-280.054034804,139.338159948,3.000018128));
#1919=CARTESIAN_POINT('',(-280.0187503,139.25310683,3.000018128));
#1920=CARTESIAN_POINT('',(-280.,139.160288345,3.000018128));
#1921=CARTESIAN_POINT('',(-280.,139.066883089,3.000018128));
#1922=B_SPLINE_CURVE_WITH_KNOTS('',3,(#1906,#1907,#1908,#1909,#1910,#1911,#1912,#1913,#1914,#1915,#1916,#1917,#1918,#1919,#1920,#1921),.UNSPECIFIED.,.F.,.F.,(4,3,3,3,3,4),(0.,0.000276242,0.000414364,0.000552485,0.000828727,0.00110497),.UNSPECIFIED.);
#1923=EDGE_CURVE('',#1899,#1600,#1922,.T.);
#1924=ORIENTED_EDGE('',*,*,#1923,.T.);
#1925=ORIENTED_EDGE('',*,*,#1607,.T.);
#1926=ORIENTED_EDGE('',*,*,#1709,.T.);
#1927=ORIENTED_EDGE('',*,*,#1673,.T.);
#1928=ORIENTED_EDGE('',*,*,#1765,.F.);
#1929=EDGE_LOOP('',(#1795,#1816,#1824,#1832,#1840,#1859,#1860,#1881,#1889,#1897,#1905,#1924,#1925,#1926,#1927,#1928));
#1930=FACE_BOUND('',#1929,.T.);
#1931=ADVANCED_FACE('',(#1930),#1794,.F.);
#1932=CARTESIAN_POINT('',(-282.000017961,176.999877122,4.352763072));
#1933=DIRECTION('',(1.,0.,-0.));
#1934=DIRECTION('',(0.,0.,1.));
#1935=AXIS2_PLACEMENT_3D('',#1932,#1933,#1934);
#1936=CYLINDRICAL_SURFACE('',#1935,36.25);
#1937=CARTESIAN_POINT('',(-280.707106781,176.999877122,40.602763072));
#1938=VERTEX_POINT('',#1937);
#1939=CARTESIAN_POINT('',(-282.000017961,176.999877122,40.602763072));
#1940=VERTEX_POINT('',#1939);
#1941=CARTESIAN_POINT('',(-280.707106781,176.999877122,40.602763072));
#1942=DIRECTION('',(-1.,-0.,-0.));
#1943=VECTOR('',#1942,1.29291118);
#1944=LINE('',#1941,#1943);
#1945=EDGE_CURVE('',#1938,#1940,#1944,.T.);
#1946=ORIENTED_EDGE('',*,*,#1945,.T.);
#1947=CARTESIAN_POINT('',(-282.000017961,176.999877122,4.352763072));
#1948=DIRECTION('',(-1.,-0.,-0.));
#1949=DIRECTION('',(0.,0.,-1.));
#1950=AXIS2_PLACEMENT_3D('',#1947,#1948,#1949);
#1951=CIRCLE('',#1950,36.25);
#1952=EDGE_CURVE('',#1883,#1940,#1951,.T.);
#1953=ORIENTED_EDGE('',*,*,#1952,.F.);
#1954=ORIENTED_EDGE('',*,*,#1888,.F.);
#1955=CARTESIAN_POINT('',(-280.707106781,176.999877122,4.352763072));
#1956=DIRECTION('',(-1.,-0.,0.));
#1957=DIRECTION('',(0.,0.,1.));
#1958=AXIS2_PLACEMENT_3D('',#1955,#1956,#1957);
#1959=CIRCLE('',#1958,36.25);
#1960=EDGE_CURVE('',#1862,#1938,#1959,.T.);
#1961=ORIENTED_EDGE('',*,*,#1960,.T.);
#1962=EDGE_LOOP('',(#1946,#1953,#1954,#1961));
#1963=FACE_BOUND('',#1962,.T.);
#1964=ADVANCED_FACE('',(#1963),#1936,.T.);
#1965=CARTESIAN_POINT('',(-282.000017961,176.999877122,4.352763072));
#1966=DIRECTION('',(1.,0.,-0.));
#1967=DIRECTION('',(0.,0.,1.));
#1968=AXIS2_PLACEMENT_3D('',#1965,#1966,#1967);
#1969=CYLINDRICAL_SURFACE('',#1968,37.25);
#1970=CARTESIAN_POINT('',(-280.707106781,176.999877122,41.602763072));
#1971=VERTEX_POINT('',#1970);
#1972=CARTESIAN_POINT('',(-282.000017961,176.999877122,41.602763072));
#1973=VERTEX_POINT('',#1972);
#1974=CARTESIAN_POINT('',(-280.707106781,176.999877122,41.602763072));
#1975=DIRECTION('',(-1.,-0.,-0.));
#1976=VECTOR('',#1975,1.29291118);
#1977=LINE('',#1974,#1976);
#1978=EDGE_CURVE('',#1971,#1973,#1977,.T.);
#1979=ORIENTED_EDGE('',*,*,#1978,.F.);
#1980=CARTESIAN_POINT('',(-280.707106781,176.999877122,4.352763072));
#1981=DIRECTION('',(1.,0.,-0.));
#1982=DIRECTION('',(0.,0.,1.));
#1983=AXIS2_PLACEMENT_3D('',#1980,#1981,#1982);
#1984=CIRCLE('',#1983,37.25);
#1985=EDGE_CURVE('',#1971,#1899,#1984,.T.);
#1986=ORIENTED_EDGE('',*,*,#1985,.T.);
#1987=ORIENTED_EDGE('',*,*,#1904,.T.);
#1988=CARTESIAN_POINT('',(-282.000017961,176.999877122,4.352763072));
#1989=DIRECTION('',(-1.,-0.,-0.));
#1990=DIRECTION('',(0.,0.,-1.));
#1991=AXIS2_PLACEMENT_3D('',#1988,#1989,#1990);
#1992=CIRCLE('',#1991,37.25);
#1993=EDGE_CURVE('',#1891,#1973,#1992,.T.);
#1994=ORIENTED_EDGE('',*,*,#1993,.T.);
#1995=EDGE_LOOP('',(#1979,#1986,#1987,#1994));
#1996=FACE_BOUND('',#1995,.T.);
#1997=ADVANCED_FACE('',(#1996),#1969,.F.);
#1998=CARTESIAN_POINT('',(-282.000017961,2283.999999833,63.000018128));
#1999=DIRECTION('',(-1.,-0.,0.));
#2000=DIRECTION('',(-0.,1.,0.));
#2001=AXIS2_PLACEMENT_3D('',#1998,#1999,#2000);
#2002=PLANE('',#2001);
#2003=CARTESIAN_POINT('',(-282.000017961,176.999877122,4.352763072));
#2004=DIRECTION('',(-1.,-0.,-0.));
#2005=DIRECTION('',(0.,0.,-1.));
#2006=AXIS2_PLACEMENT_3D('',#2003,#2004,#2005);
#2007=CIRCLE('',#2006,37.25);
#2008=EDGE_CURVE('',#1973,#1818,#2007,.T.);
#2009=ORIENTED_EDGE('',*,*,#2008,.F.);
#2010=ORIENTED_EDGE('',*,*,#1993,.F.);
#2011=ORIENTED_EDGE('',*,*,#1896,.F.);
#2012=ORIENTED_EDGE('',*,*,#1952,.T.);
#2013=CARTESIAN_POINT('',(-282.000017961,176.999877122,4.352763072));
#2014=DIRECTION('',(-1.,-0.,-0.));
#2015=DIRECTION('',(0.,0.,-1.));
#2016=AXIS2_PLACEMENT_3D('',#2013,#2014,#2015);
#2017=CIRCLE('',#2016,36.25);
#2018=EDGE_CURVE('',#1940,#1826,#2017,.T.);
#2019=ORIENTED_EDGE('',*,*,#2018,.T.);
#2020=ORIENTED_EDGE('',*,*,#1831,.F.);
#2021=EDGE_LOOP('',(#2009,#2010,#2011,#2012,#2019,#2020));
#2022=FACE_BOUND('',#2021,.T.);
#2023=ADVANCED_FACE('',(#2022),#2002,.F.);
#2024=CARTESIAN_POINT('',(-280.707106781,176.999877122,4.352763072));
#2025=DIRECTION('',(1.,0.,-0.));
#2026=DIRECTION('',(0.,0.,1.));
#2027=AXIS2_PLACEMENT_3D('',#2024,#2025,#2026);
#2028=TOROIDAL_SURFACE('',#2027,35.542893219,0.707106781);
#2029=CARTESIAN_POINT('',(-280.707106781,176.999877122,39.895656291));
#2030=DIRECTION('',(0.,-1.,-0.));
#2031=DIRECTION('',(0.,0.,1.));
#2032=AXIS2_PLACEMENT_3D('',#2029,#2030,#2031);
#2033=CIRCLE('',#2032,0.707106781);
#2034=EDGE_CURVE('',#1738,#1938,#2033,.T.);
#2035=ORIENTED_EDGE('',*,*,#2034,.T.);
#2036=ORIENTED_EDGE('',*,*,#1960,.F.);
#2037=ORIENTED_EDGE('',*,*,#1880,.F.);
#2038=ORIENTED_EDGE('',*,*,#1751,.F.);
#2039=EDGE_LOOP('',(#2035,#2036,#2037,#2038));
#2040=FACE_BOUND('',#2039,.T.);
#2041=ADVANCED_FACE('',(#2040),#2028,.T.);
#2042=CARTESIAN_POINT('',(-280.707106781,176.999877122,4.352763072));
#2043=DIRECTION('',(1.,0.,-0.));
#2044=DIRECTION('',(0.,0.,1.));
#2045=AXIS2_PLACEMENT_3D('',#2042,#2043,#2044);
#2046=TOROIDAL_SURFACE('',#2045,37.957106781,0.707106781);
#2047=CARTESIAN_POINT('',(-280.707106781,176.999877122,42.309869853));
#2048=DIRECTION('',(0.,-1.,-0.));
#2049=DIRECTION('',(0.,0.,1.));
#2050=AXIS2_PLACEMENT_3D('',#2047,#2048,#2049);
#2051=CIRCLE('',#2050,0.707106781);
#2052=EDGE_CURVE('',#1971,#1610,#2051,.T.);
#2053=ORIENTED_EDGE('',*,*,#2052,.T.);
#2054=ORIENTED_EDGE('',*,*,#1616,.F.);
#2055=ORIENTED_EDGE('',*,*,#1923,.F.);
#2056=ORIENTED_EDGE('',*,*,#1985,.F.);
#2057=EDGE_LOOP('',(#2053,#2054,#2055,#2056));
#2058=FACE_BOUND('',#2057,.T.);
#2059=ADVANCED_FACE('',(#2058),#2046,.T.);
#2060=CARTESIAN_POINT('',(-282.000017961,176.999877122,4.352763072));
#2061=DIRECTION('',(1.,0.,-0.));
#2062=DIRECTION('',(0.,0.,1.));
#2063=AXIS2_PLACEMENT_3D('',#2060,#2061,#2062);
#2064=CYLINDRICAL_SURFACE('',#2063,36.25);
#2065=ORIENTED_EDGE('',*,*,#1945,.F.);
#2066=CARTESIAN_POINT('',(-280.707106781,176.999877122,4.352763072));
#2067=DIRECTION('',(-1.,-0.,0.));
#2068=DIRECTION('',(0.,0.,1.));
#2069=AXIS2_PLACEMENT_3D('',#2066,#2067,#2068);
#2070=CIRCLE('',#2069,36.25);
#2071=EDGE_CURVE('',#1938,#1834,#2070,.T.);
#2072=ORIENTED_EDGE('',*,*,#2071,.T.);
#2073=ORIENTED_EDGE('',*,*,#1839,.F.);
#2074=ORIENTED_EDGE('',*,*,#2018,.F.);
#2075=EDGE_LOOP('',(#2065,#2072,#2073,#2074));
#2076=FACE_BOUND('',#2075,.T.);
#2077=ADVANCED_FACE('',(#2076),#2064,.T.);
#2078=CARTESIAN_POINT('',(-282.000017961,176.999877122,4.352763072));
#2079=DIRECTION('',(1.,0.,-0.));
#2080=DIRECTION('',(0.,0.,1.));
#2081=AXIS2_PLACEMENT_3D('',#2078,#2079,#2080);
#2082=CYLINDRICAL_SURFACE('',#2081,37.25);
#2083=ORIENTED_EDGE('',*,*,#1978,.T.);
#2084=ORIENTED_EDGE('',*,*,#2008,.T.);
#2085=ORIENTED_EDGE('',*,*,#1823,.T.);
#2086=CARTESIAN_POINT('',(-280.707106781,176.999877122,4.352763072));
#2087=DIRECTION('',(1.,0.,-0.));
#2088=DIRECTION('',(0.,0.,1.));
#2089=AXIS2_PLACEMENT_3D('',#2086,#2087,#2088);
#2090=CIRCLE('',#2089,37.25);
#2091=EDGE_CURVE('',#1797,#1971,#2090,.T.);
#2092=ORIENTED_EDGE('',*,*,#2091,.T.);
#2093=EDGE_LOOP('',(#2083,#2084,#2085,#2092));
#2094=FACE_BOUND('',#2093,.T.);
#2095=ADVANCED_FACE('',(#2094),#2082,.F.);
#2096=CARTESIAN_POINT('',(-280.707106781,176.999877122,4.352763072));
#2097=DIRECTION('',(1.,0.,-0.));
#2098=DIRECTION('',(0.,0.,1.));
#2099=AXIS2_PLACEMENT_3D('',#2096,#2097,#2098);
#2100=TOROIDAL_SURFACE('',#2099,35.542893219,0.707106781);
#2101=ORIENTED_EDGE('',*,*,#2034,.F.);
#2102=ORIENTED_EDGE('',*,*,#1744,.F.);
#2103=ORIENTED_EDGE('',*,*,#1858,.F.);
#2104=ORIENTED_EDGE('',*,*,#2071,.F.);
#2105=EDGE_LOOP('',(#2101,#2102,#2103,#2104));
#2106=FACE_BOUND('',#2105,.T.);
#2107=ADVANCED_FACE('',(#2106),#2100,.T.);
#2108=CARTESIAN_POINT('',(-280.707106781,176.999877122,4.352763072));
#2109=DIRECTION('',(1.,0.,-0.));
#2110=DIRECTION('',(0.,0.,1.));
#2111=AXIS2_PLACEMENT_3D('',#2108,#2109,#2110);
#2112=TOROIDAL_SURFACE('',#2111,37.957106781,0.707106781);
#2113=ORIENTED_EDGE('',*,*,#2052,.F.);
#2114=ORIENTED_EDGE('',*,*,#2091,.F.);
#2115=ORIENTED_EDGE('',*,*,#1815,.F.);
#2116=ORIENTED_EDGE('',*,*,#1625,.F.);
#2117=EDGE_LOOP('',(#2113,#2114,#2115,#2116));
#2118=FACE_BOUND('',#2117,.T.);
#2119=ADVANCED_FACE('',(#2118),#2112,.T.);
#2120=CLOSED_SHELL('',(#1659,#1699,#1721,#1755,#1777,#1789,#1931,#1964,#1997,#2023,#2041,#2059,#2077,#2095,#2107,#2119));
#2121=MANIFOLD_SOLID_BREP('Body 120 (7)',#2120);
#1593=STYLED_ITEM('',(#1365),#2121);
#2123=CARTESIAN_POINT('',(-20.,157.000008646,48.000018128));
#2124=DIRECTION('',(-1.,-0.,0.));
#2125=DIRECTION('',(-0.,1.,0.));
#2126=AXIS2_PLACEMENT_3D('',#2123,#2124,#2125);
#2127=PLANE('',#2126);
#2128=CARTESIAN_POINT('',(-20.,141.482735634,3.000018128));
#2129=VERTEX_POINT('',#2128);
#2130=CARTESIAN_POINT('',(-20.,212.51701861,3.000018128));
#2131=VERTEX_POINT('',#2130);
#2132=CARTESIAN_POINT('',(-20.,141.482735634,3.000018128));
#2133=DIRECTION('',(-0.,1.,-0.));
#2134=VECTOR('',#2133,71.034282976);
#2135=LINE('',#2132,#2134);
#2136=EDGE_CURVE('',#2129,#2131,#2135,.T.);
#2137=ORIENTED_EDGE('',*,*,#2136,.F.);
#2138=CARTESIAN_POINT('',(-20.,176.999877122,4.352763072));
#2139=DIRECTION('',(-1.,-0.,-0.));
#2140=DIRECTION('',(0.,0.,-1.));
#2141=AXIS2_PLACEMENT_3D('',#2138,#2139,#2140);
#2142=CIRCLE('',#2141,35.542893219);
#2143=EDGE_CURVE('',#2129,#2131,#2142,.T.);
#2144=ORIENTED_EDGE('',*,*,#2143,.T.);
#2145=EDGE_LOOP('',(#2137,#2144));
#2146=FACE_BOUND('',#2145,.T.);
#2147=ADVANCED_FACE('',(#2146),#2127,.T.);
#2148=CARTESIAN_POINT('',(-20.,157.000008646,48.000018128));
#2149=DIRECTION('',(-1.,-0.,0.));
#2150=DIRECTION('',(-0.,1.,0.));
#2151=AXIS2_PLACEMENT_3D('',#2148,#2149,#2150);
#2152=PLANE('',#2151);
#2153=CARTESIAN_POINT('',(-20.,214.932871155,3.000018128));
#2154=VERTEX_POINT('',#2153);
#2155=CARTESIAN_POINT('',(-20.,217.000000168,3.000018128));
#2156=VERTEX_POINT('',#2155);
#2157=CARTESIAN_POINT('',(-20.,214.932871155,3.000018128));
#2158=DIRECTION('',(-0.,1.,-0.));
#2159=VECTOR('',#2158,2.067129013);
#2160=LINE('',#2157,#2159);
#2161=EDGE_CURVE('',#2154,#2156,#2160,.T.);
#2162=ORIENTED_EDGE('',*,*,#2161,.F.);
#2163=CARTESIAN_POINT('',(-20.,139.066883089,3.000018128));
#2164=VERTEX_POINT('',#2163);
#2165=CARTESIAN_POINT('',(-20.,176.999877122,4.352763072));
#2166=DIRECTION('',(1.,0.,0.));
#2167=DIRECTION('',(0.,0.,-1.));
#2168=AXIS2_PLACEMENT_3D('',#2165,#2166,#2167);
#2169=CIRCLE('',#2168,37.957106781);
#2170=EDGE_CURVE('',#2154,#2164,#2169,.T.);
#2171=ORIENTED_EDGE('',*,*,#2170,.T.);
#2172=CARTESIAN_POINT('',(-20.,136.999999498,3.000018128));
#2173=VERTEX_POINT('',#2172);
#2174=CARTESIAN_POINT('',(-20.,136.999999498,3.000018128));
#2175=DIRECTION('',(-0.,1.,-0.));
#2176=VECTOR('',#2175,2.066883591);
#2177=LINE('',#2174,#2176);
#2178=EDGE_CURVE('',#2173,#2164,#2177,.T.);
#2179=ORIENTED_EDGE('',*,*,#2178,.F.);
#2180=CARTESIAN_POINT('',(-20.,136.999999498,43.000018128));
#2181=VERTEX_POINT('',#2180);
#2182=CARTESIAN_POINT('',(-20.,136.999999498,43.000018128));
#2183=DIRECTION('',(0.,0.,-1.));
#2184=VECTOR('',#2183,40.);
#2185=LINE('',#2182,#2184);
#2186=EDGE_CURVE('',#2181,#2173,#2185,.T.);
#2187=ORIENTED_EDGE('',*,*,#2186,.F.);
#2188=CARTESIAN_POINT('',(-20.,217.000000168,43.000018128));
#2189=VERTEX_POINT('',#2188);
#2190=CARTESIAN_POINT('',(-20.,136.999999498,43.000018128));
#2191=DIRECTION('',(-0.,1.,0.));
#2192=VECTOR('',#2191,80.00000067);
#2193=LINE('',#2190,#2192);
#2194=EDGE_CURVE('',#2181,#2189,#2193,.T.);
#2195=ORIENTED_EDGE('',*,*,#2194,.T.);
#2196=CARTESIAN_POINT('',(-20.,217.000000168,43.000018128));
#2197=DIRECTION('',(0.,0.,-1.));
#2198=VECTOR('',#2197,40.);
#2199=LINE('',#2196,#2198);
#2200=EDGE_CURVE('',#2189,#2156,#2199,.T.);
#2201=ORIENTED_EDGE('',*,*,#2200,.T.);
#2202=EDGE_LOOP('',(#2162,#2171,#2179,#2187,#2195,#2201));
#2203=FACE_BOUND('',#2202,.T.);
#2204=ADVANCED_FACE('',(#2203),#2152,.T.);
#2205=CARTESIAN_POINT('',(-15.,136.999999498,48.000018128));
#2206=DIRECTION('',(0.,-1.,0.));
#2207=DIRECTION('',(-1.,-0.,0.));
#2208=AXIS2_PLACEMENT_3D('',#2205,#2206,#2207);
#2209=PLANE('',#2208);
#2210=CARTESIAN_POINT('',(-12.,136.999999498,3.000018128));
#2211=VERTEX_POINT('',#2210);
#2212=CARTESIAN_POINT('',(-12.,136.999999498,3.000018128));
#2213=DIRECTION('',(-1.,-0.,0.));
#2214=VECTOR('',#2213,8.);
#2215=LINE('',#2212,#2214);
#2216=EDGE_CURVE('',#2211,#2173,#2215,.T.);
#2217=ORIENTED_EDGE('',*,*,#2216,.F.);
#2218=CARTESIAN_POINT('',(-12.,136.999999498,43.000018128));
#2219=VERTEX_POINT('',#2218);
#2220=CARTESIAN_POINT('',(-12.,136.999999498,43.000018128));
#2221=DIRECTION('',(0.,0.,-1.));
#2222=VECTOR('',#2221,40.);
#2223=LINE('',#2220,#2222);
#2224=EDGE_CURVE('',#2219,#2211,#2223,.T.);
#2225=ORIENTED_EDGE('',*,*,#2224,.F.);
#2226=CARTESIAN_POINT('',(-12.,136.999999498,43.000018128));
#2227=DIRECTION('',(-1.,-0.,0.));
#2228=VECTOR('',#2227,8.);
#2229=LINE('',#2226,#2228);
#2230=EDGE_CURVE('',#2219,#2181,#2229,.T.);
#2231=ORIENTED_EDGE('',*,*,#2230,.T.);
#2232=ORIENTED_EDGE('',*,*,#2186,.T.);
#2233=EDGE_LOOP('',(#2217,#2225,#2231,#2232));
#2234=FACE_BOUND('',#2233,.T.);
#2235=ADVANCED_FACE('',(#2234),#2209,.T.);
#2236=CARTESIAN_POINT('',(-12.,154.499084718,48.000018128));
#2237=DIRECTION('',(1.,0.,0.));
#2238=DIRECTION('',(0.,-1.,0.));
#2239=AXIS2_PLACEMENT_3D('',#2236,#2237,#2238);
#2240=PLANE('',#2239);
#2241=CARTESIAN_POINT('',(-12.,216.99853652,3.000018128));
#2242=VERTEX_POINT('',#2241);
#2243=CARTESIAN_POINT('',(-12.,216.99853652,3.000018128));
#2244=DIRECTION('',(0.,-1.,0.));
#2245=VECTOR('',#2244,79.998537022);
#2246=LINE('',#2243,#2245);
#2247=EDGE_CURVE('',#2242,#2211,#2246,.T.);
#2248=ORIENTED_EDGE('',*,*,#2247,.F.);
#2249=CARTESIAN_POINT('',(-12.,216.998536519,43.000018128));
#2250=VERTEX_POINT('',#2249);
#2251=CARTESIAN_POINT('',(-12.,216.99853652,43.000018128));
#2252=DIRECTION('',(0.,0.,-1.));
#2253=VECTOR('',#2252,40.);
#2254=LINE('',#2251,#2253);
#2255=EDGE_CURVE('',#2250,#2242,#2254,.T.);
#2256=ORIENTED_EDGE('',*,*,#2255,.F.);
#2257=CARTESIAN_POINT('',(-12.,216.998536519,43.000018128));
#2258=DIRECTION('',(0.,-1.,0.));
#2259=VECTOR('',#2258,79.998537021);
#2260=LINE('',#2257,#2259);
#2261=EDGE_CURVE('',#2250,#2219,#2260,.T.);
#2262=ORIENTED_EDGE('',*,*,#2261,.T.);
#2263=ORIENTED_EDGE('',*,*,#2224,.T.);
#2264=EDGE_LOOP('',(#2248,#2256,#2262,#2263));
#2265=FACE_BOUND('',#2264,.T.);
#2266=ADVANCED_FACE('',(#2265),#2240,.T.);
#2267=CARTESIAN_POINT('',(-14.992681759,216.999084049,48.000018128));
#2268=DIRECTION('',(-0.000182956,-0.999999983,0.));
#2269=DIRECTION('',(-0.999999983,0.000182956,0.));
#2270=AXIS2_PLACEMENT_3D('',#2267,#2268,#2269);
#2271=PLANE('',#2270);
#2272=CARTESIAN_POINT('',(-12.,216.99853652,3.000018128));
#2273=DIRECTION('',(-0.999999983,0.000182956,0.));
#2274=VECTOR('',#2273,8.000000134);
#2275=LINE('',#2272,#2274);
#2276=EDGE_CURVE('',#2242,#2156,#2275,.T.);
#2277=ORIENTED_EDGE('',*,*,#2276,.T.);
#2278=ORIENTED_EDGE('',*,*,#2200,.F.);
#2279=CARTESIAN_POINT('',(-12.,216.998536519,43.000018128));
#2280=DIRECTION('',(-0.999999983,0.000182956,0.));
#2281=VECTOR('',#2280,8.000000134);
#2282=LINE('',#2279,#2281);
#2283=EDGE_CURVE('',#2250,#2189,#2282,.T.);
#2284=ORIENTED_EDGE('',*,*,#2283,.F.);
#2285=ORIENTED_EDGE('',*,*,#2255,.T.);
#2286=EDGE_LOOP('',(#2277,#2278,#2284,#2285));
#2287=FACE_BOUND('',#2286,.T.);
#2288=ADVANCED_FACE('',(#2287),#2271,.F.);
#2289=CARTESIAN_POINT('',(1730.,737.000017794,43.000018128));
#2290=DIRECTION('',(0.,0.,1.));
#2291=DIRECTION('',(-1.,-0.,0.));
#2292=AXIS2_PLACEMENT_3D('',#2289,#2290,#2291);
#2293=PLANE('',#2292);
#2294=ORIENTED_EDGE('',*,*,#2194,.F.);
#2295=ORIENTED_EDGE('',*,*,#2230,.F.);
#2296=ORIENTED_EDGE('',*,*,#2261,.F.);
#2297=ORIENTED_EDGE('',*,*,#2283,.T.);
#2298=EDGE_LOOP('',(#2294,#2295,#2296,#2297));
#2299=FACE_BOUND('',#2298,.T.);
#2300=ADVANCED_FACE('',(#2299),#2293,.T.);
#2301=CARTESIAN_POINT('',(1730.,737.000017794,3.000018128));
#2302=DIRECTION('',(0.,0.,1.));
#2303=DIRECTION('',(-1.,-0.,0.));
#2304=AXIS2_PLACEMENT_3D('',#2301,#2302,#2303);
#2305=PLANE('',#2304);
#2306=ORIENTED_EDGE('',*,*,#2178,.T.);
#2307=CARTESIAN_POINT('',(-19.292893219,139.774447895,3.000018128));
#2308=VERTEX_POINT('',#2307);
#2309=CARTESIAN_POINT('',(-20.,139.066883089,3.000018128));
#2310=CARTESIAN_POINT('',(-20.,139.160289405,3.000018128));
#2311=CARTESIAN_POINT('',(-19.981643606,139.251941055,3.000018128));
#2312=CARTESIAN_POINT('',(-19.94620664,139.337577215,3.000018128));
#2313=CARTESIAN_POINT('',(-19.928488158,139.380395295,3.000018128));
#2314=CARTESIAN_POINT('',(-19.906801834,139.421014413,3.000018128));
#2315=CARTESIAN_POINT('',(-19.881183548,139.459454451,3.000018128));
#2316=CARTESIAN_POINT('',(-19.855565262,139.497894489,3.000018128));
#2317=CARTESIAN_POINT('',(-19.825736404,139.534306633,3.000018128));
#2318=CARTESIAN_POINT('',(-19.793152016,139.566946069,3.000018128));
#2319=CARTESIAN_POINT('',(-19.727983241,139.632224942,3.000018128));
#2320=CARTESIAN_POINT('',(-19.649172998,139.6849731,3.000018128));
#2321=CARTESIAN_POINT('',(-19.564144556,139.720315958,3.000018128));
#2322=CARTESIAN_POINT('',(-19.479116115,139.755658817,3.000018128));
#2323=CARTESIAN_POINT('',(-19.386301229,139.774447895,3.000018128));
#2324=CARTESIAN_POINT('',(-19.292893219,139.774447895,3.000018128));
#2325=B_SPLINE_CURVE_WITH_KNOTS('',3,(#2309,#2310,#2311,#2312,#2313,#2314,#2315,#2316,#2317,#2318,#2319,#2320,#2321,#2322,#2323,#2324),.UNSPECIFIED.,.F.,.F.,(4,3,3,3,3,4),(0.,0.000276243,0.000414364,0.000552485,0.000828728,0.00110497),.UNSPECIFIED.);
#2326=EDGE_CURVE('',#2164,#2308,#2325,.T.);
#2327=ORIENTED_EDGE('',*,*,#2326,.T.);
#2328=CARTESIAN_POINT('',(-19.000017961,139.774447895,3.000018128));
#2329=VERTEX_POINT('',#2328);
#2330=CARTESIAN_POINT('',(-19.000017961,139.774447895,3.000018128));
#2331=DIRECTION('',(-1.,-0.,0.));
#2332=VECTOR('',#2331,0.292875258);
#2333=LINE('',#2330,#2332);
#2334=EDGE_CURVE('',#2329,#2308,#2333,.T.);
#2335=ORIENTED_EDGE('',*,*,#2334,.F.);
#2336=CARTESIAN_POINT('',(-19.000017961,140.775126176,3.000018128));
#2337=VERTEX_POINT('',#2336);
#2338=CARTESIAN_POINT('',(-19.000017961,139.774447895,3.000018128));
#2339=DIRECTION('',(-0.,1.,0.));
#2340=VECTOR('',#2339,1.000678281);
#2341=LINE('',#2338,#2340);
#2342=EDGE_CURVE('',#2329,#2337,#2341,.T.);
#2343=ORIENTED_EDGE('',*,*,#2342,.T.);
#2344=CARTESIAN_POINT('',(-19.292893219,140.775126176,3.000018128));
#2345=VERTEX_POINT('',#2344);
#2346=CARTESIAN_POINT('',(-19.000017961,140.775126176,3.000018128));
#2347=DIRECTION('',(-1.,-0.,0.));
#2348=VECTOR('',#2347,0.292875258);
#2349=LINE('',#2346,#2348);
#2350=EDGE_CURVE('',#2337,#2345,#2349,.T.);
#2351=ORIENTED_EDGE('',*,*,#2350,.T.);
#2352=CARTESIAN_POINT('',(-19.292893219,140.775126176,3.000018128));
#2353=CARTESIAN_POINT('',(-19.386303322,140.775126176,3.000018128));
#2354=CARTESIAN_POINT('',(-19.477962808,140.793525023,3.000018128));
#2355=CARTESIAN_POINT('',(-19.563570766,140.829022004,3.000018128));
#2356=CARTESIAN_POINT('',(-19.606374744,140.846770495,3.000018128));
#2357=CARTESIAN_POINT('',(-19.64697705,140.868491826,3.000018128));
#2358=CARTESIAN_POINT('',(-19.685397935,140.894149449,3.000018128));
#2359=CARTESIAN_POINT('',(-19.723818821,140.919807072,3.000018128));
#2360=CARTESIAN_POINT('',(-19.760198971,140.949672438,3.000018128));
#2361=CARTESIAN_POINT('',(-19.79280448,140.982289358,3.000018128));
#2362=CARTESIAN_POINT('',(-19.8580155,141.047523198,3.000018128));
#2363=CARTESIAN_POINT('',(-19.910687413,141.126390522,3.000018128));
#2364=CARTESIAN_POINT('',(-19.945969651,141.211448011,3.000018128));
#2365=CARTESIAN_POINT('',(-19.981251888,141.2965055,3.000018128));
#2366=CARTESIAN_POINT('',(-20.,141.389327403,3.000018128));
#2367=CARTESIAN_POINT('',(-20.,141.482735634,3.000018128));
#2368=B_SPLINE_CURVE_WITH_KNOTS('',3,(#2352,#2353,#2354,#2355,#2356,#2357,#2358,#2359,#2360,#2361,#2362,#2363,#2364,#2365,#2366,#2367),.UNSPECIFIED.,.F.,.F.,(4,3,3,3,3,4),(0.,0.000276252,0.000414378,0.000552504,0.000828755,0.001105007),.UNSPECIFIED.);
#2369=EDGE_CURVE('',#2345,#2129,#2368,.T.);
#2370=ORIENTED_EDGE('',*,*,#2369,.T.);
#2371=ORIENTED_EDGE('',*,*,#2136,.T.);
#2372=CARTESIAN_POINT('',(-19.292893219,213.224628068,3.000018128));
#2373=VERTEX_POINT('',#2372);
#2374=CARTESIAN_POINT('',(-20.,212.51701861,3.000018128));
#2375=CARTESIAN_POINT('',(-20.,212.61042798,3.000018128));
#2376=CARTESIAN_POINT('',(-19.981645873,212.702082621,3.000018128));
#2377=CARTESIAN_POINT('',(-19.946211114,212.787723385,3.000018128));
#2378=CARTESIAN_POINT('',(-19.928493735,212.830543766,3.000018128));
#2379=CARTESIAN_POINT('',(-19.906808563,212.871165207,3.000018128));
#2380=CARTESIAN_POINT('',(-19.881191395,212.909607548,3.000018128));
#2381=CARTESIAN_POINT('',(-19.855574227,212.948049889,3.000018128));
#2382=CARTESIAN_POINT('',(-19.825746052,212.984464878,3.000018128));
#2383=CARTESIAN_POINT('',(-19.793161976,213.01710701,3.000018128));
#2384=CARTESIAN_POINT('',(-19.727993824,213.082391273,3.000018128));
#2385=CARTESIAN_POINT('',(-19.649183111,213.135144266,3.000018128));
#2386=CARTESIAN_POINT('',(-19.564152726,213.170490628,3.000018128));
#2387=CARTESIAN_POINT('',(-19.479122341,213.205836989,3.000018128));
#2388=CARTESIAN_POINT('',(-19.386304477,213.224628068,3.000018128));
#2389=CARTESIAN_POINT('',(-19.292893219,213.224628068,3.000018128));
#2390=B_SPLINE_CURVE_WITH_KNOTS('',3,(#2374,#2375,#2376,#2377,#2378,#2379,#2380,#2381,#2382,#2383,#2384,#2385,#2386,#2387,#2388,#2389),.UNSPECIFIED.,.F.,.F.,(4,3,3,3,3,4),(0.,0.000276252,0.000414378,0.000552504,0.000828756,0.001105008),.UNSPECIFIED.);
#2391=EDGE_CURVE('',#2131,#2373,#2390,.T.);
#2392=ORIENTED_EDGE('',*,*,#2391,.T.);
#2393=CARTESIAN_POINT('',(-19.000017961,213.224628068,3.000018128));
#2394=VERTEX_POINT('',#2393);
#2395=CARTESIAN_POINT('',(-19.292893219,213.224628068,3.000018128));
#2396=DIRECTION('',(1.,0.,-0.));
#2397=VECTOR('',#2396,0.292875258);
#2398=LINE('',#2395,#2397);
#2399=EDGE_CURVE('',#2373,#2394,#2398,.T.);
#2400=ORIENTED_EDGE('',*,*,#2399,.T.);
#2401=CARTESIAN_POINT('',(-19.000017961,214.225306349,3.000018128));
#2402=VERTEX_POINT('',#2401);
#2403=CARTESIAN_POINT('',(-19.000017961,213.224628068,3.000018128));
#2404=DIRECTION('',(-0.,1.,0.));
#2405=VECTOR('',#2404,1.000678281);
#2406=LINE('',#2403,#2405);
#2407=EDGE_CURVE('',#2394,#2402,#2406,.T.);
#2408=ORIENTED_EDGE('',*,*,#2407,.T.);
#2409=CARTESIAN_POINT('',(-19.292893219,214.225306349,3.000018128));
#2410=VERTEX_POINT('',#2409);
#2411=CARTESIAN_POINT('',(-19.292893219,214.225306349,3.000018128));
#2412=DIRECTION('',(1.,0.,-0.));
#2413=VECTOR('',#2412,0.292875258);
#2414=LINE('',#2411,#2413);
#2415=EDGE_CURVE('',#2410,#2402,#2414,.T.);
#2416=ORIENTED_EDGE('',*,*,#2415,.F.);
#2417=CARTESIAN_POINT('',(-19.292893219,214.225306349,3.000018128));
#2418=CARTESIAN_POINT('',(-19.386300177,214.225306349,3.000018128));
#2419=CARTESIAN_POINT('',(-19.477956348,214.243703122,3.000018128));
#2420=CARTESIAN_POINT('',(-19.56356263,214.279196707,3.000018128));
#2421=CARTESIAN_POINT('',(-19.606365771,214.296943499,3.000018128));
#2422=CARTESIAN_POINT('',(-19.646967431,214.318662781,3.000018128));
#2423=CARTESIAN_POINT('',(-19.685387876,214.344317986,3.000018128));
#2424=CARTESIAN_POINT('',(-19.72380832,214.369973191,3.000018128));
#2425=CARTESIAN_POINT('',(-19.76018864,214.399836031,3.000018128));
#2426=CARTESIAN_POINT('',(-19.792794627,214.432450438,3.000018128));
#2427=CARTESIAN_POINT('',(-19.858006601,214.497679254,3.000018128));
#2428=CARTESIAN_POINT('',(-19.910680693,214.576541178,3.000018128));
#2429=CARTESIAN_POINT('',(-19.945965196,214.661594296,3.000018128));
#2430=CARTESIAN_POINT('',(-19.9812497,214.746647414,3.000018128));
#2431=CARTESIAN_POINT('',(-20.,214.839465899,3.000018128));
#2432=CARTESIAN_POINT('',(-20.,214.932871155,3.000018128));
#2433=B_SPLINE_CURVE_WITH_KNOTS('',3,(#2417,#2418,#2419,#2420,#2421,#2422,#2423,#2424,#2425,#2426,#2427,#2428,#2429,#2430,#2431,#2432),.UNSPECIFIED.,.F.,.F.,(4,3,3,3,3,4),(0.,0.000276242,0.000414364,0.000552485,0.000828727,0.00110497),.UNSPECIFIED.);
#2434=EDGE_CURVE('',#2410,#2154,#2433,.T.);
#2435=ORIENTED_EDGE('',*,*,#2434,.T.);
#2436=ORIENTED_EDGE('',*,*,#2161,.T.);
#2437=ORIENTED_EDGE('',*,*,#2276,.F.);
#2438=ORIENTED_EDGE('',*,*,#2247,.T.);
#2439=ORIENTED_EDGE('',*,*,#2216,.T.);
#2440=EDGE_LOOP('',(#2306,#2327,#2335,#2343,#2351,#2370,#2371,#2392,#2400,#2408,#2416,#2435,#2436,#2437,#2438,#2439));
#2441=FACE_BOUND('',#2440,.T.);
#2442=ADVANCED_FACE('',(#2441),#2305,.F.);
#2443=CARTESIAN_POINT('',(-19.000017961,176.999877122,4.352763072));
#2444=DIRECTION('',(-1.,-0.,-0.));
#2445=DIRECTION('',(0.,0.,-1.));
#2446=AXIS2_PLACEMENT_3D('',#2443,#2444,#2445);
#2447=CYLINDRICAL_SURFACE('',#2446,36.25);
#2448=ORIENTED_EDGE('',*,*,#2399,.F.);
#2449=CARTESIAN_POINT('',(-19.292893219,176.999877122,4.352763072));
#2450=DIRECTION('',(1.,0.,0.));
#2451=DIRECTION('',(0.,0.,-1.));
#2452=AXIS2_PLACEMENT_3D('',#2449,#2450,#2451);
#2453=CIRCLE('',#2452,36.25);
#2454=EDGE_CURVE('',#2373,#2345,#2453,.T.);
#2455=ORIENTED_EDGE('',*,*,#2454,.T.);
#2456=ORIENTED_EDGE('',*,*,#2350,.F.);
#2457=CARTESIAN_POINT('',(-19.000017961,176.999877122,4.352763072));
#2458=DIRECTION('',(1.,0.,-0.));
#2459=DIRECTION('',(0.,0.,1.));
#2460=AXIS2_PLACEMENT_3D('',#2457,#2458,#2459);
#2461=CIRCLE('',#2460,36.25);
#2462=EDGE_CURVE('',#2394,#2337,#2461,.T.);
#2463=ORIENTED_EDGE('',*,*,#2462,.F.);
#2464=EDGE_LOOP('',(#2448,#2455,#2456,#2463));
#2465=FACE_BOUND('',#2464,.T.);
#2466=ADVANCED_FACE('',(#2465),#2447,.T.);
#2467=CARTESIAN_POINT('',(-19.000017961,176.999877122,4.352763072));
#2468=DIRECTION('',(-1.,-0.,-0.));
#2469=DIRECTION('',(0.,0.,-1.));
#2470=AXIS2_PLACEMENT_3D('',#2467,#2468,#2469);
#2471=CYLINDRICAL_SURFACE('',#2470,37.25);
#2472=ORIENTED_EDGE('',*,*,#2334,.T.);
#2473=CARTESIAN_POINT('',(-19.292893219,176.999877122,4.352763072));
#2474=DIRECTION('',(-1.,-0.,-0.));
#2475=DIRECTION('',(0.,0.,-1.));
#2476=AXIS2_PLACEMENT_3D('',#2473,#2474,#2475);
#2477=CIRCLE('',#2476,37.25);
#2478=EDGE_CURVE('',#2308,#2410,#2477,.T.);
#2479=ORIENTED_EDGE('',*,*,#2478,.T.);
#2480=ORIENTED_EDGE('',*,*,#2415,.T.);
#2481=CARTESIAN_POINT('',(-19.000017961,176.999877122,4.352763072));
#2482=DIRECTION('',(1.,0.,-0.));
#2483=DIRECTION('',(0.,0.,1.));
#2484=AXIS2_PLACEMENT_3D('',#2481,#2482,#2483);
#2485=CIRCLE('',#2484,37.25);
#2486=EDGE_CURVE('',#2402,#2329,#2485,.T.);
#2487=ORIENTED_EDGE('',*,*,#2486,.T.);
#2488=EDGE_LOOP('',(#2472,#2479,#2480,#2487));
#2489=FACE_BOUND('',#2488,.T.);
#2490=ADVANCED_FACE('',(#2489),#2471,.F.);
#2491=CARTESIAN_POINT('',(-19.000017961,2283.999999833,63.000018128));
#2492=DIRECTION('',(1.,0.,0.));
#2493=DIRECTION('',(0.,-1.,0.));
#2494=AXIS2_PLACEMENT_3D('',#2491,#2492,#2493);
#2495=PLANE('',#2494);
#2496=ORIENTED_EDGE('',*,*,#2486,.F.);
#2497=ORIENTED_EDGE('',*,*,#2407,.F.);
#2498=ORIENTED_EDGE('',*,*,#2462,.T.);
#2499=ORIENTED_EDGE('',*,*,#2342,.F.);
#2500=EDGE_LOOP('',(#2496,#2497,#2498,#2499));
#2501=FACE_BOUND('',#2500,.T.);
#2502=ADVANCED_FACE('',(#2501),#2495,.F.);
#2503=CARTESIAN_POINT('',(-19.292893219,176.999877122,4.352763072));
#2504=DIRECTION('',(-1.,-0.,-0.));
#2505=DIRECTION('',(0.,0.,-1.));
#2506=AXIS2_PLACEMENT_3D('',#2503,#2504,#2505);
#2507=TOROIDAL_SURFACE('',#2506,35.542893219,0.707106781);
#2508=ORIENTED_EDGE('',*,*,#2391,.F.);
#2509=ORIENTED_EDGE('',*,*,#2143,.F.);
#2510=ORIENTED_EDGE('',*,*,#2369,.F.);
#2511=ORIENTED_EDGE('',*,*,#2454,.F.);
#2512=EDGE_LOOP('',(#2508,#2509,#2510,#2511));
#2513=FACE_BOUND('',#2512,.T.);
#2514=ADVANCED_FACE('',(#2513),#2507,.T.);
#2515=CARTESIAN_POINT('',(-19.292893219,176.999877122,4.352763072));
#2516=DIRECTION('',(-1.,-0.,-0.));
#2517=DIRECTION('',(0.,0.,-1.));
#2518=AXIS2_PLACEMENT_3D('',#2515,#2516,#2517);
#2519=TOROIDAL_SURFACE('',#2518,37.957106781,0.707106781);
#2520=ORIENTED_EDGE('',*,*,#2434,.F.);
#2521=ORIENTED_EDGE('',*,*,#2478,.F.);
#2522=ORIENTED_EDGE('',*,*,#2326,.F.);
#2523=ORIENTED_EDGE('',*,*,#2170,.F.);
#2524=EDGE_LOOP('',(#2520,#2521,#2522,#2523));
#2525=FACE_BOUND('',#2524,.T.);
#2526=ADVANCED_FACE('',(#2525),#2519,.T.);
#2527=CLOSED_SHELL('',(#2147,#2204,#2235,#2266,#2288,#2300,#2442,#2466,#2490,#2502,#2514,#2526));
#2528=MANIFOLD_SOLID_BREP('Body 120 (6)',#2527);
#2122=STYLED_ITEM('',(#1365),#2528);
#1574=SHAPE_REPRESENTATION('Folder 35',(#15),#1572);
#1575=ADVANCED_BREP_SHAPE_REPRESENTATION('Folder 35',(#2121,#2528),#1572);
#2536=SHAPE_REPRESENTATION_RELATIONSHIP('','',#1574,#1575);
#2537=CARTESIAN_POINT('',(0.,0.,0.));
#2538=DIRECTION('',(0.,0.,1.));
#2539=DIRECTION('',(1.,0.,0.));
#2540=AXIS2_PLACEMENT_3D('',#2537,#2538,#2539);
#2542=MAPPED_ITEM('',#2541,#2540);
#2541=REPRESENTATION_MAP(#2540,#1574);
#1582=PRODUCT('Folder 35','Folder 35','',(#1560));
#2543=PRODUCT_RELATED_PRODUCT_CATEGORY('part','',(#1582));
#2544=PRODUCT_DEFINITION_FORMATION_WITH_SPECIFIED_SOURCE('','',#1582,.NOT_KNOWN.);
#1583=PRODUCT_DEFINITION('design','',#2544,#1561);
#1581=PRODUCT_DEFINITION_SHAPE('','',#1583);
#2545=SHAPE_DEFINITION_REPRESENTATION(#1581,#1574);
#1573=DRAUGHTING_MODEL('',(#2542),#1572);
#1375=SHAPE_REPRESENTATION('Act ii print plast.step',(#15,#1416,#1587),#1373);
#2546=CARTESIAN_POINT('',(0.,0.,0.));
#2547=DIRECTION('',(0.,0.,1.));
#2548=DIRECTION('',(1.,0.,0.));
#2549=AXIS2_PLACEMENT_3D('',#2546,#2547,#2548);
#2551=MAPPED_ITEM('',#2550,#2549);
#2550=REPRESENTATION_MAP(#2549,#1375);
#1383=PRODUCT('Act ii print plast.step','Act ii print plast.step','',(#1560));
#2552=PRODUCT_RELATED_PRODUCT_CATEGORY('part','',(#1383));
#2553=PRODUCT_DEFINITION_FORMATION_WITH_SPECIFIED_SOURCE('','',#1383,.NOT_KNOWN.);
#1384=PRODUCT_DEFINITION('design','',#2553,#1561);
#1382=PRODUCT_DEFINITION_SHAPE('','',#1384);
#2554=SHAPE_DEFINITION_REPRESENTATION(#1382,#1375);
#1374=DRAUGHTING_MODEL('',(#2551),#1373);
#16=SHAPE_REPRESENTATION('root',(#15,#1388),#10);
#17=ADVANCED_BREP_SHAPE_REPRESENTATION('root',(#1358),#10);
#2562=SHAPE_REPRESENTATION_RELATIONSHIP('','',#16,#17);
#2563=CARTESIAN_POINT('',(0.,0.,0.));
#2564=DIRECTION('',(0.,0.,1.));
#2565=DIRECTION('',(1.,0.,0.));
#2566=AXIS2_PLACEMENT_3D('',#2563,#2564,#2565);
#2568=MAPPED_ITEM('',#2567,#2566);
#2567=REPRESENTATION_MAP(#2566,#16);
#24=PRODUCT('root','root','',(#1560));
#2569=PRODUCT_RELATED_PRODUCT_CATEGORY('part','',(#24));
#2570=PRODUCT_DEFINITION_FORMATION_WITH_SPECIFIED_SOURCE('','',#24,.NOT_KNOWN.);
#25=PRODUCT_DEFINITION('design','',#2570,#1561);
#23=PRODUCT_DEFINITION_SHAPE('','',#25);
#2571=SHAPE_DEFINITION_REPRESENTATION(#23,#16);
#11=DRAUGHTING_MODEL('',(#2568),#10);
#2572=DESCRIPTIVE_REPRESENTATION_ITEM('KEY','/private/var/mobile/Containers/Data/Application/5F2095C5-6E5A-4F28-9900-660682EC0850/tmp/BDA60E1C-9A47-4A67-BA53-6D65CF98BE90.tmp');
#2573=PROPERTY_DEFINITION('KEY','',#25);
#2574=REPRESENTATION('',(#2572),#10);
#2575=PROPERTY_DEFINITION_REPRESENTATION(#2573,#2574);
#2576=GENERAL_PROPERTY('','KEY','');
#2577=GENERAL_PROPERTY_ASSOCIATION('','',#2576,#2573);
#1=MECHANICAL_DESIGN_GEOMETRIC_PRESENTATION_REPRESENTATION('',(#26,#1422,#1593,#2122),#10);
ENDSEC;
END-ISO-10303-21;
