ISO-10303-21;
HEADER;

/* File generated by Shapr3D Version 26.50.0.10685 */

FILE_DESCRIPTION(('HOOPS Exchange Step'),'2;1');

FILE_NAME('/private/var/mobile/Containers/Data/Application/5F2095C5-6E5A-4F28-9900-660682EC0850/tmp/export/temp_export',
'2026-05-03T21:30:52+02:00',
('mobile'),
('Shapr3D Limited'),
'HOOPS Exchange 2025.9',
'Shapr3D',
'Authorized');

FILE_SCHEMA( ('AP242_MANAGED_MODEL_BASED_3D_ENGINEERING_MIM_LF {1 0 10303 442 1 1 4}') );

ENDSEC;

DATA;
#3=(NAMED_UNIT(*)PLANE_ANGLE_UNIT()SI_UNIT($,.RADIAN.));
#4=PLANE_ANGLE_MEASURE_WITH_UNIT(PLANE_ANGLE_MEASURE(0.0174532925),#3);
#5=(CONVERSION_BASED_UNIT('DEGREE',#4)NAMED_UNIT(#6)PLANE_ANGLE_UNIT());
#6=DIMENSIONAL_EXPONENTS(0.,0.,0.,0.,0.,0.,0.);
#7=(NAMED_UNIT(*)SI_UNIT($,.STERADIAN.)SOLID_ANGLE_UNIT());
#8=(LENGTH_UNIT()NAMED_UNIT(*)SI_UNIT(.MILLI.,.METRE.));
#9=UNCERTAINTY_MEASURE_WITH_UNIT(LENGTH_MEASURE(1.000000E-05),#8,'DISTANCE_ACCURACY_VALUE','Maximum Tolerance applied to model');
#10=(GEOMETRIC_REPRESENTATION_CONTEXT(3)GLOBAL_UNCERTAINTY_ASSIGNED_CONTEXT((#9))GLOBAL_UNIT_ASSIGNED_CONTEXT((#8,#5,#7))REPRESENTATION_CONTEXT('','root'));
#12=CARTESIAN_POINT('',(0.,0.,0.));
#13=DIRECTION('',(0.,0.,1.));
#14=DIRECTION('',(1.,0.,0.));
#15=AXIS2_PLACEMENT_3D('TS3D_PRODUCT_CSYS',#12,#13,#14);
#27=CARTESIAN_POINT('',(10.5,226.999981872,3.000018128));
#28=DIRECTION('',(0.,0.,-1.));
#29=DIRECTION('',(0.,1.,0.));
#30=AXIS2_PLACEMENT_3D('',#27,#28,#29);
#31=PLANE('',#30);
#32=CARTESIAN_POINT('',(176.202533526,76.999990852,3.000018128));
#33=VERTEX_POINT('',#32);
#34=CARTESIAN_POINT('',(192.495426745,76.999999833,3.000018128));
#35=VERTEX_POINT('',#34);
#36=CARTESIAN_POINT('',(176.202533526,76.999999833,3.000018128));
#37=DIRECTION('',(1.,0.,-0.));
#38=VECTOR('',#37,16.292893219);
#39=LINE('',#36,#38);
#40=EDGE_CURVE('',#33,#35,#39,.T.);
#41=ORIENTED_EDGE('',*,*,#40,.T.);
#42=CARTESIAN_POINT('',(192.495426745,96.999981872,3.000018128));
#43=VERTEX_POINT('',#42);
#44=CARTESIAN_POINT('',(192.495426745,76.999999833,3.000018128));
#45=DIRECTION('',(0.,1.,-0.));
#46=VECTOR('',#45,19.999982039);
#47=LINE('',#44,#46);
#48=EDGE_CURVE('',#35,#43,#47,.T.);
#49=ORIENTED_EDGE('',*,*,#48,.T.);
#50=CARTESIAN_POINT('',(79.98879181,212.583729337,3.000018128));
#51=VERTEX_POINT('',#50);
#52=CARTESIAN_POINT('',(192.495426745,96.999981872,3.000018128));
#53=CARTESIAN_POINT('',(192.495426747,109.137921907,3.000018128));
#54=CARTESIAN_POINT('',(191.125028714,119.963647575,3.000018128));
#55=CARTESIAN_POINT('',(190.383097418,125.82467807,3.000018128));
#56=CARTESIAN_POINT('',(189.24288605,131.303480823,3.000018128));
#57=CARTESIAN_POINT('',(188.047497077,137.04741618,3.000018128));
#58=CARTESIAN_POINT('',(186.401561912,142.432090174,3.000018128));
#59=CARTESIAN_POINT('',(182.913184265,153.844311502,3.000018128));
#60=CARTESIAN_POINT('',(177.448346069,163.518695502,3.000018128));
#61=CARTESIAN_POINT('',(174.606233923,168.550076721,3.000018128));
#62=CARTESIAN_POINT('',(171.218911364,173.13905095,3.000018128));
#63=CARTESIAN_POINT('',(167.776666803,177.802430744,3.000018128));
#64=CARTESIAN_POINT('',(163.845761839,181.906243445,3.000018128));
#65=CARTESIAN_POINT('',(159.901551176,186.023947119,3.000018128));
#66=CARTESIAN_POINT('',(155.404450163,189.650142353,3.000018128));
#67=CARTESIAN_POINT('',(150.940084354,193.249941862,3.000018128));
#68=CARTESIAN_POINT('',(146.050969279,196.267820629,3.000018128));
#69=CARTESIAN_POINT('',(141.237673832,199.238898606,3.000018128));
#70=CARTESIAN_POINT('',(135.949510243,201.685022884,3.000018128));
#71=CARTESIAN_POINT('',(130.816224278,204.059506051,3.000018128));
#72=CARTESIAN_POINT('',(125.287279438,205.915163998,3.000018128));
#73=CARTESIAN_POINT('',(119.947778324,207.707239696,3.000018128));
#74=CARTESIAN_POINT('',(114.234080876,209.014542934,3.000018128));
#75=CARTESIAN_POINT('',(108.771085621,210.264485104,3.000018128));
#76=CARTESIAN_POINT('',(102.931821701,211.078767548,3.000018128));
#77=CARTESIAN_POINT('',(92.112240664,212.587552733,3.000018128));
#78=CARTESIAN_POINT('',(79.98879181,212.583729337,3.000018128));
#79=B_SPLINE_CURVE_WITH_KNOTS('',2,(#52,#53,#54,#55,#56,#57,#58,#59,#60,#61,#62,#63,#64,#65,#66,#67,#68,#69,#70,#71,#72,#73,#74,#75,#76,#77,
#78),.UNSPECIFIED.,.F.,.F.,(3,2,2,2,2,2,2,2,2,2,2,2,2,3),(0.,0.125,0.1875,0.25,0.375,0.4375,0.5,0.5625,0.625,0.6875,0.75,0.8125,0.875,1.),.UNSPECIFIED.);
#80=EDGE_CURVE('',#43,#51,#79,.T.);
#81=ORIENTED_EDGE('',*,*,#80,.T.);
#82=CARTESIAN_POINT('',(59.997408074,212.577424614,3.000018128));
#83=VERTEX_POINT('',#82);
#84=CARTESIAN_POINT('',(79.98879181,212.583729337,3.000018128));
#85=DIRECTION('',(-0.99999995,-0.000315372,-0.));
#86=VECTOR('',#85,19.99138473);
#87=LINE('',#84,#86);
#88=EDGE_CURVE('',#51,#83,#87,.T.);
#89=ORIENTED_EDGE('',*,*,#88,.T.);
#90=CARTESIAN_POINT('',(60.,212.51701861,3.000018128));
#91=VERTEX_POINT('',#90);
#92=CARTESIAN_POINT('',(59.997408075,212.577424595,3.000018128));
#93=CARTESIAN_POINT('',(59.99913094,212.557364514,3.000018128));
#94=CARTESIAN_POINT('',(60.,212.537208384,3.000018128));
#95=CARTESIAN_POINT('',(60.,212.51701861,3.000018128));
#96=B_SPLINE_CURVE_WITH_KNOTS('',3,(#92,#93,#94,#95),.UNSPECIFIED.,.F.,.F.,(4,4),(0.001045016,0.001105007),.UNSPECIFIED.);
#97=EDGE_CURVE('',#83,#91,#96,.T.);
#98=ORIENTED_EDGE('',*,*,#97,.T.);
#99=CARTESIAN_POINT('',(60.,196.284531402,3.000018128));
#100=VERTEX_POINT('',#99);
#101=CARTESIAN_POINT('',(60.,212.51701861,3.000018128));
#102=DIRECTION('',(0.,-1.,0.));
#103=VECTOR('',#102,16.232487208);
#104=LINE('',#101,#103);
#105=EDGE_CURVE('',#91,#100,#104,.T.);
#106=ORIENTED_EDGE('',*,*,#105,.T.);
#107=CARTESIAN_POINT('',(79.993930133,196.290836928,3.000018128));
#108=VERTEX_POINT('',#107);
#109=CARTESIAN_POINT('',(79.993930133,196.290836928,3.000018128));
#110=DIRECTION('',(-0.99999995,-0.000315372,0.));
#111=VECTOR('',#110,19.993931128);
#112=LINE('',#109,#111);
#113=EDGE_CURVE('',#108,#100,#112,.T.);
#114=ORIENTED_EDGE('',*,*,#113,.F.);
#115=CARTESIAN_POINT('',(176.202533526,96.999981872,3.000018128));
#116=VERTEX_POINT('',#115);
#117=CARTESIAN_POINT('',(176.202533526,96.999981872,3.000018128));
#118=CARTESIAN_POINT('',(176.202533526,99.996570069,3.000018128));
#119=CARTESIAN_POINT('',(176.061151931,106.314049629,3.000018128));
#120=CARTESIAN_POINT('',(175.313495454,115.924105453,3.000018128));
#121=CARTESIAN_POINT('',(173.83044781,126.00880716,3.000018128));
#122=CARTESIAN_POINT('',(171.583333659,135.621837918,3.000018128));
#123=CARTESIAN_POINT('',(168.441530565,144.982461678,3.000018128));
#124=CARTESIAN_POINT('',(165.134417631,152.250403123,3.000018128));
#125=CARTESIAN_POINT('',(161.846597752,158.016037851,3.000018128));
#126=CARTESIAN_POINT('',(159.048978404,162.271538019,3.000018128));
#127=CARTESIAN_POINT('',(155.896835345,166.420188213,3.000018128));
#128=CARTESIAN_POINT('',(151.57020979,171.334967241,3.000018128));
#129=CARTESIAN_POINT('',(146.861041258,175.725513873,3.000018128));
#130=CARTESIAN_POINT('',(141.850999109,179.571440214,3.000018128));
#131=CARTESIAN_POINT('',(136.329273886,183.253033016,3.000018128));
#132=CARTESIAN_POINT('',(128.794805964,187.276526809,3.000018128));
#133=CARTESIAN_POINT('',(119.576121791,190.822211375,3.000018128));
#134=CARTESIAN_POINT('',(110.043103604,193.398261514,3.000018128));
#135=CARTESIAN_POINT('',(100.552252408,195.091400008,3.000018128));
#136=CARTESIAN_POINT('',(90.408334828,196.089915866,3.000018128));
#137=CARTESIAN_POINT('',(83.543733413,196.291956437,3.000018128));
#138=CARTESIAN_POINT('',(79.993930132,196.290836928,3.000018128));
#139=B_SPLINE_CURVE_WITH_KNOTS('',3,(#117,#118,#119,#120,#121,#122,#123,#124,#125,#126,#127,#128,#129,#130,#131,#132,#133,#134,#135,#136,#137,#138),.UNSPECIFIED.,.F.,.F.,(4,1,1,1,1,1,1,1,1,1,1,1,1,1,1,1,1,1,1,4),(0.,0.008994977,0.018963454,0.028919731,0.039572201,0.048563825,0.058527076,0.063500975,0.068476409,0.073806899,0.07913083,0.08811886,0.093095491,0.09807954,0.108028956,0.118682904,0.127675141,0.13764172,0.147596609,0.15824988),.UNSPECIFIED.);
#140=EDGE_CURVE('',#116,#108,#139,.T.);
#141=ORIENTED_EDGE('',*,*,#140,.F.);
#142=CARTESIAN_POINT('',(176.202533526,76.999999833,3.000018128));
#143=DIRECTION('',(0.,1.,0.));
#144=VECTOR('',#143,19.999982039);
#145=LINE('',#142,#144);
#146=EDGE_CURVE('',#33,#116,#145,.T.);
#147=ORIENTED_EDGE('',*,*,#146,.F.);
#148=EDGE_LOOP('',(#41,#49,#81,#89,#98,#106,#114,#141,#147));
#149=FACE_BOUND('',#148,.T.);
#150=ADVANCED_FACE('',(#149),#31,.F.);
#151=CARTESIAN_POINT('',(60.,214.932871155,0.000018128));
#152=CARTESIAN_POINT('',(60.,214.932871155,2.93614548));
#153=CARTESIAN_POINT('',(60.,214.839708425,0.000018128));
#154=CARTESIAN_POINT('',(60.,214.839708425,2.93614548));
#155=CARTESIAN_POINT('',(59.963195951,214.655616151,0.000018128));
#156=CARTESIAN_POINT('',(59.963195951,214.655616151,2.93614548));
#157=CARTESIAN_POINT('',(59.806328729,214.419657278,0.000018128));
#158=CARTESIAN_POINT('',(59.806328729,214.419657278,2.93614548));
#159=CARTESIAN_POINT('',(59.570663008,214.262344012,0.000018128));
#160=CARTESIAN_POINT('',(59.570663008,214.262344012,2.93614548));
#161=CARTESIAN_POINT('',(59.386069618,214.225306349,0.000018128));
#162=CARTESIAN_POINT('',(59.386069618,214.225306349,2.93614548));
#163=CARTESIAN_POINT('',(59.292893219,214.225306349,0.000018128));
#164=CARTESIAN_POINT('',(59.292893219,214.225306349,2.93614548));
#165=B_SPLINE_SURFACE_WITH_KNOTS('',3,1,((#151,#152),(#153,#154),(#155,#156),(#157,#158),(#159,#160),(#161,#162),(#163,#164)),.UNSPECIFIED.,.F.,.F.,.U.,(4,1,1,1,4),(2,2),(0.,0.000276239,0.000552234,0.000828105,0.00110497),(0.,0.978709117),.UNSPECIFIED.);
#166=CARTESIAN_POINT('',(59.575739844,214.284398492,2.000018128));
#167=VERTEX_POINT('',#166);
#168=CARTESIAN_POINT('',(59.292893219,214.225306349,2.000018128));
#169=VERTEX_POINT('',#168);
#170=CARTESIAN_POINT('',(59.575740197,214.284398646,2.000018128));
#171=CARTESIAN_POINT('',(59.571880468,214.282711827,2.000018128));
#172=CARTESIAN_POINT('',(59.482733515,214.244701436,2.000018128));
#173=CARTESIAN_POINT('',(59.386069618,214.225306349,2.000018128));
#174=CARTESIAN_POINT('',(59.292893219,214.225306349,2.000018128));
#175=B_SPLINE_CURVE_WITH_KNOTS('',3,(#170,#171,#172,#173,#174),.UNSPECIFIED.,.F.,.F.,(4,1,4),(0.000815525,0.000828105,0.00110497),.UNSPECIFIED.);
#176=EDGE_CURVE('',#167,#169,#175,.T.);
#177=ORIENTED_EDGE('',*,*,#176,.F.);
#178=CARTESIAN_POINT('',(60.,214.932871155,2.93614548));
#179=VERTEX_POINT('',#178);
#180=CARTESIAN_POINT('',(59.575739841,214.284398498,2.000018128));
#181=CARTESIAN_POINT('',(59.575739841,214.284398498,2.10980102));
#182=CARTESIAN_POINT('',(59.618421334,214.302316819,2.211803325));
#183=CARTESIAN_POINT('',(59.665833852,214.331755378,2.304019687));
#184=CARTESIAN_POINT('',(59.713246369,214.361193937,2.396236048));
#185=CARTESIAN_POINT('',(59.767294503,214.40305273,2.481924962));
#186=CARTESIAN_POINT('',(59.815924217,214.456623577,2.560966662));
#187=CARTESIAN_POINT('',(59.840239074,214.483409001,2.600487512));
#188=CARTESIAN_POINT('',(59.863581306,214.513245057,2.63847595));
#189=CARTESIAN_POINT('',(59.885302305,214.546637078,2.674972947));
#190=CARTESIAN_POINT('',(59.907023304,214.580029099,2.711469944));
#191=CARTESIAN_POINT('',(59.927108794,214.617087262,2.746456163));
#192=CARTESIAN_POINT('',(59.944007506,214.656961259,2.778591652));
#193=CARTESIAN_POINT('',(59.97780493,214.736709252,2.842862629));
#194=CARTESIAN_POINT('',(60.,214.830534292,2.897702099));
#195=CARTESIAN_POINT('',(60.,214.932871155,2.93614548));
#196=B_SPLINE_CURVE_WITH_KNOTS('',3,(#180,#181,#182,#183,#184,#185,#186,#187,#188,#189,#190,#191,#192,#193,#194,#195),.UNSPECIFIED.,.F.,.F.,(4,3,3,3,3,4),(0.,0.000323092,0.000646185,0.000807731,0.000969277,0.001292369),.UNSPECIFIED.);
#197=EDGE_CURVE('',#167,#179,#196,.T.);
#198=ORIENTED_EDGE('',*,*,#197,.T.);
#199=CARTESIAN_POINT('',(60.,214.932871155,0.000018128));
#200=VERTEX_POINT('',#199);
#201=CARTESIAN_POINT('',(60.,214.932871155,0.000018128));
#202=DIRECTION('',(0.,0.,1.));
#203=VECTOR('',#202,2.936127352);
#204=LINE('',#201,#203);
#205=EDGE_CURVE('',#200,#179,#204,.T.);
#206=ORIENTED_EDGE('',*,*,#205,.F.);
#207=CARTESIAN_POINT('',(59.292893219,214.225306349,0.000018128));
#208=VERTEX_POINT('',#207);
#209=CARTESIAN_POINT('',(60.,214.932871155,0.000018128));
#210=CARTESIAN_POINT('',(60.,214.839708425,0.000018128));
#211=CARTESIAN_POINT('',(59.963195951,214.655616151,0.000018128));
#212=CARTESIAN_POINT('',(59.806328729,214.419657278,0.000018128));
#213=CARTESIAN_POINT('',(59.570663008,214.262344012,0.000018128));
#214=CARTESIAN_POINT('',(59.386069618,214.225306349,0.000018128));
#215=CARTESIAN_POINT('',(59.292893219,214.225306349,0.000018128));
#216=B_SPLINE_CURVE_WITH_KNOTS('',3,(#209,#210,#211,#212,#213,#214,#215),.UNSPECIFIED.,.F.,.F.,(4,1,1,1,4),(0.,0.000276239,0.000552234,0.000828105,0.00110497),.UNSPECIFIED.);
#217=EDGE_CURVE('',#200,#208,#216,.T.);
#218=ORIENTED_EDGE('',*,*,#217,.T.);
#219=CARTESIAN_POINT('',(59.292893219,214.225306349,0.000018128));
#220=DIRECTION('',(0.,0.,1.));
#221=VECTOR('',#220,2.);
#222=LINE('',#219,#221);
#223=EDGE_CURVE('',#208,#169,#222,.T.);
#224=ORIENTED_EDGE('',*,*,#223,.T.);
#225=EDGE_LOOP('',(#177,#198,#206,#218,#224));
#226=FACE_BOUND('',#225,.T.);
#227=ADVANCED_FACE('',(#226),#165,.T.);
#228=CARTESIAN_POINT('',(192.517264199,76.999999833,0.000018128));
#229=CARTESIAN_POINT('',(192.517264199,76.999999833,2.999680846));
#230=CARTESIAN_POINT('',(192.610429945,76.999999833,0.000018128));
#231=CARTESIAN_POINT('',(192.610429945,76.999999833,2.999680846));
#232=CARTESIAN_POINT('',(192.794528823,76.963200183,0.000018128));
#233=CARTESIAN_POINT('',(192.794528823,76.963200183,2.999680846));
#234=CARTESIAN_POINT('',(193.030503651,76.806340036,0.000018128));
#235=CARTESIAN_POINT('',(193.030503651,76.806340036,2.999680846));
#236=CARTESIAN_POINT('',(193.187832063,76.570672265,0.000018128));
#237=CARTESIAN_POINT('',(193.187832063,76.570672265,2.999680846));
#238=CARTESIAN_POINT('',(193.224873657,76.386072496,0.000018128));
#239=CARTESIAN_POINT('',(193.224873657,76.386072496,2.999680846));
#240=CARTESIAN_POINT('',(193.224873657,76.292893052,0.000018128));
#241=CARTESIAN_POINT('',(193.224873657,76.292893052,2.999680846));
#242=B_SPLINE_SURFACE_WITH_KNOTS('',3,1,((#228,#229),(#230,#231),(#232,#233),(#234,#235),(#236,#237),(#238,#239),(#240,#241)),.UNSPECIFIED.,.F.,.F.,.U.,(4,1,1,1,4),(2,2),(0.,0.000276248,0.000552253,0.000828133,0.001105008),(0.,0.999887573),.UNSPECIFIED.);
#243=CARTESIAN_POINT('',(193.202533526,76.469069039,2.000018128));
#244=VERTEX_POINT('',#243);
#245=CARTESIAN_POINT('',(193.202533526,76.469069039,2.292911347));
#246=VERTEX_POINT('',#245);
#247=CARTESIAN_POINT('',(193.202533526,76.469069039,2.000018128));
#248=DIRECTION('',(0.,0.,1.));
#249=VECTOR('',#248,0.292893219);
#250=LINE('',#247,#249);
#251=EDGE_CURVE('',#244,#246,#250,.T.);
#252=ORIENTED_EDGE('',*,*,#251,.T.);
#253=CARTESIAN_POINT('',(192.517264199,76.999999833,2.999680846));
#254=VERTEX_POINT('',#253);
#255=CARTESIAN_POINT('',(193.202533526,76.469069039,2.292911347));
#256=CARTESIAN_POINT('',(193.202533526,76.469069039,2.345238572));
#257=CARTESIAN_POINT('',(193.196759827,76.492134373,2.393283716));
#258=CARTESIAN_POINT('',(193.18781182,76.518683086,2.436448479));
#259=CARTESIAN_POINT('',(193.178863813,76.545231798,2.479613241));
#260=CARTESIAN_POINT('',(193.166510912,76.576155037,2.519444241));
#261=CARTESIAN_POINT('',(193.151216171,76.606960806,2.557373498));
#262=CARTESIAN_POINT('',(193.120626688,76.668572343,2.633232012));
#263=CARTESIAN_POINT('',(193.077355542,76.732586597,2.703408769));
#264=CARTESIAN_POINT('',(193.020754904,76.789849935,2.766229766));
#265=CARTESIAN_POINT('',(192.964154265,76.847113272,2.829050763));
#266=CARTESIAN_POINT('',(192.892569708,76.899500916,2.88562434));
#267=CARTESIAN_POINT('',(192.807276929,76.937858293,2.927536797));
#268=CARTESIAN_POINT('',(192.721984151,76.976215669,2.969449255));
#269=CARTESIAN_POINT('',(192.621194033,76.999999833,2.996469668));
#270=CARTESIAN_POINT('',(192.517264199,76.999999833,2.999680846));
#271=B_SPLINE_CURVE_WITH_KNOTS('',3,(#255,#256,#257,#258,#259,#260,#261,#262,#263,#264,#265,#266,#267,#268,#269,#270),.UNSPECIFIED.,.F.,.F.,(4,3,3,3,3,4),(0.,0.000154035,0.00030807,0.000616139,0.000924209,0.001232279),.UNSPECIFIED.);
#272=EDGE_CURVE('',#246,#254,#271,.T.);
#273=ORIENTED_EDGE('',*,*,#272,.T.);
#274=CARTESIAN_POINT('',(192.517264199,76.999999833,0.000018128));
#275=VERTEX_POINT('',#274);
#276=CARTESIAN_POINT('',(192.517264199,76.999999833,0.000018128));
#277=DIRECTION('',(0.,0.,1.));
#278=VECTOR('',#277,2.999662718);
#279=LINE('',#276,#278);
#280=EDGE_CURVE('',#275,#254,#279,.T.);
#281=ORIENTED_EDGE('',*,*,#280,.F.);
#282=CARTESIAN_POINT('',(193.224873657,76.292893052,0.000018128));
#283=VERTEX_POINT('',#282);
#284=CARTESIAN_POINT('',(192.517264199,76.999999833,0.000018128));
#285=CARTESIAN_POINT('',(192.610429945,76.999999833,0.000018128));
#286=CARTESIAN_POINT('',(192.794528823,76.963200183,0.000018128));
#287=CARTESIAN_POINT('',(193.030503651,76.806340036,0.000018128));
#288=CARTESIAN_POINT('',(193.187832063,76.570672265,0.000018128));
#289=CARTESIAN_POINT('',(193.224873657,76.386072496,0.000018128));
#290=CARTESIAN_POINT('',(193.224873657,76.292893052,0.000018128));
#291=B_SPLINE_CURVE_WITH_KNOTS('',3,(#284,#285,#286,#287,#288,#289,#290),.UNSPECIFIED.,.F.,.F.,(4,1,1,1,4),(0.,0.000276248,0.000552253,0.000828133,0.001105008),.UNSPECIFIED.);
#292=EDGE_CURVE('',#275,#283,#291,.T.);
#293=ORIENTED_EDGE('',*,*,#292,.T.);
#294=CARTESIAN_POINT('',(193.224873657,76.292893052,2.000018128));
#295=VERTEX_POINT('',#294);
#296=CARTESIAN_POINT('',(193.224873657,76.292893052,0.000018128));
#297=DIRECTION('',(0.,0.,1.));
#298=VECTOR('',#297,2.);
#299=LINE('',#296,#298);
#300=EDGE_CURVE('',#283,#295,#299,.T.);
#301=ORIENTED_EDGE('',*,*,#300,.T.);
#302=CARTESIAN_POINT('',(193.202533621,76.46906868,2.000018128));
#303=CARTESIAN_POINT('',(193.217294685,76.411708018,2.000018128));
#304=CARTESIAN_POINT('',(193.224873657,76.352446276,2.000018128));
#305=CARTESIAN_POINT('',(193.224873657,76.292893052,2.000018128));
#306=B_SPLINE_CURVE_WITH_KNOTS('',3,(#302,#303,#304,#305),.UNSPECIFIED.,.F.,.F.,(4,4),(0.00092805,0.001105008),.UNSPECIFIED.);
#307=EDGE_CURVE('',#244,#295,#306,.T.);
#308=ORIENTED_EDGE('',*,*,#307,.F.);
#309=EDGE_LOOP('',(#252,#273,#281,#293,#301,#308));
#310=FACE_BOUND('',#309,.T.);
#311=ADVANCED_FACE('',(#310),#242,.T.);
#312=CARTESIAN_POINT('',(60.,141.482735634,0.000018128));
#313=CARTESIAN_POINT('',(60.,141.482735634,2.992316615));
#314=CARTESIAN_POINT('',(60.,141.389569888,0.000018128));
#315=CARTESIAN_POINT('',(60.,141.389569888,2.992316615));
#316=CARTESIAN_POINT('',(59.96320035,141.20547101,0.000018128));
#317=CARTESIAN_POINT('',(59.96320035,141.20547101,2.992316615));
#318=CARTESIAN_POINT('',(59.806340203,140.969496182,0.000018128));
#319=CARTESIAN_POINT('',(59.806340203,140.969496182,2.992316615));
#320=CARTESIAN_POINT('',(59.570672432,140.81216777,0.000018128));
#321=CARTESIAN_POINT('',(59.570672432,140.81216777,2.992316615));
#322=CARTESIAN_POINT('',(59.386072663,140.775126176,0.000018128));
#323=CARTESIAN_POINT('',(59.386072663,140.775126176,2.992316615));
#324=CARTESIAN_POINT('',(59.292893219,140.775126176,0.000018128));
#325=CARTESIAN_POINT('',(59.292893219,140.775126176,2.992316615));
#326=B_SPLINE_SURFACE_WITH_KNOTS('',3,1,((#312,#313),(#314,#315),(#316,#317),(#318,#319),(#320,#321),(#322,#323),(#324,#325)),.UNSPECIFIED.,.F.,.F.,.U.,(4,1,1,1,4),(2,2),(0.,0.000276248,0.000552253,0.000828133,0.001105008),(0.,0.997432829),.UNSPECIFIED.);
#327=CARTESIAN_POINT('',(59.662627404,140.879600619,2.000018128));
#328=VERTEX_POINT('',#327);
#329=CARTESIAN_POINT('',(59.662627404,140.879600619,2.292911347));
#330=VERTEX_POINT('',#329);
#331=CARTESIAN_POINT('',(59.662627404,140.879600619,2.000018128));
#332=DIRECTION('',(0.,0.,1.));
#333=VECTOR('',#332,0.292893219);
#334=LINE('',#331,#333);
#335=EDGE_CURVE('',#328,#330,#334,.T.);
#336=ORIENTED_EDGE('',*,*,#335,.T.);
#337=CARTESIAN_POINT('',(60.,141.482735634,2.992316615));
#338=VERTEX_POINT('',#337);
#339=CARTESIAN_POINT('',(59.662627404,140.879600619,2.292911347));
#340=CARTESIAN_POINT('',(59.662627404,140.879600619,2.383612207));
#341=CARTESIAN_POINT('',(59.69262891,140.897181679,2.469324473));
#342=CARTESIAN_POINT('',(59.729546199,140.926131317,2.545124261));
#343=CARTESIAN_POINT('',(59.766463489,140.955080955,2.620924049));
#344=CARTESIAN_POINT('',(59.810205753,140.99586485,2.689309853));
#345=CARTESIAN_POINT('',(59.850114308,141.047098829,2.749812612));
#346=CARTESIAN_POINT('',(59.890022863,141.098332808,2.810315371));
#347=CARTESIAN_POINT('',(59.927862851,141.161645305,2.864270037));
#348=CARTESIAN_POINT('',(59.955349183,141.235278857,2.906452766));
#349=CARTESIAN_POINT('',(59.96909235,141.272095633,2.92754413));
#350=CARTESIAN_POINT('',(59.980451009,141.312216592,2.945998104));
#351=CARTESIAN_POINT('',(59.988126726,141.353613155,2.960458496));
#352=CARTESIAN_POINT('',(59.995802443,141.395009718,2.974918888));
#353=CARTESIAN_POINT('',(60.,141.437982711,2.985656953));
#354=CARTESIAN_POINT('',(60.,141.482735634,2.992316615));
#355=B_SPLINE_CURVE_WITH_KNOTS('',3,(#339,#340,#341,#342,#343,#344,#345,#346,#347,#348,#349,#350,#351,#352,#353,#354),.UNSPECIFIED.,.F.,.F.,(4,3,3,3,3,4),(0.,0.000267344,0.000534688,0.000802032,0.000935705,0.001069377),.UNSPECIFIED.);
#356=EDGE_CURVE('',#330,#338,#355,.T.);
#357=ORIENTED_EDGE('',*,*,#356,.T.);
#358=CARTESIAN_POINT('',(60.,141.482735634,0.000018128));
#359=VERTEX_POINT('',#358);
#360=CARTESIAN_POINT('',(60.,141.482735634,0.000018128));
#361=DIRECTION('',(0.,0.,1.));
#362=VECTOR('',#361,2.992298487);
#363=LINE('',#360,#362);
#364=EDGE_CURVE('',#359,#338,#363,.T.);
#365=ORIENTED_EDGE('',*,*,#364,.F.);
#366=CARTESIAN_POINT('',(59.292893219,140.775126176,0.000018128));
#367=VERTEX_POINT('',#366);
#368=CARTESIAN_POINT('',(60.,141.482735634,0.000018128));
#369=CARTESIAN_POINT('',(60.,141.389569888,0.000018128));
#370=CARTESIAN_POINT('',(59.96320035,141.20547101,0.000018128));
#371=CARTESIAN_POINT('',(59.806340203,140.969496182,0.000018128));
#372=CARTESIAN_POINT('',(59.570672432,140.81216777,0.000018128));
#373=CARTESIAN_POINT('',(59.386072663,140.775126176,0.000018128));
#374=CARTESIAN_POINT('',(59.292893219,140.775126176,0.000018128));
#375=B_SPLINE_CURVE_WITH_KNOTS('',3,(#368,#369,#370,#371,#372,#373,#374),.UNSPECIFIED.,.F.,.F.,(4,1,1,1,4),(0.,0.000276248,0.000552253,0.000828133,0.001105008),.UNSPECIFIED.);
#376=EDGE_CURVE('',#359,#367,#375,.T.);
#377=ORIENTED_EDGE('',*,*,#376,.T.);
#378=CARTESIAN_POINT('',(59.292893219,140.775126176,2.000018128));
#379=VERTEX_POINT('',#378);
#380=CARTESIAN_POINT('',(59.292893219,140.775126176,0.000018128));
#381=DIRECTION('',(0.,0.,1.));
#382=VECTOR('',#381,2.);
#383=LINE('',#380,#382);
#384=EDGE_CURVE('',#367,#379,#383,.T.);
#385=ORIENTED_EDGE('',*,*,#384,.T.);
#386=CARTESIAN_POINT('',(59.662627437,140.879600634,2.000018128));
#387=CARTESIAN_POINT('',(59.631148592,140.860287244,2.000018128));
#388=CARTESIAN_POINT('',(59.51533196,140.801063209,2.000018128));
#389=CARTESIAN_POINT('',(59.386072663,140.775126176,2.000018128));
#390=CARTESIAN_POINT('',(59.292893219,140.775126176,2.000018128));
#391=B_SPLINE_CURVE_WITH_KNOTS('',3,(#386,#387,#388,#389,#390),.UNSPECIFIED.,.F.,.F.,(4,1,4),(0.000717961,0.000828133,0.001105008),.UNSPECIFIED.);
#392=EDGE_CURVE('',#328,#379,#391,.T.);
#393=ORIENTED_EDGE('',*,*,#392,.F.);
#394=EDGE_LOOP('',(#336,#357,#365,#377,#385,#393));
#395=FACE_BOUND('',#394,.T.);
#396=ADVANCED_FACE('',(#395),#326,.T.);
#397=CARTESIAN_POINT('',(120.275032625,75.999981872,0.000018128));
#398=DIRECTION('',(0.,-1.,0.));
#399=DIRECTION('',(0.,0.,-1.));
#400=AXIS2_PLACEMENT_3D('',#397,#398,#399);
#401=PLANE('',#400);
#402=CARTESIAN_POINT('',(119.797711896,75.999981872,2.000018128));
#403=VERTEX_POINT('',#402);
#404=CARTESIAN_POINT('',(119.797711896,75.999981872,2.292911347));
#405=VERTEX_POINT('',#404);
#406=CARTESIAN_POINT('',(119.797711896,75.999981872,2.000018128));
#407=DIRECTION('',(0.,0.,1.));
#408=VECTOR('',#407,0.292893219);
#409=LINE('',#406,#408);
#410=EDGE_CURVE('',#403,#405,#409,.T.);
#411=ORIENTED_EDGE('',*,*,#410,.T.);
#412=CARTESIAN_POINT('',(119.774693484,75.999981872,2.471861347));
#413=VERTEX_POINT('',#412);
#414=CARTESIAN_POINT('',(119.090605115,75.999981872,2.292911347));
#415=DIRECTION('',(0.,-1.,0.));
#416=DIRECTION('',(0.,0.,-1.));
#417=AXIS2_PLACEMENT_3D('',#414,#415,#416);
#418=CIRCLE('',#417,0.707106781);
#419=EDGE_CURVE('',#405,#413,#418,.T.);
#420=ORIENTED_EDGE('',*,*,#419,.T.);
#421=CARTESIAN_POINT('',(119.774693484,75.999981872,0.000018128));
#422=VERTEX_POINT('',#421);
#423=CARTESIAN_POINT('',(119.774693484,75.999981872,0.000018128));
#424=DIRECTION('',(0.,0.,1.));
#425=VECTOR('',#424,2.471843219);
#426=LINE('',#423,#425);
#427=EDGE_CURVE('',#422,#413,#426,.T.);
#428=ORIENTED_EDGE('',*,*,#427,.F.);
#429=CARTESIAN_POINT('',(120.775371765,75.999981872,0.000018128));
#430=VERTEX_POINT('',#429);
#431=CARTESIAN_POINT('',(119.774693484,75.999981872,0.000018128));
#432=DIRECTION('',(1.,0.,-0.));
#433=VECTOR('',#432,1.000678281);
#434=LINE('',#431,#433);
#435=EDGE_CURVE('',#422,#430,#434,.T.);
#436=ORIENTED_EDGE('',*,*,#435,.T.);
#437=CARTESIAN_POINT('',(120.775371765,75.999981872,2.000018128));
#438=VERTEX_POINT('',#437);
#439=CARTESIAN_POINT('',(120.775371765,75.999981872,0.000018128));
#440=DIRECTION('',(0.,0.,1.));
#441=VECTOR('',#440,2.);
#442=LINE('',#439,#441);
#443=EDGE_CURVE('',#430,#438,#442,.T.);
#444=ORIENTED_EDGE('',*,*,#443,.T.);
#445=CARTESIAN_POINT('',(119.797711896,75.999981872,2.000018128));
#446=DIRECTION('',(1.,0.,-0.));
#447=VECTOR('',#446,0.977659869);
#448=LINE('',#445,#447);
#449=EDGE_CURVE('',#403,#438,#448,.T.);
#450=ORIENTED_EDGE('',*,*,#449,.F.);
#451=EDGE_LOOP('',(#411,#420,#428,#436,#444,#450));
#452=FACE_BOUND('',#451,.T.);
#453=ADVANCED_FACE('',(#452),#401,.T.);
#454=CARTESIAN_POINT('',(10.5,226.999981872,3.000018128));
#455=DIRECTION('',(0.,0.,-1.));
#456=DIRECTION('',(0.,1.,0.));
#457=AXIS2_PLACEMENT_3D('',#454,#455,#456);
#458=PLANE('',#457);
#459=CARTESIAN_POINT('',(79.987938064,215.290835983,3.000018128));
#460=VERTEX_POINT('',#459);
#461=CARTESIAN_POINT('',(195.202533526,96.999981872,3.000018128));
#462=VERTEX_POINT('',#461);
#463=CARTESIAN_POINT('',(79.987938064,215.290835983,3.000018128));
#464=CARTESIAN_POINT('',(83.905420564,215.292071448,3.000018128));
#465=CARTESIAN_POINT('',(87.819249869,215.177926826,3.000018128));
#466=CARTESIAN_POINT('',(91.728747855,214.926984792,3.000018128));
#467=CARTESIAN_POINT('',(93.683496849,214.801513774,3.000018128));
#468=CARTESIAN_POINT('',(95.635466535,214.641914227,3.000018128));
#469=CARTESIAN_POINT('',(97.583952523,214.445628575,3.000018128));
#470=CARTESIAN_POINT('',(99.532438511,214.249342922,3.000018128));
#471=CARTESIAN_POINT('',(101.477904723,214.016288801,3.000018128));
#472=CARTESIAN_POINT('',(103.417116247,213.744352215,3.000018128));
#473=CARTESIAN_POINT('',(107.295539297,213.200479044,3.000018128));
#474=CARTESIAN_POINT('',(111.154152326,212.500611779,3.000018128));
#475=CARTESIAN_POINT('',(114.972084515,211.622710263,3.000018128));
#476=CARTESIAN_POINT('',(116.881050609,211.183759505,3.000018128));
#477=CARTESIAN_POINT('',(118.779270505,210.700470457,3.000018128));
#478=CARTESIAN_POINT('',(120.664111986,210.170533506,3.000018128));
#479=CARTESIAN_POINT('',(122.548953466,209.640596555,3.000018128));
#480=CARTESIAN_POINT('',(124.421708617,209.063610702,3.000018128));
#481=CARTESIAN_POINT('',(126.277903536,208.438113471,3.000018128));
#482=CARTESIAN_POINT('',(129.990293375,207.187119009,3.000018128));
#483=CARTESIAN_POINT('',(133.635639812,205.742672227,3.000018128));
#484=CARTESIAN_POINT('',(137.189329074,204.094119382,3.000018128));
#485=CARTESIAN_POINT('',(140.743018337,202.445566538,3.000018128));
#486=CARTESIAN_POINT('',(144.200630328,200.59468403,3.000018128));
#487=CARTESIAN_POINT('',(147.53262213,198.53452702,3.000018128));
#488=CARTESIAN_POINT('',(150.864613932,196.474370011,3.000018128));
#489=CARTESIAN_POINT('',(154.065603183,194.207792954,3.000018128));
#490=CARTESIAN_POINT('',(157.114840167,191.748316885,3.000018128));
#491=CARTESIAN_POINT('',(158.639458658,190.518578851,3.000018128));
#492=CARTESIAN_POINT('',(160.125729576,189.240727033,3.000018128));
#493=CARTESIAN_POINT('',(161.568589983,187.918071024,3.000018128));
#494=CARTESIAN_POINT('',(163.01145039,186.595415016,3.000018128));
#495=CARTESIAN_POINT('',(164.412658528,185.226407733,3.000018128));
#496=CARTESIAN_POINT('',(165.7683938,183.812548667,3.000018128));
#497=CARTESIAN_POINT('',(168.479864344,180.984830535,3.000018128));
#498=CARTESIAN_POINT('',(171.005613507,177.97876447,3.000018128));
#499=CARTESIAN_POINT('',(173.334079325,174.831610585,3.000018128));
#500=CARTESIAN_POINT('',(175.662545143,171.684456699,3.000018128));
#501=CARTESIAN_POINT('',(177.799069736,168.389156642,3.000018128));
#502=CARTESIAN_POINT('',(179.729957549,164.983426656,3.000018128));
#503=CARTESIAN_POINT('',(181.660845363,161.577696669,3.000018128));
#504=CARTESIAN_POINT('',(183.389476803,158.052401409,3.000018128));
#505=CARTESIAN_POINT('',(184.918966282,154.448078929,3.000018128));
#506=CARTESIAN_POINT('',(186.44845576,150.843756449,3.000018128));
#507=CARTESIAN_POINT('',(187.78223537,147.153890161,3.000018128));
#508=CARTESIAN_POINT('',(188.933527484,143.409029387,3.000018128));
#509=CARTESIAN_POINT('',(190.084819598,139.664168613,3.000018128));
#510=CARTESIAN_POINT('',(191.053090037,135.866066738,3.000018128));
#511=CARTESIAN_POINT('',(191.85637437,132.031646583,3.000018128));
#512=CARTESIAN_POINT('',(192.659658704,128.197226429,3.000018128));
#513=CARTESIAN_POINT('',(193.297493783,124.329652571,3.000018128));
#514=CARTESIAN_POINT('',(193.792817426,120.444406176,3.000018128));
#515=CARTESIAN_POINT('',(194.288141069,116.559159781,3.000018128));
#516=CARTESIAN_POINT('',(194.640907102,112.655712195,3.000018128));
#517=CARTESIAN_POINT('',(194.869462971,108.745307732,3.000018128));
#518=CARTESIAN_POINT('',(195.098018841,104.834903269,3.000018128));
#519=CARTESIAN_POINT('',(195.202533526,100.917605526,3.000018128));
#520=CARTESIAN_POINT('',(195.202533526,96.999981872,3.000018128));
#521=B_SPLINE_CURVE_WITH_KNOTS('',3,(#463,#464,#465,#466,#467,#468,#469,#470,#471,#472,#473,#474,#475,#476,#477,#478,#479,#480,#481,#482,#483,#484,#485,#486,#487,#488,
#489,#490,#491,#492,#493,#494,#495,#496,#497,#498,#499,#500,#501,#502,#503,#504,#505,#506,#507,#508,#509,#510,#511,#512,#513,
#514,#515,#516,#517,#518,#519,#520),.UNSPECIFIED.,.F.,.F.,(4,3,3,3,3,3,3,3,3,3,3,3,3,3,3,3,3,3,3,4),(0.,0.011752744,0.017629117,0.023505489,0.035258233,0.041134606,0.047010978,0.058763722,0.070516467,0.082269211,0.088145583,0.094021956,0.1057747,0.117527445,0.129280189,0.141032933,0.152785678,0.164538422,0.176291167,0.188043911),.UNSPECIFIED.);
#522=EDGE_CURVE('',#460,#462,#521,.T.);
#523=ORIENTED_EDGE('',*,*,#522,.T.);
#524=CARTESIAN_POINT('',(195.202533526,76.999999833,3.000018128));
#525=VERTEX_POINT('',#524);
#526=CARTESIAN_POINT('',(195.202533526,96.999981872,3.000018128));
#527=DIRECTION('',(-0.,-1.,0.));
#528=VECTOR('',#527,19.999982039);
#529=LINE('',#526,#528);
#530=EDGE_CURVE('',#462,#525,#529,.T.);
#531=ORIENTED_EDGE('',*,*,#530,.T.);
#532=CARTESIAN_POINT('',(197.000000335,76.999999833,3.000018128));
#533=VERTEX_POINT('',#532);
#534=CARTESIAN_POINT('',(195.202533526,76.999999833,3.000018128));
#535=DIRECTION('',(1.,0.,-0.));
#536=VECTOR('',#535,1.797466809);
#537=LINE('',#534,#536);
#538=EDGE_CURVE('',#525,#533,#537,.T.);
#539=ORIENTED_EDGE('',*,*,#538,.T.);
#540=CARTESIAN_POINT('',(197.000000335,68.999999833,3.000018128));
#541=VERTEX_POINT('',#540);
#542=CARTESIAN_POINT('',(197.000000335,76.999999833,3.000018128));
#543=DIRECTION('',(0.,-1.,0.));
#544=VECTOR('',#543,8.);
#545=LINE('',#542,#544);
#546=EDGE_CURVE('',#533,#541,#545,.T.);
#547=ORIENTED_EDGE('',*,*,#546,.T.);
#548=CARTESIAN_POINT('',(116.999999665,68.999999833,3.000018128));
#549=VERTEX_POINT('',#548);
#550=CARTESIAN_POINT('',(197.000000335,68.999999833,3.000018128));
#551=DIRECTION('',(-1.,0.,0.));
#552=VECTOR('',#551,80.00000067);
#553=LINE('',#550,#552);
#554=EDGE_CURVE('',#541,#549,#553,.T.);
#555=ORIENTED_EDGE('',*,*,#554,.T.);
#556=CARTESIAN_POINT('',(117.001463313,76.999999833,3.000018128));
#557=VERTEX_POINT('',#556);
#558=CARTESIAN_POINT('',(117.001463313,76.999999833,3.000018128));
#559=DIRECTION('',(-0.000182956,-0.999999983,0.));
#560=VECTOR('',#559,8.000000134);
#561=LINE('',#558,#560);
#562=EDGE_CURVE('',#557,#549,#561,.T.);
#563=ORIENTED_EDGE('',*,*,#562,.F.);
#564=CARTESIAN_POINT('',(119.067128678,76.999999833,3.000018128));
#565=VERTEX_POINT('',#564);
#566=CARTESIAN_POINT('',(117.001463313,76.999999833,3.000018128));
#567=DIRECTION('',(1.,0.,-0.));
#568=VECTOR('',#567,2.065665365);
#569=LINE('',#566,#568);
#570=EDGE_CURVE('',#557,#565,#569,.T.);
#571=ORIENTED_EDGE('',*,*,#570,.T.);
#572=CARTESIAN_POINT('',(119.090605115,76.999610136,3.000018128));
#573=VERTEX_POINT('',#572);
#574=CARTESIAN_POINT('',(119.067128678,76.999999833,3.000018128));
#575=CARTESIAN_POINT('',(119.074962615,76.999999833,3.000018128));
#576=CARTESIAN_POINT('',(119.082788943,76.999869657,3.000018128));
#577=CARTESIAN_POINT('',(119.090604323,76.999610162,3.000018128));
#578=B_SPLINE_CURVE_WITH_KNOTS('',3,(#574,#575,#576,#577),.UNSPECIFIED.,.F.,.F.,(4,4),(0.,0.000023229),.UNSPECIFIED.);
#579=EDGE_CURVE('',#565,#573,#578,.T.);
#580=ORIENTED_EDGE('',*,*,#579,.T.);
#581=CARTESIAN_POINT('',(119.090605115,96.999981872,3.000018128));
#582=VERTEX_POINT('',#581);
#583=CARTESIAN_POINT('',(119.090605115,76.999610136,3.000018128));
#584=DIRECTION('',(0.,1.,-0.));
#585=VECTOR('',#584,20.000371736);
#586=LINE('',#583,#585);
#587=EDGE_CURVE('',#573,#582,#586,.T.);
#588=ORIENTED_EDGE('',*,*,#587,.T.);
#589=CARTESIAN_POINT('',(80.011941643,139.178911357,3.000018128));
#590=VERTEX_POINT('',#589);
#591=CARTESIAN_POINT('',(119.090605115,96.999981872,3.000018128));
#592=CARTESIAN_POINT('',(119.090605115,101.531750897,3.000018128));
#593=CARTESIAN_POINT('',(118.79961219,105.636582935,3.000018128));
#594=CARTESIAN_POINT('',(118.473540993,110.23623943,3.000018128));
#595=CARTESIAN_POINT('',(117.785741186,114.193891844,3.000018128));
#596=CARTESIAN_POINT('',(116.976904061,118.8480022,3.000018128));
#597=CARTESIAN_POINT('',(115.704164176,122.505113952,3.000018128));
#598=CARTESIAN_POINT('',(114.962140417,124.637257247,3.000018128));
#599=CARTESIAN_POINT('',(114.061854202,126.425025344,3.000018128));
#600=CARTESIAN_POINT('',(113.38674545,127.765641106,3.000018128));
#601=CARTESIAN_POINT('',(112.656097461,128.855875894,3.000018128));
#602=CARTESIAN_POINT('',(112.259786829,129.447229933,3.000018128));
#603=CARTESIAN_POINT('',(111.836693826,129.980624982,3.000018128));
#604=CARTESIAN_POINT('',(111.087995038,130.924512553,3.000018128));
#605=CARTESIAN_POINT('',(110.229017238,131.736286235,3.000018128));
#606=CARTESIAN_POINT('',(109.583854003,132.345995281,3.000018128));
#607=CARTESIAN_POINT('',(108.866872013,132.879674875,3.000018128));
#608=CARTESIAN_POINT('',(108.075108602,133.4690174,3.000018128));
#609=CARTESIAN_POINT('',(107.117236158,134.029865802,3.000018128));
#610=CARTESIAN_POINT('',(106.231951661,134.548212895,3.000018128));
#611=CARTESIAN_POINT('',(105.250111834,135.00974869,3.000018128));
#612=CARTESIAN_POINT('',(103.46317214,135.849739707,3.000018128));
#613=CARTESIAN_POINT('',(101.285343676,136.533908041,3.000018128));
#614=CARTESIAN_POINT('',(99.348559995,137.142351767,3.000018128));
#615=CARTESIAN_POINT('',(97.145369426,137.615133495,3.000018128));
#616=CARTESIAN_POINT('',(95.121316358,138.049474184,3.000018128));
#617=CARTESIAN_POINT('',(92.9161353,138.360722285,3.000018128));
#618=CARTESIAN_POINT('',(90.877941733,138.648401102,3.000018128));
#619=CARTESIAN_POINT('',(88.636049068,138.837369714,3.000018128));
#620=CARTESIAN_POINT('',(84.567012041,139.180347899,3.000018128));
#621=CARTESIAN_POINT('',(80.011941643,139.178911357,3.000018128));
#622=B_SPLINE_CURVE_WITH_KNOTS('',2,(#591,#592,#593,#594,#595,#596,#597,#598,#599,#600,#601,#602,#603,#604,#605,#606,#607,#608,#609,#610,#611,#612,#613,#614,#615,#616,
#617,#618,#619,#620,#621),.UNSPECIFIED.,.F.,.F.,(3,2,2,2,2,2,2,2,2,2,2,2,2,2,2,3),(0.,0.125,0.25,0.375,0.4375,0.479166667,0.5,0.535714286,0.5625,0.59375,0.625,0.6875,0.75,0.8125,0.875,1.),.UNSPECIFIED.);
#623=EDGE_CURVE('',#582,#590,#622,.T.);
#624=ORIENTED_EDGE('',*,*,#623,.T.);
#625=CARTESIAN_POINT('',(59.992041277,139.172597641,3.000018128));
#626=VERTEX_POINT('',#625);
#627=CARTESIAN_POINT('',(80.011941643,139.178911357,3.000018128));
#628=DIRECTION('',(-0.99999995,-0.000315372,-0.));
#629=VECTOR('',#628,20.019901362);
#630=LINE('',#627,#629);
#631=EDGE_CURVE('',#590,#626,#630,.T.);
#632=ORIENTED_EDGE('',*,*,#631,.T.);
#633=CARTESIAN_POINT('',(60.,139.066883089,3.000018128));
#634=VERTEX_POINT('',#633);
#635=CARTESIAN_POINT('',(59.992041595,139.172595538,3.000018128));
#636=CARTESIAN_POINT('',(59.997319621,139.13768715,3.000018128));
#637=CARTESIAN_POINT('',(60.,139.102336999,3.000018128));
#638=CARTESIAN_POINT('',(60.,139.066883089,3.000018128));
#639=B_SPLINE_CURVE_WITH_KNOTS('',3,(#635,#636,#637,#638),.UNSPECIFIED.,.F.,.F.,(4,4),(0.000999624,0.00110497),.UNSPECIFIED.);
#640=EDGE_CURVE('',#626,#634,#639,.T.);
#641=ORIENTED_EDGE('',*,*,#640,.T.);
#642=CARTESIAN_POINT('',(60.,136.999999498,3.000018128));
#643=VERTEX_POINT('',#642);
#644=CARTESIAN_POINT('',(60.,139.066883089,3.000018128));
#645=DIRECTION('',(0.,-1.,0.));
#646=VECTOR('',#645,2.066883591);
#647=LINE('',#644,#646);
#648=EDGE_CURVE('',#634,#643,#647,.T.);
#649=ORIENTED_EDGE('',*,*,#648,.T.);
#650=CARTESIAN_POINT('',(52.,136.999999498,3.000018128));
#651=VERTEX_POINT('',#650);
#652=CARTESIAN_POINT('',(60.,136.999999498,3.000018128));
#653=DIRECTION('',(-1.,0.,0.));
#654=VECTOR('',#653,8.);
#655=LINE('',#652,#654);
#656=EDGE_CURVE('',#643,#651,#655,.T.);
#657=ORIENTED_EDGE('',*,*,#656,.T.);
#658=CARTESIAN_POINT('',(52.,217.000000168,3.000018128));
#659=VERTEX_POINT('',#658);
#660=CARTESIAN_POINT('',(52.,136.999999498,3.000018128));
#661=DIRECTION('',(0.,1.,0.));
#662=VECTOR('',#661,80.00000067);
#663=LINE('',#660,#662);
#664=EDGE_CURVE('',#651,#659,#663,.T.);
#665=ORIENTED_EDGE('',*,*,#664,.T.);
#666=CARTESIAN_POINT('',(60.,216.99853652,3.000018128));
#667=VERTEX_POINT('',#666);
#668=CARTESIAN_POINT('',(60.,216.99853652,3.000018128));
#669=DIRECTION('',(-0.999999983,0.000182956,0.));
#670=VECTOR('',#669,8.000000134);
#671=LINE('',#668,#670);
#672=EDGE_CURVE('',#667,#659,#671,.T.);
#673=ORIENTED_EDGE('',*,*,#672,.F.);
#674=CARTESIAN_POINT('',(60.,215.284532347,3.000018128));
#675=VERTEX_POINT('',#674);
#676=CARTESIAN_POINT('',(60.,216.99853652,3.000018128));
#677=DIRECTION('',(0.,-1.,0.));
#678=VECTOR('',#677,1.714004173);
#679=LINE('',#676,#678);
#680=EDGE_CURVE('',#667,#675,#679,.T.);
#681=ORIENTED_EDGE('',*,*,#680,.T.);
#682=CARTESIAN_POINT('',(60.,215.284532347,3.000018128));
#683=DIRECTION('',(0.99999995,0.000315372,0.));
#684=VECTOR('',#683,19.987939058);
#685=LINE('',#682,#684);
#686=EDGE_CURVE('',#675,#460,#685,.T.);
#687=ORIENTED_EDGE('',*,*,#686,.T.);
#688=EDGE_LOOP('',(#523,#531,#539,#547,#555,#563,#571,#580,#588,#624,#632,#641,#649,#657,#665,#673,#681,#687));
#689=FACE_BOUND('',#688,.T.);
#690=CARTESIAN_POINT('',(38.98730947,217.277905632,3.000018128));
#691=VERTEX_POINT('',#690);
#692=CARTESIAN_POINT('',(39.0126669,136.873088,3.000018128));
#693=VERTEX_POINT('',#692);
#694=CARTESIAN_POINT('',(38.98730947,217.277905632,3.000018128));
#695=DIRECTION('',(0.000315372,-0.99999995,0.));
#696=VECTOR('',#695,80.40482163);
#697=LINE('',#694,#696);
#698=EDGE_CURVE('',#691,#693,#697,.T.);
#699=ORIENTED_EDGE('',*,*,#698,.T.);
#700=CARTESIAN_POINT('',(80.012664758,136.886018252,3.000018128));
#701=VERTEX_POINT('',#700);
#702=CARTESIAN_POINT('',(39.0126669,136.873088,3.000018128));
#703=DIRECTION('',(0.99999995,0.000315372,0.));
#704=VECTOR('',#703,40.999999897);
#705=LINE('',#702,#704);
#706=EDGE_CURVE('',#693,#701,#705,.T.);
#707=ORIENTED_EDGE('',*,*,#706,.T.);
#708=CARTESIAN_POINT('',(116.797711896,96.999981872,3.000018128));
#709=VERTEX_POINT('',#708);
#710=CARTESIAN_POINT('',(116.797711896,96.999981872,3.000018128));
#711=CARTESIAN_POINT('',(116.797711896,102.175141548,3.000018128));
#712=CARTESIAN_POINT('',(116.214595992,111.292896876,3.000018128));
#713=CARTESIAN_POINT('',(114.086235593,120.941165146,3.000018128));
#714=CARTESIAN_POINT('',(111.526615292,126.687191876,3.000018128));
#715=CARTESIAN_POINT('',(109.275764439,129.623367339,3.000018128));
#716=CARTESIAN_POINT('',(106.794277355,131.72213144,3.000018128));
#717=CARTESIAN_POINT('',(102.102753956,134.100070129,3.000018128));
#718=CARTESIAN_POINT('',(93.568333785,136.254628249,3.000018128));
#719=CARTESIAN_POINT('',(84.995821018,136.8875898,3.000018128));
#720=CARTESIAN_POINT('',(80.012664758,136.886018252,3.000018128));
#721=B_SPLINE_CURVE_WITH_KNOTS('',3,(#710,#711,#712,#713,#714,#715,#716,#717,#718,#719,#720),.UNSPECIFIED.,.F.,.F.,(4,1,1,1,1,1,1,1,4),(0.,0.125,0.25,0.375,0.5,0.625,0.75,0.875,1.),.UNSPECIFIED.);
#722=EDGE_CURVE('',#709,#701,#721,.T.);
#723=ORIENTED_EDGE('',*,*,#722,.F.);
#724=CARTESIAN_POINT('',(116.797711896,68.999981872,3.000018128));
#725=VERTEX_POINT('',#724);
#726=CARTESIAN_POINT('',(116.797711896,96.999981872,3.000018128));
#727=DIRECTION('',(-0.,-1.,0.));
#728=VECTOR('',#727,28.);
#729=LINE('',#726,#728);
#730=EDGE_CURVE('',#709,#725,#729,.T.);
#731=ORIENTED_EDGE('',*,*,#730,.T.);
#732=CARTESIAN_POINT('',(197.202533526,68.999981872,3.000018128));
#733=VERTEX_POINT('',#732);
#734=CARTESIAN_POINT('',(116.797711896,68.999981872,3.000018128));
#735=DIRECTION('',(1.,0.,-0.));
#736=VECTOR('',#735,80.40482163);
#737=LINE('',#734,#736);
#738=EDGE_CURVE('',#725,#733,#737,.T.);
#739=ORIENTED_EDGE('',*,*,#738,.T.);
#740=CARTESIAN_POINT('',(197.202533526,96.999981872,3.000018128));
#741=VERTEX_POINT('',#740);
#742=CARTESIAN_POINT('',(197.202533526,68.999981872,3.000018128));
#743=DIRECTION('',(0.,1.,0.));
#744=VECTOR('',#743,28.);
#745=LINE('',#742,#744);
#746=EDGE_CURVE('',#733,#741,#745,.T.);
#747=ORIENTED_EDGE('',*,*,#746,.T.);
#748=CARTESIAN_POINT('',(79.98730732,217.290835884,3.000018128));
#749=VERTEX_POINT('',#748);
#750=CARTESIAN_POINT('',(197.202533526,96.999981872,3.000018128));
#751=CARTESIAN_POINT('',(197.202533526,105.149382303,3.000018128));
#752=CARTESIAN_POINT('',(196.306481212,121.051077268,3.000018128));
#753=CARTESIAN_POINT('',(191.637953051,143.921929864,3.000018128));
#754=CARTESIAN_POINT('',(182.681930849,165.710654048,3.000018128));
#755=CARTESIAN_POINT('',(168.557712501,185.311221486,3.000018128));
#756=CARTESIAN_POINT('',(149.664245069,200.748083767,3.000018128));
#757=CARTESIAN_POINT('',(127.839709133,210.898728613,3.000018128));
#758=CARTESIAN_POINT('',(104.57861572,216.260552217,3.000018128));
#759=CARTESIAN_POINT('',(88.335099688,217.293468544,3.000018128));
#760=CARTESIAN_POINT('',(79.98730732,217.290835884,3.000018128));
#761=B_SPLINE_CURVE_WITH_KNOTS('',3,(#750,#751,#752,#753,#754,#755,#756,#757,#758,#759,#760),.UNSPECIFIED.,.F.,.F.,(4,1,1,1,1,1,1,1,4),(0.,0.125,0.25,0.375,0.5,0.625,0.75,0.875,1.),.UNSPECIFIED.);
#762=EDGE_CURVE('',#741,#749,#761,.T.);
#763=ORIENTED_EDGE('',*,*,#762,.T.);
#764=CARTESIAN_POINT('',(38.98730947,217.277905632,3.000018128));
#765=DIRECTION('',(0.99999995,0.000315372,0.));
#766=VECTOR('',#765,40.999999889);
#767=LINE('',#764,#766);
#768=EDGE_CURVE('',#691,#749,#767,.T.);
#769=ORIENTED_EDGE('',*,*,#768,.F.);
#770=EDGE_LOOP('',(#699,#707,#723,#731,#739,#747,#763,#769));
#771=FACE_BOUND('',#770,.T.);
#772=ADVANCED_FACE('',(#689,#771),#458,.F.);
#773=CARTESIAN_POINT('',(38.999988185,177.075496816,0.000018128));
#774=DIRECTION('',(-0.99999995,-0.000315372,0.));
#775=DIRECTION('',(0.000315372,-0.99999995,0.));
#776=AXIS2_PLACEMENT_3D('',#773,#774,#775);
#777=PLANE('',#776);
#778=ORIENTED_EDGE('',*,*,#698,.F.);
#779=CARTESIAN_POINT('',(38.98730947,217.277905632,0.000018128));
#780=VERTEX_POINT('',#779);
#781=CARTESIAN_POINT('',(38.98730947,217.277905632,0.000018128));
#782=DIRECTION('',(0.,0.,1.));
#783=VECTOR('',#782,3.);
#784=LINE('',#781,#783);
#785=EDGE_CURVE('',#780,#691,#784,.T.);
#786=ORIENTED_EDGE('',*,*,#785,.F.);
#787=CARTESIAN_POINT('',(39.0126669,136.873088,0.000018128));
#788=VERTEX_POINT('',#787);
#789=CARTESIAN_POINT('',(38.98730947,217.277905632,0.000018128));
#790=DIRECTION('',(0.000315372,-0.99999995,0.));
#791=VECTOR('',#790,80.40482163);
#792=LINE('',#789,#791);
#793=EDGE_CURVE('',#780,#788,#792,.T.);
#794=ORIENTED_EDGE('',*,*,#793,.T.);
#795=CARTESIAN_POINT('',(39.0126669,136.873088,0.000018128));
#796=DIRECTION('',(0.,0.,1.));
#797=VECTOR('',#796,3.);
#798=LINE('',#795,#797);
#799=EDGE_CURVE('',#788,#693,#798,.T.);
#800=ORIENTED_EDGE('',*,*,#799,.T.);
#801=EDGE_LOOP('',(#778,#786,#794,#800));
#802=FACE_BOUND('',#801,.T.);
#803=ADVANCED_FACE('',(#802),#777,.T.);
#804=CARTESIAN_POINT('',(59.487308395,217.284370758,0.000018128));
#805=DIRECTION('',(0.000315372,-0.99999995,0.));
#806=DIRECTION('',(0.99999995,0.000315372,0.));
#807=AXIS2_PLACEMENT_3D('',#804,#805,#806);
#808=PLANE('',#807);
#809=ORIENTED_EDGE('',*,*,#768,.T.);
#810=CARTESIAN_POINT('',(79.98730732,217.290835884,0.000018128));
#811=VERTEX_POINT('',#810);
#812=CARTESIAN_POINT('',(79.98730732,217.290835884,0.000018128));
#813=DIRECTION('',(0.,0.,1.));
#814=VECTOR('',#813,3.);
#815=LINE('',#812,#814);
#816=EDGE_CURVE('',#811,#749,#815,.T.);
#817=ORIENTED_EDGE('',*,*,#816,.F.);
#818=CARTESIAN_POINT('',(38.98730947,217.277905632,0.000018128));
#819=DIRECTION('',(0.99999995,0.000315372,0.));
#820=VECTOR('',#819,40.999999889);
#821=LINE('',#818,#820);
#822=EDGE_CURVE('',#780,#811,#821,.T.);
#823=ORIENTED_EDGE('',*,*,#822,.F.);
#824=ORIENTED_EDGE('',*,*,#785,.T.);
#825=EDGE_LOOP('',(#809,#817,#823,#824));
#826=FACE_BOUND('',#825,.T.);
#827=ADVANCED_FACE('',(#826),#808,.F.);
#828=CARTESIAN_POINT('',(197.202533526,96.999981872,0.000018128));
#829=CARTESIAN_POINT('',(197.202533526,96.999981872,3.000018128));
#830=CARTESIAN_POINT('',(197.202533526,105.149382303,0.000018128));
#831=CARTESIAN_POINT('',(197.202533526,105.149382303,3.000018128));
#832=CARTESIAN_POINT('',(196.306481212,121.051077268,0.000018128));
#833=CARTESIAN_POINT('',(196.306481212,121.051077268,3.000018128));
#834=CARTESIAN_POINT('',(191.637953051,143.921929864,0.000018128));
#835=CARTESIAN_POINT('',(191.637953051,143.921929864,3.000018128));
#836=CARTESIAN_POINT('',(182.681930849,165.710654048,0.000018128));
#837=CARTESIAN_POINT('',(182.681930849,165.710654048,3.000018128));
#838=CARTESIAN_POINT('',(168.557712501,185.311221486,0.000018128));
#839=CARTESIAN_POINT('',(168.557712501,185.311221486,3.000018128));
#840=CARTESIAN_POINT('',(149.664245069,200.748083767,0.000018128));
#841=CARTESIAN_POINT('',(149.664245069,200.748083767,3.000018128));
#842=CARTESIAN_POINT('',(127.839709133,210.898728613,0.000018128));
#843=CARTESIAN_POINT('',(127.839709133,210.898728613,3.000018128));
#844=CARTESIAN_POINT('',(104.57861572,216.260552217,0.000018128));
#845=CARTESIAN_POINT('',(104.57861572,216.260552217,3.000018128));
#846=CARTESIAN_POINT('',(88.335099688,217.293468544,0.000018128));
#847=CARTESIAN_POINT('',(88.335099688,217.293468544,3.000018128));
#848=CARTESIAN_POINT('',(79.98730732,217.290835884,0.000018128));
#849=CARTESIAN_POINT('',(79.98730732,217.290835884,3.000018128));
#850=B_SPLINE_SURFACE_WITH_KNOTS('',3,1,((#828,#829),(#830,#831),(#832,#833),(#834,#835),(#836,#837),(#838,#839),(#840,#841),(#842,#843),(#844,#845),(#846,#847),(#848,#849)),.UNSPECIFIED.,.F.,.F.,.U.,(4,1,1,1,1,1,1,1,4),(2,2),(0.,0.125,0.25,0.375,0.5,0.625,0.75,0.875,1.),(0.,1.),.UNSPECIFIED.);
#851=ORIENTED_EDGE('',*,*,#762,.F.);
#852=CARTESIAN_POINT('',(197.202533526,96.999981872,0.000018128));
#853=VERTEX_POINT('',#852);
#854=CARTESIAN_POINT('',(197.202533526,96.999981872,0.000018128));
#855=DIRECTION('',(0.,0.,1.));
#856=VECTOR('',#855,3.);
#857=LINE('',#854,#856);
#858=EDGE_CURVE('',#853,#741,#857,.T.);
#859=ORIENTED_EDGE('',*,*,#858,.F.);
#860=CARTESIAN_POINT('',(197.202533526,96.999981872,0.000018128));
#861=CARTESIAN_POINT('',(197.202533526,105.149382303,0.000018128));
#862=CARTESIAN_POINT('',(196.306481212,121.051077268,0.000018128));
#863=CARTESIAN_POINT('',(191.637953051,143.921929864,0.000018128));
#864=CARTESIAN_POINT('',(182.681930849,165.710654048,0.000018128));
#865=CARTESIAN_POINT('',(168.557712501,185.311221486,0.000018128));
#866=CARTESIAN_POINT('',(149.664245069,200.748083767,0.000018128));
#867=CARTESIAN_POINT('',(127.839709133,210.898728613,0.000018128));
#868=CARTESIAN_POINT('',(104.57861572,216.260552217,0.000018128));
#869=CARTESIAN_POINT('',(88.335099688,217.293468544,0.000018128));
#870=CARTESIAN_POINT('',(79.98730732,217.290835884,0.000018128));
#871=B_SPLINE_CURVE_WITH_KNOTS('',3,(#860,#861,#862,#863,#864,#865,#866,#867,#868,#869,#870),.UNSPECIFIED.,.F.,.F.,(4,1,1,1,1,1,1,1,4),(0.,0.125,0.25,0.375,0.5,0.625,0.75,0.875,1.),.UNSPECIFIED.);
#872=EDGE_CURVE('',#853,#811,#871,.T.);
#873=ORIENTED_EDGE('',*,*,#872,.T.);
#874=ORIENTED_EDGE('',*,*,#816,.T.);
#875=EDGE_LOOP('',(#851,#859,#873,#874));
#876=FACE_BOUND('',#875,.T.);
#877=ADVANCED_FACE('',(#876),#850,.T.);
#878=CARTESIAN_POINT('',(197.202533526,76.499981872,0.000018128));
#879=DIRECTION('',(1.,-0.,0.));
#880=DIRECTION('',(0.,1.,0.));
#881=AXIS2_PLACEMENT_3D('',#878,#879,#880);
#882=PLANE('',#881);
#883=ORIENTED_EDGE('',*,*,#746,.F.);
#884=CARTESIAN_POINT('',(197.202533526,68.999981872,0.000018128));
#885=VERTEX_POINT('',#884);
#886=CARTESIAN_POINT('',(197.202533526,68.999981872,0.000018128));
#887=DIRECTION('',(0.,0.,1.));
#888=VECTOR('',#887,3.);
#889=LINE('',#886,#888);
#890=EDGE_CURVE('',#885,#733,#889,.T.);
#891=ORIENTED_EDGE('',*,*,#890,.F.);
#892=CARTESIAN_POINT('',(197.202533526,68.999981872,0.000018128));
#893=DIRECTION('',(0.,1.,0.));
#894=VECTOR('',#893,28.);
#895=LINE('',#892,#894);
#896=EDGE_CURVE('',#885,#853,#895,.T.);
#897=ORIENTED_EDGE('',*,*,#896,.T.);
#898=ORIENTED_EDGE('',*,*,#858,.T.);
#899=EDGE_LOOP('',(#883,#891,#897,#898));
#900=FACE_BOUND('',#899,.T.);
#901=ADVANCED_FACE('',(#900),#882,.T.);
#902=CARTESIAN_POINT('',(157.000122711,68.999981872,0.000018128));
#903=DIRECTION('',(0.,-1.,0.));
#904=DIRECTION('',(0.,0.,-1.));
#905=AXIS2_PLACEMENT_3D('',#902,#903,#904);
#906=PLANE('',#905);
#907=ORIENTED_EDGE('',*,*,#738,.F.);
#908=CARTESIAN_POINT('',(116.797711896,68.999981872,0.000018128));
#909=VERTEX_POINT('',#908);
#910=CARTESIAN_POINT('',(116.797711896,68.999981872,0.000018128));
#911=DIRECTION('',(0.,0.,1.));
#912=VECTOR('',#911,3.);
#913=LINE('',#910,#912);
#914=EDGE_CURVE('',#909,#725,#913,.T.);
#915=ORIENTED_EDGE('',*,*,#914,.F.);
#916=CARTESIAN_POINT('',(116.797711896,68.999981872,0.000018128));
#917=DIRECTION('',(1.,0.,-0.));
#918=VECTOR('',#917,80.40482163);
#919=LINE('',#916,#918);
#920=EDGE_CURVE('',#909,#885,#919,.T.);
#921=ORIENTED_EDGE('',*,*,#920,.T.);
#922=ORIENTED_EDGE('',*,*,#890,.T.);
#923=EDGE_LOOP('',(#907,#915,#921,#922));
#924=FACE_BOUND('',#923,.T.);
#925=ADVANCED_FACE('',(#924),#906,.T.);
#926=CARTESIAN_POINT('',(116.797711896,76.499981872,0.000018128));
#927=DIRECTION('',(-1.,0.,0.));
#928=DIRECTION('',(-0.,-1.,0.));
#929=AXIS2_PLACEMENT_3D('',#926,#927,#928);
#930=PLANE('',#929);
#931=ORIENTED_EDGE('',*,*,#730,.F.);
#932=CARTESIAN_POINT('',(116.797711896,96.999981872,0.000018128));
#933=VERTEX_POINT('',#932);
#934=CARTESIAN_POINT('',(116.797711896,96.999981872,0.000018128));
#935=DIRECTION('',(0.,0.,1.));
#936=VECTOR('',#935,3.);
#937=LINE('',#934,#936);
#938=EDGE_CURVE('',#933,#709,#937,.T.);
#939=ORIENTED_EDGE('',*,*,#938,.F.);
#940=CARTESIAN_POINT('',(116.797711896,96.999981872,0.000018128));
#941=DIRECTION('',(-0.,-1.,0.));
#942=VECTOR('',#941,28.);
#943=LINE('',#940,#942);
#944=EDGE_CURVE('',#933,#909,#943,.T.);
#945=ORIENTED_EDGE('',*,*,#944,.T.);
#946=ORIENTED_EDGE('',*,*,#914,.T.);
#947=EDGE_LOOP('',(#931,#939,#945,#946));
#948=FACE_BOUND('',#947,.T.);
#949=ADVANCED_FACE('',(#948),#930,.T.);
#950=CARTESIAN_POINT('',(116.797711896,96.999981872,0.000018128));
#951=CARTESIAN_POINT('',(116.797711896,96.999981872,3.000018128));
#952=CARTESIAN_POINT('',(116.797711896,102.175141548,0.000018128));
#953=CARTESIAN_POINT('',(116.797711896,102.175141548,3.000018128));
#954=CARTESIAN_POINT('',(116.214595992,111.292896876,0.000018128));
#955=CARTESIAN_POINT('',(116.214595992,111.292896876,3.000018128));
#956=CARTESIAN_POINT('',(114.086235593,120.941165146,0.000018128));
#957=CARTESIAN_POINT('',(114.086235593,120.941165146,3.000018128));
#958=CARTESIAN_POINT('',(111.526615292,126.687191876,0.000018128));
#959=CARTESIAN_POINT('',(111.526615292,126.687191876,3.000018128));
#960=CARTESIAN_POINT('',(109.275764439,129.623367339,0.000018128));
#961=CARTESIAN_POINT('',(109.275764439,129.623367339,3.000018128));
#962=CARTESIAN_POINT('',(106.794277355,131.72213144,0.000018128));
#963=CARTESIAN_POINT('',(106.794277355,131.72213144,3.000018128));
#964=CARTESIAN_POINT('',(102.102753956,134.100070129,0.000018128));
#965=CARTESIAN_POINT('',(102.102753956,134.100070129,3.000018128));
#966=CARTESIAN_POINT('',(93.568333785,136.254628249,0.000018128));
#967=CARTESIAN_POINT('',(93.568333785,136.254628249,3.000018128));
#968=CARTESIAN_POINT('',(84.995821018,136.8875898,0.000018128));
#969=CARTESIAN_POINT('',(84.995821018,136.8875898,3.000018128));
#970=CARTESIAN_POINT('',(80.012664758,136.886018252,0.000018128));
#971=CARTESIAN_POINT('',(80.012664758,136.886018252,3.000018128));
#972=B_SPLINE_SURFACE_WITH_KNOTS('',3,1,((#950,#951),(#952,#953),(#954,#955),(#956,#957),(#958,#959),(#960,#961),(#962,#963),(#964,#965),(#966,#967),(#968,#969),(#970,#971)),.UNSPECIFIED.,.F.,.F.,.U.,(4,1,1,1,1,1,1,1,4),(2,2),(0.,0.125,0.25,0.375,0.5,0.625,0.75,0.875,1.),(0.,1.),.UNSPECIFIED.);
#973=ORIENTED_EDGE('',*,*,#722,.T.);
#974=CARTESIAN_POINT('',(80.012664758,136.886018252,0.000018128));
#975=VERTEX_POINT('',#974);
#976=CARTESIAN_POINT('',(80.012664758,136.886018252,0.000018128));
#977=DIRECTION('',(0.,0.,1.));
#978=VECTOR('',#977,3.);
#979=LINE('',#976,#978);
#980=EDGE_CURVE('',#975,#701,#979,.T.);
#981=ORIENTED_EDGE('',*,*,#980,.F.);
#982=CARTESIAN_POINT('',(116.797711896,96.999981872,0.000018128));
#983=CARTESIAN_POINT('',(116.797711896,102.175141548,0.000018128));
#984=CARTESIAN_POINT('',(116.214595992,111.292896876,0.000018128));
#985=CARTESIAN_POINT('',(114.086235593,120.941165146,0.000018128));
#986=CARTESIAN_POINT('',(111.526615292,126.687191876,0.000018128));
#987=CARTESIAN_POINT('',(109.275764439,129.623367339,0.000018128));
#988=CARTESIAN_POINT('',(106.794277355,131.72213144,0.000018128));
#989=CARTESIAN_POINT('',(102.102753956,134.100070129,0.000018128));
#990=CARTESIAN_POINT('',(93.568333785,136.254628249,0.000018128));
#991=CARTESIAN_POINT('',(84.995821018,136.8875898,0.000018128));
#992=CARTESIAN_POINT('',(80.012664758,136.886018252,0.000018128));
#993=B_SPLINE_CURVE_WITH_KNOTS('',3,(#982,#983,#984,#985,#986,#987,#988,#989,#990,#991,#992),.UNSPECIFIED.,.F.,.F.,(4,1,1,1,1,1,1,1,4),(0.,0.125,0.25,0.375,0.5,0.625,0.75,0.875,1.),.UNSPECIFIED.);
#994=EDGE_CURVE('',#933,#975,#993,.T.);
#995=ORIENTED_EDGE('',*,*,#994,.F.);
#996=ORIENTED_EDGE('',*,*,#938,.T.);
#997=EDGE_LOOP('',(#973,#981,#995,#996));
#998=FACE_BOUND('',#997,.T.);
#999=ADVANCED_FACE('',(#998),#972,.F.);
#1000=CARTESIAN_POINT('',(58.646437629,213.224628068,0.000018128));
#1001=DIRECTION('',(0.,-1.,0.));
#1002=DIRECTION('',(0.,0.,-1.));
#1003=AXIS2_PLACEMENT_3D('',#1000,#1001,#1002);
#1004=PLANE('',#1003);
#1005=CARTESIAN_POINT('',(59.292893219,213.224628068,0.000018128));
#1006=VERTEX_POINT('',#1005);
#1007=CARTESIAN_POINT('',(59.292893219,213.224628068,2.577235254));
#1008=VERTEX_POINT('',#1007);
#1009=CARTESIAN_POINT('',(59.292893219,213.224628068,0.000018128));
#1010=DIRECTION('',(0.,0.,1.));
#1011=VECTOR('',#1010,2.577217126);
#1012=LINE('',#1009,#1011);
#1013=EDGE_CURVE('',#1006,#1008,#1012,.T.);
#1014=ORIENTED_EDGE('',*,*,#1013,.T.);
#1015=CARTESIAN_POINT('',(57.999982039,213.224628068,2.576304969));
#1016=VERTEX_POINT('',#1015);
#1017=CARTESIAN_POINT('',(2112.187906705,213.224628068,2.292911347));
#1018=DIRECTION('',(0.,-1.,0.));
#1019=DIRECTION('',(1.,0.,0.));
#1020=AXIS2_PLACEMENT_3D('',#1017,#1018,#1019);
#1021=ELLIPSE('',#1020,2242.135576159,0.707106781);
#1022=EDGE_CURVE('',#1008,#1016,#1021,.T.);
#1023=ORIENTED_EDGE('',*,*,#1022,.T.);
#1024=CARTESIAN_POINT('',(57.999982039,213.224628068,0.000018128));
#1025=VERTEX_POINT('',#1024);
#1026=CARTESIAN_POINT('',(57.999982039,213.224628068,0.000018128));
#1027=DIRECTION('',(0.,0.,1.));
#1028=VECTOR('',#1027,2.576286841);
#1029=LINE('',#1026,#1028);
#1030=EDGE_CURVE('',#1025,#1016,#1029,.T.);
#1031=ORIENTED_EDGE('',*,*,#1030,.F.);
#1032=CARTESIAN_POINT('',(57.999982039,213.224628068,0.000018128));
#1033=DIRECTION('',(1.,0.,-0.));
#1034=VECTOR('',#1033,1.29291118);
#1035=LINE('',#1032,#1034);
#1036=EDGE_CURVE('',#1025,#1006,#1035,.T.);
#1037=ORIENTED_EDGE('',*,*,#1036,.T.);
#1038=EDGE_LOOP('',(#1014,#1023,#1031,#1037));
#1039=FACE_BOUND('',#1038,.T.);
#1040=ADVANCED_FACE('',(#1039),#1004,.T.);
#1041=CARTESIAN_POINT('',(57.999982039,213.724967208,0.000018128));
#1042=DIRECTION('',(-1.,0.,0.));
#1043=DIRECTION('',(0.,0.,1.));
#1044=AXIS2_PLACEMENT_3D('',#1041,#1042,#1043);
#1045=PLANE('',#1044);
#1046=ORIENTED_EDGE('',*,*,#1030,.T.);
#1047=CARTESIAN_POINT('',(57.999982039,213.283901498,2.292911347));
#1048=VERTEX_POINT('',#1047);
#1049=CARTESIAN_POINT('',(57.999982039,212.576794682,2.292911347));
#1050=DIRECTION('',(-1.,0.,0.));
#1051=DIRECTION('',(0.,1.,0.));
#1052=AXIS2_PLACEMENT_3D('',#1049,#1050,#1051);
#1053=ELLIPSE('',#1052,0.707106816,0.707106781);
#1054=EDGE_CURVE('',#1016,#1048,#1053,.T.);
#1055=ORIENTED_EDGE('',*,*,#1054,.T.);
#1056=CARTESIAN_POINT('',(57.999982039,213.283901498,2.000018128));
#1057=VERTEX_POINT('',#1056);
#1058=CARTESIAN_POINT('',(57.999982039,213.283901498,2.000018128));
#1059=DIRECTION('',(0.,0.,1.));
#1060=VECTOR('',#1059,0.292893219);
#1061=LINE('',#1058,#1060);
#1062=EDGE_CURVE('',#1057,#1048,#1061,.T.);
#1063=ORIENTED_EDGE('',*,*,#1062,.F.);
#1064=CARTESIAN_POINT('',(57.999982039,214.225306349,2.000018128));
#1065=VERTEX_POINT('',#1064);
#1066=CARTESIAN_POINT('',(57.999982039,214.225306349,2.000018128));
#1067=DIRECTION('',(0.,-1.,0.));
#1068=VECTOR('',#1067,0.941404851);
#1069=LINE('',#1066,#1068);
#1070=EDGE_CURVE('',#1065,#1057,#1069,.T.);
#1071=ORIENTED_EDGE('',*,*,#1070,.F.);
#1072=CARTESIAN_POINT('',(57.999982039,214.225306349,0.000018128));
#1073=VERTEX_POINT('',#1072);
#1074=CARTESIAN_POINT('',(57.999982039,214.225306349,0.000018128));
#1075=DIRECTION('',(0.,0.,1.));
#1076=VECTOR('',#1075,2.);
#1077=LINE('',#1074,#1076);
#1078=EDGE_CURVE('',#1073,#1065,#1077,.T.);
#1079=ORIENTED_EDGE('',*,*,#1078,.F.);
#1080=CARTESIAN_POINT('',(57.999982039,214.225306349,0.000018128));
#1081=DIRECTION('',(0.,-1.,0.));
#1082=VECTOR('',#1081,1.000678281);
#1083=LINE('',#1080,#1082);
#1084=EDGE_CURVE('',#1073,#1025,#1083,.T.);
#1085=ORIENTED_EDGE('',*,*,#1084,.T.);
#1086=EDGE_LOOP('',(#1046,#1055,#1063,#1071,#1079,#1085));
#1087=FACE_BOUND('',#1086,.T.);
#1088=ADVANCED_FACE('',(#1087),#1045,.T.);
#1089=CARTESIAN_POINT('',(58.646437629,214.225306349,0.000018128));
#1090=DIRECTION('',(0.,-1.,0.));
#1091=DIRECTION('',(0.,0.,-1.));
#1092=AXIS2_PLACEMENT_3D('',#1089,#1090,#1091);
#1093=PLANE('',#1092);
#1094=ORIENTED_EDGE('',*,*,#1078,.T.);
#1095=CARTESIAN_POINT('',(57.999982039,214.225306349,2.000018128));
#1096=DIRECTION('',(1.,0.,-0.));
#1097=VECTOR('',#1096,1.29291118);
#1098=LINE('',#1095,#1097);
#1099=EDGE_CURVE('',#1065,#169,#1098,.T.);
#1100=ORIENTED_EDGE('',*,*,#1099,.T.);
#1101=ORIENTED_EDGE('',*,*,#223,.F.);
#1102=CARTESIAN_POINT('',(57.999982039,214.225306349,0.000018128));
#1103=DIRECTION('',(1.,0.,-0.));
#1104=VECTOR('',#1103,1.29291118);
#1105=LINE('',#1102,#1104);
#1106=EDGE_CURVE('',#1073,#208,#1105,.T.);
#1107=ORIENTED_EDGE('',*,*,#1106,.F.);
#1108=EDGE_LOOP('',(#1094,#1100,#1101,#1107));
#1109=FACE_BOUND('',#1108,.T.);
#1110=ADVANCED_FACE('',(#1109),#1093,.F.);
#1111=CARTESIAN_POINT('',(60.,215.965703838,0.000018128));
#1112=DIRECTION('',(-1.,0.,0.));
#1113=DIRECTION('',(0.,0.,1.));
#1114=AXIS2_PLACEMENT_3D('',#1111,#1112,#1113);
#1115=PLANE('',#1114);
#1116=ORIENTED_EDGE('',*,*,#205,.T.);
#1117=CARTESIAN_POINT('',(60.,215.284532347,2.000018128));
#1118=DIRECTION('',(-1.,0.,0.));
#1119=DIRECTION('',(0.,-1.,0.));
#1120=AXIS2_PLACEMENT_3D('',#1117,#1118,#1119);
#1121=ELLIPSE('',#1120,1.00000005,1.);
#1122=EDGE_CURVE('',#179,#675,#1121,.T.);
#1123=ORIENTED_EDGE('',*,*,#1122,.T.);
#1124=ORIENTED_EDGE('',*,*,#680,.F.);
#1125=CARTESIAN_POINT('',(60.,216.99853652,0.000018128));
#1126=VERTEX_POINT('',#1125);
#1127=CARTESIAN_POINT('',(60.,216.99853652,0.000018128));
#1128=DIRECTION('',(0.,0.,1.));
#1129=VECTOR('',#1128,3.);
#1130=LINE('',#1127,#1129);
#1131=EDGE_CURVE('',#1126,#667,#1130,.T.);
#1132=ORIENTED_EDGE('',*,*,#1131,.F.);
#1133=CARTESIAN_POINT('',(60.,216.99853652,0.000018128));
#1134=DIRECTION('',(0.,-1.,0.));
#1135=VECTOR('',#1134,2.065665365);
#1136=LINE('',#1133,#1135);
#1137=EDGE_CURVE('',#1126,#200,#1136,.T.);
#1138=ORIENTED_EDGE('',*,*,#1137,.T.);
#1139=EDGE_LOOP('',(#1116,#1123,#1124,#1132,#1138));
#1140=FACE_BOUND('',#1139,.T.);
#1141=ADVANCED_FACE('',(#1140),#1115,.T.);
#1142=CARTESIAN_POINT('',(56.,216.999268344,0.000018128));
#1143=DIRECTION('',(0.000182956,0.999999983,0.));
#1144=DIRECTION('',(-0.999999983,0.000182956,0.));
#1145=AXIS2_PLACEMENT_3D('',#1142,#1143,#1144);
#1146=PLANE('',#1145);
#1147=ORIENTED_EDGE('',*,*,#672,.T.);
#1148=CARTESIAN_POINT('',(52.,217.000000168,0.000018128));
#1149=VERTEX_POINT('',#1148);
#1150=CARTESIAN_POINT('',(52.,217.000000168,0.000018128));
#1151=DIRECTION('',(0.,0.,1.));
#1152=VECTOR('',#1151,3.);
#1153=LINE('',#1150,#1152);
#1154=EDGE_CURVE('',#1149,#659,#1153,.T.);
#1155=ORIENTED_EDGE('',*,*,#1154,.F.);
#1156=CARTESIAN_POINT('',(60.,216.99853652,0.000018128));
#1157=DIRECTION('',(-0.999999983,0.000182956,0.));
#1158=VECTOR('',#1157,8.000000134);
#1159=LINE('',#1156,#1158);
#1160=EDGE_CURVE('',#1126,#1149,#1159,.T.);
#1161=ORIENTED_EDGE('',*,*,#1160,.F.);
#1162=ORIENTED_EDGE('',*,*,#1131,.T.);
#1163=EDGE_LOOP('',(#1147,#1155,#1161,#1162));
#1164=FACE_BOUND('',#1163,.T.);
#1165=ADVANCED_FACE('',(#1164),#1146,.F.);
#1166=CARTESIAN_POINT('',(52.,176.999999833,0.000018128));
#1167=DIRECTION('',(1.,0.,0.));
#1168=DIRECTION('',(0.,0.,-1.));
#1169=AXIS2_PLACEMENT_3D('',#1166,#1167,#1168);
#1170=PLANE('',#1169);
#1171=ORIENTED_EDGE('',*,*,#664,.F.);
#1172=CARTESIAN_POINT('',(52.,136.999999498,0.000018128));
#1173=VERTEX_POINT('',#1172);
#1174=CARTESIAN_POINT('',(52.,136.999999498,0.000018128));
#1175=DIRECTION('',(0.,0.,1.));
#1176=VECTOR('',#1175,3.);
#1177=LINE('',#1174,#1176);
#1178=EDGE_CURVE('',#1173,#651,#1177,.T.);
#1179=ORIENTED_EDGE('',*,*,#1178,.F.);
#1180=CARTESIAN_POINT('',(52.,136.999999498,0.000018128));
#1181=DIRECTION('',(0.,1.,0.));
#1182=VECTOR('',#1181,80.00000067);
#1183=LINE('',#1180,#1182);
#1184=EDGE_CURVE('',#1173,#1149,#1183,.T.);
#1185=ORIENTED_EDGE('',*,*,#1184,.T.);
#1186=ORIENTED_EDGE('',*,*,#1154,.T.);
#1187=EDGE_LOOP('',(#1171,#1179,#1185,#1186));
#1188=FACE_BOUND('',#1187,.T.);
#1189=ADVANCED_FACE('',(#1188),#1170,.T.);
#1190=CARTESIAN_POINT('',(56.,136.999999498,0.000018128));
#1191=DIRECTION('',(0.,1.,0.));
#1192=DIRECTION('',(0.,0.,1.));
#1193=AXIS2_PLACEMENT_3D('',#1190,#1191,#1192);
#1194=PLANE('',#1193);
#1195=ORIENTED_EDGE('',*,*,#656,.F.);
#1196=CARTESIAN_POINT('',(60.,136.999999498,0.000018128));
#1197=VERTEX_POINT('',#1196);
#1198=CARTESIAN_POINT('',(60.,136.999999498,0.000018128));
#1199=DIRECTION('',(0.,0.,1.));
#1200=VECTOR('',#1199,3.);
#1201=LINE('',#1198,#1200);
#1202=EDGE_CURVE('',#1197,#643,#1201,.T.);
#1203=ORIENTED_EDGE('',*,*,#1202,.F.);
#1204=CARTESIAN_POINT('',(60.,136.999999498,0.000018128));
#1205=DIRECTION('',(-1.,0.,0.));
#1206=VECTOR('',#1205,8.);
#1207=LINE('',#1204,#1206);
#1208=EDGE_CURVE('',#1197,#1173,#1207,.T.);
#1209=ORIENTED_EDGE('',*,*,#1208,.T.);
#1210=ORIENTED_EDGE('',*,*,#1178,.T.);
#1211=EDGE_LOOP('',(#1195,#1203,#1209,#1210));
#1212=FACE_BOUND('',#1211,.T.);
#1213=ADVANCED_FACE('',(#1212),#1194,.T.);
#1214=CARTESIAN_POINT('',(60.,138.033441293,0.000018128));
#1215=DIRECTION('',(-1.,0.,0.));
#1216=DIRECTION('',(0.,0.,1.));
#1217=AXIS2_PLACEMENT_3D('',#1214,#1215,#1216);
#1218=PLANE('',#1217);
#1219=ORIENTED_EDGE('',*,*,#648,.F.);
#1220=CARTESIAN_POINT('',(60.,139.066883089,0.000018128));
#1221=VERTEX_POINT('',#1220);
#1222=CARTESIAN_POINT('',(60.,139.066883089,0.000018128));
#1223=DIRECTION('',(0.,0.,1.));
#1224=VECTOR('',#1223,3.);
#1225=LINE('',#1222,#1224);
#1226=EDGE_CURVE('',#1221,#634,#1225,.T.);
#1227=ORIENTED_EDGE('',*,*,#1226,.F.);
#1228=CARTESIAN_POINT('',(60.,139.066883089,0.000018128));
#1229=DIRECTION('',(0.,-1.,0.));
#1230=VECTOR('',#1229,2.066883591);
#1231=LINE('',#1228,#1230);
#1232=EDGE_CURVE('',#1221,#1197,#1231,.T.);
#1233=ORIENTED_EDGE('',*,*,#1232,.T.);
#1234=ORIENTED_EDGE('',*,*,#1202,.T.);
#1235=EDGE_LOOP('',(#1219,#1227,#1233,#1234));
#1236=FACE_BOUND('',#1235,.T.);
#1237=ADVANCED_FACE('',(#1236),#1218,.T.);
#1238=CARTESIAN_POINT('',(59.292893219,139.774447895,0.000018128));
#1239=CARTESIAN_POINT('',(59.292893219,139.774447895,3.000018128));
#1240=CARTESIAN_POINT('',(59.38605733,139.774447895,0.000018128));
#1241=CARTESIAN_POINT('',(59.38605733,139.774447895,3.000018128));
#1242=CARTESIAN_POINT('',(59.570146535,139.737567083,0.000018128));
#1243=CARTESIAN_POINT('',(59.570146535,139.737567083,3.000018128));
#1244=CARTESIAN_POINT('',(59.805961501,139.580465622,0.000018128));
#1245=CARTESIAN_POINT('',(59.805961501,139.580465622,3.000018128));
#1246=CARTESIAN_POINT('',(59.9630387,139.344652683,0.000018128));
#1247=CARTESIAN_POINT('',(59.9630387,139.344652683,3.000018128));
#1248=CARTESIAN_POINT('',(60.,139.160061391,0.000018128));
#1249=CARTESIAN_POINT('',(60.,139.160061391,3.000018128));
#1250=CARTESIAN_POINT('',(60.,139.066883089,0.000018128));
#1251=CARTESIAN_POINT('',(60.,139.066883089,3.000018128));
#1252=B_SPLINE_SURFACE_WITH_KNOTS('',3,1,((#1238,#1239),(#1240,#1241),(#1242,#1243),(#1244,#1245),(#1246,#1247),(#1248,#1249),(#1250,#1251)),.UNSPECIFIED.,.F.,.F.,.U.,(4,1,1,1,4),(2,2),(0.,0.000276239,0.000552234,0.000828105,0.00110497),(0.,1.),.UNSPECIFIED.);
#1253=ORIENTED_EDGE('',*,*,#640,.F.);
#1254=CARTESIAN_POINT('',(59.292893219,139.774447895,2.663735904));
#1255=VERTEX_POINT('',#1254);
#1256=CARTESIAN_POINT('',(59.992041277,139.17259764,3.000018128));
#1257=CARTESIAN_POINT('',(59.985296352,139.217207967,3.000018128));
#1258=CARTESIAN_POINT('',(59.974519032,139.260054758,2.995842952));
#1259=CARTESIAN_POINT('',(59.960037835,139.30133129,2.988199093));
#1260=CARTESIAN_POINT('',(59.945556637,139.342607822,2.980555235));
#1261=CARTESIAN_POINT('',(59.92709259,139.382578782,2.969253571));
#1262=CARTESIAN_POINT('',(59.905987947,139.419341137,2.955560771));
#1263=CARTESIAN_POINT('',(59.863778659,139.492865847,2.928175171));
#1264=CARTESIAN_POINT('',(59.810018813,139.55608591,2.890478248));
#1265=CARTESIAN_POINT('',(59.749542698,139.60715383,2.850669775));
#1266=CARTESIAN_POINT('',(59.689066584,139.65822175,2.810861301));
#1267=CARTESIAN_POINT('',(59.620664289,139.699020595,2.767187537));
#1268=CARTESIAN_POINT('',(59.545054558,139.727922005,2.730470824));
#1269=CARTESIAN_POINT('',(59.469444827,139.756823416,2.693754112));
#1270=CARTESIAN_POINT('',(59.383313544,139.774447895,2.663782203));
#1271=CARTESIAN_POINT('',(59.292893219,139.774447895,2.663735904));
#1272=B_SPLINE_CURVE_WITH_KNOTS('',3,(#1256,#1257,#1258,#1259,#1260,#1261,#1262,#1263,#1264,#1265,#1266,#1267,#1268,#1269,#1270,#1271),.UNSPECIFIED.,.F.,.F.,(4,3,3,3,3,4),(0.,0.000132936,0.000265871,0.000531743,0.000797614,0.001063486),.UNSPECIFIED.);
#1273=EDGE_CURVE('',#626,#1255,#1272,.T.);
#1274=ORIENTED_EDGE('',*,*,#1273,.T.);
#1275=CARTESIAN_POINT('',(59.292893219,139.774447895,0.000018128));
#1276=VERTEX_POINT('',#1275);
#1277=CARTESIAN_POINT('',(59.292893219,139.774447895,0.000018128));
#1278=DIRECTION('',(0.,0.,1.));
#1279=VECTOR('',#1278,2.663717776);
#1280=LINE('',#1277,#1279);
#1281=EDGE_CURVE('',#1276,#1255,#1280,.T.);
#1282=ORIENTED_EDGE('',*,*,#1281,.F.);
#1283=CARTESIAN_POINT('',(59.292893219,139.774447895,0.000018128));
#1284=CARTESIAN_POINT('',(59.38605733,139.774447895,0.000018128));
#1285=CARTESIAN_POINT('',(59.570146535,139.737567083,0.000018128));
#1286=CARTESIAN_POINT('',(59.805961501,139.580465622,0.000018128));
#1287=CARTESIAN_POINT('',(59.9630387,139.344652683,0.000018128));
#1288=CARTESIAN_POINT('',(60.,139.160061391,0.000018128));
#1289=CARTESIAN_POINT('',(60.,139.066883089,0.000018128));
#1290=B_SPLINE_CURVE_WITH_KNOTS('',3,(#1283,#1284,#1285,#1286,#1287,#1288,#1289),.UNSPECIFIED.,.F.,.F.,(4,1,1,1,4),(0.,0.000276239,0.000552234,0.000828105,0.00110497),.UNSPECIFIED.);
#1291=EDGE_CURVE('',#1276,#1221,#1290,.T.);
#1292=ORIENTED_EDGE('',*,*,#1291,.T.);
#1293=ORIENTED_EDGE('',*,*,#1226,.T.);
#1294=EDGE_LOOP('',(#1253,#1274,#1282,#1292,#1293));
#1295=FACE_BOUND('',#1294,.T.);
#1296=ADVANCED_FACE('',(#1295),#1252,.T.);
#1297=CARTESIAN_POINT('',(58.646437629,139.774447895,0.000018128));
#1298=DIRECTION('',(0.,1.,0.));
#1299=DIRECTION('',(0.,0.,1.));
#1300=AXIS2_PLACEMENT_3D('',#1297,#1298,#1299);
#1301=PLANE('',#1300);
#1302=ORIENTED_EDGE('',*,*,#1281,.T.);
#1303=CARTESIAN_POINT('',(57.999982039,139.774447895,2.663073068));
#1304=VERTEX_POINT('',#1303);
#1305=CARTESIAN_POINT('',(1968.37396497,139.774447895,2.292911347));
#1306=DIRECTION('',(0.,-1.,-0.));
#1307=DIRECTION('',(1.,0.,0.));
#1308=AXIS2_PLACEMENT_3D('',#1305,#1306,#1307);
#1309=ELLIPSE('',#1308,2242.135574035,0.707106781);
#1310=EDGE_CURVE('',#1255,#1304,#1309,.T.);
#1311=ORIENTED_EDGE('',*,*,#1310,.T.);
#1312=CARTESIAN_POINT('',(57.999982039,139.774447895,0.000018128));
#1313=VERTEX_POINT('',#1312);
#1314=CARTESIAN_POINT('',(57.999982039,139.774447895,0.000018128));
#1315=DIRECTION('',(0.,0.,1.));
#1316=VECTOR('',#1315,2.66305494);
#1317=LINE('',#1314,#1316);
#1318=EDGE_CURVE('',#1313,#1304,#1317,.T.);
#1319=ORIENTED_EDGE('',*,*,#1318,.F.);
#1320=CARTESIAN_POINT('',(59.292893219,139.774447895,0.000018128));
#1321=DIRECTION('',(-1.,0.,0.));
#1322=VECTOR('',#1321,1.29291118);
#1323=LINE('',#1320,#1322);
#1324=EDGE_CURVE('',#1276,#1313,#1323,.T.);
#1325=ORIENTED_EDGE('',*,*,#1324,.F.);
#1326=EDGE_LOOP('',(#1302,#1311,#1319,#1325));
#1327=FACE_BOUND('',#1326,.T.);
#1328=ADVANCED_FACE('',(#1327),#1301,.F.);
#1329=CARTESIAN_POINT('',(57.999982039,140.274787036,0.000018128));
#1330=DIRECTION('',(-1.,0.,0.));
#1331=DIRECTION('',(0.,0.,1.));
#1332=AXIS2_PLACEMENT_3D('',#1329,#1330,#1331);
#1333=PLANE('',#1332);
#1334=ORIENTED_EDGE('',*,*,#1318,.T.);
#1335=CARTESIAN_POINT('',(57.999982039,139.879076217,2.292911347));
#1336=VERTEX_POINT('',#1335);
#1337=CARTESIAN_POINT('',(57.999982039,139.171969401,2.292911347));
#1338=DIRECTION('',(-1.,0.,0.));
#1339=DIRECTION('',(0.,1.,0.));
#1340=AXIS2_PLACEMENT_3D('',#1337,#1338,#1339);
#1341=ELLIPSE('',#1340,0.707106816,0.707106781);
#1342=EDGE_CURVE('',#1304,#1336,#1341,.T.);
#1343=ORIENTED_EDGE('',*,*,#1342,.T.);
#1344=CARTESIAN_POINT('',(57.999982039,139.879076217,2.000018128));
#1345=VERTEX_POINT('',#1344);
#1346=CARTESIAN_POINT('',(57.999982039,139.879076217,2.000018128));
#1347=DIRECTION('',(0.,0.,1.));
#1348=VECTOR('',#1347,0.292893219);
#1349=LINE('',#1346,#1348);
#1350=EDGE_CURVE('',#1345,#1336,#1349,.T.);
#1351=ORIENTED_EDGE('',*,*,#1350,.F.);
#1352=CARTESIAN_POINT('',(57.999982039,140.775126176,2.000018128));
#1353=VERTEX_POINT('',#1352);
#1354=CARTESIAN_POINT('',(57.999982039,140.775126176,2.000018128));
#1355=DIRECTION('',(0.,-1.,0.));
#1356=VECTOR('',#1355,0.896049959);
#1357=LINE('',#1354,#1356);
#1358=EDGE_CURVE('',#1353,#1345,#1357,.T.);
#1359=ORIENTED_EDGE('',*,*,#1358,.F.);
#1360=CARTESIAN_POINT('',(57.999982039,140.775126176,0.000018128));
#1361=VERTEX_POINT('',#1360);
#1362=CARTESIAN_POINT('',(57.999982039,140.775126176,0.000018128));
#1363=DIRECTION('',(0.,0.,1.));
#1364=VECTOR('',#1363,2.);
#1365=LINE('',#1362,#1364);
#1366=EDGE_CURVE('',#1361,#1353,#1365,.T.);
#1367=ORIENTED_EDGE('',*,*,#1366,.F.);
#1368=CARTESIAN_POINT('',(57.999982039,140.775126176,0.000018128));
#1369=DIRECTION('',(0.,-1.,0.));
#1370=VECTOR('',#1369,1.000678281);
#1371=LINE('',#1368,#1370);
#1372=EDGE_CURVE('',#1361,#1313,#1371,.T.);
#1373=ORIENTED_EDGE('',*,*,#1372,.T.);
#1374=EDGE_LOOP('',(#1334,#1343,#1351,#1359,#1367,#1373));
#1375=FACE_BOUND('',#1374,.T.);
#1376=ADVANCED_FACE('',(#1375),#1333,.T.);
#1377=CARTESIAN_POINT('',(58.646437629,140.775126176,0.000018128));
#1378=DIRECTION('',(0.,1.,0.));
#1379=DIRECTION('',(0.,0.,1.));
#1380=AXIS2_PLACEMENT_3D('',#1377,#1378,#1379);
#1381=PLANE('',#1380);
#1382=CARTESIAN_POINT('',(59.292893219,140.775126176,2.000018128));
#1383=DIRECTION('',(-1.,0.,0.));
#1384=VECTOR('',#1383,1.29291118);
#1385=LINE('',#1382,#1384);
#1386=EDGE_CURVE('',#379,#1353,#1385,.T.);
#1387=ORIENTED_EDGE('',*,*,#1386,.F.);
#1388=ORIENTED_EDGE('',*,*,#384,.F.);
#1389=CARTESIAN_POINT('',(59.292893219,140.775126176,0.000018128));
#1390=DIRECTION('',(-1.,0.,0.));
#1391=VECTOR('',#1390,1.29291118);
#1392=LINE('',#1389,#1391);
#1393=EDGE_CURVE('',#367,#1361,#1392,.T.);
#1394=ORIENTED_EDGE('',*,*,#1393,.T.);
#1395=ORIENTED_EDGE('',*,*,#1366,.T.);
#1396=EDGE_LOOP('',(#1387,#1388,#1394,#1395));
#1397=FACE_BOUND('',#1396,.T.);
#1398=ADVANCED_FACE('',(#1397),#1381,.T.);
#1399=CARTESIAN_POINT('',(60.,159.262212374,0.000018128));
#1400=DIRECTION('',(-1.,0.,0.));
#1401=DIRECTION('',(0.,0.,1.));
#1402=AXIS2_PLACEMENT_3D('',#1399,#1400,#1401);
#1403=PLANE('',#1402);
#1404=ORIENTED_EDGE('',*,*,#364,.T.);
#1405=CARTESIAN_POINT('',(60.,141.586813833,3.000018128));
#1406=VERTEX_POINT('',#1405);
#1407=CARTESIAN_POINT('',(60.,141.586813833,2.292911347));
#1408=DIRECTION('',(-1.,0.,0.));
#1409=DIRECTION('',(0.,-1.,0.));
#1410=AXIS2_PLACEMENT_3D('',#1407,#1408,#1409);
#1411=ELLIPSE('',#1410,0.707106816,0.707106781);
#1412=EDGE_CURVE('',#338,#1406,#1411,.T.);
#1413=ORIENTED_EDGE('',*,*,#1412,.T.);
#1414=CARTESIAN_POINT('',(60.000000001,177.041689113,3.000018128));
#1415=VERTEX_POINT('',#1414);
#1416=CARTESIAN_POINT('',(60.,177.041689113,3.000018128));
#1417=DIRECTION('',(0.,-1.,0.));
#1418=VECTOR('',#1417,35.454875281);
#1419=LINE('',#1416,#1418);
#1420=EDGE_CURVE('',#1415,#1406,#1419,.T.);
#1421=ORIENTED_EDGE('',*,*,#1420,.F.);
#1422=CARTESIAN_POINT('',(60.000000001,177.041689113,0.000018128));
#1423=VERTEX_POINT('',#1422);
#1424=CARTESIAN_POINT('',(60.000000001,177.041689113,0.000018128));
#1425=DIRECTION('',(0.,0.,1.));
#1426=VECTOR('',#1425,3.);
#1427=LINE('',#1424,#1426);
#1428=EDGE_CURVE('',#1423,#1415,#1427,.T.);
#1429=ORIENTED_EDGE('',*,*,#1428,.F.);
#1430=CARTESIAN_POINT('',(60.,177.041689113,0.000018128));
#1431=DIRECTION('',(0.,-1.,0.));
#1432=VECTOR('',#1431,35.558953479);
#1433=LINE('',#1430,#1432);
#1434=EDGE_CURVE('',#1423,#359,#1433,.T.);
#1435=ORIENTED_EDGE('',*,*,#1434,.T.);
#1436=EDGE_LOOP('',(#1404,#1413,#1421,#1429,#1435));
#1437=FACE_BOUND('',#1436,.T.);
#1438=ADVANCED_FACE('',(#1437),#1403,.T.);
#1439=CARTESIAN_POINT('',(60.003021577,167.460699441,0.000018128));
#1440=DIRECTION('',(-0.99999995,-0.000315372,0.));
#1441=DIRECTION('',(0.000315372,-0.99999995,0.));
#1442=AXIS2_PLACEMENT_3D('',#1439,#1440,#1441);
#1443=PLANE('',#1442);
#1444=CARTESIAN_POINT('',(60.006043043,157.879709768,3.000018128));
#1445=VERTEX_POINT('',#1444);
#1446=CARTESIAN_POINT('',(60.000000001,177.041689113,3.000018128));
#1447=DIRECTION('',(0.000315372,-0.99999995,0.));
#1448=VECTOR('',#1447,19.161980299);
#1449=LINE('',#1446,#1448);
#1450=EDGE_CURVE('',#1415,#1445,#1449,.T.);
#1451=ORIENTED_EDGE('',*,*,#1450,.T.);
#1452=CARTESIAN_POINT('',(60.006043043,157.879709768,0.000018128));
#1453=VERTEX_POINT('',#1452);
#1454=CARTESIAN_POINT('',(60.006043043,157.879709768,0.000018128));
#1455=DIRECTION('',(0.,0.,1.));
#1456=VECTOR('',#1455,3.);
#1457=LINE('',#1454,#1456);
#1458=EDGE_CURVE('',#1453,#1445,#1457,.T.);
#1459=ORIENTED_EDGE('',*,*,#1458,.F.);
#1460=CARTESIAN_POINT('',(60.000000001,177.041689113,0.000018128));
#1461=DIRECTION('',(0.000315372,-0.99999995,0.));
#1462=VECTOR('',#1461,19.161980299);
#1463=LINE('',#1460,#1462);
#1464=EDGE_CURVE('',#1423,#1453,#1463,.T.);
#1465=ORIENTED_EDGE('',*,*,#1464,.F.);
#1466=ORIENTED_EDGE('',*,*,#1428,.T.);
#1467=EDGE_LOOP('',(#1451,#1459,#1465,#1466));
#1468=FACE_BOUND('',#1467,.T.);
#1469=ADVANCED_FACE('',(#1468),#1443,.F.);
#1470=CARTESIAN_POINT('',(70.006042492,157.882863488,0.000018128));
#1471=DIRECTION('',(0.000315372,-0.99999995,0.));
#1472=DIRECTION('',(0.99999995,0.000315372,0.));
#1473=AXIS2_PLACEMENT_3D('',#1470,#1471,#1472);
#1474=PLANE('',#1473);
#1475=CARTESIAN_POINT('',(80.006041942,157.886017207,3.000018128));
#1476=VERTEX_POINT('',#1475);
#1477=CARTESIAN_POINT('',(60.006043043,157.879709768,3.000018128));
#1478=DIRECTION('',(0.99999995,0.000315372,0.));
#1479=VECTOR('',#1478,19.999999893);
#1480=LINE('',#1477,#1479);
#1481=EDGE_CURVE('',#1445,#1476,#1480,.T.);
#1482=ORIENTED_EDGE('',*,*,#1481,.T.);
#1483=CARTESIAN_POINT('',(80.006041942,157.886017207,0.000018128));
#1484=VERTEX_POINT('',#1483);
#1485=CARTESIAN_POINT('',(80.006041942,157.886017207,0.000018128));
#1486=DIRECTION('',(0.,0.,1.));
#1487=VECTOR('',#1486,3.);
#1488=LINE('',#1485,#1487);
#1489=EDGE_CURVE('',#1484,#1476,#1488,.T.);
#1490=ORIENTED_EDGE('',*,*,#1489,.F.);
#1491=CARTESIAN_POINT('',(60.006043043,157.879709768,0.000018128));
#1492=DIRECTION('',(0.99999995,0.000315372,0.));
#1493=VECTOR('',#1492,19.999999893);
#1494=LINE('',#1491,#1493);
#1495=EDGE_CURVE('',#1453,#1484,#1494,.T.);
#1496=ORIENTED_EDGE('',*,*,#1495,.F.);
#1497=ORIENTED_EDGE('',*,*,#1458,.T.);
#1498=EDGE_LOOP('',(#1482,#1490,#1496,#1497));
#1499=FACE_BOUND('',#1498,.T.);
#1500=ADVANCED_FACE('',(#1499),#1474,.F.);
#1501=CARTESIAN_POINT('',(80.006041942,157.886017207,0.000018128));
#1502=CARTESIAN_POINT('',(80.006041942,157.886017207,3.000018128));
#1503=CARTESIAN_POINT('',(81.863111908,157.886602875,0.000018128));
#1504=CARTESIAN_POINT('',(81.863111908,157.886602875,3.000018128));
#1505=CARTESIAN_POINT('',(85.767077762,157.810371348,0.000018128));
#1506=CARTESIAN_POINT('',(85.767077762,157.810371348,3.000018128));
#1507=CARTESIAN_POINT('',(91.707767824,157.404856358,0.000018128));
#1508=CARTESIAN_POINT('',(91.707767824,157.404856358,3.000018128));
#1509=CARTESIAN_POINT('',(97.951027089,156.590481928,0.000018128));
#1510=CARTESIAN_POINT('',(97.951027089,156.590481928,3.000018128));
#1511=CARTESIAN_POINT('',(103.93254514,155.329557012,0.000018128));
#1512=CARTESIAN_POINT('',(103.93254514,155.329557012,3.000018128));
#1513=CARTESIAN_POINT('',(108.795656991,153.811190752,0.000018128));
#1514=CARTESIAN_POINT('',(108.795656991,153.811190752,3.000018128));
#1515=CARTESIAN_POINT('',(112.427563782,152.333908255,0.000018128));
#1516=CARTESIAN_POINT('',(112.427563782,152.333908255,3.000018128));
#1517=CARTESIAN_POINT('',(115.20674621,150.980468101,0.000018128));
#1518=CARTESIAN_POINT('',(115.20674621,150.980468101,3.000018128));
#1519=CARTESIAN_POINT('',(117.880383392,149.421531303,0.000018128));
#1520=CARTESIAN_POINT('',(117.880383392,149.421531303,3.000018128));
#1521=CARTESIAN_POINT('',(120.470071174,147.611774501,0.000018128));
#1522=CARTESIAN_POINT('',(120.470071174,147.611774501,3.000018128));
#1523=CARTESIAN_POINT('',(122.930545542,145.538348301,0.000018128));
#1524=CARTESIAN_POINT('',(122.930545542,145.538348301,3.000018128));
#1525=CARTESIAN_POINT('',(125.108862333,143.312103351,0.000018128));
#1526=CARTESIAN_POINT('',(125.108862333,143.312103351,3.000018128));
#1527=CARTESIAN_POINT('',(126.983362639,141.026712327,0.000018128));
#1528=CARTESIAN_POINT('',(126.983362639,141.026712327,3.000018128));
#1529=CARTESIAN_POINT('',(129.228477565,137.813332869,0.000018128));
#1530=CARTESIAN_POINT('',(129.228477565,137.813332869,3.000018128));
#1531=CARTESIAN_POINT('',(131.138054793,134.271352591,0.000018128));
#1532=CARTESIAN_POINT('',(131.138054793,134.271352591,3.000018128));
#1533=CARTESIAN_POINT('',(132.73031806,130.48511816,0.000018128));
#1534=CARTESIAN_POINT('',(132.73031806,130.48511816,3.000018128));
#1535=CARTESIAN_POINT('',(133.786490894,127.509277598,0.000018128));
#1536=CARTESIAN_POINT('',(133.786490894,127.509277598,3.000018128));
#1537=CARTESIAN_POINT('',(134.704953524,124.411289495,0.000018128));
#1538=CARTESIAN_POINT('',(134.704953524,124.411289495,3.000018128));
#1539=CARTESIAN_POINT('',(135.667462074,120.479485098,0.000018128));
#1540=CARTESIAN_POINT('',(135.667462074,120.479485098,3.000018128));
#1541=CARTESIAN_POINT('',(136.575326038,115.576104964,0.000018128));
#1542=CARTESIAN_POINT('',(136.575326038,115.576104964,3.000018128));
#1543=CARTESIAN_POINT('',(137.290454117,109.690417842,0.000018128));
#1544=CARTESIAN_POINT('',(137.290454117,109.690417842,3.000018128));
#1545=CARTESIAN_POINT('',(137.710959778,103.426104702,0.000018128));
#1546=CARTESIAN_POINT('',(137.710959778,103.426104702,3.000018128));
#1547=CARTESIAN_POINT('',(137.797711896,99.194074417,0.000018128));
#1548=CARTESIAN_POINT('',(137.797711896,99.194074417,3.000018128));
#1549=CARTESIAN_POINT('',(137.797711896,96.999981872,0.000018128));
#1550=CARTESIAN_POINT('',(137.797711896,96.999981872,3.000018128));
#1551=B_SPLINE_SURFACE_WITH_KNOTS('',3,1,((#1501,#1502),(#1503,#1504),(#1505,#1506),(#1507,#1508),(#1509,#1510),(#1511,#1512),(#1513,#1514),(#1515,#1516),(#1517,#1518),(#1519,#1520),(#1521,#1522),(#1523,#1524),(#1525,#1526),(#1527,#1528),(#1529,#1530),(#1531,#1532),(#1533,#1534),(#1535,#1536),(#1537,#1538),(#1539,#1540),(#1541,#1542),(#1543,#1544),(#1545,#1546),(#1547,#1548),(#1549,#1550)),.UNSPECIFIED.,.F.,.F.,.U.,(4,1,1,1,1,1,1,1,1,1,1,1,1,1,1,1,1,1,1,1,1,1,4),(2,2),(0.,0.005550994,0.011681473,0.017798593,0.02437307,0.02994464,0.033017465,0.036093109,0.039184573,0.042266562,0.0455337,0.048797105,0.05157075,0.054367965,0.060510974,0.063573879,0.066648816,0.069951111,0.073235135,0.078752611,0.084856394,0.090962378,0.097520445),(0.,1.),.UNSPECIFIED.);
#1552=CARTESIAN_POINT('',(137.797711896,96.999981872,3.000018128));
#1553=VERTEX_POINT('',#1552);
#1554=CARTESIAN_POINT('',(80.006041942,157.886017207,3.000018128));
#1555=CARTESIAN_POINT('',(81.863111908,157.886602875,3.000018128));
#1556=CARTESIAN_POINT('',(85.767077762,157.810371348,3.000018128));
#1557=CARTESIAN_POINT('',(91.707767824,157.404856358,3.000018128));
#1558=CARTESIAN_POINT('',(97.951027089,156.590481928,3.000018128));
#1559=CARTESIAN_POINT('',(103.93254514,155.329557012,3.000018128));
#1560=CARTESIAN_POINT('',(108.795656991,153.811190752,3.000018128));
#1561=CARTESIAN_POINT('',(112.427563782,152.333908255,3.000018128));
#1562=CARTESIAN_POINT('',(115.20674621,150.980468101,3.000018128));
#1563=CARTESIAN_POINT('',(117.880383392,149.421531303,3.000018128));
#1564=CARTESIAN_POINT('',(120.470071174,147.611774501,3.000018128));
#1565=CARTESIAN_POINT('',(122.930545542,145.538348301,3.000018128));
#1566=CARTESIAN_POINT('',(125.108862333,143.312103351,3.000018128));
#1567=CARTESIAN_POINT('',(126.983362639,141.026712327,3.000018128));
#1568=CARTESIAN_POINT('',(129.228477565,137.813332869,3.000018128));
#1569=CARTESIAN_POINT('',(131.138054793,134.271352591,3.000018128));
#1570=CARTESIAN_POINT('',(132.73031806,130.48511816,3.000018128));
#1571=CARTESIAN_POINT('',(133.786490894,127.509277598,3.000018128));
#1572=CARTESIAN_POINT('',(134.704953524,124.411289495,3.000018128));
#1573=CARTESIAN_POINT('',(135.667462074,120.479485098,3.000018128));
#1574=CARTESIAN_POINT('',(136.575326038,115.576104964,3.000018128));
#1575=CARTESIAN_POINT('',(137.290454117,109.690417842,3.000018128));
#1576=CARTESIAN_POINT('',(137.710959778,103.426104702,3.000018128));
#1577=CARTESIAN_POINT('',(137.797711896,99.194074417,3.000018128));
#1578=CARTESIAN_POINT('',(137.797711896,96.999981872,3.000018128));
#1579=B_SPLINE_CURVE_WITH_KNOTS('',3,(#1554,#1555,#1556,#1557,#1558,#1559,#1560,#1561,#1562,#1563,#1564,#1565,#1566,#1567,#1568,#1569,#1570,#1571,#1572,#1573,#1574,#1575,#1576,#1577,#1578),.UNSPECIFIED.,.F.,.F.,(4,1,1,1,1,1,1,1,1,1,1,1,1,1,1,1,1,1,1,1,1,1,4),(0.,0.005550994,0.011681473,0.017798593,0.02437307,0.02994464,0.033017465,0.036093109,0.039184573,0.042266562,0.0455337,0.048797105,0.05157075,0.054367965,0.060510974,0.063573879,0.066648816,0.069951111,0.073235135,0.078752611,0.084856394,0.090962378,0.097520445),.UNSPECIFIED.);
#1580=EDGE_CURVE('',#1476,#1553,#1579,.T.);
#1581=ORIENTED_EDGE('',*,*,#1580,.T.);
#1582=CARTESIAN_POINT('',(137.797711896,96.999981872,0.000018128));
#1583=VERTEX_POINT('',#1582);
#1584=CARTESIAN_POINT('',(137.797711896,96.999981872,0.000018128));
#1585=DIRECTION('',(0.,0.,1.));
#1586=VECTOR('',#1585,3.);
#1587=LINE('',#1584,#1586);
#1588=EDGE_CURVE('',#1583,#1553,#1587,.T.);
#1589=ORIENTED_EDGE('',*,*,#1588,.F.);
#1590=CARTESIAN_POINT('',(80.006041942,157.886017207,0.000018128));
#1591=CARTESIAN_POINT('',(81.863111908,157.886602875,0.000018128));
#1592=CARTESIAN_POINT('',(85.767077762,157.810371348,0.000018128));
#1593=CARTESIAN_POINT('',(91.707767824,157.404856358,0.000018128));
#1594=CARTESIAN_POINT('',(97.951027089,156.590481928,0.000018128));
#1595=CARTESIAN_POINT('',(103.93254514,155.329557012,0.000018128));
#1596=CARTESIAN_POINT('',(108.795656991,153.811190752,0.000018128));
#1597=CARTESIAN_POINT('',(112.427563782,152.333908255,0.000018128));
#1598=CARTESIAN_POINT('',(115.20674621,150.980468101,0.000018128));
#1599=CARTESIAN_POINT('',(117.880383392,149.421531303,0.000018128));
#1600=CARTESIAN_POINT('',(120.470071174,147.611774501,0.000018128));
#1601=CARTESIAN_POINT('',(122.930545542,145.538348301,0.000018128));
#1602=CARTESIAN_POINT('',(125.108862333,143.312103351,0.000018128));
#1603=CARTESIAN_POINT('',(126.983362639,141.026712327,0.000018128));
#1604=CARTESIAN_POINT('',(129.228477565,137.813332869,0.000018128));
#1605=CARTESIAN_POINT('',(131.138054793,134.271352591,0.000018128));
#1606=CARTESIAN_POINT('',(132.73031806,130.48511816,0.000018128));
#1607=CARTESIAN_POINT('',(133.786490894,127.509277598,0.000018128));
#1608=CARTESIAN_POINT('',(134.704953524,124.411289495,0.000018128));
#1609=CARTESIAN_POINT('',(135.667462074,120.479485098,0.000018128));
#1610=CARTESIAN_POINT('',(136.575326038,115.576104964,0.000018128));
#1611=CARTESIAN_POINT('',(137.290454117,109.690417842,0.000018128));
#1612=CARTESIAN_POINT('',(137.710959778,103.426104702,0.000018128));
#1613=CARTESIAN_POINT('',(137.797711896,99.194074417,0.000018128));
#1614=CARTESIAN_POINT('',(137.797711896,96.999981872,0.000018128));
#1615=B_SPLINE_CURVE_WITH_KNOTS('',3,(#1590,#1591,#1592,#1593,#1594,#1595,#1596,#1597,#1598,#1599,#1600,#1601,#1602,#1603,#1604,#1605,#1606,#1607,#1608,#1609,#1610,#1611,#1612,#1613,#1614),.UNSPECIFIED.,.F.,.F.,(4,1,1,1,1,1,1,1,1,1,1,1,1,1,1,1,1,1,1,1,1,1,4),(0.,0.005550994,0.011681473,0.017798593,0.02437307,0.02994464,0.033017465,0.036093109,0.039184573,0.042266562,0.0455337,0.048797105,0.05157075,0.054367965,0.060510974,0.063573879,0.066648816,0.069951111,0.073235135,0.078752611,0.084856394,0.090962378,0.097520445),.UNSPECIFIED.);
#1616=EDGE_CURVE('',#1484,#1583,#1615,.T.);
#1617=ORIENTED_EDGE('',*,*,#1616,.F.);
#1618=ORIENTED_EDGE('',*,*,#1489,.T.);
#1619=EDGE_LOOP('',(#1581,#1589,#1617,#1618));
#1620=FACE_BOUND('',#1619,.T.);
#1621=ADVANCED_FACE('',(#1620),#1551,.F.);
#1622=CARTESIAN_POINT('',(137.797711896,86.999990852,0.000018128));
#1623=DIRECTION('',(-1.,0.,0.));
#1624=DIRECTION('',(0.,0.,1.));
#1625=AXIS2_PLACEMENT_3D('',#1622,#1623,#1624);
#1626=PLANE('',#1625);
#1627=CARTESIAN_POINT('',(137.797711896,76.999990852,3.000018128));
#1628=VERTEX_POINT('',#1627);
#1629=CARTESIAN_POINT('',(137.797711896,96.999981872,3.000018128));
#1630=DIRECTION('',(0.,-1.,0.));
#1631=VECTOR('',#1630,19.999982039);
#1632=LINE('',#1629,#1631);
#1633=EDGE_CURVE('',#1553,#1628,#1632,.T.);
#1634=ORIENTED_EDGE('',*,*,#1633,.T.);
#1635=CARTESIAN_POINT('',(137.797711896,76.999990852,0.000018128));
#1636=VERTEX_POINT('',#1635);
#1637=CARTESIAN_POINT('',(137.797711896,76.999990852,0.000018128));
#1638=DIRECTION('',(0.,0.,1.));
#1639=VECTOR('',#1638,3.);
#1640=LINE('',#1637,#1639);
#1641=EDGE_CURVE('',#1636,#1628,#1640,.T.);
#1642=ORIENTED_EDGE('',*,*,#1641,.F.);
#1643=CARTESIAN_POINT('',(137.797711896,96.999981872,0.000018128));
#1644=DIRECTION('',(0.,-1.,0.));
#1645=VECTOR('',#1644,19.999982039);
#1646=LINE('',#1643,#1645);
#1647=EDGE_CURVE('',#1583,#1636,#1646,.T.);
#1648=ORIENTED_EDGE('',*,*,#1647,.F.);
#1649=ORIENTED_EDGE('',*,*,#1588,.T.);
#1650=EDGE_LOOP('',(#1634,#1642,#1648,#1649));
#1651=FACE_BOUND('',#1650,.T.);
#1652=ADVANCED_FACE('',(#1651),#1626,.F.);
#1653=CARTESIAN_POINT('',(129.640346559,76.999999833,0.000018128));
#1654=DIRECTION('',(0.,-1.,0.));
#1655=DIRECTION('',(0.,0.,-1.));
#1656=AXIS2_PLACEMENT_3D('',#1653,#1654,#1655);
#1657=PLANE('',#1656);
#1658=CARTESIAN_POINT('',(121.504818677,76.999999833,3.000018128));
#1659=VERTEX_POINT('',#1658);
#1660=CARTESIAN_POINT('',(121.504818677,76.999999833,3.000018128));
#1661=DIRECTION('',(1.,0.,-0.));
#1662=VECTOR('',#1661,16.292893219);
#1663=LINE('',#1660,#1662);
#1664=EDGE_CURVE('',#1659,#1628,#1663,.T.);
#1665=ORIENTED_EDGE('',*,*,#1664,.F.);
#1666=CARTESIAN_POINT('',(121.482981223,76.999999833,2.999680846));
#1667=VERTEX_POINT('',#1666);
#1668=CARTESIAN_POINT('',(121.504818677,76.999999833,2.292911347));
#1669=DIRECTION('',(0.,-1.,0.));
#1670=DIRECTION('',(0.,0.,-1.));
#1671=AXIS2_PLACEMENT_3D('',#1668,#1669,#1670);
#1672=CIRCLE('',#1671,0.707106781);
#1673=EDGE_CURVE('',#1659,#1667,#1672,.T.);
#1674=ORIENTED_EDGE('',*,*,#1673,.T.);
#1675=CARTESIAN_POINT('',(121.482981223,76.999999833,0.000018128));
#1676=VERTEX_POINT('',#1675);
#1677=CARTESIAN_POINT('',(121.482981223,76.999999833,0.000018128));
#1678=DIRECTION('',(0.,0.,1.));
#1679=VECTOR('',#1678,2.999662718);
#1680=LINE('',#1677,#1679);
#1681=EDGE_CURVE('',#1676,#1667,#1680,.T.);
#1682=ORIENTED_EDGE('',*,*,#1681,.F.);
#1683=CARTESIAN_POINT('',(121.482981223,76.999999833,0.000018128));
#1684=DIRECTION('',(1.,0.,-0.));
#1685=VECTOR('',#1684,16.314730673);
#1686=LINE('',#1683,#1685);
#1687=EDGE_CURVE('',#1676,#1636,#1686,.T.);
#1688=ORIENTED_EDGE('',*,*,#1687,.T.);
#1689=ORIENTED_EDGE('',*,*,#1641,.T.);
#1690=EDGE_LOOP('',(#1665,#1674,#1682,#1688,#1689));
#1691=FACE_BOUND('',#1690,.T.);
#1692=ADVANCED_FACE('',(#1691),#1657,.T.);
#1693=CARTESIAN_POINT('',(120.775371765,76.292893052,0.000018128));
#1694=CARTESIAN_POINT('',(120.775371765,76.292893052,2.999680846));
#1695=CARTESIAN_POINT('',(120.775371765,76.386060333,0.000018128));
#1696=CARTESIAN_POINT('',(120.775371765,76.386060333,2.999680846));
#1697=CARTESIAN_POINT('',(120.812256508,76.57015562,0.000018128));
#1698=CARTESIAN_POINT('',(120.812256508,76.57015562,2.999680846));
#1699=CARTESIAN_POINT('',(120.969372962,76.805972794,0.000018128));
#1700=CARTESIAN_POINT('',(120.969372962,76.805972794,2.999680846));
#1701=CARTESIAN_POINT('',(121.205202018,76.963042894,0.000018128));
#1702=CARTESIAN_POINT('',(121.205202018,76.963042894,2.999680846));
#1703=CARTESIAN_POINT('',(121.389799714,76.999999833,0.000018128));
#1704=CARTESIAN_POINT('',(121.389799714,76.999999833,2.999680846));
#1705=CARTESIAN_POINT('',(121.482981223,76.999999833,0.000018128));
#1706=CARTESIAN_POINT('',(121.482981223,76.999999833,2.999680846));
#1707=B_SPLINE_SURFACE_WITH_KNOTS('',3,1,((#1693,#1694),(#1695,#1696),(#1697,#1698),(#1699,#1700),(#1701,#1702),(#1703,#1704),(#1705,#1706)),.UNSPECIFIED.,.F.,.F.,.U.,(4,1,1,1,4),(2,2),(0.,0.000276248,0.000552252,0.000828133,0.001105007),(0.,0.999887573),.UNSPECIFIED.);
#1708=ORIENTED_EDGE('',*,*,#1681,.T.);
#1709=CARTESIAN_POINT('',(120.797711896,76.46917137,2.292911347));
#1710=VERTEX_POINT('',#1709);
#1711=CARTESIAN_POINT('',(121.482981223,76.999999833,2.999680846));
#1712=CARTESIAN_POINT('',(121.430954442,76.999999833,2.998073346));
#1713=CARTESIAN_POINT('',(121.380619799,76.994316249,2.990844141));
#1714=CARTESIAN_POINT('',(121.331796306,76.983645869,2.978522942));
#1715=CARTESIAN_POINT('',(121.282972813,76.972975489,2.966201743));
#1716=CARTESIAN_POINT('',(121.236275334,76.9572806,2.948773927));
#1717=CARTESIAN_POINT('',(121.193486215,76.938094752,2.92779094));
#1718=CARTESIAN_POINT('',(121.150697097,76.918908903,2.906807954));
#1719=CARTESIAN_POINT('',(121.11090781,76.895876191,2.881837623));
#1720=CARTESIAN_POINT('',(121.075381982,76.870898315,2.854680093));
#1721=CARTESIAN_POINT('',(121.039856153,76.845920439,2.827522563));
#1722=CARTESIAN_POINT('',(121.008099116,76.818799007,2.797972373));
#1723=CARTESIAN_POINT('',(120.979562141,76.789921011,2.766309246));
#1724=CARTESIAN_POINT('',(120.922488189,76.732165019,2.702982993));
#1725=CARTESIAN_POINT('',(120.879839565,76.668864862,2.633626979));
#1726=CARTESIAN_POINT('',(120.8492145,76.607307438,2.557832399));
#1727=CARTESIAN_POINT('',(120.833901967,76.576528726,2.519935108));
#1728=CARTESIAN_POINT('',(120.821491103,76.545553701,2.480032181));
#1729=CARTESIAN_POINT('',(120.812504923,76.518947581,2.436792082));
#1730=CARTESIAN_POINT('',(120.803518743,76.492341462,2.393551982));
#1731=CARTESIAN_POINT('',(120.797711896,76.469171381,2.345079044));
#1732=CARTESIAN_POINT('',(120.797711896,76.469171381,2.292911345));
#1733=B_SPLINE_CURVE_WITH_KNOTS('',3,(#1711,#1712,#1713,#1714,#1715,#1716,#1717,#1718,#1719,#1720,#1721,#1722,#1723,#1724,#1725,#1726,#1727,#1728,#1729,#1730,#1731,#1732),.UNSPECIFIED.,.F.,.F.,(4,3,3,3,3,3,3,4),(0.,0.000153438,0.000306875,0.000460313,0.00061375,0.000920625,0.001074063,0.0012275),.UNSPECIFIED.);
#1734=EDGE_CURVE('',#1667,#1710,#1733,.T.);
#1735=ORIENTED_EDGE('',*,*,#1734,.T.);
#1736=CARTESIAN_POINT('',(120.797711896,76.46917137,2.000018128));
#1737=VERTEX_POINT('',#1736);
#1738=CARTESIAN_POINT('',(120.797711896,76.46917137,2.000018128));
#1739=DIRECTION('',(0.,0.,1.));
#1740=VECTOR('',#1739,0.292893219);
#1741=LINE('',#1738,#1740);
#1742=EDGE_CURVE('',#1737,#1710,#1741,.T.);
#1743=ORIENTED_EDGE('',*,*,#1742,.F.);
#1744=CARTESIAN_POINT('',(120.775371765,76.292893052,2.000018128));
#1745=VERTEX_POINT('',#1744);
#1746=CARTESIAN_POINT('',(120.775371765,76.292893052,2.000018128));
#1747=CARTESIAN_POINT('',(120.775371765,76.352589542,2.000018128));
#1748=CARTESIAN_POINT('',(120.782946714,76.41184309,2.000018128));
#1749=CARTESIAN_POINT('',(120.797711796,76.469170992,2.000018128));
#1750=B_SPLINE_CURVE_WITH_KNOTS('',3,(#1746,#1747,#1748,#1749),.UNSPECIFIED.,.F.,.F.,(4,4),(0.,0.000177005),.UNSPECIFIED.);
#1751=EDGE_CURVE('',#1745,#1737,#1750,.T.);
#1752=ORIENTED_EDGE('',*,*,#1751,.F.);
#1753=CARTESIAN_POINT('',(120.775371765,76.292893052,0.000018128));
#1754=VERTEX_POINT('',#1753);
#1755=CARTESIAN_POINT('',(120.775371765,76.292893052,0.000018128));
#1756=DIRECTION('',(0.,0.,1.));
#1757=VECTOR('',#1756,2.);
#1758=LINE('',#1755,#1757);
#1759=EDGE_CURVE('',#1754,#1745,#1758,.T.);
#1760=ORIENTED_EDGE('',*,*,#1759,.F.);
#1761=CARTESIAN_POINT('',(120.775371765,76.292893052,0.000018128));
#1762=CARTESIAN_POINT('',(120.775371765,76.386060333,0.000018128));
#1763=CARTESIAN_POINT('',(120.812256508,76.57015562,0.000018128));
#1764=CARTESIAN_POINT('',(120.969372962,76.805972794,0.000018128));
#1765=CARTESIAN_POINT('',(121.205202018,76.963042894,0.000018128));
#1766=CARTESIAN_POINT('',(121.389799714,76.999999833,0.000018128));
#1767=CARTESIAN_POINT('',(121.482981223,76.999999833,0.000018128));
#1768=B_SPLINE_CURVE_WITH_KNOTS('',3,(#1761,#1762,#1763,#1764,#1765,#1766,#1767),.UNSPECIFIED.,.F.,.F.,(4,1,1,1,4),(0.,0.000276248,0.000552252,0.000828133,0.001105007),.UNSPECIFIED.);
#1769=EDGE_CURVE('',#1754,#1676,#1768,.T.);
#1770=ORIENTED_EDGE('',*,*,#1769,.T.);
#1771=EDGE_LOOP('',(#1708,#1735,#1743,#1752,#1760,#1770));
#1772=FACE_BOUND('',#1771,.T.);
#1773=ADVANCED_FACE('',(#1772),#1707,.T.);
#1774=CARTESIAN_POINT('',(120.775371765,76.146437462,0.000018128));
#1775=DIRECTION('',(1.,0.,0.));
#1776=DIRECTION('',(0.,0.,-1.));
#1777=AXIS2_PLACEMENT_3D('',#1774,#1775,#1776);
#1778=PLANE('',#1777);
#1779=CARTESIAN_POINT('',(120.775371765,75.999981872,2.000018128));
#1780=DIRECTION('',(0.,1.,0.));
#1781=VECTOR('',#1780,0.29291118);
#1782=LINE('',#1779,#1781);
#1783=EDGE_CURVE('',#438,#1745,#1782,.T.);
#1784=ORIENTED_EDGE('',*,*,#1783,.F.);
#1785=ORIENTED_EDGE('',*,*,#443,.F.);
#1786=CARTESIAN_POINT('',(120.775371765,75.999981872,0.000018128));
#1787=DIRECTION('',(0.,1.,0.));
#1788=VECTOR('',#1787,0.29291118);
#1789=LINE('',#1786,#1788);
#1790=EDGE_CURVE('',#430,#1754,#1789,.T.);
#1791=ORIENTED_EDGE('',*,*,#1790,.T.);
#1792=ORIENTED_EDGE('',*,*,#1759,.T.);
#1793=EDGE_LOOP('',(#1784,#1785,#1791,#1792));
#1794=FACE_BOUND('',#1793,.T.);
#1795=ADVANCED_FACE('',(#1794),#1778,.T.);
#1796=CARTESIAN_POINT('',(119.774693484,76.146437462,0.000018128));
#1797=DIRECTION('',(1.,0.,0.));
#1798=DIRECTION('',(0.,0.,-1.));
#1799=AXIS2_PLACEMENT_3D('',#1796,#1797,#1798);
#1800=PLANE('',#1799);
#1801=ORIENTED_EDGE('',*,*,#427,.T.);
#1802=CARTESIAN_POINT('',(119.774693484,76.292893052,2.471861347));
#1803=VERTEX_POINT('',#1802);
#1804=CARTESIAN_POINT('',(119.774693484,75.999981872,2.471861347));
#1805=DIRECTION('',(0.,1.,-0.));
#1806=VECTOR('',#1805,0.29291118);
#1807=LINE('',#1804,#1806);
#1808=EDGE_CURVE('',#413,#1803,#1807,.T.);
#1809=ORIENTED_EDGE('',*,*,#1808,.T.);
#1810=CARTESIAN_POINT('',(119.774693484,76.292893052,0.000018128));
#1811=VERTEX_POINT('',#1810);
#1812=CARTESIAN_POINT('',(119.774693484,76.292893052,0.000018128));
#1813=DIRECTION('',(0.,0.,1.));
#1814=VECTOR('',#1813,2.471843219);
#1815=LINE('',#1812,#1814);
#1816=EDGE_CURVE('',#1811,#1803,#1815,.T.);
#1817=ORIENTED_EDGE('',*,*,#1816,.F.);
#1818=CARTESIAN_POINT('',(119.774693484,75.999981872,0.000018128));
#1819=DIRECTION('',(0.,1.,0.));
#1820=VECTOR('',#1819,0.29291118);
#1821=LINE('',#1818,#1820);
#1822=EDGE_CURVE('',#422,#1811,#1821,.T.);
#1823=ORIENTED_EDGE('',*,*,#1822,.F.);
#1824=EDGE_LOOP('',(#1801,#1809,#1817,#1823));
#1825=FACE_BOUND('',#1824,.T.);
#1826=ADVANCED_FACE('',(#1825),#1800,.F.);
#1827=CARTESIAN_POINT('',(119.067128678,76.999999833,0.000018128));
#1828=CARTESIAN_POINT('',(119.067128678,76.999999833,3.000018128));
#1829=CARTESIAN_POINT('',(119.160291408,76.999999833,0.000018128));
#1830=CARTESIAN_POINT('',(119.160291408,76.999999833,3.000018128));
#1831=CARTESIAN_POINT('',(119.344383682,76.963195784,0.000018128));
#1832=CARTESIAN_POINT('',(119.344383682,76.963195784,3.000018128));
#1833=CARTESIAN_POINT('',(119.580342555,76.806328562,0.000018128));
#1834=CARTESIAN_POINT('',(119.580342555,76.806328562,3.000018128));
#1835=CARTESIAN_POINT('',(119.737655821,76.570662841,0.000018128));
#1836=CARTESIAN_POINT('',(119.737655821,76.570662841,3.000018128));
#1837=CARTESIAN_POINT('',(119.774693484,76.386069451,0.000018128));
#1838=CARTESIAN_POINT('',(119.774693484,76.386069451,3.000018128));
#1839=CARTESIAN_POINT('',(119.774693484,76.292893052,0.000018128));
#1840=CARTESIAN_POINT('',(119.774693484,76.292893052,3.000018128));
#1841=B_SPLINE_SURFACE_WITH_KNOTS('',3,1,((#1827,#1828),(#1829,#1830),(#1831,#1832),(#1833,#1834),(#1835,#1836),(#1837,#1838),(#1839,#1840)),.UNSPECIFIED.,.F.,.F.,.U.,(4,1,1,1,4),(2,2),(0.,0.000276239,0.000552234,0.000828105,0.00110497),(0.,1.),.UNSPECIFIED.);
#1842=ORIENTED_EDGE('',*,*,#1816,.T.);
#1843=CARTESIAN_POINT('',(119.774693484,76.292893052,2.471861347));
#1844=CARTESIAN_POINT('',(119.774693484,76.345116208,2.471861347));
#1845=CARTESIAN_POINT('',(119.768907283,76.393157507,2.49459944));
#1846=CARTESIAN_POINT('',(119.759952831,76.436344461,2.520888614));
#1847=CARTESIAN_POINT('',(119.750998379,76.479531415,2.547177789));
#1848=CARTESIAN_POINT('',(119.738640601,76.519404247,2.577911315));
#1849=CARTESIAN_POINT('',(119.723346284,76.55730771,2.608567193));
#1850=CARTESIAN_POINT('',(119.692757649,76.633114635,2.669878948));
#1851=CARTESIAN_POINT('',(119.649486901,76.703307117,2.733479085));
#1852=CARTESIAN_POINT('',(119.592974097,76.766108265,2.790531086));
#1853=CARTESIAN_POINT('',(119.536461294,76.828909412,2.847583087));
#1854=CARTESIAN_POINT('',(119.464975061,76.885164189,2.8999869));
#1855=CARTESIAN_POINT('',(119.379894821,76.927123966,2.938133375));
#1856=CARTESIAN_POINT('',(119.294814581,76.969083744,2.976279851));
#1857=CARTESIAN_POINT('',(119.19431529,76.996166527,3.000018128));
#1858=CARTESIAN_POINT('',(119.090605115,76.999610136,3.000018128));
#1859=B_SPLINE_CURVE_WITH_KNOTS('',3,(#1843,#1844,#1845,#1846,#1847,#1848,#1849,#1850,#1851,#1852,#1853,#1854,#1855,#1856,#1857,#1858),.UNSPECIFIED.,.F.,.F.,(4,3,3,3,3,4),(0.,0.000153731,0.000307461,0.000614923,0.000922384,0.001229845),.UNSPECIFIED.);
#1860=EDGE_CURVE('',#1803,#573,#1859,.T.);
#1861=ORIENTED_EDGE('',*,*,#1860,.T.);
#1862=ORIENTED_EDGE('',*,*,#579,.F.);
#1863=CARTESIAN_POINT('',(119.067128678,76.999999833,0.000018128));
#1864=VERTEX_POINT('',#1863);
#1865=CARTESIAN_POINT('',(119.067128678,76.999999833,0.000018128));
#1866=DIRECTION('',(0.,0.,1.));
#1867=VECTOR('',#1866,3.);
#1868=LINE('',#1865,#1867);
#1869=EDGE_CURVE('',#1864,#565,#1868,.T.);
#1870=ORIENTED_EDGE('',*,*,#1869,.F.);
#1871=CARTESIAN_POINT('',(119.067128678,76.999999833,0.000018128));
#1872=CARTESIAN_POINT('',(119.160291408,76.999999833,0.000018128));
#1873=CARTESIAN_POINT('',(119.344383682,76.963195784,0.000018128));
#1874=CARTESIAN_POINT('',(119.580342555,76.806328562,0.000018128));
#1875=CARTESIAN_POINT('',(119.737655821,76.570662841,0.000018128));
#1876=CARTESIAN_POINT('',(119.774693484,76.386069451,0.000018128));
#1877=CARTESIAN_POINT('',(119.774693484,76.292893052,0.000018128));
#1878=B_SPLINE_CURVE_WITH_KNOTS('',3,(#1871,#1872,#1873,#1874,#1875,#1876,#1877),.UNSPECIFIED.,.F.,.F.,(4,1,1,1,4),(0.,0.000276239,0.000552234,0.000828105,0.00110497),.UNSPECIFIED.);
#1879=EDGE_CURVE('',#1864,#1811,#1878,.T.);
#1880=ORIENTED_EDGE('',*,*,#1879,.T.);
#1881=EDGE_LOOP('',(#1842,#1861,#1862,#1870,#1880));
#1882=FACE_BOUND('',#1881,.T.);
#1883=ADVANCED_FACE('',(#1882),#1841,.T.);
#1884=CARTESIAN_POINT('',(118.034295995,76.999999833,0.000018128));
#1885=DIRECTION('',(0.,-1.,0.));
#1886=DIRECTION('',(0.,0.,-1.));
#1887=AXIS2_PLACEMENT_3D('',#1884,#1885,#1886);
#1888=PLANE('',#1887);
#1889=ORIENTED_EDGE('',*,*,#570,.F.);
#1890=CARTESIAN_POINT('',(117.001463313,76.999999833,0.000018128));
#1891=VERTEX_POINT('',#1890);
#1892=CARTESIAN_POINT('',(117.001463313,76.999999833,0.000018128));
#1893=DIRECTION('',(0.,0.,1.));
#1894=VECTOR('',#1893,3.);
#1895=LINE('',#1892,#1894);
#1896=EDGE_CURVE('',#1891,#557,#1895,.T.);
#1897=ORIENTED_EDGE('',*,*,#1896,.F.);
#1898=CARTESIAN_POINT('',(117.001463313,76.999999833,0.000018128));
#1899=DIRECTION('',(1.,0.,-0.));
#1900=VECTOR('',#1899,2.065665365);
#1901=LINE('',#1898,#1900);
#1902=EDGE_CURVE('',#1891,#1864,#1901,.T.);
#1903=ORIENTED_EDGE('',*,*,#1902,.T.);
#1904=ORIENTED_EDGE('',*,*,#1869,.T.);
#1905=EDGE_LOOP('',(#1889,#1897,#1903,#1904));
#1906=FACE_BOUND('',#1905,.T.);
#1907=ADVANCED_FACE('',(#1906),#1888,.T.);
#1908=CARTESIAN_POINT('',(117.000731489,72.999999833,0.000018128));
#1909=DIRECTION('',(-0.999999983,0.000182956,0.));
#1910=DIRECTION('',(-0.000182956,-0.999999983,0.));
#1911=AXIS2_PLACEMENT_3D('',#1908,#1909,#1910);
#1912=PLANE('',#1911);
#1913=ORIENTED_EDGE('',*,*,#562,.T.);
#1914=CARTESIAN_POINT('',(116.999999665,68.999999833,0.000018128));
#1915=VERTEX_POINT('',#1914);
#1916=CARTESIAN_POINT('',(116.999999665,68.999999833,0.000018128));
#1917=DIRECTION('',(0.,0.,1.));
#1918=VECTOR('',#1917,3.);
#1919=LINE('',#1916,#1918);
#1920=EDGE_CURVE('',#1915,#549,#1919,.T.);
#1921=ORIENTED_EDGE('',*,*,#1920,.F.);
#1922=CARTESIAN_POINT('',(117.001463313,76.999999833,0.000018128));
#1923=DIRECTION('',(-0.000182956,-0.999999983,0.));
#1924=VECTOR('',#1923,8.000000134);
#1925=LINE('',#1922,#1924);
#1926=EDGE_CURVE('',#1891,#1915,#1925,.T.);
#1927=ORIENTED_EDGE('',*,*,#1926,.F.);
#1928=ORIENTED_EDGE('',*,*,#1896,.T.);
#1929=EDGE_LOOP('',(#1913,#1921,#1927,#1928));
#1930=FACE_BOUND('',#1929,.T.);
#1931=ADVANCED_FACE('',(#1930),#1912,.F.);
#1932=CARTESIAN_POINT('',(157.,68.999999833,0.000018128));
#1933=DIRECTION('',(0.,1.,0.));
#1934=DIRECTION('',(0.,0.,1.));
#1935=AXIS2_PLACEMENT_3D('',#1932,#1933,#1934);
#1936=PLANE('',#1935);
#1937=ORIENTED_EDGE('',*,*,#554,.F.);
#1938=CARTESIAN_POINT('',(197.000000335,68.999999833,0.000018128));
#1939=VERTEX_POINT('',#1938);
#1940=CARTESIAN_POINT('',(197.000000335,68.999999833,0.000018128));
#1941=DIRECTION('',(0.,0.,1.));
#1942=VECTOR('',#1941,3.);
#1943=LINE('',#1940,#1942);
#1944=EDGE_CURVE('',#1939,#541,#1943,.T.);
#1945=ORIENTED_EDGE('',*,*,#1944,.F.);
#1946=CARTESIAN_POINT('',(197.000000335,68.999999833,0.000018128));
#1947=DIRECTION('',(-1.,0.,0.));
#1948=VECTOR('',#1947,80.00000067);
#1949=LINE('',#1946,#1948);
#1950=EDGE_CURVE('',#1939,#1915,#1949,.T.);
#1951=ORIENTED_EDGE('',*,*,#1950,.T.);
#1952=ORIENTED_EDGE('',*,*,#1920,.T.);
#1953=EDGE_LOOP('',(#1937,#1945,#1951,#1952));
#1954=FACE_BOUND('',#1953,.T.);
#1955=ADVANCED_FACE('',(#1954),#1936,.T.);
#1956=CARTESIAN_POINT('',(197.000000335,72.999999833,0.000018128));
#1957=DIRECTION('',(-1.,0.,0.));
#1958=DIRECTION('',(0.,0.,1.));
#1959=AXIS2_PLACEMENT_3D('',#1956,#1957,#1958);
#1960=PLANE('',#1959);
#1961=ORIENTED_EDGE('',*,*,#546,.F.);
#1962=CARTESIAN_POINT('',(197.000000335,76.999999833,0.000018128));
#1963=VERTEX_POINT('',#1962);
#1964=CARTESIAN_POINT('',(197.000000335,76.999999833,0.000018128));
#1965=DIRECTION('',(0.,0.,1.));
#1966=VECTOR('',#1965,3.);
#1967=LINE('',#1964,#1966);
#1968=EDGE_CURVE('',#1963,#533,#1967,.T.);
#1969=ORIENTED_EDGE('',*,*,#1968,.F.);
#1970=CARTESIAN_POINT('',(197.000000335,76.999999833,0.000018128));
#1971=DIRECTION('',(0.,-1.,0.));
#1972=VECTOR('',#1971,8.);
#1973=LINE('',#1970,#1972);
#1974=EDGE_CURVE('',#1963,#1939,#1973,.T.);
#1975=ORIENTED_EDGE('',*,*,#1974,.T.);
#1976=ORIENTED_EDGE('',*,*,#1944,.T.);
#1977=EDGE_LOOP('',(#1961,#1969,#1975,#1976));
#1978=FACE_BOUND('',#1977,.T.);
#1979=ADVANCED_FACE('',(#1978),#1960,.T.);
#1980=CARTESIAN_POINT('',(195.96655854,76.999999833,0.000018128));
#1981=DIRECTION('',(0.,-1.,0.));
#1982=DIRECTION('',(0.,0.,-1.));
#1983=AXIS2_PLACEMENT_3D('',#1980,#1981,#1982);
#1984=PLANE('',#1983);
#1985=ORIENTED_EDGE('',*,*,#538,.F.);
#1986=CARTESIAN_POINT('',(194.933116744,76.999999833,2.963041802));
#1987=VERTEX_POINT('',#1986);
#1988=CARTESIAN_POINT('',(195.202533526,76.999999833,2.000018128));
#1989=DIRECTION('',(0.,-1.,0.));
#1990=DIRECTION('',(0.,0.,-1.));
#1991=AXIS2_PLACEMENT_3D('',#1988,#1989,#1990);
#1992=CIRCLE('',#1991,1.);
#1993=EDGE_CURVE('',#525,#1987,#1992,.T.);
#1994=ORIENTED_EDGE('',*,*,#1993,.T.);
#1995=CARTESIAN_POINT('',(194.933116744,76.999999833,0.000018128));
#1996=VERTEX_POINT('',#1995);
#1997=CARTESIAN_POINT('',(194.933116744,76.999999833,0.000018128));
#1998=DIRECTION('',(0.,0.,1.));
#1999=VECTOR('',#1998,2.963023674);
#2000=LINE('',#1997,#1999);
#2001=EDGE_CURVE('',#1996,#1987,#2000,.T.);
#2002=ORIENTED_EDGE('',*,*,#2001,.F.);
#2003=CARTESIAN_POINT('',(194.933116744,76.999999833,0.000018128));
#2004=DIRECTION('',(1.,0.,-0.));
#2005=VECTOR('',#2004,2.066883591);
#2006=LINE('',#2003,#2005);
#2007=EDGE_CURVE('',#1996,#1963,#2006,.T.);
#2008=ORIENTED_EDGE('',*,*,#2007,.T.);
#2009=ORIENTED_EDGE('',*,*,#1968,.T.);
#2010=EDGE_LOOP('',(#1985,#1994,#2002,#2008,#2009));
#2011=FACE_BOUND('',#2010,.T.);
#2012=ADVANCED_FACE('',(#2011),#1984,.T.);
#2013=CARTESIAN_POINT('',(194.225551938,76.292893052,0.000018128));
#2014=CARTESIAN_POINT('',(194.225551938,76.292893052,2.963041802));
#2015=CARTESIAN_POINT('',(194.225551938,76.386057163,0.000018128));
#2016=CARTESIAN_POINT('',(194.225551938,76.386057163,2.963041802));
#2017=CARTESIAN_POINT('',(194.26243275,76.570146368,0.000018128));
#2018=CARTESIAN_POINT('',(194.26243275,76.570146368,2.963041802));
#2019=CARTESIAN_POINT('',(194.419534211,76.805961334,0.000018128));
#2020=CARTESIAN_POINT('',(194.419534211,76.805961334,2.963041802));
#2021=CARTESIAN_POINT('',(194.65534715,76.963038533,0.000018128));
#2022=CARTESIAN_POINT('',(194.65534715,76.963038533,2.963041802));
#2023=CARTESIAN_POINT('',(194.839938442,76.999999833,0.000018128));
#2024=CARTESIAN_POINT('',(194.839938442,76.999999833,2.963041802));
#2025=CARTESIAN_POINT('',(194.933116744,76.999999833,0.000018128));
#2026=CARTESIAN_POINT('',(194.933116744,76.999999833,2.963041802));
#2027=B_SPLINE_SURFACE_WITH_KNOTS('',3,1,((#2013,#2014),(#2015,#2016),(#2017,#2018),(#2019,#2020),(#2021,#2022),(#2023,#2024),(#2025,#2026)),.UNSPECIFIED.,.F.,.F.,.U.,(4,1,1,1,4),(2,2),(0.,0.000276239,0.000552234,0.000828105,0.00110497),(0.,0.987674558),.UNSPECIFIED.);
#2028=ORIENTED_EDGE('',*,*,#2001,.T.);
#2029=CARTESIAN_POINT('',(194.225551938,76.292893052,2.213341769));
#2030=VERTEX_POINT('',#2029);
#2031=CARTESIAN_POINT('',(194.933116744,76.999999833,2.963041802));
#2032=CARTESIAN_POINT('',(194.878002595,76.999999833,2.947622995));
#2033=CARTESIAN_POINT('',(194.825645379,76.993642241,2.927923601));
#2034=CARTESIAN_POINT('',(194.775676445,76.982246109,2.904337227));
#2035=CARTESIAN_POINT('',(194.725707511,76.970849977,2.880750853));
#2036=CARTESIAN_POINT('',(194.678042421,76.954180253,2.85306743));
#2037=CARTESIAN_POINT('',(194.634614455,76.933969165,2.823102527));
#2038=CARTESIAN_POINT('',(194.547758523,76.89354699,2.763172721));
#2039=CARTESIAN_POINT('',(194.475041769,76.838611027,2.692512369));
#2040=CARTESIAN_POINT('',(194.417014676,76.776705579,2.618855858));
#2041=CARTESIAN_POINT('',(194.358987583,76.714800131,2.545199347));
#2042=CARTESIAN_POINT('',(194.313913369,76.644788695,2.466072414));
#2043=CARTESIAN_POINT('',(194.281633524,76.568750073,2.389817034));
#2044=CARTESIAN_POINT('',(194.265493602,76.530730763,2.351689344));
#2045=CARTESIAN_POINT('',(194.25241154,76.491173013,2.313898638));
#2046=CARTESIAN_POINT('',(194.24250315,76.446740346,2.27991396));
#2047=CARTESIAN_POINT('',(194.237548955,76.424524012,2.262921621));
#2048=CARTESIAN_POINT('',(194.233371898,76.400825414,2.24677628));
#2049=CARTESIAN_POINT('',(194.230371629,76.375265087,2.234328276));
#2050=CARTESIAN_POINT('',(194.22737136,76.349704761,2.221880271));
#2051=CARTESIAN_POINT('',(194.225551938,76.321861149,2.213341769));
#2052=CARTESIAN_POINT('',(194.225551938,76.292893052,2.213341769));
#2053=B_SPLINE_CURVE_WITH_KNOTS('',3,(#2031,#2032,#2033,#2034,#2035,#2036,#2037,#2038,#2039,#2040,#2041,#2042,#2043,#2044,#2045,#2046,#2047,#2048,#2049,#2050,#2051,#2052),.UNSPECIFIED.,.F.,.F.,(4,3,3,3,3,3,3,4),(0.,0.000168746,0.000337491,0.000674983,0.001012474,0.001181219,0.001265592,0.001349965),.UNSPECIFIED.);
#2054=EDGE_CURVE('',#1987,#2030,#2053,.T.);
#2055=ORIENTED_EDGE('',*,*,#2054,.T.);
#2056=CARTESIAN_POINT('',(194.225551938,76.292893052,0.000018128));
#2057=VERTEX_POINT('',#2056);
#2058=CARTESIAN_POINT('',(194.225551938,76.292893052,0.000018128));
#2059=DIRECTION('',(0.,0.,1.));
#2060=VECTOR('',#2059,2.213323641);
#2061=LINE('',#2058,#2060);
#2062=EDGE_CURVE('',#2057,#2030,#2061,.T.);
#2063=ORIENTED_EDGE('',*,*,#2062,.F.);
#2064=CARTESIAN_POINT('',(194.225551938,76.292893052,0.000018128));
#2065=CARTESIAN_POINT('',(194.225551938,76.386057163,0.000018128));
#2066=CARTESIAN_POINT('',(194.26243275,76.570146368,0.000018128));
#2067=CARTESIAN_POINT('',(194.419534211,76.805961334,0.000018128));
#2068=CARTESIAN_POINT('',(194.65534715,76.963038533,0.000018128));
#2069=CARTESIAN_POINT('',(194.839938442,76.999999833,0.000018128));
#2070=CARTESIAN_POINT('',(194.933116744,76.999999833,0.000018128));
#2071=B_SPLINE_CURVE_WITH_KNOTS('',3,(#2064,#2065,#2066,#2067,#2068,#2069,#2070),.UNSPECIFIED.,.F.,.F.,(4,1,1,1,4),(0.,0.000276239,0.000552234,0.000828105,0.00110497),.UNSPECIFIED.);
#2072=EDGE_CURVE('',#2057,#1996,#2071,.T.);
#2073=ORIENTED_EDGE('',*,*,#2072,.T.);
#2074=EDGE_LOOP('',(#2028,#2055,#2063,#2073));
#2075=FACE_BOUND('',#2074,.T.);
#2076=ADVANCED_FACE('',(#2075),#2027,.T.);
#2077=CARTESIAN_POINT('',(194.225551938,76.146437462,0.000018128));
#2078=DIRECTION('',(-1.,0.,0.));
#2079=DIRECTION('',(0.,0.,1.));
#2080=AXIS2_PLACEMENT_3D('',#2077,#2078,#2079);
#2081=PLANE('',#2080);
#2082=ORIENTED_EDGE('',*,*,#2062,.T.);
#2083=CARTESIAN_POINT('',(194.225551938,75.999981872,2.213341769));
#2084=VERTEX_POINT('',#2083);
#2085=CARTESIAN_POINT('',(194.225551938,76.292893052,2.213341769));
#2086=DIRECTION('',(-0.,-1.,-0.));
#2087=VECTOR('',#2086,0.29291118);
#2088=LINE('',#2085,#2087);
#2089=EDGE_CURVE('',#2030,#2084,#2088,.T.);
#2090=ORIENTED_EDGE('',*,*,#2089,.T.);
#2091=CARTESIAN_POINT('',(194.225551938,75.999981872,0.000018128));
#2092=VERTEX_POINT('',#2091);
#2093=CARTESIAN_POINT('',(194.225551938,75.999981872,0.000018128));
#2094=DIRECTION('',(0.,0.,1.));
#2095=VECTOR('',#2094,2.213323641);
#2096=LINE('',#2093,#2095);
#2097=EDGE_CURVE('',#2092,#2084,#2096,.T.);
#2098=ORIENTED_EDGE('',*,*,#2097,.F.);
#2099=CARTESIAN_POINT('',(194.225551938,76.292893052,0.000018128));
#2100=DIRECTION('',(0.,-1.,0.));
#2101=VECTOR('',#2100,0.29291118);
#2102=LINE('',#2099,#2101);
#2103=EDGE_CURVE('',#2057,#2092,#2102,.T.);
#2104=ORIENTED_EDGE('',*,*,#2103,.F.);
#2105=EDGE_LOOP('',(#2082,#2090,#2098,#2104));
#2106=FACE_BOUND('',#2105,.T.);
#2107=ADVANCED_FACE('',(#2106),#2081,.F.);
#2108=CARTESIAN_POINT('',(193.725212797,75.999981872,0.000018128));
#2109=DIRECTION('',(0.,-1.,0.));
#2110=DIRECTION('',(0.,0.,-1.));
#2111=AXIS2_PLACEMENT_3D('',#2108,#2109,#2110);
#2112=PLANE('',#2111);
#2113=ORIENTED_EDGE('',*,*,#2097,.T.);
#2114=CARTESIAN_POINT('',(194.202533526,75.999981872,2.000018128));
#2115=VERTEX_POINT('',#2114);
#2116=CARTESIAN_POINT('',(195.202533526,75.999981872,2.000018128));
#2117=DIRECTION('',(0.,-1.,0.));
#2118=DIRECTION('',(0.,0.,-1.));
#2119=AXIS2_PLACEMENT_3D('',#2116,#2117,#2118);
#2120=CIRCLE('',#2119,1.);
#2121=EDGE_CURVE('',#2084,#2115,#2120,.T.);
#2122=ORIENTED_EDGE('',*,*,#2121,.T.);
#2123=CARTESIAN_POINT('',(193.224873657,75.999981872,2.000018128));
#2124=VERTEX_POINT('',#2123);
#2125=CARTESIAN_POINT('',(193.224873657,75.999981872,2.000018128));
#2126=DIRECTION('',(1.,0.,-0.));
#2127=VECTOR('',#2126,0.977659869);
#2128=LINE('',#2125,#2127);
#2129=EDGE_CURVE('',#2124,#2115,#2128,.T.);
#2130=ORIENTED_EDGE('',*,*,#2129,.F.);
#2131=CARTESIAN_POINT('',(193.224873657,75.999981872,0.000018128));
#2132=VERTEX_POINT('',#2131);
#2133=CARTESIAN_POINT('',(193.224873657,75.999981872,0.000018128));
#2134=DIRECTION('',(0.,0.,1.));
#2135=VECTOR('',#2134,2.);
#2136=LINE('',#2133,#2135);
#2137=EDGE_CURVE('',#2132,#2124,#2136,.T.);
#2138=ORIENTED_EDGE('',*,*,#2137,.F.);
#2139=CARTESIAN_POINT('',(193.224873657,75.999981872,0.000018128));
#2140=DIRECTION('',(1.,0.,-0.));
#2141=VECTOR('',#2140,1.000678281);
#2142=LINE('',#2139,#2141);
#2143=EDGE_CURVE('',#2132,#2092,#2142,.T.);
#2144=ORIENTED_EDGE('',*,*,#2143,.T.);
#2145=EDGE_LOOP('',(#2113,#2122,#2130,#2138,#2144));
#2146=FACE_BOUND('',#2145,.T.);
#2147=ADVANCED_FACE('',(#2146),#2112,.T.);
#2148=CARTESIAN_POINT('',(193.224873657,76.146437462,0.000018128));
#2149=DIRECTION('',(-1.,0.,0.));
#2150=DIRECTION('',(0.,0.,1.));
#2151=AXIS2_PLACEMENT_3D('',#2148,#2149,#2150);
#2152=PLANE('',#2151);
#2153=CARTESIAN_POINT('',(193.224873657,76.292893052,2.000018128));
#2154=DIRECTION('',(0.,-1.,0.));
#2155=VECTOR('',#2154,0.29291118);
#2156=LINE('',#2153,#2155);
#2157=EDGE_CURVE('',#295,#2124,#2156,.T.);
#2158=ORIENTED_EDGE('',*,*,#2157,.F.);
#2159=ORIENTED_EDGE('',*,*,#300,.F.);
#2160=CARTESIAN_POINT('',(193.224873657,76.292893052,0.000018128));
#2161=DIRECTION('',(0.,-1.,0.));
#2162=VECTOR('',#2161,0.29291118);
#2163=LINE('',#2160,#2162);
#2164=EDGE_CURVE('',#283,#2132,#2163,.T.);
#2165=ORIENTED_EDGE('',*,*,#2164,.T.);
#2166=ORIENTED_EDGE('',*,*,#2137,.T.);
#2167=EDGE_LOOP('',(#2158,#2159,#2165,#2166));
#2168=FACE_BOUND('',#2167,.T.);
#2169=ADVANCED_FACE('',(#2168),#2152,.T.);
#2170=CARTESIAN_POINT('',(184.359898863,76.999999833,0.000018128));
#2171=DIRECTION('',(0.,-1.,0.));
#2172=DIRECTION('',(0.,0.,-1.));
#2173=AXIS2_PLACEMENT_3D('',#2170,#2171,#2172);
#2174=PLANE('',#2173);
#2175=ORIENTED_EDGE('',*,*,#280,.T.);
#2176=CARTESIAN_POINT('',(192.495426745,76.999999833,2.292911347));
#2177=DIRECTION('',(0.,-1.,0.));
#2178=DIRECTION('',(0.,0.,-1.));
#2179=AXIS2_PLACEMENT_3D('',#2176,#2177,#2178);
#2180=CIRCLE('',#2179,0.707106781);
#2181=EDGE_CURVE('',#254,#35,#2180,.T.);
#2182=ORIENTED_EDGE('',*,*,#2181,.T.);
#2183=ORIENTED_EDGE('',*,*,#40,.F.);
#2184=CARTESIAN_POINT('',(176.202533526,76.999990852,0.000018128));
#2185=VERTEX_POINT('',#2184);
#2186=CARTESIAN_POINT('',(176.202533526,76.999999833,0.000018128));
#2187=DIRECTION('',(-0.,-0.,1.));
#2188=VECTOR('',#2187,3.);
#2189=LINE('',#2186,#2188);
#2190=EDGE_CURVE('',#2185,#33,#2189,.T.);
#2191=ORIENTED_EDGE('',*,*,#2190,.F.);
#2192=CARTESIAN_POINT('',(176.202533526,76.999999833,0.000018128));
#2193=DIRECTION('',(1.,0.,-0.));
#2194=VECTOR('',#2193,16.314730673);
#2195=LINE('',#2192,#2194);
#2196=EDGE_CURVE('',#2185,#275,#2195,.T.);
#2197=ORIENTED_EDGE('',*,*,#2196,.T.);
#2198=EDGE_LOOP('',(#2175,#2182,#2183,#2191,#2197));
#2199=FACE_BOUND('',#2198,.T.);
#2200=ADVANCED_FACE('',(#2199),#2174,.T.);
#2201=CARTESIAN_POINT('',(176.202533526,86.999990853,0.000018128));
#2202=DIRECTION('',(1.,0.,0.));
#2203=DIRECTION('',(0.,0.,-1.));
#2204=AXIS2_PLACEMENT_3D('',#2201,#2202,#2203);
#2205=PLANE('',#2204);
#2206=ORIENTED_EDGE('',*,*,#146,.T.);
#2207=CARTESIAN_POINT('',(176.202533526,96.999981872,0.000018128));
#2208=VERTEX_POINT('',#2207);
#2209=CARTESIAN_POINT('',(176.202533526,96.999981872,0.000018128));
#2210=DIRECTION('',(0.,0.,1.));
#2211=VECTOR('',#2210,3.);
#2212=LINE('',#2209,#2211);
#2213=EDGE_CURVE('',#2208,#116,#2212,.T.);
#2214=ORIENTED_EDGE('',*,*,#2213,.F.);
#2215=CARTESIAN_POINT('',(176.202533526,76.999999833,0.000018128));
#2216=DIRECTION('',(0.,1.,0.));
#2217=VECTOR('',#2216,19.999982039);
#2218=LINE('',#2215,#2217);
#2219=EDGE_CURVE('',#2185,#2208,#2218,.T.);
#2220=ORIENTED_EDGE('',*,*,#2219,.F.);
#2221=ORIENTED_EDGE('',*,*,#2190,.T.);
#2222=EDGE_LOOP('',(#2206,#2214,#2220,#2221));
#2223=FACE_BOUND('',#2222,.T.);
#2224=ADVANCED_FACE('',(#2223),#2205,.F.);
#2225=CARTESIAN_POINT('',(176.202533526,96.999981872,0.000018128));
#2226=CARTESIAN_POINT('',(176.202533526,96.999981872,3.000018128));
#2227=CARTESIAN_POINT('',(176.202533526,99.996570069,0.000018128));
#2228=CARTESIAN_POINT('',(176.202533526,99.996570069,3.000018128));
#2229=CARTESIAN_POINT('',(176.061151931,106.314049629,0.000018128));
#2230=CARTESIAN_POINT('',(176.061151931,106.314049629,3.000018128));
#2231=CARTESIAN_POINT('',(175.313495454,115.924105453,0.000018128));
#2232=CARTESIAN_POINT('',(175.313495454,115.924105453,3.000018128));
#2233=CARTESIAN_POINT('',(173.83044781,126.00880716,0.000018128));
#2234=CARTESIAN_POINT('',(173.83044781,126.00880716,3.000018128));
#2235=CARTESIAN_POINT('',(171.583333659,135.621837918,0.000018128));
#2236=CARTESIAN_POINT('',(171.583333659,135.621837918,3.000018128));
#2237=CARTESIAN_POINT('',(168.441530565,144.982461678,0.000018128));
#2238=CARTESIAN_POINT('',(168.441530565,144.982461678,3.000018128));
#2239=CARTESIAN_POINT('',(165.134417631,152.250403123,0.000018128));
#2240=CARTESIAN_POINT('',(165.134417631,152.250403123,3.000018128));
#2241=CARTESIAN_POINT('',(161.846597752,158.016037851,0.000018128));
#2242=CARTESIAN_POINT('',(161.846597752,158.016037851,3.000018128));
#2243=CARTESIAN_POINT('',(159.048978404,162.271538019,0.000018128));
#2244=CARTESIAN_POINT('',(159.048978404,162.271538019,3.000018128));
#2245=CARTESIAN_POINT('',(155.896835345,166.420188213,0.000018128));
#2246=CARTESIAN_POINT('',(155.896835345,166.420188213,3.000018128));
#2247=CARTESIAN_POINT('',(151.57020979,171.334967241,0.000018128));
#2248=CARTESIAN_POINT('',(151.57020979,171.334967241,3.000018128));
#2249=CARTESIAN_POINT('',(146.861041258,175.725513873,0.000018128));
#2250=CARTESIAN_POINT('',(146.861041258,175.725513873,3.000018128));
#2251=CARTESIAN_POINT('',(141.850999109,179.571440214,0.000018128));
#2252=CARTESIAN_POINT('',(141.850999109,179.571440214,3.000018128));
#2253=CARTESIAN_POINT('',(136.329273886,183.253033016,0.000018128));
#2254=CARTESIAN_POINT('',(136.329273886,183.253033016,3.000018128));
#2255=CARTESIAN_POINT('',(128.794805964,187.276526809,0.000018128));
#2256=CARTESIAN_POINT('',(128.794805964,187.276526809,3.000018128));
#2257=CARTESIAN_POINT('',(119.576121791,190.822211375,0.000018128));
#2258=CARTESIAN_POINT('',(119.576121791,190.822211375,3.000018128));
#2259=CARTESIAN_POINT('',(110.043103604,193.398261514,0.000018128));
#2260=CARTESIAN_POINT('',(110.043103604,193.398261514,3.000018128));
#2261=CARTESIAN_POINT('',(100.552252408,195.091400008,0.000018128));
#2262=CARTESIAN_POINT('',(100.552252408,195.091400008,3.000018128));
#2263=CARTESIAN_POINT('',(90.408334828,196.089915866,0.000018128));
#2264=CARTESIAN_POINT('',(90.408334828,196.089915866,3.000018128));
#2265=CARTESIAN_POINT('',(83.543733413,196.291956437,0.000018128));
#2266=CARTESIAN_POINT('',(83.543733413,196.291956437,3.000018128));
#2267=CARTESIAN_POINT('',(79.993930132,196.290836928,0.000018128));
#2268=CARTESIAN_POINT('',(79.993930132,196.290836928,3.000018128));
#2269=B_SPLINE_SURFACE_WITH_KNOTS('',3,1,((#2225,#2226),(#2227,#2228),(#2229,#2230),(#2231,#2232),(#2233,#2234),(#2235,#2236),(#2237,#2238),(#2239,#2240),(#2241,#2242),(#2243,#2244),(#2245,#2246),(#2247,#2248),(#2249,#2250),(#2251,#2252),(#2253,#2254),(#2255,#2256),(#2257,#2258),(#2259,#2260),(#2261,#2262),(#2263,#2264),(#2265,#2266),(#2267,#2268)),.UNSPECIFIED.,.F.,.F.,.U.,(4,1,1,1,1,1,1,1,1,1,1,1,1,1,1,1,1,1,1,4),(2,2),(0.,0.008994977,0.018963454,0.028919731,0.039572201,0.048563825,0.058527076,0.063500975,0.068476409,0.073806899,0.07913083,0.08811886,0.093095491,0.09807954,0.108028956,0.118682904,0.127675141,0.13764172,0.147596609,0.15824988),(0.,1.),.UNSPECIFIED.);
#2270=ORIENTED_EDGE('',*,*,#140,.T.);
#2271=CARTESIAN_POINT('',(79.993930133,196.290836928,0.000018128));
#2272=VERTEX_POINT('',#2271);
#2273=CARTESIAN_POINT('',(79.993930133,196.290836928,0.000018128));
#2274=DIRECTION('',(0.,0.,1.));
#2275=VECTOR('',#2274,3.);
#2276=LINE('',#2273,#2275);
#2277=EDGE_CURVE('',#2272,#108,#2276,.T.);
#2278=ORIENTED_EDGE('',*,*,#2277,.F.);
#2279=CARTESIAN_POINT('',(176.202533526,96.999981872,0.000018128));
#2280=CARTESIAN_POINT('',(176.202533526,99.996570069,0.000018128));
#2281=CARTESIAN_POINT('',(176.061151931,106.314049629,0.000018128));
#2282=CARTESIAN_POINT('',(175.313495454,115.924105453,0.000018128));
#2283=CARTESIAN_POINT('',(173.83044781,126.00880716,0.000018128));
#2284=CARTESIAN_POINT('',(171.583333659,135.621837918,0.000018128));
#2285=CARTESIAN_POINT('',(168.441530565,144.982461678,0.000018128));
#2286=CARTESIAN_POINT('',(165.134417631,152.250403123,0.000018128));
#2287=CARTESIAN_POINT('',(161.846597752,158.016037851,0.000018128));
#2288=CARTESIAN_POINT('',(159.048978404,162.271538019,0.000018128));
#2289=CARTESIAN_POINT('',(155.896835345,166.420188213,0.000018128));
#2290=CARTESIAN_POINT('',(151.57020979,171.334967241,0.000018128));
#2291=CARTESIAN_POINT('',(146.861041258,175.725513873,0.000018128));
#2292=CARTESIAN_POINT('',(141.850999109,179.571440214,0.000018128));
#2293=CARTESIAN_POINT('',(136.329273886,183.253033016,0.000018128));
#2294=CARTESIAN_POINT('',(128.794805964,187.276526809,0.000018128));
#2295=CARTESIAN_POINT('',(119.576121791,190.822211375,0.000018128));
#2296=CARTESIAN_POINT('',(110.043103604,193.398261514,0.000018128));
#2297=CARTESIAN_POINT('',(100.552252408,195.091400008,0.000018128));
#2298=CARTESIAN_POINT('',(90.408334828,196.089915866,0.000018128));
#2299=CARTESIAN_POINT('',(83.543733413,196.291956437,0.000018128));
#2300=CARTESIAN_POINT('',(79.993930132,196.290836928,0.000018128));
#2301=B_SPLINE_CURVE_WITH_KNOTS('',3,(#2279,#2280,#2281,#2282,#2283,#2284,#2285,#2286,#2287,#2288,#2289,#2290,#2291,#2292,#2293,#2294,#2295,#2296,#2297,#2298,#2299,#2300),.UNSPECIFIED.,.F.,.F.,(4,1,1,1,1,1,1,1,1,1,1,1,1,1,1,1,1,1,1,4),(0.,0.008994977,0.018963454,0.028919731,0.039572201,0.048563825,0.058527076,0.063500975,0.068476409,0.073806899,0.07913083,0.08811886,0.093095491,0.09807954,0.108028956,0.118682904,0.127675141,0.13764172,0.147596609,0.15824988),.UNSPECIFIED.);
#2302=EDGE_CURVE('',#2208,#2272,#2301,.T.);
#2303=ORIENTED_EDGE('',*,*,#2302,.F.);
#2304=ORIENTED_EDGE('',*,*,#2213,.T.);
#2305=EDGE_LOOP('',(#2270,#2278,#2303,#2304));
#2306=FACE_BOUND('',#2305,.T.);
#2307=ADVANCED_FACE('',(#2306),#2269,.F.);
#2308=CARTESIAN_POINT('',(69.996965067,196.287684165,0.000018128));
#2309=DIRECTION('',(-0.000315372,0.99999995,0.));
#2310=DIRECTION('',(-0.99999995,-0.000315372,0.));
#2311=AXIS2_PLACEMENT_3D('',#2308,#2309,#2310);
#2312=PLANE('',#2311);
#2313=ORIENTED_EDGE('',*,*,#113,.T.);
#2314=CARTESIAN_POINT('',(60.,196.284531402,0.000018128));
#2315=VERTEX_POINT('',#2314);
#2316=CARTESIAN_POINT('',(60.,196.284531402,0.000018128));
#2317=DIRECTION('',(0.,0.,1.));
#2318=VECTOR('',#2317,3.);
#2319=LINE('',#2316,#2318);
#2320=EDGE_CURVE('',#2315,#100,#2319,.T.);
#2321=ORIENTED_EDGE('',*,*,#2320,.F.);
#2322=CARTESIAN_POINT('',(79.993930133,196.290836928,0.000018128));
#2323=DIRECTION('',(-0.99999995,-0.000315372,0.));
#2324=VECTOR('',#2323,19.993931128);
#2325=LINE('',#2322,#2324);
#2326=EDGE_CURVE('',#2272,#2315,#2325,.T.);
#2327=ORIENTED_EDGE('',*,*,#2326,.F.);
#2328=ORIENTED_EDGE('',*,*,#2277,.T.);
#2329=EDGE_LOOP('',(#2313,#2321,#2327,#2328));
#2330=FACE_BOUND('',#2329,.T.);
#2331=ADVANCED_FACE('',(#2330),#2312,.F.);
#2332=CARTESIAN_POINT('',(60.,204.400775006,0.000018128));
#2333=DIRECTION('',(-1.,0.,0.));
#2334=DIRECTION('',(0.,0.,1.));
#2335=AXIS2_PLACEMENT_3D('',#2332,#2333,#2334);
#2336=PLANE('',#2335);
#2337=ORIENTED_EDGE('',*,*,#105,.F.);
#2338=CARTESIAN_POINT('',(60.,212.51701861,0.000018128));
#2339=VERTEX_POINT('',#2338);
#2340=CARTESIAN_POINT('',(60.,212.51701861,0.000018128));
#2341=DIRECTION('',(0.,0.,1.));
#2342=VECTOR('',#2341,3.);
#2343=LINE('',#2340,#2342);
#2344=EDGE_CURVE('',#2339,#91,#2343,.T.);
#2345=ORIENTED_EDGE('',*,*,#2344,.F.);
#2346=CARTESIAN_POINT('',(60.,212.51701861,0.000018128));
#2347=DIRECTION('',(0.,-1.,0.));
#2348=VECTOR('',#2347,16.232487208);
#2349=LINE('',#2346,#2348);
#2350=EDGE_CURVE('',#2339,#2315,#2349,.T.);
#2351=ORIENTED_EDGE('',*,*,#2350,.T.);
#2352=ORIENTED_EDGE('',*,*,#2320,.T.);
#2353=EDGE_LOOP('',(#2337,#2345,#2351,#2352));
#2354=FACE_BOUND('',#2353,.T.);
#2355=ADVANCED_FACE('',(#2354),#2336,.T.);
#2356=CARTESIAN_POINT('',(59.292893219,213.224628068,0.000018128));
#2357=CARTESIAN_POINT('',(59.292893219,213.224628068,3.000018128));
#2358=CARTESIAN_POINT('',(59.3860605,213.224628068,0.000018128));
#2359=CARTESIAN_POINT('',(59.3860605,213.224628068,3.000018128));
#2360=CARTESIAN_POINT('',(59.570155787,213.187743325,0.000018128));
#2361=CARTESIAN_POINT('',(59.570155787,213.187743325,3.000018128));
#2362=CARTESIAN_POINT('',(59.805972961,213.030626871,0.000018128));
#2363=CARTESIAN_POINT('',(59.805972961,213.030626871,3.000018128));
#2364=CARTESIAN_POINT('',(59.963043061,212.794797815,0.000018128));
#2365=CARTESIAN_POINT('',(59.963043061,212.794797815,3.000018128));
#2366=CARTESIAN_POINT('',(60.,212.610200119,0.000018128));
#2367=CARTESIAN_POINT('',(60.,212.610200119,3.000018128));
#2368=CARTESIAN_POINT('',(60.,212.51701861,0.000018128));
#2369=CARTESIAN_POINT('',(60.,212.51701861,3.000018128));
#2370=B_SPLINE_SURFACE_WITH_KNOTS('',3,1,((#2356,#2357),(#2358,#2359),(#2360,#2361),(#2362,#2363),(#2364,#2365),(#2366,#2367),(#2368,#2369)),.UNSPECIFIED.,.F.,.F.,.U.,(4,1,1,1,4),(2,2),(0.,0.000276248,0.000552252,0.000828133,0.001105007),(0.,1.),.UNSPECIFIED.);
#2371=ORIENTED_EDGE('',*,*,#97,.F.);
#2372=CARTESIAN_POINT('',(59.997408073,212.577424614,3.000018128));
#2373=CARTESIAN_POINT('',(59.993267609,212.625633885,3.000018128));
#2374=CARTESIAN_POINT('',(59.984363756,212.672115678,2.995147252));
#2375=CARTESIAN_POINT('',(59.971134075,212.717060877,2.986091988));
#2376=CARTESIAN_POINT('',(59.957904395,212.762006076,2.977036725));
#2377=CARTESIAN_POINT('',(59.940156166,212.805374253,2.963639505));
#2378=CARTESIAN_POINT('',(59.919354798,212.845128479,2.947374079));
#2379=CARTESIAN_POINT('',(59.898553431,212.884882705,2.931108652));
#2380=CARTESIAN_POINT('',(59.874272441,212.92204342,2.911617));
#2381=CARTESIAN_POINT('',(59.847772282,212.955676241,2.890314074));
#2382=CARTESIAN_POINT('',(59.821272124,212.989309062,2.869011148));
#2383=CARTESIAN_POINT('',(59.792631134,213.019443335,2.845979525));
#2384=CARTESIAN_POINT('',(59.761910064,213.046634156,2.821846812));
#2385=CARTESIAN_POINT('',(59.700467924,213.101015797,2.773581387));
#2386=CARTESIAN_POINT('',(59.631481176,213.1436183,2.720158345));
#2387=CARTESIAN_POINT('',(59.555132358,213.174158546,2.672044785));
#2388=CARTESIAN_POINT('',(59.516957948,213.189428669,2.647988006));
#2389=CARTESIAN_POINT('',(59.476048757,213.201928952,2.624845492));
#2390=CARTESIAN_POINT('',(59.432427805,213.210713015,2.607108948));
#2391=CARTESIAN_POINT('',(59.388806853,213.219497077,2.589372403));
#2392=CARTESIAN_POINT('',(59.341427365,213.224628068,2.577270107));
#2393=CARTESIAN_POINT('',(59.292893219,213.224628068,2.577235254));
#2394=B_SPLINE_CURVE_WITH_KNOTS('',3,(#2372,#2373,#2374,#2375,#2376,#2377,#2378,#2379,#2380,#2381,#2382,#2383,#2384,#2385,#2386,#2387,#2388,#2389,#2390,#2391,#2392,#2393),.UNSPECIFIED.,.F.,.F.,(4,3,3,3,3,3,3,4),(0.,0.000142602,0.000285205,0.000427807,0.000570409,0.000855614,0.000998216,0.001140819),.UNSPECIFIED.);
#2395=EDGE_CURVE('',#83,#1008,#2394,.T.);
#2396=ORIENTED_EDGE('',*,*,#2395,.T.);
#2397=ORIENTED_EDGE('',*,*,#1013,.F.);
#2398=CARTESIAN_POINT('',(59.292893219,213.224628068,0.000018128));
#2399=CARTESIAN_POINT('',(59.3860605,213.224628068,0.000018128));
#2400=CARTESIAN_POINT('',(59.570155787,213.187743325,0.000018128));
#2401=CARTESIAN_POINT('',(59.805972961,213.030626871,0.000018128));
#2402=CARTESIAN_POINT('',(59.963043061,212.794797815,0.000018128));
#2403=CARTESIAN_POINT('',(60.,212.610200119,0.000018128));
#2404=CARTESIAN_POINT('',(60.,212.51701861,0.000018128));
#2405=B_SPLINE_CURVE_WITH_KNOTS('',3,(#2398,#2399,#2400,#2401,#2402,#2403,#2404),.UNSPECIFIED.,.F.,.F.,(4,1,1,1,4),(0.,0.000276248,0.000552252,0.000828133,0.001105007),.UNSPECIFIED.);
#2406=EDGE_CURVE('',#1006,#2339,#2405,.T.);
#2407=ORIENTED_EDGE('',*,*,#2406,.T.);
#2408=ORIENTED_EDGE('',*,*,#2344,.T.);
#2409=EDGE_LOOP('',(#2371,#2396,#2397,#2407,#2408));
#2410=FACE_BOUND('',#2409,.T.);
#2411=ADVANCED_FACE('',(#2410),#2370,.T.);
#2412=CARTESIAN_POINT('',(59.512665829,136.879553126,0.000018128));
#2413=DIRECTION('',(0.000315372,-0.99999995,0.));
#2414=DIRECTION('',(0.99999995,0.000315372,0.));
#2415=AXIS2_PLACEMENT_3D('',#2412,#2413,#2414);
#2416=PLANE('',#2415);
#2417=ORIENTED_EDGE('',*,*,#706,.F.);
#2418=ORIENTED_EDGE('',*,*,#799,.F.);
#2419=CARTESIAN_POINT('',(39.0126669,136.873088,0.000018128));
#2420=DIRECTION('',(0.99999995,0.000315372,0.));
#2421=VECTOR('',#2420,40.999999897);
#2422=LINE('',#2419,#2421);
#2423=EDGE_CURVE('',#788,#975,#2422,.T.);
#2424=ORIENTED_EDGE('',*,*,#2423,.T.);
#2425=ORIENTED_EDGE('',*,*,#980,.T.);
#2426=EDGE_LOOP('',(#2417,#2418,#2424,#2425));
#2427=FACE_BOUND('',#2426,.T.);
#2428=ADVANCED_FACE('',(#2427),#2416,.T.);
#2429=CARTESIAN_POINT('',(10.5,226.999981872,0.000018128));
#2430=DIRECTION('',(0.,0.,-1.));
#2431=DIRECTION('',(0.,1.,0.));
#2432=AXIS2_PLACEMENT_3D('',#2429,#2430,#2431);
#2433=PLANE('',#2432);
#2434=ORIENTED_EDGE('',*,*,#1036,.F.);
#2435=ORIENTED_EDGE('',*,*,#1084,.F.);
#2436=ORIENTED_EDGE('',*,*,#1106,.T.);
#2437=ORIENTED_EDGE('',*,*,#217,.F.);
#2438=ORIENTED_EDGE('',*,*,#1137,.F.);
#2439=ORIENTED_EDGE('',*,*,#1160,.T.);
#2440=ORIENTED_EDGE('',*,*,#1184,.F.);
#2441=ORIENTED_EDGE('',*,*,#1208,.F.);
#2442=ORIENTED_EDGE('',*,*,#1232,.F.);
#2443=ORIENTED_EDGE('',*,*,#1291,.F.);
#2444=ORIENTED_EDGE('',*,*,#1324,.T.);
#2445=ORIENTED_EDGE('',*,*,#1372,.F.);
#2446=ORIENTED_EDGE('',*,*,#1393,.F.);
#2447=ORIENTED_EDGE('',*,*,#376,.F.);
#2448=ORIENTED_EDGE('',*,*,#1434,.F.);
#2449=ORIENTED_EDGE('',*,*,#1464,.T.);
#2450=ORIENTED_EDGE('',*,*,#1495,.T.);
#2451=ORIENTED_EDGE('',*,*,#1616,.T.);
#2452=ORIENTED_EDGE('',*,*,#1647,.T.);
#2453=ORIENTED_EDGE('',*,*,#1687,.F.);
#2454=ORIENTED_EDGE('',*,*,#1769,.F.);
#2455=ORIENTED_EDGE('',*,*,#1790,.F.);
#2456=ORIENTED_EDGE('',*,*,#435,.F.);
#2457=ORIENTED_EDGE('',*,*,#1822,.T.);
#2458=ORIENTED_EDGE('',*,*,#1879,.F.);
#2459=ORIENTED_EDGE('',*,*,#1902,.F.);
#2460=ORIENTED_EDGE('',*,*,#1926,.T.);
#2461=ORIENTED_EDGE('',*,*,#1950,.F.);
#2462=ORIENTED_EDGE('',*,*,#1974,.F.);
#2463=ORIENTED_EDGE('',*,*,#2007,.F.);
#2464=ORIENTED_EDGE('',*,*,#2072,.F.);
#2465=ORIENTED_EDGE('',*,*,#2103,.T.);
#2466=ORIENTED_EDGE('',*,*,#2143,.F.);
#2467=ORIENTED_EDGE('',*,*,#2164,.F.);
#2468=ORIENTED_EDGE('',*,*,#292,.F.);
#2469=ORIENTED_EDGE('',*,*,#2196,.F.);
#2470=ORIENTED_EDGE('',*,*,#2219,.T.);
#2471=ORIENTED_EDGE('',*,*,#2302,.T.);
#2472=ORIENTED_EDGE('',*,*,#2326,.T.);
#2473=ORIENTED_EDGE('',*,*,#2350,.F.);
#2474=ORIENTED_EDGE('',*,*,#2406,.F.);
#2475=EDGE_LOOP('',(#2434,#2435,#2436,#2437,#2438,#2439,#2440,#2441,#2442,#2443,#2444,#2445,#2446,#2447,#2448,#2449,#2450,#2451,#2452,#2453,#2454,#2455,#2456,#2457,#2458,#2459,
#2460,#2461,#2462,#2463,#2464,#2465,#2466,#2467,#2468,#2469,#2470,#2471,#2472,#2473,#2474));
#2476=FACE_BOUND('',#2475,.T.);
#2477=ORIENTED_EDGE('',*,*,#793,.F.);
#2478=ORIENTED_EDGE('',*,*,#822,.T.);
#2479=ORIENTED_EDGE('',*,*,#872,.F.);
#2480=ORIENTED_EDGE('',*,*,#896,.F.);
#2481=ORIENTED_EDGE('',*,*,#920,.F.);
#2482=ORIENTED_EDGE('',*,*,#944,.F.);
#2483=ORIENTED_EDGE('',*,*,#994,.T.);
#2484=ORIENTED_EDGE('',*,*,#2423,.F.);
#2485=EDGE_LOOP('',(#2477,#2478,#2479,#2480,#2481,#2482,#2483,#2484));
#2486=FACE_BOUND('',#2485,.T.);
#2487=ADVANCED_FACE('',(#2476,#2486),#2433,.T.);
#2488=CARTESIAN_POINT('',(10.5,226.999981872,3.000018128));
#2489=DIRECTION('',(0.,0.,-1.));
#2490=DIRECTION('',(0.,1.,0.));
#2491=AXIS2_PLACEMENT_3D('',#2488,#2489,#2490);
#2492=PLANE('',#2491);
#2493=ORIENTED_EDGE('',*,*,#1420,.T.);
#2494=CARTESIAN_POINT('',(80.011180268,141.593124799,3.000018128));
#2495=VERTEX_POINT('',#2494);
#2496=CARTESIAN_POINT('',(60.,141.586813833,3.000018128));
#2497=DIRECTION('',(0.99999995,0.000315372,-0.));
#2498=VECTOR('',#2497,20.011181263);
#2499=LINE('',#2496,#2498);
#2500=EDGE_CURVE('',#1406,#2495,#2499,.T.);
#2501=ORIENTED_EDGE('',*,*,#2500,.T.);
#2502=CARTESIAN_POINT('',(121.504818677,96.999981872,3.000018128));
#2503=VERTEX_POINT('',#2502);
#2504=CARTESIAN_POINT('',(80.011180268,141.593124799,3.000018128));
#2505=CARTESIAN_POINT('',(84.730646069,141.594613187,3.000018128));
#2506=CARTESIAN_POINT('',(88.949951461,141.233639996,3.000018128));
#2507=CARTESIAN_POINT('',(91.28273642,141.034063821,3.000018128));
#2508=CARTESIAN_POINT('',(93.406475618,140.729598704,3.000018128));
#2509=CARTESIAN_POINT('',(95.708706265,140.39954456,3.000018128));
#2510=CARTESIAN_POINT('',(97.830171903,139.937082683,3.000018128));
#2511=CARTESIAN_POINT('',(100.145498057,139.432360826,3.000018128));
#2512=CARTESIAN_POINT('',(102.18883282,138.780185225,3.000018128));
#2513=CARTESIAN_POINT('',(104.498295381,138.043069036,3.000018128));
#2514=CARTESIAN_POINT('',(106.415261458,137.129202972,3.000018128));
#2515=CARTESIAN_POINT('',(107.47150709,136.625664046,3.000018128));
#2516=CARTESIAN_POINT('',(108.432447939,136.057118317,3.000018128));
#2517=CARTESIAN_POINT('',(109.472883794,135.441538948,3.000018128));
#2518=CARTESIAN_POINT('',(110.34741013,134.786985471,3.000018128));
#2519=CARTESIAN_POINT('',(112.165369431,133.426304228,3.000018128));
#2520=CARTESIAN_POINT('',(113.6535178,131.574259506,3.000018128));
#2521=CARTESIAN_POINT('',(114.354418711,130.701967562,3.000018128));
#2522=CARTESIAN_POINT('',(114.987228901,129.698962365,3.000018128));
#2523=CARTESIAN_POINT('',(115.569895517,128.775434816,3.000018128));
#2524=CARTESIAN_POINT('',(116.115543006,127.712619738,3.000018128));
#2525=CARTESIAN_POINT('',(117.09511638,125.804601514,3.000018128));
#2526=CARTESIAN_POINT('',(117.898464553,123.542610456,3.000018128));
#2527=CARTESIAN_POINT('',(119.263453484,119.69920499,3.000018128));
#2528=CARTESIAN_POINT('',(120.125900181,114.826326028,3.000018128));
#2529=CARTESIAN_POINT('',(120.854512508,110.709619815,3.000018128));
#2530=CARTESIAN_POINT('',(121.198848679,105.932621185,3.000018128));
#2531=CARTESIAN_POINT('',(121.504818678,101.687879029,3.000018128));
#2532=CARTESIAN_POINT('',(121.504818677,96.999981872,3.000018128));
#2533=B_SPLINE_CURVE_WITH_KNOTS('',2,(#2504,#2505,#2506,#2507,#2508,#2509,#2510,#2511,#2512,#2513,#2514,#2515,#2516,#2517,#2518,#2519,#2520,#2521,#2522,#2523,#2524,#2525,#2526,#2527,#2528,#2529,
#2530,#2531,#2532),.UNSPECIFIED.,.F.,.F.,(3,2,2,2,2,2,2,2,2,2,2,2,2,2,3),(0.,0.125,0.1875,0.25,0.3125,0.375,0.40625,0.4375,0.5,0.53125,0.5625,0.625,0.75,0.875,1.),.UNSPECIFIED.);
#2534=EDGE_CURVE('',#2495,#2503,#2533,.T.);
#2535=ORIENTED_EDGE('',*,*,#2534,.T.);
#2536=CARTESIAN_POINT('',(121.504818677,96.999981872,3.000018128));
#2537=DIRECTION('',(-0.,-1.,0.));
#2538=VECTOR('',#2537,19.999982039);
#2539=LINE('',#2536,#2538);
#2540=EDGE_CURVE('',#2503,#1659,#2539,.T.);
#2541=ORIENTED_EDGE('',*,*,#2540,.T.);
#2542=ORIENTED_EDGE('',*,*,#1664,.T.);
#2543=ORIENTED_EDGE('',*,*,#1633,.F.);
#2544=ORIENTED_EDGE('',*,*,#1580,.F.);
#2545=ORIENTED_EDGE('',*,*,#1481,.F.);
#2546=ORIENTED_EDGE('',*,*,#1450,.F.);
#2547=EDGE_LOOP('',(#2493,#2501,#2535,#2541,#2542,#2543,#2544,#2545,#2546));
#2548=FACE_BOUND('',#2547,.T.);
#2549=ADVANCED_FACE('',(#2548),#2492,.F.);
#2550=CARTESIAN_POINT('',(61.511404241,140.880183671,2.000018128));
#2551=DIRECTION('',(-0.000315372,0.99999995,0.));
#2552=DIRECTION('',(-0.99999995,-0.000315372,0.));
#2553=AXIS2_PLACEMENT_3D('',#2550,#2551,#2552);
#2554=PLANE('',#2553);
#2555=CARTESIAN_POINT('',(80.011403269,140.886018053,2.000018128));
#2556=VERTEX_POINT('',#2555);
#2557=CARTESIAN_POINT('',(80.011403269,140.886018053,2.292911336));
#2558=VERTEX_POINT('',#2557);
#2559=CARTESIAN_POINT('',(80.011403269,140.886018053,2.000018128));
#2560=DIRECTION('',(0.,0.,1.));
#2561=VECTOR('',#2560,0.292893208);
#2562=LINE('',#2559,#2561);
#2563=EDGE_CURVE('',#2556,#2558,#2562,.T.);
#2564=ORIENTED_EDGE('',*,*,#2563,.T.);
#2565=CARTESIAN_POINT('',(80.011403269,140.886018053,2.292911347));
#2566=DIRECTION('',(-0.99999995,-0.000315372,0.));
#2567=VECTOR('',#2566,20.348776877);
#2568=LINE('',#2565,#2567);
#2569=EDGE_CURVE('',#2558,#330,#2568,.T.);
#2570=ORIENTED_EDGE('',*,*,#2569,.T.);
#2571=ORIENTED_EDGE('',*,*,#335,.F.);
#2572=CARTESIAN_POINT('',(80.011403269,140.886018053,2.000018128));
#2573=DIRECTION('',(-0.99999995,-0.000315372,0.));
#2574=VECTOR('',#2573,20.348776877);
#2575=LINE('',#2572,#2574);
#2576=EDGE_CURVE('',#2556,#328,#2575,.T.);
#2577=ORIENTED_EDGE('',*,*,#2576,.F.);
#2578=EDGE_LOOP('',(#2564,#2570,#2571,#2577));
#2579=FACE_BOUND('',#2578,.T.);
#2580=ADVANCED_FACE('',(#2579),#2554,.F.);
#2581=CARTESIAN_POINT('',(120.797711896,96.999981872,2.000018128));
#2582=CARTESIAN_POINT('',(120.797711896,96.999981872,2.292911347));
#2583=CARTESIAN_POINT('',(120.797711896,102.323983811,2.000018128));
#2584=CARTESIAN_POINT('',(120.797711896,102.323983811,2.292911347));
#2585=CARTESIAN_POINT('',(120.199027906,111.777941448,2.000018128));
#2586=CARTESIAN_POINT('',(120.199027906,111.777941448,2.292911347));
#2587=CARTESIAN_POINT('',(117.94429878,122.084527515,2.000018128));
#2588=CARTESIAN_POINT('',(117.94429878,122.084527515,2.292911347));
#2589=CARTESIAN_POINT('',(115.066467878,128.628511945,2.000018128));
#2590=CARTESIAN_POINT('',(115.066467878,128.628511945,2.292911347));
#2591=CARTESIAN_POINT('',(112.22494038,132.393749052,2.000018128));
#2592=CARTESIAN_POINT('',(112.22494038,132.393749052,2.292911347));
#2593=CARTESIAN_POINT('',(108.926975634,135.156050382,2.000018128));
#2594=CARTESIAN_POINT('',(108.926975634,135.156050382,2.292911347));
#2595=CARTESIAN_POINT('',(103.383152693,137.920670362,2.000018128));
#2596=CARTESIAN_POINT('',(103.383152693,137.920670362,2.292911347));
#2597=CARTESIAN_POINT('',(94.115964236,140.234783587,2.000018128));
#2598=CARTESIAN_POINT('',(94.115964236,140.234783587,2.292911347));
#2599=CARTESIAN_POINT('',(85.162185477,140.887642466,2.000018128));
#2600=CARTESIAN_POINT('',(85.162185477,140.887642466,2.292911347));
#2601=CARTESIAN_POINT('',(80.011403269,140.886018053,2.000018128));
#2602=CARTESIAN_POINT('',(80.011403269,140.886018053,2.292911347));
#2603=B_SPLINE_SURFACE_WITH_KNOTS('',3,1,((#2581,#2582),(#2583,#2584),(#2585,#2586),(#2587,#2588),(#2589,#2590),(#2591,#2592),(#2593,#2594),(#2595,#2596),(#2597,#2598),(#2599,#2600),(#2601,#2602)),.UNSPECIFIED.,.F.,.F.,.U.,(4,1,1,1,1,1,1,1,4),(2,2),(0.,0.125,0.25,0.375,0.5,0.625,0.75,0.875,1.),(0.,0.292893219),.UNSPECIFIED.);
#2604=CARTESIAN_POINT('',(120.797711896,96.999981872,2.000018128));
#2605=VERTEX_POINT('',#2604);
#2606=CARTESIAN_POINT('',(120.797711896,96.999981872,2.292911347));
#2607=VERTEX_POINT('',#2606);
#2608=CARTESIAN_POINT('',(120.797711896,96.999981872,2.000018128));
#2609=DIRECTION('',(0.,0.,1.));
#2610=VECTOR('',#2609,0.292893219);
#2611=LINE('',#2608,#2610);
#2612=EDGE_CURVE('',#2605,#2607,#2611,.T.);
#2613=ORIENTED_EDGE('',*,*,#2612,.T.);
#2614=CARTESIAN_POINT('',(120.797711896,96.999981872,2.292911347));
#2615=CARTESIAN_POINT('',(120.797711896,102.323983811,2.292911347));
#2616=CARTESIAN_POINT('',(120.498369901,107.050962629,2.292911347));
#2617=CARTESIAN_POINT('',(119.972910716,111.132216383,2.292911347));
#2618=CARTESIAN_POINT('',(119.44745153,115.213470137,2.292911347));
#2619=CARTESIAN_POINT('',(118.695875155,118.648998826,2.292911347));
#2620=CARTESIAN_POINT('',(117.840448484,121.457427242,2.292911347));
#2621=CARTESIAN_POINT('',(116.985021812,124.265855658,2.292911347));
#2622=CARTESIAN_POINT('',(116.025744845,126.447183801,2.292911347));
#2623=CARTESIAN_POINT('',(115.072518445,128.165387391,2.292911347));
#2624=CARTESIAN_POINT('',(114.119292046,129.88359098,2.292911347));
#2625=CARTESIAN_POINT('',(113.172116213,131.138670016,2.292911347));
#2626=CARTESIAN_POINT('',(112.148867505,132.226593089,2.292911347));
#2627=CARTESIAN_POINT('',(111.125618798,133.314516162,2.292911347));
#2628=CARTESIAN_POINT('',(110.026297216,134.235283272,2.292911347));
#2629=CARTESIAN_POINT('',(108.552665935,135.156436823,2.292911347));
#2630=CARTESIAN_POINT('',(107.079034653,136.077590375,2.292911347));
#2631=CARTESIAN_POINT('',(105.231093673,136.999130368,2.292911347));
#2632=CARTESIAN_POINT('',(102.762591774,137.845585903,2.292911347));
#2633=CARTESIAN_POINT('',(100.294089874,138.692041437,2.292911347));
#2634=CARTESIAN_POINT('',(97.205027055,139.463412512,2.292911347));
#2635=CARTESIAN_POINT('',(93.422050956,140.012312769,2.292911347));
#2636=CARTESIAN_POINT('',(89.639074857,140.561213027,2.292911347));
#2637=CARTESIAN_POINT('',(85.162185477,140.887642466,2.292911347));
#2638=CARTESIAN_POINT('',(80.011403269,140.886018053,2.292911347));
#2639=B_SPLINE_CURVE_WITH_KNOTS('',3,(#2614,#2615,#2616,#2617,#2618,#2619,#2620,#2621,#2622,#2623,#2624,#2625,#2626,#2627,#2628,#2629,#2630,#2631,#2632,#2633,#2634,#2635,#2636,#2637,#2638),.UNSPECIFIED.,.F.,.F.,(4,3,3,3,3,3,3,3,4),(0.,0.125,0.25,0.375,0.5,0.625,0.75,0.875,1.),.UNSPECIFIED.);
#2640=EDGE_CURVE('',#2607,#2558,#2639,.T.);
#2641=ORIENTED_EDGE('',*,*,#2640,.T.);
#2642=ORIENTED_EDGE('',*,*,#2563,.F.);
#2643=CARTESIAN_POINT('',(120.797711896,96.999981872,2.000018128));
#2644=CARTESIAN_POINT('',(120.797711896,102.323983811,2.000018128));
#2645=CARTESIAN_POINT('',(120.199027906,111.777941448,2.000018128));
#2646=CARTESIAN_POINT('',(117.94429878,122.084527515,2.000018128));
#2647=CARTESIAN_POINT('',(115.066467878,128.628511945,2.000018128));
#2648=CARTESIAN_POINT('',(112.22494038,132.393749052,2.000018128));
#2649=CARTESIAN_POINT('',(108.926975634,135.156050382,2.000018128));
#2650=CARTESIAN_POINT('',(103.383152693,137.920670362,2.000018128));
#2651=CARTESIAN_POINT('',(94.115964236,140.234783587,2.000018128));
#2652=CARTESIAN_POINT('',(85.162185477,140.887642466,2.000018128));
#2653=CARTESIAN_POINT('',(80.011403269,140.886018053,2.000018128));
#2654=B_SPLINE_CURVE_WITH_KNOTS('',3,(#2643,#2644,#2645,#2646,#2647,#2648,#2649,#2650,#2651,#2652,#2653),.UNSPECIFIED.,.F.,.F.,(4,1,1,1,1,1,1,1,4),(0.,0.125,0.25,0.375,0.5,0.625,0.75,0.875,1.),.UNSPECIFIED.);
#2655=EDGE_CURVE('',#2605,#2556,#2654,.T.);
#2656=ORIENTED_EDGE('',*,*,#2655,.F.);
#2657=EDGE_LOOP('',(#2613,#2641,#2642,#2656));
#2658=FACE_BOUND('',#2657,.T.);
#2659=ADVANCED_FACE('',(#2658),#2603,.F.);
#2660=CARTESIAN_POINT('',(120.797711896,78.499981872,2.000018128));
#2661=DIRECTION('',(-1.,0.,0.));
#2662=DIRECTION('',(-0.,-1.,0.));
#2663=AXIS2_PLACEMENT_3D('',#2660,#2661,#2662);
#2664=PLANE('',#2663);
#2665=ORIENTED_EDGE('',*,*,#1742,.T.);
#2666=CARTESIAN_POINT('',(120.797711896,76.46917137,2.292911347));
#2667=DIRECTION('',(0.,1.,-0.));
#2668=VECTOR('',#2667,20.530810502);
#2669=LINE('',#2666,#2668);
#2670=EDGE_CURVE('',#1710,#2607,#2669,.T.);
#2671=ORIENTED_EDGE('',*,*,#2670,.T.);
#2672=ORIENTED_EDGE('',*,*,#2612,.F.);
#2673=CARTESIAN_POINT('',(120.797711896,96.999981872,2.000018128));
#2674=DIRECTION('',(-0.,-1.,0.));
#2675=VECTOR('',#2674,20.530810502);
#2676=LINE('',#2673,#2675);
#2677=EDGE_CURVE('',#2605,#1737,#2676,.T.);
#2678=ORIENTED_EDGE('',*,*,#2677,.T.);
#2679=EDGE_LOOP('',(#2665,#2671,#2672,#2678));
#2680=FACE_BOUND('',#2679,.T.);
#2681=ADVANCED_FACE('',(#2680),#2664,.T.);
#2682=CARTESIAN_POINT('',(119.797711896,77.999981872,2.000018128));
#2683=DIRECTION('',(-1.,0.,0.));
#2684=DIRECTION('',(-0.,-1.,0.));
#2685=AXIS2_PLACEMENT_3D('',#2682,#2683,#2684);
#2686=PLANE('',#2685);
#2687=CARTESIAN_POINT('',(119.797711896,96.999981872,2.000018128));
#2688=VERTEX_POINT('',#2687);
#2689=CARTESIAN_POINT('',(119.797711896,96.999981872,2.292911348));
#2690=VERTEX_POINT('',#2689);
#2691=CARTESIAN_POINT('',(119.797711896,96.999981872,2.000018128));
#2692=DIRECTION('',(0.,0.,1.));
#2693=VECTOR('',#2692,0.29289322);
#2694=LINE('',#2691,#2693);
#2695=EDGE_CURVE('',#2688,#2690,#2694,.T.);
#2696=ORIENTED_EDGE('',*,*,#2695,.T.);
#2697=CARTESIAN_POINT('',(119.797711896,96.999981872,2.292911347));
#2698=DIRECTION('',(-0.,-1.,0.));
#2699=VECTOR('',#2698,21.);
#2700=LINE('',#2697,#2699);
#2701=EDGE_CURVE('',#2690,#405,#2700,.T.);
#2702=ORIENTED_EDGE('',*,*,#2701,.T.);
#2703=ORIENTED_EDGE('',*,*,#410,.F.);
#2704=CARTESIAN_POINT('',(119.797711896,96.999981872,2.000018128));
#2705=DIRECTION('',(-0.,-1.,0.));
#2706=VECTOR('',#2705,21.);
#2707=LINE('',#2704,#2706);
#2708=EDGE_CURVE('',#2688,#403,#2707,.T.);
#2709=ORIENTED_EDGE('',*,*,#2708,.F.);
#2710=EDGE_LOOP('',(#2696,#2702,#2703,#2709));
#2711=FACE_BOUND('',#2710,.T.);
#2712=ADVANCED_FACE('',(#2711),#2686,.F.);
#2713=CARTESIAN_POINT('',(119.797711896,96.999981872,2.000018128));
#2714=CARTESIAN_POINT('',(119.797711896,96.999981872,2.292911348));
#2715=CARTESIAN_POINT('',(119.797711896,102.286773245,2.000018128));
#2716=CARTESIAN_POINT('',(119.797711896,102.286773245,2.292911348));
#2717=CARTESIAN_POINT('',(119.202919927,111.656680305,2.000018128));
#2718=CARTESIAN_POINT('',(119.202919927,111.656680305,2.292911348));
#2719=CARTESIAN_POINT('',(116.979782983,121.798686923,2.000018128));
#2720=CARTESIAN_POINT('',(116.979782983,121.798686923,2.292911348));
#2721=CARTESIAN_POINT('',(114.181504732,128.143181928,2.000018128));
#2722=CARTESIAN_POINT('',(114.181504732,128.143181928,2.292911348));
#2723=CARTESIAN_POINT('',(111.487646395,131.701153624,2.000018128));
#2724=CARTESIAN_POINT('',(111.487646395,131.701153624,2.292911348));
#2725=CARTESIAN_POINT('',(108.393801064,134.297570646,2.000018128));
#2726=CARTESIAN_POINT('',(108.393801064,134.297570646,2.292911348));
#2727=CARTESIAN_POINT('',(103.063053009,136.965520304,2.000018128));
#2728=CARTESIAN_POINT('',(103.063053009,136.965520304,2.292911348));
#2729=CARTESIAN_POINT('',(93.979056623,139.239744753,2.000018128));
#2730=CARTESIAN_POINT('',(93.979056623,139.239744753,2.292911348));
#2731=CARTESIAN_POINT('',(85.120594362,139.8876293,2.000018128));
#2732=CARTESIAN_POINT('',(85.120594362,139.8876293,2.292911348));
#2733=CARTESIAN_POINT('',(80.011718642,139.886018103,2.000018128));
#2734=CARTESIAN_POINT('',(80.011718642,139.886018103,2.292911348));
#2735=B_SPLINE_SURFACE_WITH_KNOTS('',3,1,((#2713,#2714),(#2715,#2716),(#2717,#2718),(#2719,#2720),(#2721,#2722),(#2723,#2724),(#2725,#2726),(#2727,#2728),(#2729,#2730),(#2731,#2732),(#2733,#2734)),.UNSPECIFIED.,.F.,.F.,.U.,(4,1,1,1,1,1,1,1,4),(2,2),(0.,0.125,0.25,0.375,0.5,0.625,0.75,0.875,1.),(0.,0.29289322),.UNSPECIFIED.);
#2736=CARTESIAN_POINT('',(80.011718642,139.886018103,2.000018128));
#2737=VERTEX_POINT('',#2736);
#2738=CARTESIAN_POINT('',(80.011718642,139.886018103,2.292911347));
#2739=VERTEX_POINT('',#2738);
#2740=CARTESIAN_POINT('',(80.011718642,139.886018103,2.000018128));
#2741=DIRECTION('',(0.,0.,1.));
#2742=VECTOR('',#2741,0.292893219);
#2743=LINE('',#2740,#2742);
#2744=EDGE_CURVE('',#2737,#2739,#2743,.T.);
#2745=ORIENTED_EDGE('',*,*,#2744,.T.);
#2746=CARTESIAN_POINT('',(80.011718642,139.886018103,2.292911347));
#2747=CARTESIAN_POINT('',(85.120594362,139.8876293,2.292911347));
#2748=CARTESIAN_POINT('',(89.549825493,139.563687026,2.292911347));
#2749=CARTESIAN_POINT('',(93.278440456,139.022678481,2.292911347));
#2750=CARTESIAN_POINT('',(97.007055419,138.481669936,2.292911347));
#2751=CARTESIAN_POINT('',(100.035054214,137.72359512,2.292911347));
#2752=CARTESIAN_POINT('',(102.437511621,136.899899435,2.292911347));
#2753=CARTESIAN_POINT('',(104.839969027,136.076203751,2.292911347));
#2754=CARTESIAN_POINT('',(106.616885046,135.186887199,2.292911347));
#2755=CARTESIAN_POINT('',(108.020983943,134.309492752,2.292911347));
#2756=CARTESIAN_POINT('',(109.425082841,133.432098305,2.292911347));
#2757=CARTESIAN_POINT('',(110.456364618,132.566625964,2.292911347));
#2758=CARTESIAN_POINT('',(111.420981896,131.540894511,2.292911347));
#2759=CARTESIAN_POINT('',(112.385599174,130.515163058,2.292911347));
#2760=CARTESIAN_POINT('',(113.283551953,129.329172493,2.292911347));
#2761=CARTESIAN_POINT('',(114.198908051,127.678761376,2.292911347));
#2762=CARTESIAN_POINT('',(115.114264149,126.028350259,2.292911347));
#2763=CARTESIAN_POINT('',(116.047023566,123.913518591,2.292911347));
#2764=CARTESIAN_POINT('',(116.883926098,121.16576832,2.292911347));
#2765=CARTESIAN_POINT('',(117.720828631,118.41801805,2.292911347));
#2766=CARTESIAN_POINT('',(118.461874279,115.037349177,2.292911347));
#2767=CARTESIAN_POINT('',(118.981095096,111.004537976,2.292911347));
#2768=CARTESIAN_POINT('',(119.500315912,106.971726775,2.292911347));
#2769=CARTESIAN_POINT('',(119.797711896,102.286773245,2.292911347));
#2770=CARTESIAN_POINT('',(119.797711896,96.999981872,2.292911347));
#2771=B_SPLINE_CURVE_WITH_KNOTS('',3,(#2746,#2747,#2748,#2749,#2750,#2751,#2752,#2753,#2754,#2755,#2756,#2757,#2758,#2759,#2760,#2761,#2762,#2763,#2764,#2765,#2766,#2767,#2768,#2769,#2770),.UNSPECIFIED.,.F.,.F.,(4,3,3,3,3,3,3,3,4),(0.,0.125,0.25,0.375,0.5,0.625,0.75,0.875,1.),.UNSPECIFIED.);
#2772=EDGE_CURVE('',#2739,#2690,#2771,.T.);
#2773=ORIENTED_EDGE('',*,*,#2772,.T.);
#2774=ORIENTED_EDGE('',*,*,#2695,.F.);
#2775=CARTESIAN_POINT('',(119.797711896,96.999981872,2.000018128));
#2776=CARTESIAN_POINT('',(119.797711896,102.286773245,2.000018128));
#2777=CARTESIAN_POINT('',(119.202919927,111.656680305,2.000018128));
#2778=CARTESIAN_POINT('',(116.979782983,121.798686923,2.000018128));
#2779=CARTESIAN_POINT('',(114.181504732,128.143181928,2.000018128));
#2780=CARTESIAN_POINT('',(111.487646395,131.701153624,2.000018128));
#2781=CARTESIAN_POINT('',(108.393801064,134.297570646,2.000018128));
#2782=CARTESIAN_POINT('',(103.063053009,136.965520304,2.000018128));
#2783=CARTESIAN_POINT('',(93.979056623,139.239744753,2.000018128));
#2784=CARTESIAN_POINT('',(85.120594362,139.8876293,2.000018128));
#2785=CARTESIAN_POINT('',(80.011718642,139.886018103,2.000018128));
#2786=B_SPLINE_CURVE_WITH_KNOTS('',3,(#2775,#2776,#2777,#2778,#2779,#2780,#2781,#2782,#2783,#2784,#2785),.UNSPECIFIED.,.F.,.F.,(4,1,1,1,1,1,1,1,4),(0.,0.125,0.25,0.375,0.5,0.625,0.75,0.875,1.),.UNSPECIFIED.);
#2787=EDGE_CURVE('',#2688,#2737,#2786,.T.);
#2788=ORIENTED_EDGE('',*,*,#2787,.T.);
#2789=EDGE_LOOP('',(#2745,#2773,#2774,#2788));
#2790=FACE_BOUND('',#2789,.T.);
#2791=ADVANCED_FACE('',(#2790),#2735,.T.);
#2792=CARTESIAN_POINT('',(61.011719638,139.880026035,2.000018128));
#2793=DIRECTION('',(0.000315372,-0.99999995,0.));
#2794=DIRECTION('',(0.99999995,0.000315372,0.));
#2795=AXIS2_PLACEMENT_3D('',#2792,#2793,#2794);
#2796=PLANE('',#2795);
#2797=ORIENTED_EDGE('',*,*,#1350,.T.);
#2798=CARTESIAN_POINT('',(57.999982039,139.879076217,2.292911347));
#2799=DIRECTION('',(0.99999995,0.000315372,0.));
#2800=VECTOR('',#2799,22.011737697);
#2801=LINE('',#2798,#2800);
#2802=EDGE_CURVE('',#1336,#2739,#2801,.T.);
#2803=ORIENTED_EDGE('',*,*,#2802,.T.);
#2804=ORIENTED_EDGE('',*,*,#2744,.F.);
#2805=CARTESIAN_POINT('',(57.999982039,139.879076217,2.000018128));
#2806=DIRECTION('',(0.99999995,0.000315372,0.));
#2807=VECTOR('',#2806,22.011737697);
#2808=LINE('',#2805,#2807);
#2809=EDGE_CURVE('',#1345,#2737,#2808,.T.);
#2810=ORIENTED_EDGE('',*,*,#2809,.F.);
#2811=EDGE_LOOP('',(#2797,#2803,#2804,#2810));
#2812=FACE_BOUND('',#2811,.T.);
#2813=ADVANCED_FACE('',(#2812),#2796,.F.);
#2814=CARTESIAN_POINT('',(10.5,226.999981872,2.000018128));
#2815=DIRECTION('',(0.,0.,-1.));
#2816=DIRECTION('',(0.,1.,0.));
#2817=AXIS2_PLACEMENT_3D('',#2814,#2815,#2816);
#2818=PLANE('',#2817);
#2819=ORIENTED_EDGE('',*,*,#392,.T.);
#2820=ORIENTED_EDGE('',*,*,#1386,.T.);
#2821=ORIENTED_EDGE('',*,*,#1358,.T.);
#2822=ORIENTED_EDGE('',*,*,#2809,.T.);
#2823=ORIENTED_EDGE('',*,*,#2787,.F.);
#2824=ORIENTED_EDGE('',*,*,#2708,.T.);
#2825=ORIENTED_EDGE('',*,*,#449,.T.);
#2826=ORIENTED_EDGE('',*,*,#1783,.T.);
#2827=ORIENTED_EDGE('',*,*,#1751,.T.);
#2828=ORIENTED_EDGE('',*,*,#2677,.F.);
#2829=ORIENTED_EDGE('',*,*,#2655,.T.);
#2830=ORIENTED_EDGE('',*,*,#2576,.T.);
#2831=EDGE_LOOP('',(#2819,#2820,#2821,#2822,#2823,#2824,#2825,#2826,#2827,#2828,#2829,#2830));
#2832=FACE_BOUND('',#2831,.T.);
#2833=ADVANCED_FACE('',(#2832),#2818,.F.);
#2834=CARTESIAN_POINT('',(193.202533526,78.499981872,2.000018128));
#2835=DIRECTION('',(-1.,0.,0.));
#2836=DIRECTION('',(-0.,-1.,0.));
#2837=AXIS2_PLACEMENT_3D('',#2834,#2835,#2836);
#2838=PLANE('',#2837);
#2839=CARTESIAN_POINT('',(193.202533526,96.999981872,2.000018128));
#2840=VERTEX_POINT('',#2839);
#2841=CARTESIAN_POINT('',(193.202533526,96.999981872,2.292911344));
#2842=VERTEX_POINT('',#2841);
#2843=CARTESIAN_POINT('',(193.202533526,96.999981872,2.000018128));
#2844=DIRECTION('',(0.,0.,1.));
#2845=VECTOR('',#2844,0.292893216);
#2846=LINE('',#2843,#2845);
#2847=EDGE_CURVE('',#2840,#2842,#2846,.T.);
#2848=ORIENTED_EDGE('',*,*,#2847,.T.);
#2849=CARTESIAN_POINT('',(193.202533526,96.999981872,2.292911347));
#2850=DIRECTION('',(-0.,-1.,0.));
#2851=VECTOR('',#2850,20.530912833);
#2852=LINE('',#2849,#2851);
#2853=EDGE_CURVE('',#2842,#246,#2852,.T.);
#2854=ORIENTED_EDGE('',*,*,#2853,.T.);
#2855=ORIENTED_EDGE('',*,*,#251,.F.);
#2856=CARTESIAN_POINT('',(193.202533526,96.999981872,2.000018128));
#2857=DIRECTION('',(-0.,-1.,0.));
#2858=VECTOR('',#2857,20.530912833);
#2859=LINE('',#2856,#2858);
#2860=EDGE_CURVE('',#2840,#244,#2859,.T.);
#2861=ORIENTED_EDGE('',*,*,#2860,.F.);
#2862=EDGE_LOOP('',(#2848,#2854,#2855,#2861));
#2863=FACE_BOUND('',#2862,.T.);
#2864=ADVANCED_FACE('',(#2863),#2838,.F.);
#2865=CARTESIAN_POINT('',(193.202533526,96.999981872,2.000018128));
#2866=CARTESIAN_POINT('',(193.202533526,96.999981872,2.292911347));
#2867=CARTESIAN_POINT('',(193.202533526,105.00221286,2.000018128));
#2868=CARTESIAN_POINT('',(193.202533526,105.00221286,2.292911347));
#2869=CARTESIAN_POINT('',(192.322049215,120.565256336,2.000018128));
#2870=CARTESIAN_POINT('',(192.322049215,120.565256336,2.292911347));
#2871=CARTESIAN_POINT('',(187.779890159,142.77877552,2.000018128));
#2872=CARTESIAN_POINT('',(187.779890159,142.77877552,2.292911347));
#2873=CARTESIAN_POINT('',(179.142077171,163.769278238,2.000018128));
#2874=CARTESIAN_POINT('',(179.142077171,163.769278238,2.292911347));
#2875=CARTESIAN_POINT('',(165.608540633,182.540854708,2.000018128));
#2876=CARTESIAN_POINT('',(165.608540633,182.540854708,2.292911347));
#2877=CARTESIAN_POINT('',(147.531531593,197.314160818,2.000018128));
#2878=CARTESIAN_POINT('',(147.531531593,197.314160818,2.292911347));
#2879=CARTESIAN_POINT('',(126.559367109,207.078129477,2.000018128));
#2880=CARTESIAN_POINT('',(126.559367109,207.078129477,2.292911347));
#2881=CARTESIAN_POINT('',(104.030773612,212.280396504,2.000018128));
#2882=CARTESIAN_POINT('',(104.030773612,212.280396504,2.292911347));
#2883=CARTESIAN_POINT('',(88.169191287,213.293416022,2.000018128));
#2884=CARTESIAN_POINT('',(88.169191287,213.293416022,2.292911347));
#2885=CARTESIAN_POINT('',(79.988568808,213.290836083,2.000018128));
#2886=CARTESIAN_POINT('',(79.988568808,213.290836083,2.292911347));
#2887=B_SPLINE_SURFACE_WITH_KNOTS('',3,1,((#2865,#2866),(#2867,#2868),(#2869,#2870),(#2871,#2872),(#2873,#2874),(#2875,#2876),(#2877,#2878),(#2879,#2880),(#2881,#2882),(#2883,#2884),(#2885,#2886)),.UNSPECIFIED.,.F.,.F.,.U.,(4,1,1,1,1,1,1,1,4),(2,2),(0.,0.125,0.25,0.375,0.5,0.625,0.75,0.875,1.),(0.,0.292893219),.UNSPECIFIED.);
#2888=CARTESIAN_POINT('',(79.988568808,213.290836083,2.000018128));
#2889=VERTEX_POINT('',#2888);
#2890=CARTESIAN_POINT('',(79.988568808,213.290836083,2.292911347));
#2891=VERTEX_POINT('',#2890);
#2892=CARTESIAN_POINT('',(79.988568808,213.290836083,2.000018128));
#2893=DIRECTION('',(0.,0.,1.));
#2894=VECTOR('',#2893,0.292893219);
#2895=LINE('',#2892,#2894);
#2896=EDGE_CURVE('',#2889,#2891,#2895,.T.);
#2897=ORIENTED_EDGE('',*,*,#2896,.T.);
#2898=CARTESIAN_POINT('',(79.988568808,213.290836083,2.292911347));
#2899=CARTESIAN_POINT('',(88.169191287,213.293416022,2.292911347));
#2900=CARTESIAN_POINT('',(96.099982449,212.786906263,2.292911347));
#2901=CARTESIAN_POINT('',(103.820143613,211.666606879,2.292911347));
#2902=CARTESIAN_POINT('',(111.540304778,210.546307495,2.292911347));
#2903=CARTESIAN_POINT('',(119.049835943,208.812218486,2.292911347));
#2904=CARTESIAN_POINT('',(126.299962274,206.317845871,2.292911347));
#2905=CARTESIAN_POINT('',(133.550088604,203.823473257,2.292911347));
#2906=CARTESIAN_POINT('',(140.540810098,200.568817037,2.292911347));
#2907=CARTESIAN_POINT('',(147.049005686,196.479271242,2.292911347));
#2908=CARTESIAN_POINT('',(153.557201273,192.389725448,2.292911347));
#2909=CARTESIAN_POINT('',(159.582870953,187.465290078,2.292911347));
#2910=CARTESIAN_POINT('',(164.851295216,181.874476314,2.292911347));
#2911=CARTESIAN_POINT('',(170.119719479,176.283662551,2.292911347));
#2912=CARTESIAN_POINT('',(174.630898325,170.026470395,2.292911347));
#2913=CARTESIAN_POINT('',(178.326123246,163.399457197,2.292911347));
#2914=CARTESIAN_POINT('',(182.021348167,156.772443999,2.292911347));
#2915=CARTESIAN_POINT('',(184.900619163,149.77560976,2.292911347));
#2916=CARTESIAN_POINT('',(187.09728117,142.574939443,2.292911347));
#2917=CARTESIAN_POINT('',(189.293943178,135.374269126,2.292911347));
#2918=CARTESIAN_POINT('',(190.807996196,127.969762731,2.292911347));
#2919=CARTESIAN_POINT('',(191.785143783,120.376748664,2.292911347));
#2920=CARTESIAN_POINT('',(192.762291371,112.783734598,2.292911347));
#2921=CARTESIAN_POINT('',(193.202533526,105.00221286,2.292911347));
#2922=CARTESIAN_POINT('',(193.202533526,96.999981872,2.292911347));
#2923=B_SPLINE_CURVE_WITH_KNOTS('',3,(#2898,#2899,#2900,#2901,#2902,#2903,#2904,#2905,#2906,#2907,#2908,#2909,#2910,#2911,#2912,#2913,#2914,#2915,#2916,#2917,#2918,#2919,#2920,#2921,#2922),.UNSPECIFIED.,.F.,.F.,(4,3,3,3,3,3,3,3,4),(0.,0.125,0.25,0.375,0.5,0.625,0.75,0.875,1.),.UNSPECIFIED.);
#2924=EDGE_CURVE('',#2891,#2842,#2923,.T.);
#2925=ORIENTED_EDGE('',*,*,#2924,.T.);
#2926=ORIENTED_EDGE('',*,*,#2847,.F.);
#2927=CARTESIAN_POINT('',(193.202533526,96.999981872,2.000018128));
#2928=CARTESIAN_POINT('',(193.202533526,105.00221286,2.000018128));
#2929=CARTESIAN_POINT('',(192.322049215,120.565256336,2.000018128));
#2930=CARTESIAN_POINT('',(187.779890159,142.77877552,2.000018128));
#2931=CARTESIAN_POINT('',(179.142077171,163.769278238,2.000018128));
#2932=CARTESIAN_POINT('',(165.608540633,182.540854708,2.000018128));
#2933=CARTESIAN_POINT('',(147.531531593,197.314160818,2.000018128));
#2934=CARTESIAN_POINT('',(126.559367109,207.078129477,2.000018128));
#2935=CARTESIAN_POINT('',(104.030773612,212.280396504,2.000018128));
#2936=CARTESIAN_POINT('',(88.169191287,213.293416022,2.000018128));
#2937=CARTESIAN_POINT('',(79.988568808,213.290836083,2.000018128));
#2938=B_SPLINE_CURVE_WITH_KNOTS('',3,(#2927,#2928,#2929,#2930,#2931,#2932,#2933,#2934,#2935,#2936,#2937),.UNSPECIFIED.,.F.,.F.,(4,1,1,1,1,1,1,1,4),(0.,0.125,0.25,0.375,0.5,0.625,0.75,0.875,1.),.UNSPECIFIED.);
#2939=EDGE_CURVE('',#2840,#2889,#2938,.T.);
#2940=ORIENTED_EDGE('',*,*,#2939,.T.);
#2941=EDGE_LOOP('',(#2897,#2925,#2926,#2940));
#2942=FACE_BOUND('',#2941,.T.);
#2943=ADVANCED_FACE('',(#2942),#2887,.T.);
#2944=CARTESIAN_POINT('',(61.488569784,213.285001701,2.000018128));
#2945=DIRECTION('',(0.000315372,-0.99999995,0.));
#2946=DIRECTION('',(0.99999995,0.000315372,0.));
#2947=AXIS2_PLACEMENT_3D('',#2944,#2945,#2946);
#2948=PLANE('',#2947);
#2949=ORIENTED_EDGE('',*,*,#1062,.T.);
#2950=CARTESIAN_POINT('',(57.999982039,213.283901498,2.292911347));
#2951=DIRECTION('',(0.99999995,0.000315372,0.));
#2952=VECTOR('',#2951,21.988587862);
#2953=LINE('',#2950,#2952);
#2954=EDGE_CURVE('',#1048,#2891,#2953,.T.);
#2955=ORIENTED_EDGE('',*,*,#2954,.T.);
#2956=ORIENTED_EDGE('',*,*,#2896,.F.);
#2957=CARTESIAN_POINT('',(57.999982039,213.283901498,2.000018128));
#2958=DIRECTION('',(0.99999995,0.000315372,0.));
#2959=VECTOR('',#2958,21.988587862);
#2960=LINE('',#2957,#2959);
#2961=EDGE_CURVE('',#1057,#2889,#2960,.T.);
#2962=ORIENTED_EDGE('',*,*,#2961,.F.);
#2963=EDGE_LOOP('',(#2949,#2955,#2956,#2962));
#2964=FACE_BOUND('',#2963,.T.);
#2965=ADVANCED_FACE('',(#2964),#2948,.F.);
#2966=CARTESIAN_POINT('',(10.5,226.999981872,2.000018128));
#2967=DIRECTION('',(0.,0.,-1.));
#2968=DIRECTION('',(0.,1.,0.));
#2969=AXIS2_PLACEMENT_3D('',#2966,#2967,#2968);
#2970=PLANE('',#2969);
#2971=ORIENTED_EDGE('',*,*,#1070,.T.);
#2972=ORIENTED_EDGE('',*,*,#2961,.T.);
#2973=ORIENTED_EDGE('',*,*,#2939,.F.);
#2974=ORIENTED_EDGE('',*,*,#2860,.T.);
#2975=ORIENTED_EDGE('',*,*,#307,.T.);
#2976=ORIENTED_EDGE('',*,*,#2157,.T.);
#2977=ORIENTED_EDGE('',*,*,#2129,.T.);
#2978=CARTESIAN_POINT('',(194.202533526,96.999981872,2.000018128));
#2979=VERTEX_POINT('',#2978);
#2980=CARTESIAN_POINT('',(194.202533526,96.999981872,2.000018128));
#2981=DIRECTION('',(-0.,-1.,0.));
#2982=VECTOR('',#2981,21.);
#2983=LINE('',#2980,#2982);
#2984=EDGE_CURVE('',#2979,#2115,#2983,.T.);
#2985=ORIENTED_EDGE('',*,*,#2984,.F.);
#2986=CARTESIAN_POINT('',(79.988253436,214.290836033,2.000018128));
#2987=VERTEX_POINT('',#2986);
#2988=CARTESIAN_POINT('',(194.202533526,96.999981872,2.000018128));
#2989=CARTESIAN_POINT('',(194.202533526,105.03900522,2.000018128));
#2990=CARTESIAN_POINT('',(193.318157214,120.686711569,2.000018128));
#2991=CARTESIAN_POINT('',(188.744405882,143.064564106,2.000018128));
#2992=CARTESIAN_POINT('',(180.027040591,164.254622191,2.000018128));
#2993=CARTESIAN_POINT('',(166.3458336,183.233446402,2.000018128));
#2994=CARTESIAN_POINT('',(148.064709962,198.172641555,2.000018128));
#2995=CARTESIAN_POINT('',(126.879452615,208.033279261,2.000018128));
#2996=CARTESIAN_POINT('',(104.167734139,213.275435432,2.000018128));
#2997=CARTESIAN_POINT('',(88.210668387,214.293429152,2.000018128));
#2998=CARTESIAN_POINT('',(79.988253436,214.290836033,2.000018128));
#2999=B_SPLINE_CURVE_WITH_KNOTS('',3,(#2988,#2989,#2990,#2991,#2992,#2993,#2994,#2995,#2996,#2997,#2998),.UNSPECIFIED.,.F.,.F.,(4,1,1,1,1,1,1,1,4),(0.,0.125,0.25,0.375,0.5,0.625,0.75,0.875,1.),.UNSPECIFIED.);
#3000=EDGE_CURVE('',#2979,#2987,#2999,.T.);
#3001=ORIENTED_EDGE('',*,*,#3000,.T.);
#3002=CARTESIAN_POINT('',(59.575739844,214.284398498,2.000018128));
#3003=DIRECTION('',(0.99999995,0.000315372,0.));
#3004=VECTOR('',#3003,20.412514607);
#3005=LINE('',#3002,#3004);
#3006=EDGE_CURVE('',#167,#2987,#3005,.T.);
#3007=ORIENTED_EDGE('',*,*,#3006,.F.);
#3008=ORIENTED_EDGE('',*,*,#176,.T.);
#3009=ORIENTED_EDGE('',*,*,#1099,.F.);
#3010=EDGE_LOOP('',(#2971,#2972,#2973,#2974,#2975,#2976,#2977,#2985,#3001,#3007,#3008,#3009));
#3011=FACE_BOUND('',#3010,.T.);
#3012=ADVANCED_FACE('',(#3011),#2970,.F.);
#3013=CARTESIAN_POINT('',(61.01194264,139.172919289,2.292911347));
#3014=DIRECTION('',(0.99999995,0.000315372,0.));
#3015=DIRECTION('',(-0.000315372,0.99999995,0.));
#3016=AXIS2_PLACEMENT_3D('',#3013,#3014,#3015);
#3017=CYLINDRICAL_SURFACE('',#3016,0.707106781);
#3018=ORIENTED_EDGE('',*,*,#1273,.F.);
#3019=ORIENTED_EDGE('',*,*,#631,.F.);
#3020=CARTESIAN_POINT('',(80.011941643,139.178911357,2.292911347));
#3021=DIRECTION('',(0.99999995,0.000315372,0.));
#3022=DIRECTION('',(-0.000315372,0.99999995,0.));
#3023=AXIS2_PLACEMENT_3D('',#3020,#3021,#3022);
#3024=CIRCLE('',#3023,0.707106781);
#3025=EDGE_CURVE('',#2739,#590,#3024,.T.);
#3026=ORIENTED_EDGE('',*,*,#3025,.F.);
#3027=ORIENTED_EDGE('',*,*,#2802,.F.);
#3028=ORIENTED_EDGE('',*,*,#1342,.F.);
#3029=ORIENTED_EDGE('',*,*,#1310,.F.);
#3030=EDGE_LOOP('',(#3018,#3019,#3026,#3027,#3028,#3029));
#3031=FACE_BOUND('',#3030,.T.);
#3032=ADVANCED_FACE('',(#3031),#3017,.T.);
#3033=CARTESIAN_POINT('',(80.011718642,139.886018103,2.292911347));
#3034=CARTESIAN_POINT('',(82.91025778,139.886932221,2.292911347));
#3035=CARTESIAN_POINT('',(85.808154395,139.78532851,2.292911347));
#3036=CARTESIAN_POINT('',(91.582717519,139.298628002,2.292911347));
#3037=CARTESIAN_POINT('',(94.460813568,138.91438569,2.292911347));
#3038=CARTESIAN_POINT('',(98.710177387,138.002561102,2.292911347));
#3039=CARTESIAN_POINT('',(100.114995363,137.642732745,2.292911347));
#3040=CARTESIAN_POINT('',(102.879527824,136.774291692,2.292911347));
#3041=CARTESIAN_POINT('',(104.239777339,136.26597998,2.292911347));
#3042=CARTESIAN_POINT('',(106.206479328,135.341538425,2.292911347));
#3043=CARTESIAN_POINT('',(106.849520887,135.005995779,2.292911347));
#3044=CARTESIAN_POINT('',(108.099489429,134.274160115,2.292911347));
#3045=CARTESIAN_POINT('',(108.707923118,133.879444779,2.292911347));
#3046=CARTESIAN_POINT('',(109.870196256,133.014378538,2.292911347));
#3047=CARTESIAN_POINT('',(110.421794296,132.542341216,2.292911347));
#3048=CARTESIAN_POINT('',(111.455220453,131.526691834,2.292911347));
#3049=CARTESIAN_POINT('',(111.940381986,130.987710167,2.292911347));
#3050=CARTESIAN_POINT('',(112.84095388,129.852431574,2.292911347));
#3051=CARTESIAN_POINT('',(113.254335355,129.256451687,2.292911347));
#3052=CARTESIAN_POINT('',(114.017108169,128.024744322,2.292911347));
#3053=CARTESIAN_POINT('',(114.367563281,127.390073507,2.292911347));
#3054=CARTESIAN_POINT('',(115.345062084,125.449073748,2.292911347));
#3055=CARTESIAN_POINT('',(115.895778721,124.105803774,2.292911347));
#3056=CARTESIAN_POINT('',(116.8481839,121.369269372,2.292911347));
#3057=CARTESIAN_POINT('',(117.249612291,119.975476173,2.292911347));
#3058=CARTESIAN_POINT('',(117.942739879,117.162286705,2.292911347));
#3059=CARTESIAN_POINT('',(118.234345938,115.742253369,2.292911347));
#3060=CARTESIAN_POINT('',(118.978522049,111.460404627,2.292911347));
#3061=CARTESIAN_POINT('',(119.300048174,108.576763421,2.292911347));
#3062=CARTESIAN_POINT('',(119.709849069,102.796412819,2.292911347));
#3063=CARTESIAN_POINT('',(119.797711896,99.899090594,2.292911347));
#3064=CARTESIAN_POINT('',(119.797711896,96.999981872,2.292911347));
#3065=CARTESIAN_POINT('',(80.011718642,139.886018103,3.000018128));
#3066=CARTESIAN_POINT('',(82.91025778,139.886932221,3.000018128));
#3067=CARTESIAN_POINT('',(85.808154395,139.78532851,3.000018128));
#3068=CARTESIAN_POINT('',(91.582717519,139.298628002,3.000018128));
#3069=CARTESIAN_POINT('',(94.460813568,138.91438569,3.000018128));
#3070=CARTESIAN_POINT('',(98.710177387,138.002561102,3.000018128));
#3071=CARTESIAN_POINT('',(100.114995363,137.642732746,3.000018128));
#3072=CARTESIAN_POINT('',(102.879527824,136.774291691,3.000018128));
#3073=CARTESIAN_POINT('',(104.239777339,136.26597998,3.000018128));
#3074=CARTESIAN_POINT('',(106.206479328,135.341538425,3.000018128));
#3075=CARTESIAN_POINT('',(106.849520887,135.00599578,3.000018128));
#3076=CARTESIAN_POINT('',(108.099489429,134.274160115,3.000018128));
#3077=CARTESIAN_POINT('',(108.707923118,133.87944478,3.000018128));
#3078=CARTESIAN_POINT('',(109.870196255,133.014378537,3.000018128));
#3079=CARTESIAN_POINT('',(110.421794295,132.542341216,3.000018128));
#3080=CARTESIAN_POINT('',(111.455220453,131.526691834,3.000018128));
#3081=CARTESIAN_POINT('',(111.940381986,130.987710167,3.000018128));
#3082=CARTESIAN_POINT('',(112.84095388,129.852431574,3.000018128));
#3083=CARTESIAN_POINT('',(113.254335354,129.256451686,3.000018128));
#3084=CARTESIAN_POINT('',(114.017108169,128.024744322,3.000018128));
#3085=CARTESIAN_POINT('',(114.367563281,127.390073507,3.000018128));
#3086=CARTESIAN_POINT('',(115.345062085,125.449073748,3.000018128));
#3087=CARTESIAN_POINT('',(115.895778721,124.105803774,3.000018128));
#3088=CARTESIAN_POINT('',(116.8481839,121.369269372,3.000018128));
#3089=CARTESIAN_POINT('',(117.249612291,119.975476173,3.000018128));
#3090=CARTESIAN_POINT('',(117.942739879,117.162286705,3.000018128));
#3091=CARTESIAN_POINT('',(118.234345938,115.742253369,3.000018128));
#3092=CARTESIAN_POINT('',(118.978522049,111.460404627,3.000018128));
#3093=CARTESIAN_POINT('',(119.300048174,108.576763421,3.000018128));
#3094=CARTESIAN_POINT('',(119.709849069,102.796412819,3.000018128));
#3095=CARTESIAN_POINT('',(119.797711896,99.899090594,3.000018128));
#3096=CARTESIAN_POINT('',(119.797711896,96.999981872,3.000018128));
#3097=CARTESIAN_POINT('',(80.011941643,139.178911357,3.000018128));
#3098=CARTESIAN_POINT('',(82.89336427,139.179820077,3.000018128));
#3099=CARTESIAN_POINT('',(85.772271206,139.078738994,3.000018128));
#3100=CARTESIAN_POINT('',(91.499826931,138.596000434,3.000018128));
#3101=CARTESIAN_POINT('',(94.349394371,138.215091257,3.000018128));
#3102=CARTESIAN_POINT('',(98.543356953,137.315154615,3.000018128));
#3103=CARTESIAN_POINT('',(99.927585496,136.960429691,3.000018128));
#3104=CARTESIAN_POINT('',(102.643101856,136.107386391,3.000018128));
#3105=CARTESIAN_POINT('',(103.974244527,135.609465763,3.000018128));
#3106=CARTESIAN_POINT('',(105.888045488,134.709890154,3.000018128));
#3107=CARTESIAN_POINT('',(106.511955535,134.384247478,3.000018128));
#3108=CARTESIAN_POINT('',(107.722516782,133.675484126,3.000018128));
#3109=CARTESIAN_POINT('',(108.310310686,133.293916933,3.000018128));
#3110=CARTESIAN_POINT('',(109.423433341,132.465432817,3.000018128));
#3111=CARTESIAN_POINT('',(109.948200592,132.016351846,3.000018128));
#3112=CARTESIAN_POINT('',(110.937526969,131.044043651,3.000018128));
#3113=CARTESIAN_POINT('',(111.404837399,130.525031664,3.000018128));
#3114=CARTESIAN_POINT('',(112.268550254,129.436218299,3.000018128));
#3115=CARTESIAN_POINT('',(112.665848825,128.86368772,3.000018128));
#3116=CARTESIAN_POINT('',(113.403263726,127.672927713,3.000018128));
#3117=CARTESIAN_POINT('',(113.744324044,127.055538606,3.000018128));
#3118=CARTESIAN_POINT('',(114.696914517,125.16399882,3.000018128));
#3119=CARTESIAN_POINT('',(115.236476619,123.84891501,3.000018128));
#3120=CARTESIAN_POINT('',(116.171851732,121.161312895,3.000018128));
#3121=CARTESIAN_POINT('',(116.567490649,119.788242369,3.000018128));
#3122=CARTESIAN_POINT('',(117.251712799,117.01119731,3.000018128));
#3123=CARTESIAN_POINT('',(117.540170581,115.606858706,3.000018128));
#3124=CARTESIAN_POINT('',(118.276882396,111.36795812,3.000018128));
#3125=CARTESIAN_POINT('',(118.596083244,108.507412843,3.000018128));
#3126=CARTESIAN_POINT('',(119.003141136,102.765753028,3.000018128));
#3127=CARTESIAN_POINT('',(119.090605115,99.884497042,3.000018128));
#3128=CARTESIAN_POINT('',(119.090605115,96.999981872,3.000018128));
#3129=(BOUNDED_SURFACE()
B_SPLINE_SURFACE(2,3,((#3033,#3034,#3035,#3036,#3037,#3038,#3039,#3040,#3041,#3042,#3043,#3044,#3045,#3046,#3047,#3048,#3049,#3050,#3051,#3052,#3053,#3054,#3055,#3056,#3057,#3058,
#3059,#3060,#3061,#3062,#3063,#3064),(#3065,#3066,#3067,#3068,#3069,#3070,#3071,#3072,#3073,#3074,#3075,#3076,#3077,#3078,#3079,#3080,#3081,#3082,#3083,#3084,#3085,#3086,#3087,#3088,#3089,#3090,
#3091,#3092,#3093,#3094,#3095,#3096),(#3097,#3098,#3099,#3100,#3101,#3102,#3103,#3104,#3105,#3106,#3107,#3108,#3109,#3110,#3111,#3112,#3113,#3114,#3115,#3116,#3117,#3118,#3119,#3120,#3121,#3122,
#3123,#3124,#3125,#3126,#3127,#3128)),.UNSPECIFIED.,.F.,.F.,.U.)
B_SPLINE_SURFACE_WITH_KNOTS((3,3),(4,2,2,2,2,2,2,2,2,2,2,2,2,2,2,4),(0.,1.),(0.207213783,0.281600515,0.355987246,0.393180612,0.430373977,0.44897066,0.467567343,0.486164026,0.504760709,0.523357392,0.541954075,0.57914744,0.616340806,0.653534172,0.727920903,0.802307635),.UNSPECIFIED.)
GEOMETRIC_REPRESENTATION_ITEM()
RATIONAL_B_SPLINE_SURFACE(((1.,1.,1.,1.,1.,1.,1.,1.,1.,1.,1.,1.,1.,1.,1.,1.,1.,1.,1.,1.,1.,1.,1.,1.,1.,1.,
1.,1.,1.,1.,1.,1.),(0.707106781,0.707106781,0.707106781,0.707106781,0.707106781,0.707106781,0.707106781,0.707106781,0.707106781,0.707106781,0.707106781,0.707106781,0.707106781,0.707106781,0.707106781,0.707106781,0.707106781,0.707106781,0.707106781,0.707106781,0.707106781,0.707106781,0.707106781,0.707106781,0.707106781,0.707106781,
0.707106781,0.707106781,0.707106781,0.707106781,0.707106781,0.707106781),(1.,1.,1.,1.,1.,1.,1.,1.,1.,1.,1.,1.,1.,1.,1.,1.,1.,1.,1.,1.,1.,1.,1.,1.,1.,1.,
1.,1.,1.,1.,1.,1.)))
REPRESENTATION_ITEM('')
SURFACE()
);
#3130=ORIENTED_EDGE('',*,*,#3025,.T.);
#3131=ORIENTED_EDGE('',*,*,#623,.F.);
#3132=CARTESIAN_POINT('',(119.090605115,96.999981872,2.292911347));
#3133=DIRECTION('',(-0.,-1.,0.));
#3134=DIRECTION('',(1.,-0.,0.));
#3135=AXIS2_PLACEMENT_3D('',#3132,#3133,#3134);
#3136=CIRCLE('',#3135,0.707106781);
#3137=EDGE_CURVE('',#2690,#582,#3136,.T.);
#3138=ORIENTED_EDGE('',*,*,#3137,.F.);
#3139=ORIENTED_EDGE('',*,*,#2772,.F.);
#3140=EDGE_LOOP('',(#3130,#3131,#3138,#3139));
#3141=FACE_BOUND('',#3140,.T.);
#3142=ADVANCED_FACE('',(#3141),#3129,.T.);
#3143=CARTESIAN_POINT('',(119.090605115,77.999981872,2.292911347));
#3144=DIRECTION('',(-0.,-1.,0.));
#3145=DIRECTION('',(1.,-0.,0.));
#3146=AXIS2_PLACEMENT_3D('',#3143,#3144,#3145);
#3147=CYLINDRICAL_SURFACE('',#3146,0.707106781);
#3148=ORIENTED_EDGE('',*,*,#3137,.T.);
#3149=ORIENTED_EDGE('',*,*,#587,.F.);
#3150=ORIENTED_EDGE('',*,*,#1860,.F.);
#3151=ORIENTED_EDGE('',*,*,#1808,.F.);
#3152=ORIENTED_EDGE('',*,*,#419,.F.);
#3153=ORIENTED_EDGE('',*,*,#2701,.F.);
#3154=EDGE_LOOP('',(#3148,#3149,#3150,#3151,#3152,#3153));
#3155=FACE_BOUND('',#3154,.T.);
#3156=ADVANCED_FACE('',(#3155),#3147,.T.);
#3157=CARTESIAN_POINT('',(121.504818678,226.999981871,2.292911347));
#3158=DIRECTION('',(0.,1.,0.));
#3159=DIRECTION('',(-1.,0.,0.));
#3160=AXIS2_PLACEMENT_3D('',#3157,#3158,#3159);
#3161=CYLINDRICAL_SURFACE('',#3160,0.707106781);
#3162=ORIENTED_EDGE('',*,*,#1673,.F.);
#3163=ORIENTED_EDGE('',*,*,#2540,.F.);
#3164=CARTESIAN_POINT('',(121.504818677,96.999981872,2.292911347));
#3165=DIRECTION('',(0.,1.,0.));
#3166=DIRECTION('',(-1.,0.,0.));
#3167=AXIS2_PLACEMENT_3D('',#3164,#3165,#3166);
#3168=CIRCLE('',#3167,0.707106781);
#3169=EDGE_CURVE('',#2607,#2503,#3168,.T.);
#3170=ORIENTED_EDGE('',*,*,#3169,.F.);
#3171=ORIENTED_EDGE('',*,*,#2670,.F.);
#3172=ORIENTED_EDGE('',*,*,#1734,.F.);
#3173=EDGE_LOOP('',(#3162,#3163,#3170,#3171,#3172));
#3174=FACE_BOUND('',#3173,.T.);
#3175=ADVANCED_FACE('',(#3174),#3161,.T.);
#3176=CARTESIAN_POINT('',(120.797711896,96.999981872,2.292911347));
#3177=CARTESIAN_POINT('',(120.797711896,99.962238846,2.292911347));
#3178=CARTESIAN_POINT('',(120.706591318,102.926349032,2.292911347));
#3179=CARTESIAN_POINT('',(120.280551737,108.837224478,2.292911347));
#3180=CARTESIAN_POINT('',(119.945964672,111.785557368,2.292911347));
#3181=CARTESIAN_POINT('',(119.171438703,116.161865618,2.292911347));
#3182=CARTESIAN_POINT('',(118.867918604,117.612912689,2.292911347));
#3183=CARTESIAN_POINT('',(118.146151166,120.486743529,2.292911347));
#3184=CARTESIAN_POINT('',(117.727962999,121.909794042,2.292911347));
#3185=CARTESIAN_POINT('',(116.736297013,124.702147791,2.292911347));
#3186=CARTESIAN_POINT('',(116.163117224,126.071679893,2.292911347));
#3187=CARTESIAN_POINT('',(115.14817469,128.048678156,2.292911347));
#3188=CARTESIAN_POINT('',(114.784358824,128.695292632,2.292911347));
#3189=CARTESIAN_POINT('',(113.994019662,129.948049917,2.292911347));
#3190=CARTESIAN_POINT('',(113.566122698,130.554086689,2.292911347));
#3191=CARTESIAN_POINT('',(112.638466171,131.708649503,2.292911347));
#3192=CARTESIAN_POINT('',(112.139299378,132.258892834,2.292911347));
#3193=CARTESIAN_POINT('',(111.080275236,133.294570671,2.292911347));
#3194=CARTESIAN_POINT('',(110.516513327,133.77715686,2.292911347));
#3195=CARTESIAN_POINT('',(109.330857053,134.66463534,2.292911347));
#3196=CARTESIAN_POINT('',(108.709916726,135.071332032,2.292911347));
#3197=CARTESIAN_POINT('',(107.434826569,135.825784945,2.292911347));
#3198=CARTESIAN_POINT('',(106.779505196,136.172195345,2.292911347));
#3199=CARTESIAN_POINT('',(104.773875546,137.128377123,2.292911347));
#3200=CARTESIAN_POINT('',(103.385319217,137.656029839,2.292911347));
#3201=CARTESIAN_POINT('',(100.562322975,138.557091624,2.292911347));
#3202=CARTESIAN_POINT('',(99.127040083,138.930649118,2.292911347));
#3203=CARTESIAN_POINT('',(94.784596514,139.877308627,2.292911347));
#3204=CARTESIAN_POINT('',(91.841976067,140.276511979,2.292911347));
#3205=CARTESIAN_POINT('',(85.937369048,140.781702431,2.292911347));
#3206=CARTESIAN_POINT('',(82.972016538,140.886951748,2.292911347));
#3207=CARTESIAN_POINT('',(80.011403269,140.886018053,2.292911347));
#3208=CARTESIAN_POINT('',(120.797711896,96.999981872,3.000018128));
#3209=CARTESIAN_POINT('',(120.797711896,99.962238846,3.000018128));
#3210=CARTESIAN_POINT('',(120.706591318,102.926349032,3.000018128));
#3211=CARTESIAN_POINT('',(120.280551737,108.837224478,3.000018128));
#3212=CARTESIAN_POINT('',(119.945964672,111.785557368,3.000018128));
#3213=CARTESIAN_POINT('',(119.171438703,116.161865617,3.000018128));
#3214=CARTESIAN_POINT('',(118.867918604,117.612912689,3.000018128));
#3215=CARTESIAN_POINT('',(118.146151166,120.486743528,3.000018128));
#3216=CARTESIAN_POINT('',(117.727962999,121.909794042,3.000018128));
#3217=CARTESIAN_POINT('',(116.736297012,124.702147791,3.000018128));
#3218=CARTESIAN_POINT('',(116.163117224,126.071679893,3.000018128));
#3219=CARTESIAN_POINT('',(115.148174689,128.048678156,3.000018128));
#3220=CARTESIAN_POINT('',(114.784358824,128.695292632,3.000018128));
#3221=CARTESIAN_POINT('',(113.994019661,129.948049917,3.000018128));
#3222=CARTESIAN_POINT('',(113.566122698,130.554086689,3.000018128));
#3223=CARTESIAN_POINT('',(112.638466171,131.708649503,3.000018128));
#3224=CARTESIAN_POINT('',(112.139299379,132.258892834,3.000018128));
#3225=CARTESIAN_POINT('',(111.080275235,133.29457067,3.000018128));
#3226=CARTESIAN_POINT('',(110.516513326,133.77715686,3.000018128));
#3227=CARTESIAN_POINT('',(109.330857053,134.664635341,3.000018128));
#3228=CARTESIAN_POINT('',(108.709916726,135.071332032,3.000018128));
#3229=CARTESIAN_POINT('',(107.434826569,135.825784945,3.000018128));
#3230=CARTESIAN_POINT('',(106.779505196,136.172195345,3.000018128));
#3231=CARTESIAN_POINT('',(104.773875546,137.128377124,3.000018128));
#3232=CARTESIAN_POINT('',(103.385319217,137.656029838,3.000018128));
#3233=CARTESIAN_POINT('',(100.562322975,138.557091625,3.000018128));
#3234=CARTESIAN_POINT('',(99.127040083,138.930649118,3.000018128));
#3235=CARTESIAN_POINT('',(94.784596514,139.877308627,3.000018128));
#3236=CARTESIAN_POINT('',(91.841976067,140.276511978,3.000018128));
#3237=CARTESIAN_POINT('',(85.937369048,140.781702431,3.000018128));
#3238=CARTESIAN_POINT('',(82.972016538,140.886951748,3.000018128));
#3239=CARTESIAN_POINT('',(80.011403269,140.886018053,3.000018128));
#3240=CARTESIAN_POINT('',(121.504818677,96.999981872,3.000018128));
#3241=CARTESIAN_POINT('',(121.504818677,99.9770387,3.000018128));
#3242=CARTESIAN_POINT('',(121.413288374,102.95748371,3.000018128));
#3243=CARTESIAN_POINT('',(120.984408985,108.90775866,3.000018128));
#3244=CARTESIAN_POINT('',(120.647411875,111.879625702,3.000018128));
#3245=CARTESIAN_POINT('',(119.865144334,116.299676191,3.000018128));
#3246=CARTESIAN_POINT('',(119.558356344,117.766720887,3.000018128));
#3247=CARTESIAN_POINT('',(118.827329618,120.677419039,3.000018128));
#3248=CARTESIAN_POINT('',(118.403107274,122.121626967,3.000018128));
#3249=CARTESIAN_POINT('',(117.393821831,124.963593945,3.000018128));
#3250=CARTESIAN_POINT('',(116.809113577,126.361619295,3.000018128));
#3251=CARTESIAN_POINT('',(115.76875772,128.388119959,3.000018128));
#3252=CARTESIAN_POINT('',(115.395240757,129.052227586,3.000018128));
#3253=CARTESIAN_POINT('',(114.579217046,130.345697144,3.000018128));
#3254=CARTESIAN_POINT('',(114.135312625,130.974616887,3.000018128));
#3255=CARTESIAN_POINT('',(113.171722976,132.173902124,3.000018128));
#3256=CARTESIAN_POINT('',(112.655110224,132.743491964,3.000018128));
#3257=CARTESIAN_POINT('',(111.553257571,133.82105415,3.000018128));
#3258=CARTESIAN_POINT('',(110.963982301,134.325473524,3.000018128));
#3259=CARTESIAN_POINT('',(109.730837958,135.248497417,3.000018128));
#3260=CARTESIAN_POINT('',(109.089349593,135.668438847,3.000018128));
#3261=CARTESIAN_POINT('',(107.775546285,136.445797787,3.000018128));
#3262=CARTESIAN_POINT('',(107.101337729,136.802116847,3.000018128));
#3263=CARTESIAN_POINT('',(105.043108916,137.783375221,3.000018128));
#3264=CARTESIAN_POINT('',(103.625121203,138.321741619,3.000018128));
#3265=CARTESIAN_POINT('',(100.752544437,139.238628831,3.000018128));
#3266=CARTESIAN_POINT('',(99.296381064,139.617446787,3.000018128));
#3267=CARTESIAN_POINT('',(94.897753581,140.576354477,3.000018128));
#3268=CARTESIAN_POINT('',(91.926140279,140.979001174,3.000018128));
#3269=CARTESIAN_POINT('',(85.973762643,141.488278818,3.000018128));
#3270=CARTESIAN_POINT('',(82.989124294,141.59406396,3.000018128));
#3271=CARTESIAN_POINT('',(80.011180268,141.593124799,3.000018128));
#3272=(BOUNDED_SURFACE()
B_SPLINE_SURFACE(2,3,((#3176,#3177,#3178,#3179,#3180,#3181,#3182,#3183,#3184,#3185,#3186,#3187,#3188,#3189,#3190,#3191,#3192,#3193,#3194,#3195,#3196,#3197,#3198,#3199,#3200,#3201,
#3202,#3203,#3204,#3205,#3206,#3207),(#3208,#3209,#3210,#3211,#3212,#3213,#3214,#3215,#3216,#3217,#3218,#3219,#3220,#3221,#3222,#3223,#3224,#3225,#3226,#3227,#3228,#3229,#3230,#3231,#3232,#3233,
#3234,#3235,#3236,#3237,#3238,#3239),(#3240,#3241,#3242,#3243,#3244,#3245,#3246,#3247,#3248,#3249,#3250,#3251,#3252,#3253,#3254,#3255,#3256,#3257,#3258,#3259,#3260,#3261,#3262,#3263,#3264,#3265,
#3266,#3267,#3268,#3269,#3270,#3271)),.UNSPECIFIED.,.F.,.F.,.U.)
B_SPLINE_SURFACE_WITH_KNOTS((3,3),(4,2,2,2,2,2,2,2,2,2,2,2,2,2,2,4),(0.,1.),(0.194554314,0.271132209,0.347710104,0.385999052,0.424288,0.462576947,0.481721421,0.500865895,0.520010369,0.539154842,0.558299316,0.57744379,0.615732738,0.654021685,0.730599581,0.807177476),.UNSPECIFIED.)
GEOMETRIC_REPRESENTATION_ITEM()
RATIONAL_B_SPLINE_SURFACE(((1.,1.,1.,1.,1.,1.,1.,1.,1.,1.,1.,1.,1.,1.,1.,1.,1.,1.,1.,1.,1.,1.,1.,1.,1.,1.,
1.,1.,1.,1.,1.,1.),(0.707106781,0.707106781,0.707106781,0.707106781,0.707106781,0.707106781,0.707106781,0.707106781,0.707106781,0.707106781,0.707106781,0.707106781,0.707106781,0.707106781,0.707106781,0.707106781,0.707106781,0.707106781,0.707106781,0.707106781,0.707106781,0.707106781,0.707106781,0.707106781,0.707106781,0.707106781,
0.707106781,0.707106781,0.707106781,0.707106781,0.707106781,0.707106781),(1.,1.,1.,1.,1.,1.,1.,1.,1.,1.,1.,1.,1.,1.,1.,1.,1.,1.,1.,1.,1.,1.,1.,1.,1.,1.,
1.,1.,1.,1.,1.,1.)))
REPRESENTATION_ITEM('')
SURFACE()
);
#3273=ORIENTED_EDGE('',*,*,#3169,.T.);
#3274=ORIENTED_EDGE('',*,*,#2534,.F.);
#3275=CARTESIAN_POINT('',(80.011180268,141.593124799,2.292911347));
#3276=DIRECTION('',(-0.99999995,-0.000315372,0.));
#3277=DIRECTION('',(0.000315372,-0.99999995,0.));
#3278=AXIS2_PLACEMENT_3D('',#3275,#3276,#3277);
#3279=CIRCLE('',#3278,0.707106781);
#3280=EDGE_CURVE('',#2558,#2495,#3279,.T.);
#3281=ORIENTED_EDGE('',*,*,#3280,.F.);
#3282=ORIENTED_EDGE('',*,*,#2640,.F.);
#3283=EDGE_LOOP('',(#3273,#3274,#3281,#3282));
#3284=FACE_BOUND('',#3283,.T.);
#3285=ADVANCED_FACE('',(#3284),#3272,.T.);
#3286=CARTESIAN_POINT('',(61.511181239,141.587290417,2.292911347));
#3287=DIRECTION('',(-0.99999995,-0.000315372,0.));
#3288=DIRECTION('',(0.000315372,-0.99999995,0.));
#3289=AXIS2_PLACEMENT_3D('',#3286,#3287,#3288);
#3290=CYLINDRICAL_SURFACE('',#3289,0.707106781);
#3291=ORIENTED_EDGE('',*,*,#3280,.T.);
#3292=ORIENTED_EDGE('',*,*,#2500,.F.);
#3293=ORIENTED_EDGE('',*,*,#1412,.F.);
#3294=ORIENTED_EDGE('',*,*,#356,.F.);
#3295=ORIENTED_EDGE('',*,*,#2569,.F.);
#3296=EDGE_LOOP('',(#3291,#3292,#3293,#3294,#3295));
#3297=FACE_BOUND('',#3296,.T.);
#3298=ADVANCED_FACE('',(#3297),#3290,.T.);
#3299=CARTESIAN_POINT('',(61.488792785,212.577894955,2.292911347));
#3300=DIRECTION('',(0.99999995,0.000315372,0.));
#3301=DIRECTION('',(-0.000315372,0.99999995,0.));
#3302=AXIS2_PLACEMENT_3D('',#3299,#3300,#3301);
#3303=CYLINDRICAL_SURFACE('',#3302,0.707106781);
#3304=ORIENTED_EDGE('',*,*,#2395,.F.);
#3305=ORIENTED_EDGE('',*,*,#88,.F.);
#3306=CARTESIAN_POINT('',(79.98879181,212.583729337,2.292911347));
#3307=DIRECTION('',(0.99999995,0.000315372,0.));
#3308=DIRECTION('',(-0.000315372,0.99999995,0.));
#3309=AXIS2_PLACEMENT_3D('',#3306,#3307,#3308);
#3310=CIRCLE('',#3309,0.707106781);
#3311=EDGE_CURVE('',#2891,#51,#3310,.T.);
#3312=ORIENTED_EDGE('',*,*,#3311,.F.);
#3313=ORIENTED_EDGE('',*,*,#2954,.F.);
#3314=ORIENTED_EDGE('',*,*,#1054,.F.);
#3315=ORIENTED_EDGE('',*,*,#1022,.F.);
#3316=EDGE_LOOP('',(#3304,#3305,#3312,#3313,#3314,#3315));
#3317=FACE_BOUND('',#3316,.T.);
#3318=ADVANCED_FACE('',(#3317),#3303,.T.);
#3319=CARTESIAN_POINT('',(79.988568808,213.290836083,2.292911347));
#3320=CARTESIAN_POINT('',(87.690439941,213.293265037,2.292911347));
#3321=CARTESIAN_POINT('',(95.400711528,212.84289641,2.292911347));
#3322=CARTESIAN_POINT('',(106.843863831,211.247198975,2.292911347));
#3323=CARTESIAN_POINT('',(110.637426614,210.562824992,2.292911347));
#3324=CARTESIAN_POINT('',(118.146152451,208.844851431,2.292911347));
#3325=CARTESIAN_POINT('',(121.861100672,207.810928854,2.292911347));
#3326=CARTESIAN_POINT('',(129.163430665,205.360117154,2.292911347));
#3327=CARTESIAN_POINT('',(132.750768154,203.943720308,2.292911347));
#3328=CARTESIAN_POINT('',(139.741970063,200.709874935,2.292911347));
#3329=CARTESIAN_POINT('',(143.145205614,198.892387335,2.292911347));
#3330=CARTESIAN_POINT('',(149.699551914,194.846674039,2.292911347));
#3331=CARTESIAN_POINT('',(152.850078391,192.618152427,2.292911347));
#3332=CARTESIAN_POINT('',(158.846517309,187.783039597,2.292911347));
#3333=CARTESIAN_POINT('',(161.692322546,185.176600499,2.292911347));
#3334=CARTESIAN_POINT('',(167.020478595,179.614146245,2.292911347));
#3335=CARTESIAN_POINT('',(169.50055854,176.657611415,2.292911347));
#3336=CARTESIAN_POINT('',(174.075072425,170.460366913,2.292911347));
#3337=CARTESIAN_POINT('',(176.169743791,167.21985356,2.292911347));
#3338=CARTESIAN_POINT('',(179.958285574,160.51310098,2.292911347));
#3339=CARTESIAN_POINT('',(181.650589444,157.046771644,2.292911347));
#3340=CARTESIAN_POINT('',(184.647314045,149.950971129,2.292911347));
#3341=CARTESIAN_POINT('',(185.9519161,146.32200108,2.292911347));
#3342=CARTESIAN_POINT('',(188.203647777,138.955586939,2.292911347));
#3343=CARTESIAN_POINT('',(189.150439739,135.218116489,2.292911347));
#3344=CARTESIAN_POINT('',(190.719879384,127.676993623,2.292911347));
#3345=CARTESIAN_POINT('',(191.342862206,123.87322767,2.292911347));
#3346=CARTESIAN_POINT('',(192.793886371,112.410900665,2.292911347));
#3347=CARTESIAN_POINT('',(193.202533526,104.702419847,2.292911347));
#3348=CARTESIAN_POINT('',(193.202533526,96.999981872,2.292911347));
#3349=CARTESIAN_POINT('',(79.988568808,213.290836083,3.000018128));
#3350=CARTESIAN_POINT('',(87.690439941,213.293265037,3.000018128));
#3351=CARTESIAN_POINT('',(95.400711528,212.84289641,3.000018128));
#3352=CARTESIAN_POINT('',(106.843863831,211.247198975,3.000018128));
#3353=CARTESIAN_POINT('',(110.637426614,210.562824992,3.000018128));
#3354=CARTESIAN_POINT('',(118.146152451,208.844851431,3.000018128));
#3355=CARTESIAN_POINT('',(121.861100672,207.810928854,3.000018128));
#3356=CARTESIAN_POINT('',(129.163430664,205.360117154,3.000018128));
#3357=CARTESIAN_POINT('',(132.750768154,203.943720308,3.000018128));
#3358=CARTESIAN_POINT('',(139.741970063,200.709874935,3.000018128));
#3359=CARTESIAN_POINT('',(143.145205614,198.892387335,3.000018128));
#3360=CARTESIAN_POINT('',(149.699551914,194.846674039,3.000018128));
#3361=CARTESIAN_POINT('',(152.850078391,192.618152427,3.000018128));
#3362=CARTESIAN_POINT('',(158.846517309,187.783039597,3.000018128));
#3363=CARTESIAN_POINT('',(161.692322546,185.176600499,3.000018128));
#3364=CARTESIAN_POINT('',(167.020478595,179.614146245,3.000018128));
#3365=CARTESIAN_POINT('',(169.50055854,176.657611415,3.000018128));
#3366=CARTESIAN_POINT('',(174.075072425,170.460366913,3.000018128));
#3367=CARTESIAN_POINT('',(176.169743791,167.21985356,3.000018128));
#3368=CARTESIAN_POINT('',(179.958285574,160.51310098,3.000018128));
#3369=CARTESIAN_POINT('',(181.650589444,157.046771644,3.000018128));
#3370=CARTESIAN_POINT('',(184.647314045,149.950971129,3.000018128));
#3371=CARTESIAN_POINT('',(185.9519161,146.32200108,3.000018128));
#3372=CARTESIAN_POINT('',(188.203647777,138.955586939,3.000018128));
#3373=CARTESIAN_POINT('',(189.150439739,135.218116489,3.000018128));
#3374=CARTESIAN_POINT('',(190.719879384,127.676993623,3.000018128));
#3375=CARTESIAN_POINT('',(191.342862205,123.87322767,3.000018128));
#3376=CARTESIAN_POINT('',(192.793886371,112.410900665,3.000018128));
#3377=CARTESIAN_POINT('',(193.202533527,104.702419847,3.000018128));
#3378=CARTESIAN_POINT('',(193.202533526,96.999981872,3.000018128));
#3379=CARTESIAN_POINT('',(79.98879181,212.583729337,3.000018128));
#3380=CARTESIAN_POINT('',(87.66312761,212.586149607,3.000018128));
#3381=CARTESIAN_POINT('',(95.340417886,212.137355539,3.000018128));
#3382=CARTESIAN_POINT('',(106.727523609,210.549473553,3.000018128));
#3383=CARTESIAN_POINT('',(110.50105186,209.868648583,3.000018128));
#3384=CARTESIAN_POINT('',(117.967109893,208.160437285,3.000018128));
#3385=CARTESIAN_POINT('',(121.659470232,207.132731166,3.000018128));
#3386=CARTESIAN_POINT('',(128.915088645,204.697596831,3.000018128));
#3387=CARTESIAN_POINT('',(132.478405961,203.290614408,3.000018128));
#3388=CARTESIAN_POINT('',(139.420614526,200.07943136,3.000018128));
#3389=CARTESIAN_POINT('',(142.798863437,198.275204316,3.000018128));
#3390=CARTESIAN_POINT('',(149.303075121,194.260436941,3.000018128));
#3391=CARTESIAN_POINT('',(152.429391034,192.049023882,3.000018128));
#3392=CARTESIAN_POINT('',(158.379509291,187.251260824,3.000018128));
#3393=CARTESIAN_POINT('',(161.203064793,184.665149395,3.000018128));
#3394=CARTESIAN_POINT('',(166.488458885,179.147337495,3.000018128));
#3395=CARTESIAN_POINT('',(168.949062335,176.214090127,3.000018128));
#3396=CARTESIAN_POINT('',(173.488760392,170.064011773,3.000018128));
#3397=CARTESIAN_POINT('',(175.567937592,166.847531535,3.000018128));
#3398=CARTESIAN_POINT('',(179.328754546,160.189859469,3.000018128));
#3399=CARTESIAN_POINT('',(181.009183264,156.748011337,3.000018128));
#3400=CARTESIAN_POINT('',(183.985923972,149.699529725,3.000018128));
#3401=CARTESIAN_POINT('',(185.282372038,146.093457201,3.000018128));
#3402=CARTESIAN_POINT('',(187.520751786,138.770723148,3.000018128));
#3403=CARTESIAN_POINT('',(188.462278651,135.054282149,3.000018128));
#3404=CARTESIAN_POINT('',(190.023493448,127.552679497,3.000018128));
#3405=CARTESIAN_POINT('',(190.643511288,123.767381738,3.000018128));
#3406=CARTESIAN_POINT('',(192.088063564,112.35617925,3.000018128));
#3407=CARTESIAN_POINT('',(192.495426747,104.677517709,3.000018128));
#3408=CARTESIAN_POINT('',(192.495426745,96.999981872,3.000018128));
#3409=(BOUNDED_SURFACE()
B_SPLINE_SURFACE(2,3,((#3319,#3320,#3321,#3322,#3323,#3324,#3325,#3326,#3327,#3328,#3329,#3330,#3331,#3332,#3333,#3334,#3335,#3336,#3337,#3338,#3339,#3340,#3341,#3342,#3343,#3344,
#3345,#3346,#3347,#3348),(#3349,#3350,#3351,#3352,#3353,#3354,#3355,#3356,#3357,#3358,#3359,#3360,#3361,#3362,#3363,#3364,#3365,#3366,#3367,#3368,#3369,#3370,#3371,#3372,#3373,#3374,
#3375,#3376,#3377,#3378),(#3379,#3380,#3381,#3382,#3383,#3384,#3385,#3386,#3387,#3388,#3389,#3390,#3391,#3392,#3393,#3394,#3395,#3396,#3397,#3398,#3399,#3400,#3401,#3402,#3403,#3404,
#3405,#3406,#3407,#3408)),.UNSPECIFIED.,.F.,.F.,.U.)
B_SPLINE_SURFACE_WITH_KNOTS((3,3),(4,2,2,2,2,2,2,2,2,2,2,2,2,2,4),(0.,1.),(0.104422469,0.204182109,0.254061929,0.303941749,0.35382157,0.40370139,0.45358121,0.50346103,0.55334085,0.60322067,0.65310049,0.702980311,0.752860131,0.802739951,0.902499591),.UNSPECIFIED.)
GEOMETRIC_REPRESENTATION_ITEM()
RATIONAL_B_SPLINE_SURFACE(((1.,1.,1.,1.,1.,1.,1.,1.,1.,1.,1.,1.,1.,1.,1.,1.,1.,1.,1.,1.,1.,1.,1.,1.,1.,1.,
1.,1.,1.,1.),(0.707106781,0.707106781,0.707106781,0.707106781,0.707106781,0.707106781,0.707106781,0.707106781,0.707106781,0.707106781,0.707106781,0.707106781,0.707106781,0.707106781,0.707106781,0.707106781,0.707106781,0.707106781,0.707106781,0.707106781,0.707106781,0.707106781,0.707106781,0.707106781,0.707106781,0.707106781,
0.707106781,0.707106781,0.707106781,0.707106781),(1.,1.,1.,1.,1.,1.,1.,1.,1.,1.,1.,1.,1.,1.,1.,1.,1.,1.,1.,1.,1.,1.,1.,1.,1.,1.,
1.,1.,1.,1.)))
REPRESENTATION_ITEM('')
SURFACE()
);
#3410=ORIENTED_EDGE('',*,*,#3311,.T.);
#3411=ORIENTED_EDGE('',*,*,#80,.F.);
#3412=CARTESIAN_POINT('',(192.495426745,96.999981872,2.292911347));
#3413=DIRECTION('',(-0.,-1.,0.));
#3414=DIRECTION('',(1.,-0.,0.));
#3415=AXIS2_PLACEMENT_3D('',#3412,#3413,#3414);
#3416=CIRCLE('',#3415,0.707106781);
#3417=EDGE_CURVE('',#2842,#43,#3416,.T.);
#3418=ORIENTED_EDGE('',*,*,#3417,.F.);
#3419=ORIENTED_EDGE('',*,*,#2924,.F.);
#3420=EDGE_LOOP('',(#3410,#3411,#3418,#3419));
#3421=FACE_BOUND('',#3420,.T.);
#3422=ADVANCED_FACE('',(#3421),#3409,.T.);
#3423=CARTESIAN_POINT('',(192.495426745,78.499981872,2.292911347));
#3424=DIRECTION('',(-0.,-1.,0.));
#3425=DIRECTION('',(1.,-0.,0.));
#3426=AXIS2_PLACEMENT_3D('',#3423,#3424,#3425);
#3427=CYLINDRICAL_SURFACE('',#3426,0.707106781);
#3428=ORIENTED_EDGE('',*,*,#3417,.T.);
#3429=ORIENTED_EDGE('',*,*,#48,.F.);
#3430=ORIENTED_EDGE('',*,*,#2181,.F.);
#3431=ORIENTED_EDGE('',*,*,#272,.F.);
#3432=ORIENTED_EDGE('',*,*,#2853,.F.);
#3433=EDGE_LOOP('',(#3428,#3429,#3430,#3431,#3432));
#3434=FACE_BOUND('',#3433,.T.);
#3435=ADVANCED_FACE('',(#3434),#3427,.T.);
#3436=CARTESIAN_POINT('',(10.503699648,215.268922599,2.000018128));
#3437=DIRECTION('',(-0.99999995,-0.000315372,0.));
#3438=DIRECTION('',(0.000315372,-0.99999995,0.));
#3439=AXIS2_PLACEMENT_3D('',#3436,#3437,#3438);
#3440=CYLINDRICAL_SURFACE('',#3439,1.);
#3441=ORIENTED_EDGE('',*,*,#197,.F.);
#3442=ORIENTED_EDGE('',*,*,#3006,.T.);
#3443=CARTESIAN_POINT('',(79.987938064,215.290835983,2.000018128));
#3444=DIRECTION('',(0.99999995,0.000315372,0.));
#3445=DIRECTION('',(-0.000315372,0.99999995,0.));
#3446=AXIS2_PLACEMENT_3D('',#3443,#3444,#3445);
#3447=CIRCLE('',#3446,1.);
#3448=EDGE_CURVE('',#460,#2987,#3447,.T.);
#3449=ORIENTED_EDGE('',*,*,#3448,.F.);
#3450=ORIENTED_EDGE('',*,*,#686,.F.);
#3451=ORIENTED_EDGE('',*,*,#1122,.F.);
#3452=EDGE_LOOP('',(#3441,#3442,#3449,#3450,#3451));
#3453=FACE_BOUND('',#3452,.T.);
#3454=ADVANCED_FACE('',(#3453),#3440,.T.);
#3455=CARTESIAN_POINT('',(195.202533526,96.999981872,3.000018128));
#3456=CARTESIAN_POINT('',(195.071633832,96.999981872,3.000018128));
#3457=CARTESIAN_POINT('',(194.940785642,96.999981872,2.973990805));
#3458=CARTESIAN_POINT('',(194.698914546,96.999981872,2.873804516));
#3459=CARTESIAN_POINT('',(194.587986806,96.999981872,2.79968497));
#3460=CARTESIAN_POINT('',(194.402866684,96.999981872,2.614564848));
#3461=CARTESIAN_POINT('',(194.328747138,96.999981872,2.503637108));
#3462=CARTESIAN_POINT('',(194.22856085,96.999981872,2.261766012));
#3463=CARTESIAN_POINT('',(194.202533526,96.999981872,2.130917822));
#3464=CARTESIAN_POINT('',(194.202533526,96.999981872,2.000018128));
#3465=CARTESIAN_POINT('',(195.202533526,97.122407611,3.000018128));
#3466=CARTESIAN_POINT('',(195.071633832,97.122407611,3.000018128));
#3467=CARTESIAN_POINT('',(194.940785642,97.122407611,2.973990805));
#3468=CARTESIAN_POINT('',(194.698914546,97.122407611,2.873804516));
#3469=CARTESIAN_POINT('',(194.587986806,97.122407611,2.79968497));
#3470=CARTESIAN_POINT('',(194.402866684,97.122407611,2.614564848));
#3471=CARTESIAN_POINT('',(194.328747138,97.122407611,2.503637108));
#3472=CARTESIAN_POINT('',(194.22856085,97.122407611,2.261766012));
#3473=CARTESIAN_POINT('',(194.202533526,97.122407611,2.130917822));
#3474=CARTESIAN_POINT('',(194.202533526,97.122407611,2.000018128));
#3475=CARTESIAN_POINT('',(195.202431445,97.244832877,3.000018128));
#3476=CARTESIAN_POINT('',(195.071531811,97.244687128,3.000018129));
#3477=CARTESIAN_POINT('',(194.940683681,97.244541437,2.973990806));
#3478=CARTESIAN_POINT('',(194.698812696,97.244272129,2.873804518));
#3479=CARTESIAN_POINT('',(194.587885007,97.244148618,2.799684972));
#3480=CARTESIAN_POINT('',(194.402764969,97.243942499,2.61456485));
#3481=CARTESIAN_POINT('',(194.328645457,97.243859972,2.50363711));
#3482=CARTESIAN_POINT('',(194.228459215,97.243748421,2.261766013));
#3483=CARTESIAN_POINT('',(194.202431903,97.243719441,2.130917822));
#3484=CARTESIAN_POINT('',(194.202431903,97.243719441,2.000018128));
#3485=CARTESIAN_POINT('',(195.202021917,97.489682455,3.000018128));
#3486=CARTESIAN_POINT('',(195.071122528,97.489390325,3.000018129));
#3487=CARTESIAN_POINT('',(194.940274642,97.489098311,2.973990806));
#3488=CARTESIAN_POINT('',(194.69840411,97.488558525,2.873804518));
#3489=CARTESIAN_POINT('',(194.587476628,97.488310967,2.799684972));
#3490=CARTESIAN_POINT('',(194.402356937,97.487897833,2.61456485));
#3491=CARTESIAN_POINT('',(194.328237563,97.48773242,2.50363711));
#3492=CARTESIAN_POINT('',(194.228051508,97.487508834,2.261766013));
#3493=CARTESIAN_POINT('',(194.202024245,97.487450749,2.130917822));
#3494=CARTESIAN_POINT('',(194.202024245,97.487450749,2.000018128));
#3495=CARTESIAN_POINT('',(195.201714487,97.612106768,3.000018128));
#3496=CARTESIAN_POINT('',(195.070815282,97.611741235,3.00001813));
#3497=CARTESIAN_POINT('',(194.939967579,97.611375847,2.973990809));
#3498=CARTESIAN_POINT('',(194.698097384,97.610700431,2.873804522));
#3499=CARTESIAN_POINT('',(194.587170057,97.61039067,2.799684977));
#3500=CARTESIAN_POINT('',(194.402050623,97.609873729,2.614564854));
#3501=CARTESIAN_POINT('',(194.327931353,97.609666754,2.503637114));
#3502=CARTESIAN_POINT('',(194.227745437,97.609386987,2.261766015));
#3503=CARTESIAN_POINT('',(194.201718211,97.609314307,2.130917823));
#3504=CARTESIAN_POINT('',(194.201718211,97.609314307,2.000018128));
#3505=CARTESIAN_POINT('',(195.200482352,97.979378268,3.000018128));
#3506=CARTESIAN_POINT('',(195.069583887,97.978791896,3.00001813));
#3507=CARTESIAN_POINT('',(194.938736925,97.978205754,2.973990809));
#3508=CARTESIAN_POINT('',(194.696868098,97.977122279,2.873804522));
#3509=CARTESIAN_POINT('',(194.585941399,97.976625373,2.799684977));
#3510=CARTESIAN_POINT('',(194.400823013,97.975796117,2.614564854));
#3511=CARTESIAN_POINT('',(194.326704163,97.975464094,2.503637114));
#3512=CARTESIAN_POINT('',(194.226518814,97.975015304,2.261766015));
#3513=CARTESIAN_POINT('',(194.200491735,97.974898713,2.130917823));
#3514=CARTESIAN_POINT('',(194.200491735,97.974898713,2.000018128));
#3515=CARTESIAN_POINT('',(195.199247876,98.224224019,3.000018128));
#3516=CARTESIAN_POINT('',(195.068350154,98.223489572,3.000018134));
#3517=CARTESIAN_POINT('',(194.937503934,98.222755414,2.973990815));
#3518=CARTESIAN_POINT('',(194.695636478,98.221398333,2.873804532));
#3519=CARTESIAN_POINT('',(194.584710407,98.220775944,2.799684987));
#3520=CARTESIAN_POINT('',(194.399593069,98.219737279,2.614564863));
#3521=CARTESIAN_POINT('',(194.325474638,98.219321412,2.503637122));
#3522=CARTESIAN_POINT('',(194.225289856,98.218759291,2.26176602));
#3523=CARTESIAN_POINT('',(194.199262924,98.218613258,2.130917826));
#3524=CARTESIAN_POINT('',(194.199262924,98.218613258,2.000018128));
#3525=CARTESIAN_POINT('',(195.194290838,98.958755454,3.000018128));
#3526=CARTESIAN_POINT('',(195.063396131,98.957574242,3.000018134));
#3527=CARTESIAN_POINT('',(194.932552924,98.956393495,2.973990815));
#3528=CARTESIAN_POINT('',(194.69069104,98.9542109,2.873804532));
#3529=CARTESIAN_POINT('',(194.579767524,98.953209911,2.799684987));
#3530=CARTESIAN_POINT('',(194.39465445,98.951539426,2.614564863));
#3531=CARTESIAN_POINT('',(194.320537726,98.950870586,2.503637122));
#3532=CARTESIAN_POINT('',(194.220355252,98.949966526,2.26176602));
#3533=CARTESIAN_POINT('',(194.194328919,98.94973166,2.130917826));
#3534=CARTESIAN_POINT('',(194.194328919,98.94973166,2.000018128));
#3535=CARTESIAN_POINT('',(195.189314699,99.448438777,3.000018128));
#3536=CARTESIAN_POINT('',(195.058423037,99.446956322,3.000018141));
#3537=CARTESIAN_POINT('',(194.927582872,99.445474449,2.973990828));
#3538=CARTESIAN_POINT('',(194.68572661,99.442735228,2.873804551));
#3539=CARTESIAN_POINT('',(194.574805672,99.441478958,2.799685007));
#3540=CARTESIAN_POINT('',(194.389696899,99.439382448,2.614564882));
#3541=CARTESIAN_POINT('',(194.315581896,99.438543035,2.503637138));
#3542=CARTESIAN_POINT('',(194.215401749,99.437408412,2.261766029));
#3543=CARTESIAN_POINT('',(194.189376021,99.437113649,2.13091783));
#3544=CARTESIAN_POINT('',(194.189376021,99.437113649,2.000018128));
#3545=CARTESIAN_POINT('',(195.169259639,100.917299339,3.000018128));
#3546=CARTESIAN_POINT('',(195.038380454,100.914903023,3.000018141));
#3547=CARTESIAN_POINT('',(194.907552762,100.912507651,2.973990828));
#3548=CARTESIAN_POINT('',(194.665719555,100.908079837,2.873804551));
#3549=CARTESIAN_POINT('',(194.554809191,100.906049138,2.799685007));
#3550=CARTESIAN_POINT('',(194.369718063,100.902660236,2.614564882));
#3551=CARTESIAN_POINT('',(194.295610126,100.901303366,2.503637138));
#3552=CARTESIAN_POINT('',(194.195439529,100.899469306,2.261766029));
#3553=CARTESIAN_POINT('',(194.169416282,100.898992836,2.13091783));
#3554=CARTESIAN_POINT('',(194.169416282,100.898992836,2.000018128));
#3555=CARTESIAN_POINT('',(195.149055025,101.896340907,3.000018128));
#3556=CARTESIAN_POINT('',(195.018188551,101.893321771,3.000018211));
#3557=CARTESIAN_POINT('',(194.887373552,101.890303823,2.97399095));
#3558=CARTESIAN_POINT('',(194.645563791,101.884725187,2.873804737));
#3559=CARTESIAN_POINT('',(194.534664172,101.882166694,2.799685204));
#3560=CARTESIAN_POINT('',(194.349590971,101.877896989,2.614565065));
#3561=CARTESIAN_POINT('',(194.275490208,101.876187458,2.503637297));
#3562=CARTESIAN_POINT('',(194.175329307,101.87387671,2.261766118));
#3563=CARTESIAN_POINT('',(194.149308578,101.873276402,2.130917875));
#3564=CARTESIAN_POINT('',(194.149308578,101.873276402,2.000018128));
#3565=CARTESIAN_POINT('',(195.067017611,104.832842436,3.000018128));
#3566=CARTESIAN_POINT('',(194.936204478,104.827913999,3.000018211));
#3567=CARTESIAN_POINT('',(194.805442797,104.8229875,2.97399095));
#3568=CARTESIAN_POINT('',(194.563731597,104.813880933,2.873804737));
#3569=CARTESIAN_POINT('',(194.45287718,104.809704449,2.799685204));
#3570=CARTESIAN_POINT('',(194.267879414,104.802734585,2.614565065));
#3571=CARTESIAN_POINT('',(194.193808854,104.799943947,2.503637297));
#3572=CARTESIAN_POINT('',(194.093688777,104.796171884,2.261766118));
#3573=CARTESIAN_POINT('',(194.067678655,104.795191943,2.130917875));
#3574=CARTESIAN_POINT('',(194.067678655,104.795191944,2.000018128));
#3575=CARTESIAN_POINT('',(194.983740906,106.7901055,3.000018128));
#3576=CARTESIAN_POINT('',(194.852983461,106.783849276,3.000018156));
#3577=CARTESIAN_POINT('',(194.722277458,106.777595513,2.973990853));
#3578=CARTESIAN_POINT('',(194.480669188,106.766035516,2.873804589));
#3579=CARTESIAN_POINT('',(194.369861984,106.760733831,2.799685047));
#3580=CARTESIAN_POINT('',(194.184943012,106.751886192,2.61456492));
#3581=CARTESIAN_POINT('',(194.110904003,106.748343719,2.50363717));
#3582=CARTESIAN_POINT('',(194.010826575,106.74355541,2.261766047));
#3583=CARTESIAN_POINT('',(193.984827532,106.742311459,2.130917839));
#3584=CARTESIAN_POINT('',(193.984827532,106.742311458,2.000018128));
#3585=CARTESIAN_POINT('',(194.640907102,112.655712195,3.000018128));
#3586=CARTESIAN_POINT('',(194.510391912,112.645311189,3.000018156));
#3587=CARTESIAN_POINT('',(194.379928068,112.634914275,2.973990853));
#3588=CARTESIAN_POINT('',(194.138767427,112.61569572,2.873804589));
#3589=CARTESIAN_POINT('',(194.028165515,112.606881641,2.799685047));
#3590=CARTESIAN_POINT('',(193.843589144,112.592172396,2.61456492));
#3591=CARTESIAN_POINT('',(193.769687307,112.586283017,2.503637171));
#3592=CARTESIAN_POINT('',(193.669795293,112.57832243,2.261766047));
#3593=CARTESIAN_POINT('',(193.643844418,112.576254356,2.130917839));
#3594=CARTESIAN_POINT('',(193.643844418,112.576254356,2.000018128));
#3595=CARTESIAN_POINT('',(194.288141069,116.559159781,3.000018128));
#3596=CARTESIAN_POINT('',(194.157887912,116.545777806,3.000018163));
#3597=CARTESIAN_POINT('',(194.027685997,116.532401097,2.973990865));
#3598=CARTESIAN_POINT('',(193.787009525,116.50767443,2.873804608));
#3599=CARTESIAN_POINT('',(193.676629664,116.496334202,2.799685067));
#3600=CARTESIAN_POINT('',(193.492423858,116.477409229,2.614564938));
#3601=CARTESIAN_POINT('',(193.41867039,116.469831931,2.503637187));
#3602=CARTESIAN_POINT('',(193.318978924,116.459589808,2.261766056));
#3603=CARTESIAN_POINT('',(193.29308015,116.456929014,2.130917844));
#3604=CARTESIAN_POINT('',(193.29308015,116.456929014,2.000018128));
#3605=CARTESIAN_POINT('',(193.545155605,122.387029374,3.000018128));
#3606=CARTESIAN_POINT('',(193.415509081,122.36888905,3.000018163));
#3607=CARTESIAN_POINT('',(193.285913562,122.350755862,2.973990865));
#3608=CARTESIAN_POINT('',(193.046358004,122.317236911,2.873804608));
#3609=CARTESIAN_POINT('',(192.93649222,122.301864336,2.799685067));
#3610=CARTESIAN_POINT('',(192.753144324,122.276210041,2.614564938));
#3611=CARTESIAN_POINT('',(192.679734352,122.265938415,2.503637187));
#3612=CARTESIAN_POINT('',(192.580507183,122.252054411,2.261766056));
#3613=CARTESIAN_POINT('',(192.554729028,122.248447496,2.130917844));
#3614=CARTESIAN_POINT('',(192.554729028,122.248447497,2.000018128));
#3615=CARTESIAN_POINT('',(193.261805905,124.325841051,3.000018128));
#3616=CARTESIAN_POINT('',(193.132399417,124.306049146,3.000018148));
#3617=CARTESIAN_POINT('',(193.003043841,124.286265029,2.973990839));
#3618=CARTESIAN_POINT('',(192.763931819,124.249694356,2.873804568));
#3619=CARTESIAN_POINT('',(192.654269453,124.232922191,2.799685025));
#3620=CARTESIAN_POINT('',(192.471261029,124.204932209,2.614564899));
#3621=CARTESIAN_POINT('',(192.397986978,124.193725405,2.503637153));
#3622=CARTESIAN_POINT('',(192.298943531,124.178577335,2.261766037));
#3623=CARTESIAN_POINT('',(192.273213105,124.174642029,2.130917834));
#3624=CARTESIAN_POINT('',(192.273213105,124.174642029,2.000018128));
#3625=CARTESIAN_POINT('',(192.618305356,128.189082887,3.000018128));
#3626=CARTESIAN_POINT('',(192.489470452,128.165859493,3.000018148));
#3627=CARTESIAN_POINT('',(192.360686235,128.142645237,2.973990839));
#3628=CARTESIAN_POINT('',(192.122630361,128.099733999,2.873804568));
#3629=CARTESIAN_POINT('',(192.013452369,128.080053902,2.799685025));
#3630=CARTESIAN_POINT('',(191.831252287,128.047211062,2.614564899));
#3631=CARTESIAN_POINT('',(191.758301883,128.034061241,2.503637153));
#3632=CARTESIAN_POINT('',(191.659695908,128.016286824,2.261766037));
#3633=CARTESIAN_POINT('',(191.634079132,128.011669221,2.130917834));
#3634=CARTESIAN_POINT('',(191.634079132,128.011669221,2.000018128));
#3635=CARTESIAN_POINT('',(192.258016537,130.114436506,3.000018128));
#3636=CARTESIAN_POINT('',(192.129513194,130.089433634,3.000018128));
#3637=CARTESIAN_POINT('',(192.001060411,130.0644406,2.973990805));
#3638=CARTESIAN_POINT('',(191.763617194,130.018241317,2.873804517));
#3639=CARTESIAN_POINT('',(191.654720183,129.997053245,2.799684971));
#3640=CARTESIAN_POINT('',(191.472989012,129.961693845,2.614564849));
#3641=CARTESIAN_POINT('',(191.400226356,129.947536428,2.503637109));
#3642=CARTESIAN_POINT('',(191.301874155,129.928400059,2.261766013));
#3643=CARTESIAN_POINT('',(191.276323307,129.923428635,2.130917822));
#3644=CARTESIAN_POINT('',(191.276323308,129.923428635,2.000018128));
#3645=CARTESIAN_POINT('',(191.454732204,133.948856661,3.000018128));
#3646=CARTESIAN_POINT('',(191.326998563,133.920179668,3.000018128));
#3647=CARTESIAN_POINT('',(191.19931518,133.891513958,2.973990805));
#3648=CARTESIAN_POINT('',(190.963294188,133.838525785,2.873804517));
#3649=CARTESIAN_POINT('',(190.855049443,133.81422417,2.799684971));
#3650=CARTESIAN_POINT('',(190.674406796,133.773668778,2.614564849));
#3651=CARTESIAN_POINT('',(190.60207997,133.757430958,2.503637109));
#3652=CARTESIAN_POINT('',(190.504316874,133.735482537,2.261766013));
#3653=CARTESIAN_POINT('',(190.47891907,133.729780573,2.130917822));
#3654=CARTESIAN_POINT('',(190.47891907,133.729780573,2.000018128));
#3655=CARTESIAN_POINT('',(191.011760982,135.857650439,3.000018128));
#3656=CARTESIAN_POINT('',(190.884465523,135.827079027,3.000018128));
#3657=CARTESIAN_POINT('',(190.757220149,135.796519643,2.973990805));
#3658=CARTESIAN_POINT('',(190.522008809,135.740031039,2.873804517));
#3659=CARTESIAN_POINT('',(190.41413539,135.714124044,2.799684971));
#3660=CARTESIAN_POINT('',(190.234112425,135.670889538,2.614564849));
#3661=CARTESIAN_POINT('',(190.16203371,135.653579038,2.503637109));
#3662=CARTESIAN_POINT('',(190.064605983,135.630180692,2.261766013));
#3663=CARTESIAN_POINT('',(190.039295305,135.624102052,2.130917822));
#3664=CARTESIAN_POINT('',(190.039295305,135.624102052,2.000018128));
#3665=CARTESIAN_POINT('',(190.039059883,139.651162071,3.000018128));
#3666=CARTESIAN_POINT('',(189.912759828,139.616708604,3.000018128));
#3667=CARTESIAN_POINT('',(189.786509467,139.582268693,2.973990805));
#3668=CARTESIAN_POINT('',(189.553137395,139.518606987,2.873804517));
#3669=CARTESIAN_POINT('',(189.446107507,139.48941024,2.799684971));
#3670=CARTESIAN_POINT('',(189.267492256,139.44068568,2.614564849));
#3671=CARTESIAN_POINT('',(189.195977171,139.421177038,2.503637109));
#3672=CARTESIAN_POINT('',(189.099311294,139.394807496,2.261766013));
#3673=CARTESIAN_POINT('',(189.074198536,139.387956971,2.130917822));
#3674=CARTESIAN_POINT('',(189.074198536,139.387956971,2.000018128));
#3675=CARTESIAN_POINT('',(189.509173541,141.536599,3.000018128));
#3676=CARTESIAN_POINT('',(189.383430595,141.500158215,3.000018128));
#3677=CARTESIAN_POINT('',(189.257737123,141.463731768,2.973990805));
#3678=CARTESIAN_POINT('',(189.025394455,141.396397977,2.873804516));
#3679=CARTESIAN_POINT('',(188.918836675,141.365517126,2.79968497));
#3680=CARTESIAN_POINT('',(188.741009296,141.313982074,2.614564848));
#3681=CARTESIAN_POINT('',(188.669809663,141.293348149,2.503637108));
#3682=CARTESIAN_POINT('',(188.573570179,141.26545758,2.261766012));
#3683=CARTESIAN_POINT('',(188.548568193,141.258211909,2.130917822));
#3684=CARTESIAN_POINT('',(188.548568193,141.258211909,2.000018128));
#3685=CARTESIAN_POINT('',(188.357881427,145.281459774,3.000018128));
#3686=CARTESIAN_POINT('',(188.23338375,145.240968445,3.000018128));
#3687=CARTESIAN_POINT('',(188.108935058,145.200493047,2.973990805));
#3688=CARTESIAN_POINT('',(187.878893347,145.125674827,2.873804516));
#3689=CARTESIAN_POINT('',(187.77339084,145.091361442,2.79968497));
#3690=CARTESIAN_POINT('',(187.597324536,145.034098055,2.614564848));
#3691=CARTESIAN_POINT('',(187.526830015,145.011170584,2.503637108));
#3692=CARTESIAN_POINT('',(187.431543618,144.980179863,2.261766012));
#3693=CARTESIAN_POINT('',(187.406789234,144.972128806,2.130917822));
#3694=CARTESIAN_POINT('',(187.406789234,144.972128806,2.000018128));
#3695=CARTESIAN_POINT('',(187.736779454,147.139860225,3.000018128));
#3696=CARTESIAN_POINT('',(187.612972648,147.097296604,3.000018128));
#3697=CARTESIAN_POINT('',(187.489214554,147.05474973,2.973990805));
#3698=CARTESIAN_POINT('',(187.260449406,146.976102414,2.873804517));
#3699=CARTESIAN_POINT('',(187.15553236,146.940032916,2.799684971));
#3700=CARTESIAN_POINT('',(186.980443095,146.879838867,2.614564849));
#3701=CARTESIAN_POINT('',(186.910339766,146.855737999,2.503637109));
#3702=CARTESIAN_POINT('',(186.815582139,146.823161214,2.261766013));
#3703=CARTESIAN_POINT('',(186.790965124,146.814698114,2.130917822));
#3704=CARTESIAN_POINT('',(186.790965124,146.814698114,2.000018128));
#3705=CARTESIAN_POINT('',(186.733969476,149.901547382,3.000018128));
#3706=CARTESIAN_POINT('',(186.611313987,149.855813093,3.000018128));
#3707=CARTESIAN_POINT('',(186.488706757,149.8100968,2.973990805));
#3708=CARTESIAN_POINT('',(186.262068965,149.725590854,2.873804517));
#3709=CARTESIAN_POINT('',(186.158127574,149.686834451,2.799684971));
#3710=CARTESIAN_POINT('',(185.984666518,149.6221564,2.614564849));
#3711=CARTESIAN_POINT('',(185.915215101,149.5962602,2.503637109));
#3712=CARTESIAN_POINT('',(185.821338654,149.561256691,2.261766013));
#3713=CARTESIAN_POINT('',(185.796950559,149.552163155,2.130917822));
#3714=CARTESIAN_POINT('',(185.796950559,149.552163155,2.000018128));
#3715=CARTESIAN_POINT('',(186.387744525,150.81804033,3.000018128));
#3716=CARTESIAN_POINT('',(186.265492086,150.771238524,3.000018131));
#3717=CARTESIAN_POINT('',(186.143287747,150.724455132,2.973990809));
#3718=CARTESIAN_POINT('',(185.917394693,150.637976669,2.873804523));
#3719=CARTESIAN_POINT('',(185.813794857,150.598315624,2.799684978));
#3720=CARTESIAN_POINT('',(185.640903798,150.532127874,2.614564855));
#3721=CARTESIAN_POINT('',(185.5716806,150.505627211,2.503637114));
#3722=CARTESIAN_POINT('',(185.478112633,150.469806658,2.261766016));
#3723=CARTESIAN_POINT('',(185.453804679,150.460500863,2.130917824));
#3724=CARTESIAN_POINT('',(185.453804679,150.460500863,2.000018128));
#3725=CARTESIAN_POINT('',(185.671442036,152.640720782,3.000018128));
#3726=CARTESIAN_POINT('',(185.550035652,152.591766132,3.000018131));
#3727=CARTESIAN_POINT('',(185.428677035,152.542830744,2.973990809));
#3728=CARTESIAN_POINT('',(185.204347286,152.452374345,2.873804523));
#3729=CARTESIAN_POINT('',(185.101464418,152.410888925,2.799684978));
#3730=CARTESIAN_POINT('',(184.929769861,152.341656595,2.614564855));
#3731=CARTESIAN_POINT('',(184.861025726,152.313936924,2.503637114));
#3732=CARTESIAN_POINT('',(184.768105301,152.276468656,2.261766016));
#3733=CARTESIAN_POINT('',(184.743965571,152.266734802,2.130917824));
#3734=CARTESIAN_POINT('',(184.743965571,152.266734802,2.000018128));
#3735=CARTESIAN_POINT('',(185.301338651,153.546998309,3.000018128));
#3736=CARTESIAN_POINT('',(185.180375294,153.496958236,3.000018137));
#3737=CARTESIAN_POINT('',(185.059459529,153.446937851,2.97399082));
#3738=CARTESIAN_POINT('',(184.835948384,153.35447585,2.873804539));
#3739=CARTESIAN_POINT('',(184.733440947,153.312070615,2.799684995));
#3740=CARTESIAN_POINT('',(184.562372921,153.241303262,2.614564871));
#3741=CARTESIAN_POINT('',(184.49387964,153.212968989,2.503637128));
#3742=CARTESIAN_POINT('',(184.401298291,153.174669974,2.261766023));
#3743=CARTESIAN_POINT('',(184.377246649,153.1647203,2.130917827));
#3744=CARTESIAN_POINT('',(184.377246649,153.1647203,2.000018128));
#3745=CARTESIAN_POINT('',(184.536593912,155.349159549,3.000018128));
#3746=CARTESIAN_POINT('',(184.416558719,155.296932207,3.000018137));
#3747=CARTESIAN_POINT('',(184.296570754,155.244725413,2.97399082));
#3748=CARTESIAN_POINT('',(184.074774634,155.148221867,2.873804539));
#3749=CARTESIAN_POINT('',(183.973053747,155.103963084,2.799684995));
#3750=CARTESIAN_POINT('',(183.803298344,155.030102466,2.614564871));
#3751=CARTESIAN_POINT('',(183.735330619,155.000529692,2.503637128));
#3752=CARTESIAN_POINT('',(183.643459657,154.960556614,2.261766023));
#3753=CARTESIAN_POINT('',(183.619592566,154.950172037,2.130917827));
#3754=CARTESIAN_POINT('',(183.619592566,154.950172037,2.000018128));
#3755=CARTESIAN_POINT('',(184.141952636,156.245043294,3.000018128));
#3756=CARTESIAN_POINT('',(184.022402583,156.191714106,3.000018129));
#3757=CARTESIAN_POINT('',(183.902899567,156.138405901,2.973990807));
#3758=CARTESIAN_POINT('',(183.681999872,156.03986641,2.87380452));
#3759=CARTESIAN_POINT('',(183.580690107,155.994673896,2.799684974));
#3760=CARTESIAN_POINT('',(183.411620799,155.919255035,2.614564852));
#3761=CARTESIAN_POINT('',(183.343927778,155.889058362,2.503637111));
#3762=CARTESIAN_POINT('',(183.252428128,155.848241969,2.261766014));
#3763=CARTESIAN_POINT('',(183.2286575,155.837638307,2.130917823));
#3764=CARTESIAN_POINT('',(183.2286575,155.837638307,2.000018128));
#3765=CARTESIAN_POINT('',(183.327460304,158.026132405,3.000018128));
#3766=CARTESIAN_POINT('',(183.208924658,157.970584965,3.000018129));
#3767=CARTESIAN_POINT('',(183.09043565,157.915059381,2.973990807));
#3768=CARTESIAN_POINT('',(182.871410335,157.812421095,2.87380452));
#3769=CARTESIAN_POINT('',(182.770960204,157.765348777,2.799684974));
#3770=CARTESIAN_POINT('',(182.603325485,157.686792834,2.614564852));
#3771=CARTESIAN_POINT('',(182.536206853,157.655340117,2.503637111));
#3772=CARTESIAN_POINT('',(182.445483597,157.612825946,2.261766014));
#3773=CARTESIAN_POINT('',(182.421914667,157.601781221,2.130917823));
#3774=CARTESIAN_POINT('',(182.421914667,157.601781221,2.000018128));
#3775=CARTESIAN_POINT('',(182.907590469,158.911353817,3.000018128));
#3776=CARTESIAN_POINT('',(182.789584124,158.854689943,3.000018129));
#3777=CARTESIAN_POINT('',(182.67162421,158.798048363,2.973990807));
#3778=CARTESIAN_POINT('',(182.453576917,158.693347175,2.87380452));
#3779=CARTESIAN_POINT('',(182.35357533,158.645328762,2.799684974));
#3780=CARTESIAN_POINT('',(182.186689157,158.565193942,2.614564851));
#3781=CARTESIAN_POINT('',(182.119870233,158.533109064,2.503637111));
#3782=CARTESIAN_POINT('',(182.029552086,158.489740412,2.261766014));
#3783=CARTESIAN_POINT('',(182.0060884,158.478473701,2.130917823));
#3784=CARTESIAN_POINT('',(182.0060884,158.478473701,2.000018128));
#3785=CARTESIAN_POINT('',(182.042910087,160.668907853,3.000018128));
#3786=CARTESIAN_POINT('',(181.926007145,160.610001198,3.000018129));
#3787=CARTESIAN_POINT('',(181.809150199,160.55111772,2.973990807));
#3788=CARTESIAN_POINT('',(181.593141726,160.442272413,2.87380452));
#3789=CARTESIAN_POINT('',(181.494075191,160.39235341,2.799684974));
#3790=CARTESIAN_POINT('',(181.328749463,160.309046818,2.614564851));
#3791=CARTESIAN_POINT('',(181.26255532,160.275692007,2.503637111));
#3792=CARTESIAN_POINT('',(181.173081681,160.230606805,2.261766014));
#3793=CARTESIAN_POINT('',(181.149837389,160.218894153,2.130917823));
#3794=CARTESIAN_POINT('',(181.149837389,160.218894153,2.000018128));
#3795=CARTESIAN_POINT('',(181.597859406,161.541728796,3.000018128));
#3796=CARTESIAN_POINT('',(181.48153087,161.481695172,3.000018134));
#3797=CARTESIAN_POINT('',(181.365248102,161.421685167,2.973990815));
#3798=CARTESIAN_POINT('',(181.150300992,161.310757492,2.873804531));
#3799=CARTESIAN_POINT('',(181.051721221,161.259883466,2.799684986));
#3800=CARTESIAN_POINT('',(180.887207823,161.174983097,2.614564863));
#3801=CARTESIAN_POINT('',(180.821338925,161.14099016,2.503637121));
#3802=CARTESIAN_POINT('',(180.732304916,161.095042411,2.26176602));
#3803=CARTESIAN_POINT('',(180.709174835,161.083105679,2.130917825));
#3804=CARTESIAN_POINT('',(180.709174835,161.083105678,2.000018128));
#3805=CARTESIAN_POINT('',(180.682718625,163.273319184,3.000018128));
#3806=CARTESIAN_POINT('',(180.567584549,163.211025452,3.000018134));
#3807=CARTESIAN_POINT('',(180.452495772,163.14875623,2.973990815));
#3808=CARTESIAN_POINT('',(180.239755736,163.033652422,2.873804531));
#3809=CARTESIAN_POINT('',(180.142188181,162.980863124,2.799684986));
#3810=CARTESIAN_POINT('',(179.979364005,162.892766482,2.614564863));
#3811=CARTESIAN_POINT('',(179.914171449,162.8574938,2.503637121));
#3812=CARTESIAN_POINT('',(179.82605164,162.809816241,2.26176602));
#3813=CARTESIAN_POINT('',(179.803159058,162.797430122,2.130917826));
#3814=CARTESIAN_POINT('',(179.803159058,162.797430122,2.000018128));
#3815=CARTESIAN_POINT('',(180.212679503,164.131994159,3.000018128));
#3816=CARTESIAN_POINT('',(180.098166798,164.068564943,3.000018163));
#3817=CARTESIAN_POINT('',(179.983699144,164.00516068,2.973990866));
#3818=CARTESIAN_POINT('',(179.772107239,163.88795876,2.873804609));
#3819=CARTESIAN_POINT('',(179.675066241,163.834207218,2.799685068));
#3820=CARTESIAN_POINT('',(179.5131208,163.744504747,2.614564939));
#3821=CARTESIAN_POINT('',(179.448280075,163.708589113,2.503637187));
#3822=CARTESIAN_POINT('',(179.360635832,163.660042484,2.261766057));
#3823=CARTESIAN_POINT('',(179.337866797,163.64743059,2.130917844));
#3824=CARTESIAN_POINT('',(179.337866798,163.64743059,2.000018128));
#3825=CARTESIAN_POINT('',(179.247235596,165.834859152,3.000018128));
#3826=CARTESIAN_POINT('',(179.13400493,165.769168657,3.000018163));
#3827=CARTESIAN_POINT('',(179.020818809,165.703504005,2.973990866));
#3828=CARTESIAN_POINT('',(178.811595802,165.582123786,2.873804609));
#3829=CARTESIAN_POINT('',(178.715641236,165.526455979,2.799685068));
#3830=CARTESIAN_POINT('',(178.55550887,165.433555577,2.614564939));
#3831=CARTESIAN_POINT('',(178.491394076,165.396359536,2.503637187));
#3832=CARTESIAN_POINT('',(178.404731062,165.3460822,2.261766057));
#3833=CARTESIAN_POINT('',(178.38221694,165.333020687,2.130917844));
#3834=CARTESIAN_POINT('',(178.38221694,165.333020687,2.000018128));
#3835=CARTESIAN_POINT('',(178.751859835,166.679065743,3.000018128));
#3836=CARTESIAN_POINT('',(178.63928886,166.61225092,3.000018137));
#3837=CARTESIAN_POINT('',(178.526762176,166.545462385,2.97399082));
#3838=CARTESIAN_POINT('',(178.318758133,166.422004687,2.873804539));
#3839=CARTESIAN_POINT('',(178.223362615,166.365384099,2.799684994));
#3840=CARTESIAN_POINT('',(178.06416321,166.270893667,2.61456487));
#3841=CARTESIAN_POINT('',(178.000421962,166.233061,2.503637128));
#3842=CARTESIAN_POINT('',(177.914263865,166.181923146,2.261766023));
#3843=CARTESIAN_POINT('',(177.891880915,166.16863808,2.130917827));
#3844=CARTESIAN_POINT('',(177.891880915,166.16863808,2.000018128));
#3845=CARTESIAN_POINT('',(177.73560115,168.352913166,3.000018128));
#3846=CARTESIAN_POINT('',(177.624388922,168.283860395,3.000018137));
#3847=CARTESIAN_POINT('',(177.513220449,168.214834793,2.97399082));
#3848=CARTESIAN_POINT('',(177.307727041,168.087241907,2.873804539));
#3849=CARTESIAN_POINT('',(177.213482959,168.028724827,2.799684994));
#3850=CARTESIAN_POINT('',(177.056205111,167.931069459,2.61456487));
#3851=CARTESIAN_POINT('',(176.993233228,167.891969595,2.503637128));
#3852=CARTESIAN_POINT('',(176.908115069,167.839118891,2.261766023));
#3853=CARTESIAN_POINT('',(176.886002285,167.825388845,2.130917827));
#3854=CARTESIAN_POINT('',(176.886002284,167.825388845,2.000018128));
#3855=CARTESIAN_POINT('',(177.214597235,169.182726184,3.000018128));
#3856=CARTESIAN_POINT('',(177.104084246,169.112559567,3.000018129));
#3857=CARTESIAN_POINT('',(176.993614738,169.042420558,2.973990807));
#3858=CARTESIAN_POINT('',(176.789413359,168.912769556,2.87380452));
#3859=CARTESIAN_POINT('',(176.695761833,168.853308575,2.799684974));
#3860=CARTESIAN_POINT('',(176.539472863,168.754077994,2.614564851));
#3861=CARTESIAN_POINT('',(176.476896913,168.714347437,2.503637111));
#3862=CARTESIAN_POINT('',(176.392313933,168.660644233,2.261766014));
#3863=CARTESIAN_POINT('',(176.370340181,168.646692717,2.130917823));
#3864=CARTESIAN_POINT('',(176.370340181,168.646692717,2.000018128));
#3865=CARTESIAN_POINT('',(175.614786899,171.64712794,3.000018128));
#3866=CARTESIAN_POINT('',(175.506431646,171.573637473,3.000018129));
#3867=CARTESIAN_POINT('',(175.398119026,171.500175923,2.973990807));
#3868=CARTESIAN_POINT('',(175.197904623,171.364383247,2.87380452));
#3869=CARTESIAN_POINT('',(175.106081617,171.302105552,2.799684974));
#3870=CARTESIAN_POINT('',(174.952844148,171.198174337,2.614564851));
#3871=CARTESIAN_POINT('',(174.891489977,171.156561711,2.503637111));
#3872=CARTESIAN_POINT('',(174.808558456,171.100314543,2.261766014));
#3873=CARTESIAN_POINT('',(174.787013736,171.085702132,2.130917823));
#3874=CARTESIAN_POINT('',(174.787013736,171.085702132,2.000018128));
#3875=CARTESIAN_POINT('',(174.498312234,173.258033642,3.000018128));
#3876=CARTESIAN_POINT('',(174.391476656,173.18234888,3.000018142));
#3877=CARTESIAN_POINT('',(174.284683111,173.106693896,2.97399083));
#3878=CARTESIAN_POINT('',(174.087276696,172.966846687,2.873804554));
#3879=CARTESIAN_POINT('',(173.996741498,172.902709486,2.79968501));
#3880=CARTESIAN_POINT('',(173.845653166,172.795675063,2.614564885));
#3881=CARTESIAN_POINT('',(173.78515948,172.752819955,2.503637141));
#3882=CARTESIAN_POINT('',(173.703391063,172.694893342,2.261766031));
#3883=CARTESIAN_POINT('',(173.682148506,172.679844629,2.130917831));
#3884=CARTESIAN_POINT('',(173.682148506,172.679844628,2.000018128));
#3885=CARTESIAN_POINT('',(171.005613507,177.97876447,3.000018128));
#3886=CARTESIAN_POINT('',(170.903596134,177.896567423,3.000018142));
#3887=CARTESIAN_POINT('',(170.801618899,177.814402715,2.97399083));
#3888=CARTESIAN_POINT('',(170.613115367,177.662522371,2.873804554));
#3889=CARTESIAN_POINT('',(170.526663239,177.592866493,2.79968501));
#3890=CARTESIAN_POINT('',(170.382388879,177.476622309,2.614564885));
#3891=CARTESIAN_POINT('',(170.324623412,177.430079739,2.503637141));
#3892=CARTESIAN_POINT('',(170.24654269,177.367168839,2.261766031));
#3893=CARTESIAN_POINT('',(170.226258155,177.350825262,2.130917831));
#3894=CARTESIAN_POINT('',(170.226258155,177.350825262,2.000018128));
#3895=CARTESIAN_POINT('',(168.479864344,180.984830535,3.000018128));
#3896=CARTESIAN_POINT('',(168.38144244,180.898341993,3.000018128));
#3897=CARTESIAN_POINT('',(168.28305926,180.811887481,2.973990805));
#3898=CARTESIAN_POINT('',(168.101199294,180.652077494,2.873804517));
#3899=CARTESIAN_POINT('',(168.017794062,180.578784897,2.799684971));
#3900=CARTESIAN_POINT('',(167.87860447,180.456471628,2.614564849));
#3901=CARTESIAN_POINT('',(167.822874876,180.407499081,2.503637109));
#3902=CARTESIAN_POINT('',(167.747546011,180.341303617,2.261766013));
#3903=CARTESIAN_POINT('',(167.72797638,180.324106745,2.130917822));
#3904=CARTESIAN_POINT('',(167.72797638,180.324106745,2.000018128));
#3905=CARTESIAN_POINT('',(165.090526164,184.5194782,3.000018128));
#3906=CARTESIAN_POINT('',(164.997029441,184.427853321,3.000018128));
#3907=CARTESIAN_POINT('',(164.903569505,184.336264494,2.973990805));
#3908=CARTESIAN_POINT('',(164.730810088,184.166963795,2.873804517));
#3909=CARTESIAN_POINT('',(164.65157858,184.089318536,2.799684971));
#3910=CARTESIAN_POINT('',(164.519354246,183.95974139,2.614564849));
#3911=CARTESIAN_POINT('',(164.466413445,183.907860487,2.503637109));
#3912=CARTESIAN_POINT('',(164.394854152,183.837733841,2.261766013));
#3913=CARTESIAN_POINT('',(164.376263815,183.819515691,2.130917822));
#3914=CARTESIAN_POINT('',(164.376263815,183.819515691,2.000018128));
#3915=CARTESIAN_POINT('',(164.400961825,185.215513965,3.000018128));
#3916=CARTESIAN_POINT('',(164.308460496,185.122884553,3.00001813));
#3917=CARTESIAN_POINT('',(164.215995562,185.030291586,2.973990808));
#3918=CARTESIAN_POINT('',(164.045075393,184.85913475,2.873804522));
#3919=CARTESIAN_POINT('',(163.966687407,184.780638223,2.799684976));
#3920=CARTESIAN_POINT('',(163.835870773,184.649640452,2.614564853));
#3921=CARTESIAN_POINT('',(163.783493595,184.597190749,2.503637113));
#3922=CARTESIAN_POINT('',(163.712696142,184.526295266,2.261766015));
#3923=CARTESIAN_POINT('',(163.694303723,184.507877379,2.130917823));
#3924=CARTESIAN_POINT('',(163.694303723,184.507877379,2.000018128));
#3925=CARTESIAN_POINT('',(163.000828963,186.584017907,3.000018128));
#3926=CARTESIAN_POINT('',(162.910336921,186.489424598,3.00001813));
#3927=CARTESIAN_POINT('',(162.819880484,186.394868508,2.973990808));
#3928=CARTESIAN_POINT('',(162.652672992,186.220082863,2.873804522));
#3929=CARTESIAN_POINT('',(162.575987727,186.13992208,2.799684976));
#3930=CARTESIAN_POINT('',(162.448012652,186.006146938,2.614564853));
#3931=CARTESIAN_POINT('',(162.396773196,185.952585215,2.503637113));
#3932=CARTESIAN_POINT('',(162.327513585,185.88018663,2.261766015));
#3933=CARTESIAN_POINT('',(162.309520681,185.861378254,2.130917823));
#3934=CARTESIAN_POINT('',(162.309520681,185.861378254,2.000018128));
#3935=CARTESIAN_POINT('',(162.290020186,187.25674302,3.000018128));
#3936=CARTESIAN_POINT('',(162.200542388,187.161189973,3.000018129));
#3937=CARTESIAN_POINT('',(162.111099795,187.065674521,2.973990806));
#3938=CARTESIAN_POINT('',(161.945766381,186.889115511,2.873804519));
#3939=CARTESIAN_POINT('',(161.869940612,186.808141421,2.799684973));
#3940=CARTESIAN_POINT('',(161.743399895,186.673009005,2.614564851));
#3941=CARTESIAN_POINT('',(161.692734736,186.618903848,2.503637111));
#3942=CARTESIAN_POINT('',(161.624251393,186.545770711,2.261766014));
#3943=CARTESIAN_POINT('',(161.606460155,186.526771506,2.130917823));
#3944=CARTESIAN_POINT('',(161.606460155,186.526771506,2.000018128));
#3945=CARTESIAN_POINT('',(160.125729576,189.240727033,3.000018128));
#3946=CARTESIAN_POINT('',(160.039325027,189.142356767,3.000018129));
#3947=CARTESIAN_POINT('',(159.952954475,189.044025206,2.973990806));
#3948=CARTESIAN_POINT('',(159.793299687,188.862260655,2.873804519));
#3949=CARTESIAN_POINT('',(159.720078269,188.778899182,2.799684973));
#3950=CARTESIAN_POINT('',(159.597883784,188.639782618,2.614564851));
#3951=CARTESIAN_POINT('',(159.548958796,188.584082263,2.503637111));
#3952=CARTESIAN_POINT('',(159.482827617,188.508792921,2.261766014));
#3953=CARTESIAN_POINT('',(159.465647446,188.489233557,2.130917823));
#3954=CARTESIAN_POINT('',(159.465647446,188.489233557,2.000018128));
#3955=CARTESIAN_POINT('',(158.639458658,190.518578851,3.000018128));
#3956=CARTESIAN_POINT('',(158.555144806,190.418411926,3.000018128));
#3957=CARTESIAN_POINT('',(158.470864128,190.318284412,2.973990805));
#3958=CARTESIAN_POINT('',(158.315072443,190.133200069,2.873804516));
#3959=CARTESIAN_POINT('',(158.243622733,190.048316061,2.79968497));
#3960=CARTESIAN_POINT('',(158.12438494,189.906658638,2.614564848));
#3961=CARTESIAN_POINT('',(158.07664377,189.849940957,2.503637108));
#3962=CARTESIAN_POINT('',(158.012112742,189.773276512,2.261766012));
#3963=CARTESIAN_POINT('',(157.995348272,189.753359911,2.130917822));
#3964=CARTESIAN_POINT('',(157.995348272,189.753359911,2.000018128));
#3965=CARTESIAN_POINT('',(156.352530921,192.363185903,3.000018128));
#3966=CARTESIAN_POINT('',(156.271416369,192.260438462,3.000018128));
#3967=CARTESIAN_POINT('',(156.190333733,192.157731448,2.973990805));
#3968=CARTESIAN_POINT('',(156.040453585,191.967878933,2.873804516));
#3969=CARTESIAN_POINT('',(155.971715045,191.880808131,2.79968497));
#3970=CARTESIAN_POINT('',(155.857001746,191.735501307,2.614564848));
#3971=CARTESIAN_POINT('',(155.811072122,191.677322457,2.503637108));
#3972=CARTESIAN_POINT('',(155.748989732,191.59868297,2.261766012));
#3973=CARTESIAN_POINT('',(155.732861393,191.578253275,2.130917822));
#3974=CARTESIAN_POINT('',(155.732861393,191.578253275,2.000018128));
#3975=CARTESIAN_POINT('',(155.580298678,192.966292429,3.000018128));
#3976=CARTESIAN_POINT('',(155.500261607,192.862703543,3.000018128));
#3977=CARTESIAN_POINT('',(155.420256026,192.759155414,2.973990805));
#3978=CARTESIAN_POINT('',(155.272366802,192.56774811,2.873804517));
#3979=CARTESIAN_POINT('',(155.204541346,192.479964246,2.799684971));
#3980=CARTESIAN_POINT('',(155.091351834,192.333467438,2.614564848));
#3981=CARTESIAN_POINT('',(155.046032313,192.274812135,2.503637109));
#3982=CARTESIAN_POINT('',(154.98477459,192.195528633,2.261766013));
#3983=CARTESIAN_POINT('',(154.968860491,192.17493163,2.130917822));
#3984=CARTESIAN_POINT('',(154.968860491,192.17493163,2.000018128));
#3985=CARTESIAN_POINT('',(154.018431096,194.147274297,3.000018128));
#3986=CARTESIAN_POINT('',(153.94056989,194.042040163,3.000018128));
#3987=CARTESIAN_POINT('',(153.86273932,193.936847435,2.973990805));
#3988=CARTESIAN_POINT('',(153.718870572,193.74240011,2.873804517));
#3989=CARTESIAN_POINT('',(153.652889,193.653222021,2.799684971));
#3990=CARTESIAN_POINT('',(153.542776627,193.504398482,2.614564848));
#3991=CARTESIAN_POINT('',(153.498689151,193.444811588,2.503637109));
#3992=CARTESIAN_POINT('',(153.439096764,193.364268869,2.261766013));
#3993=CARTESIAN_POINT('',(153.423615301,193.343344734,2.130917822));
#3994=CARTESIAN_POINT('',(153.423615301,193.343344734,2.000018128));
#3995=CARTESIAN_POINT('',(153.228607164,194.725311723,3.000018128));
#3996=CARTESIAN_POINT('',(153.151844609,194.619273559,3.000018131));
#3997=CARTESIAN_POINT('',(153.075112256,194.513277116,2.973990809));
#3998=CARTESIAN_POINT('',(152.933273548,194.317344135,2.873804523));
#3999=CARTESIAN_POINT('',(152.868223,194.227484689,2.799684978));
#4000=CARTESIAN_POINT('',(152.759664352,194.077524077,2.614564855));
#4001=CARTESIAN_POINT('',(152.716198965,194.017481915,2.503637114));
#4002=CARTESIAN_POINT('',(152.657447448,193.936323817,2.261766016));
#4003=CARTESIAN_POINT('',(152.642184434,193.915239813,2.130917824));
#4004=CARTESIAN_POINT('',(152.642184434,193.915239813,2.000018128));
#4005=CARTESIAN_POINT('',(151.631232482,195.856554453,3.000018128));
#4006=CARTESIAN_POINT('',(151.556691024,195.748943332,3.000018131));
#4007=CARTESIAN_POINT('',(151.482178895,195.641374552,2.973990809));
#4008=CARTESIAN_POINT('',(151.34444424,195.442535127,2.873804523));
#4009=CARTESIAN_POINT('',(151.281275906,195.351342718,2.799684978));
#4010=CARTESIAN_POINT('',(151.175858365,195.199157611,2.614564855));
#4011=CARTESIAN_POINT('',(151.133650634,195.138224791,2.503637114));
#4012=CARTESIAN_POINT('',(151.076599071,195.055862804,2.261766016));
#4013=CARTESIAN_POINT('',(151.061777687,195.034466043,2.130917824));
#4014=CARTESIAN_POINT('',(151.061777687,195.034466043,2.000018128));
#4015=CARTESIAN_POINT('',(150.823681751,196.409759782,3.000018128));
#4016=CARTESIAN_POINT('',(150.750262739,196.301379736,3.000018129));
#4017=CARTESIAN_POINT('',(150.676872615,196.193042332,2.973990806));
#4018=CARTESIAN_POINT('',(150.541211971,195.992782119,2.873804518));
#4019=CARTESIAN_POINT('',(150.478994828,195.900938103,2.799684973));
#4020=CARTESIAN_POINT('',(150.375164666,195.747665572,2.61456485));
#4021=CARTESIAN_POINT('',(150.3335925,195.686297362,2.50363711));
#4022=CARTESIAN_POINT('',(150.277400021,195.603346866,2.261766013));
#4023=CARTESIAN_POINT('',(150.262801818,195.581797216,2.130917822));
#4024=CARTESIAN_POINT('',(150.262801818,195.581797216,2.000018128));
#4025=CARTESIAN_POINT('',(149.190814096,197.491283161,3.000018128));
#4026=CARTESIAN_POINT('',(149.119666465,197.381398675,3.000018129));
#4027=CARTESIAN_POINT('',(149.048546828,197.271557424,2.973990806));
#4028=CARTESIAN_POINT('',(148.917083148,197.068517369,2.873804518));
#4029=CARTESIAN_POINT('',(148.85679083,196.975398452,2.799684973));
#4030=CARTESIAN_POINT('',(148.756172885,196.819998322,2.61456485));
#4031=CARTESIAN_POINT('',(148.715886847,196.757778251,2.50363711));
#4032=CARTESIAN_POINT('',(148.661432807,196.673676306,2.261766013));
#4033=CARTESIAN_POINT('',(148.647286232,196.651827523,2.130917822));
#4034=CARTESIAN_POINT('',(148.647286232,196.651827523,2.000018128));
#4035=CARTESIAN_POINT('',(148.365620081,198.019487768,3.000018128));
#4036=CARTESIAN_POINT('',(148.295625373,197.908865362,3.000018129));
#4037=CARTESIAN_POINT('',(148.225658206,197.798286481,2.973990806));
#4038=CARTESIAN_POINT('',(148.096324851,197.593882926,2.873804518));
#4039=CARTESIAN_POINT('',(148.037009551,197.500138677,2.799684972));
#4040=CARTESIAN_POINT('',(147.938022087,197.34369497,2.61456485));
#4041=CARTESIAN_POINT('',(147.89838887,197.281057065,2.50363711));
#4042=CARTESIAN_POINT('',(147.84481724,197.196390341,2.261766013));
#4043=CARTESIAN_POINT('',(147.830899905,197.174394834,2.130917822));
#4044=CARTESIAN_POINT('',(147.830899905,197.174394834,2.000018128));
#4045=CARTESIAN_POINT('',(144.200630328,200.59468403,3.000018128));
#4046=CARTESIAN_POINT('',(144.136413434,200.480489225,3.000018129));
#4047=CARTESIAN_POINT('',(144.072221805,200.366339352,2.973990806));
#4048=CARTESIAN_POINT('',(143.953564456,200.155334867,2.873804518));
#4049=CARTESIAN_POINT('',(143.899145422,200.058563277,2.799684972));
#4050=CARTESIAN_POINT('',(143.808329018,199.897067436,2.61456485));
#4051=CARTESIAN_POINT('',(143.771967381,199.832406726,2.50363711));
#4052=CARTESIAN_POINT('',(143.722817898,199.745005807,2.261766013));
#4053=CARTESIAN_POINT('',(143.710049389,199.722299985,2.130917822));
#4054=CARTESIAN_POINT('',(143.710049389,199.722299985,2.000018128));
#4055=CARTESIAN_POINT('',(140.743018337,202.445566538,3.000018128));
#4056=CARTESIAN_POINT('',(140.683408792,202.328920479,3.000018128));
#4057=CARTESIAN_POINT('',(140.623822702,202.212320316,2.973990805));
#4058=CARTESIAN_POINT('',(140.513678625,201.996786504,2.873804517));
#4059=CARTESIAN_POINT('',(140.463163977,201.897937659,2.799684971));
#4060=CARTESIAN_POINT('',(140.378863351,201.732975221,2.614564848));
#4061=CARTESIAN_POINT('',(140.345110542,201.666926534,2.503637109));
#4062=CARTESIAN_POINT('',(140.299487371,201.577649506,2.261766012));
#4063=CARTESIAN_POINT('',(140.287634961,201.554456291,2.130917822));
#4064=CARTESIAN_POINT('',(140.287634961,201.554456291,2.000018128));
#4065=CARTESIAN_POINT('',(135.412484443,204.918395805,3.000018128));
#4066=CARTESIAN_POINT('',(135.359660876,204.798601738,3.000018128));
#4067=CARTESIAN_POINT('',(135.306858092,204.678854806,2.973990805));
#4068=CARTESIAN_POINT('',(135.209252866,204.457504234,2.873804517));
#4069=CARTESIAN_POINT('',(135.164488827,204.355987687,2.799684971));
#4070=CARTESIAN_POINT('',(135.089785021,204.186573294,2.614564848));
#4071=CARTESIAN_POINT('',(135.059874647,204.118742105,2.503637109));
#4072=CARTESIAN_POINT('',(135.019445238,204.027055696,2.261766012));
#4073=CARTESIAN_POINT('',(135.008942112,204.003236551,2.130917822));
#4074=CARTESIAN_POINT('',(135.008942112,204.003236551,2.000018128));
#4075=CARTESIAN_POINT('',(133.611938341,205.691936689,3.000018128));
#4076=CARTESIAN_POINT('',(133.561356183,205.571181337,3.000018129));
#4077=CARTESIAN_POINT('',(133.510793927,205.450473498,2.973990806));
#4078=CARTESIAN_POINT('',(133.417330287,205.227346702,2.873804518));
#4079=CARTESIAN_POINT('',(133.374465676,205.125015536,2.799684973));
#4080=CARTESIAN_POINT('',(133.302931703,204.95424168,2.61456485));
#4081=CARTESIAN_POINT('',(133.274290486,204.885866181,2.50363711));
#4082=CARTESIAN_POINT('',(133.235576578,204.793444036,2.261766013));
#4083=CARTESIAN_POINT('',(133.22551912,204.769433754,2.130917822));
#4084=CARTESIAN_POINT('',(133.22551912,204.769433753,2.000018128));
#4085=CARTESIAN_POINT('',(130.883205514,206.776996886,3.000018128));
#4086=CARTESIAN_POINT('',(130.835945158,206.654920645,3.000018129));
#4087=CARTESIAN_POINT('',(130.788703396,206.532892435,2.973990806));
#4088=CARTESIAN_POINT('',(130.701377644,206.307324954,2.873804518));
#4089=CARTESIAN_POINT('',(130.661328013,206.203874433,2.799684973));
#4090=CARTESIAN_POINT('',(130.594491775,206.031232557,2.61456485));
#4091=CARTESIAN_POINT('',(130.567731467,205.962109129,2.50363711));
#4092=CARTESIAN_POINT('',(130.531559956,205.868676019,2.261766013));
#4093=CARTESIAN_POINT('',(130.522162985,205.844403099,2.130917822));
#4094=CARTESIAN_POINT('',(130.522162985,205.844403099,2.000018128));
#4095=CARTESIAN_POINT('',(129.968737599,207.126247859,3.000018128));
#4096=CARTESIAN_POINT('',(129.922578127,207.003751359,3.000018129));
#4097=CARTESIAN_POINT('',(129.876436817,206.881303057,2.973990806));
#4098=CARTESIAN_POINT('',(129.791145234,206.65495904,2.873804518));
#4099=CARTESIAN_POINT('',(129.75202852,206.551152382,2.799684973));
#4100=CARTESIAN_POINT('',(129.686749168,206.377916171,2.61456485));
#4101=CARTESIAN_POINT('',(129.660612216,206.30855478,2.50363711));
#4102=CARTESIAN_POINT('',(129.625283285,206.214800018,2.261766013));
#4103=CARTESIAN_POINT('',(129.616105208,206.190443536,2.130917822));
#4104=CARTESIAN_POINT('',(129.616105208,206.190443536,2.000018128));
#4105=CARTESIAN_POINT('',(128.130227735,207.800403607,3.000018128));
#4106=CARTESIAN_POINT('',(128.086257371,207.677104393,3.000018129));
#4107=CARTESIAN_POINT('',(128.042304307,207.553853692,2.973990806));
#4108=CARTESIAN_POINT('',(127.961057667,207.326026451,2.873804518));
#4109=CARTESIAN_POINT('',(127.923796059,207.221539552,2.799684973));
#4110=CARTESIAN_POINT('',(127.861612573,207.047168131,2.61456485));
#4111=CARTESIAN_POINT('',(127.836715162,206.977352216,2.50363711));
#4112=CARTESIAN_POINT('',(127.803061702,206.882983083,2.261766013));
#4113=CARTESIAN_POINT('',(127.794318894,206.858466994,2.130917822));
#4114=CARTESIAN_POINT('',(127.794318894,206.858466994,2.000018128));
#4115=CARTESIAN_POINT('',(127.206000996,208.125364856,3.000018128));
#4116=CARTESIAN_POINT('',(127.163119439,208.001682995,3.000018128));
#4117=CARTESIAN_POINT('',(127.120254754,207.878049799,2.973990805));
#4118=CARTESIAN_POINT('',(127.041019968,207.64951552,2.873804516));
#4119=CARTESIAN_POINT('',(127.004681043,207.544704357,2.79968497));
#4120=CARTESIAN_POINT('',(126.944037364,207.369791792,2.614564848));
#4121=CARTESIAN_POINT('',(126.91975647,207.299759212,2.503637108));
#4122=CARTESIAN_POINT('',(126.886936347,207.205097214,2.261766012));
#4123=CARTESIAN_POINT('',(126.878410031,207.180505042,2.130917822));
#4124=CARTESIAN_POINT('',(126.878410031,207.180505042,2.000018128));
#4125=CARTESIAN_POINT('',(124.421708617,209.063610702,3.000018128));
#4126=CARTESIAN_POINT('',(124.382069288,208.938836282,3.000018128));
#4127=CARTESIAN_POINT('',(124.342445556,208.814110955,2.973990805));
#4128=CARTESIAN_POINT('',(124.269201627,208.583557888,2.873804516));
#4129=CARTESIAN_POINT('',(124.235610249,208.477820861,2.79968497));
#4130=CARTESIAN_POINT('',(124.179551772,208.301363183,2.614564848));
#4131=CARTESIAN_POINT('',(124.157106731,208.230711961,2.503637108));
#4132=CARTESIAN_POINT('',(124.126768102,208.135213754,2.261766012));
#4133=CARTESIAN_POINT('',(124.118886452,208.110404344,2.130917822));
#4134=CARTESIAN_POINT('',(124.118886452,208.110404344,2.000018128));
#4135=CARTESIAN_POINT('',(122.548953466,209.640596555,3.000018128));
#4136=CARTESIAN_POINT('',(122.511442666,209.515167915,3.000018132));
#4137=CARTESIAN_POINT('',(122.473946624,209.389788625,2.973990812));
#4138=CARTESIAN_POINT('',(122.404635702,209.158026715,2.873804527));
#4139=CARTESIAN_POINT('',(122.372848092,209.051735285,2.799684982));
#4140=CARTESIAN_POINT('',(122.319799809,208.874352398,2.614564859));
#4141=CARTESIAN_POINT('',(122.298560007,208.803330734,2.503637118));
#4142=CARTESIAN_POINT('',(122.269850483,208.707331807,2.261766018));
#4143=CARTESIAN_POINT('',(122.262392056,208.682392315,2.130917825));
#4144=CARTESIAN_POINT('',(122.262392056,208.682392315,2.000018128));
#4145=CARTESIAN_POINT('',(118.779270505,210.700470457,3.000018128));
#4146=CARTESIAN_POINT('',(118.745921927,210.573871577,3.000018132));
#4147=CARTESIAN_POINT('',(118.71258647,210.447322508,2.973990812));
#4148=CARTESIAN_POINT('',(118.650966332,210.213398279,2.873804527));
#4149=CARTESIAN_POINT('',(118.622705896,210.106115157,2.799684982));
#4150=CARTESIAN_POINT('',(118.575543884,209.927077302,2.614564859));
#4151=CARTESIAN_POINT('',(118.556660864,209.855393012,2.503637118));
#4152=CARTESIAN_POINT('',(118.531136967,209.758498423,2.261766018));
#4153=CARTESIAN_POINT('',(118.524506133,209.733326248,2.130917825));
#4154=CARTESIAN_POINT('',(118.524506132,209.733326248,2.000018128));
#4155=CARTESIAN_POINT('',(116.881050609,211.183759505,3.000018128));
#4156=CARTESIAN_POINT('',(116.849737183,211.056644102,3.000018129));
#4157=CARTESIAN_POINT('',(116.818436078,210.929578714,2.973990806));
#4158=CARTESIAN_POINT('',(116.760576413,210.694700077,2.873804518));
#4159=CARTESIAN_POINT('',(116.734040617,210.586979242,2.799684972));
#4160=CARTESIAN_POINT('',(116.689756746,210.407210916,2.61456485));
#4161=CARTESIAN_POINT('',(116.672026094,210.335234156,2.50363711));
#4162=CARTESIAN_POINT('',(116.648059836,210.237944238,2.261766013));
#4163=CARTESIAN_POINT('',(116.641833659,210.212669361,2.130917822));
#4164=CARTESIAN_POINT('',(116.641833659,210.212669361,2.000018128));
#4165=CARTESIAN_POINT('',(111.154152326,212.500611779,3.000018128));
#4166=CARTESIAN_POINT('',(111.128777804,212.372130775,3.000018129));
#4167=CARTESIAN_POINT('',(111.103413265,212.243700324,2.973990806));
#4168=CARTESIAN_POINT('',(111.05652726,212.006298385,2.873804518));
#4169=CARTESIAN_POINT('',(111.035024242,211.897420305,2.799684972));
#4170=CARTESIAN_POINT('',(110.999139248,211.715720728,2.61456485));
#4171=CARTESIAN_POINT('',(110.984771391,211.642970721,2.50363711));
#4172=CARTESIAN_POINT('',(110.965350572,211.544635618,2.261766013));
#4173=CARTESIAN_POINT('',(110.960305251,211.519089213,2.130917822));
#4174=CARTESIAN_POINT('',(110.960305251,211.519089213,2.000018128));
#4175=CARTESIAN_POINT('',(107.295539297,213.200479044,3.000018128));
#4176=CARTESIAN_POINT('',(107.273889092,213.071334565,3.000018166));
#4177=CARTESIAN_POINT('',(107.252247405,212.942240892,2.973990872));
#4178=CARTESIAN_POINT('',(107.21224304,212.70361299,2.873804618));
#4179=CARTESIAN_POINT('',(107.193896103,212.594172651,2.799685078));
#4180=CARTESIAN_POINT('',(107.163278087,212.411534751,2.614564948));
#4181=CARTESIAN_POINT('',(107.151019055,212.338409051,2.503637195));
#4182=CARTESIAN_POINT('',(107.134448704,212.239566129,2.261766061));
#4183=CARTESIAN_POINT('',(107.130143905,212.213887797,2.130917846));
#4184=CARTESIAN_POINT('',(107.130143906,212.213887797,2.000018128));
#4185=CARTESIAN_POINT('',(101.477904723,214.016288801,3.000018128));
#4186=CARTESIAN_POINT('',(101.461462413,213.886414017,3.000018166));
#4187=CARTESIAN_POINT('',(101.445026572,213.756590326,2.973990872));
#4188=CARTESIAN_POINT('',(101.414645143,213.516612994,2.873804618));
#4189=CARTESIAN_POINT('',(101.400711509,213.406553775,2.799685078));
#4190=CARTESIAN_POINT('',(101.377458567,213.222883068,2.614564948));
#4191=CARTESIAN_POINT('',(101.36814841,213.149343845,2.503637195));
#4192=CARTESIAN_POINT('',(101.355564008,213.049941972,2.261766061));
#4193=CARTESIAN_POINT('',(101.352294715,213.024118431,2.130917846));
#4194=CARTESIAN_POINT('',(101.352294714,213.024118431,2.000018128));
#4195=CARTESIAN_POINT('',(99.532438511,214.249342922,3.000018128));
#4196=CARTESIAN_POINT('',(99.517684672,214.119266948,3.000018181));
#4197=CARTESIAN_POINT('',(99.502936638,213.989242142,2.973990898));
#4198=CARTESIAN_POINT('',(99.475675097,213.748893051,2.873804657));
#4199=CARTESIAN_POINT('',(99.463172316,213.638663332,2.79968512));
#4200=CARTESIAN_POINT('',(99.442307236,213.454708087,2.614564987));
#4201=CARTESIAN_POINT('',(99.433953145,213.381054939,2.503637229));
#4202=CARTESIAN_POINT('',(99.422661045,213.281499074,2.26176608));
#4203=CARTESIAN_POINT('',(99.419727479,213.255635527,2.130917856));
#4204=CARTESIAN_POINT('',(99.419727481,213.255635527,2.000018128));
#4205=CARTESIAN_POINT('',(95.635466535,214.641914227,3.000018128));
#4206=CARTESIAN_POINT('',(95.623980125,214.5115091,3.000018181));
#4207=CARTESIAN_POINT('',(95.612498234,214.381155271,2.973990898));
#4208=CARTESIAN_POINT('',(95.591274114,214.140197985,2.873804657));
#4209=CARTESIAN_POINT('',(95.581540235,214.029689334,2.79968512));
#4210=CARTESIAN_POINT('',(95.565295995,213.845268597,2.614564987));
#4211=CARTESIAN_POINT('',(95.558792025,213.771429073,2.503637229));
#4212=CARTESIAN_POINT('',(95.550000705,213.671621285,2.26176608));
#4213=CARTESIAN_POINT('',(95.547716814,213.645692291,2.130917856));
#4214=CARTESIAN_POINT('',(95.547716814,213.645692291,2.000018128));
#4215=CARTESIAN_POINT('',(93.683496849,214.801513774,3.000018128));
#4216=CARTESIAN_POINT('',(93.673589852,214.670980606,3.000018131));
#4217=CARTESIAN_POINT('',(93.663686754,214.540498795,2.97399081));
#4218=CARTESIAN_POINT('',(93.645381011,214.299304948,2.873804525));
#4219=CARTESIAN_POINT('',(93.63698557,214.18868781,2.79968498));
#4220=CARTESIAN_POINT('',(93.622974961,214.00408603,2.614564856));
#4221=CARTESIAN_POINT('',(93.617365306,213.930174021,2.503637116));
#4222=CARTESIAN_POINT('',(93.609782819,213.830268257,2.261766017));
#4223=CARTESIAN_POINT('',(93.607812971,213.804313811,2.130917824));
#4224=CARTESIAN_POINT('',(93.607812971,213.804313811,2.000018128));
#4225=CARTESIAN_POINT('',(87.819249869,215.177926826,3.000018128));
#4226=CARTESIAN_POINT('',(87.813909138,215.047100559,3.000018131));
#4227=CARTESIAN_POINT('',(87.808570509,214.916325766,2.97399081));
#4228=CARTESIAN_POINT('',(87.798702126,214.674590343,2.873804525));
#4229=CARTESIAN_POINT('',(87.794176255,214.563724825,2.79968498));
#4230=CARTESIAN_POINT('',(87.786623321,214.378708542,2.614564856));
#4231=CARTESIAN_POINT('',(87.78359923,214.304630571,2.503637116));
#4232=CARTESIAN_POINT('',(87.779511612,214.20450048,2.261766017));
#4233=CARTESIAN_POINT('',(87.778449693,214.178487756,2.130917824));
#4234=CARTESIAN_POINT('',(87.778449693,214.178487756,2.000018128));
#4235=CARTESIAN_POINT('',(83.905420564,215.292071448,3.000018128));
#4236=CARTESIAN_POINT('',(83.902888328,215.161170949,3.000018128));
#4237=CARTESIAN_POINT('',(83.900357088,215.030321953,2.973990805));
#4238=CARTESIAN_POINT('',(83.895678125,214.78844937,2.873804516));
#4239=CARTESIAN_POINT('',(83.893532244,214.677520948,2.79968497));
#4240=CARTESIAN_POINT('',(83.88995112,214.492399687,2.614564848));
#4241=CARTESIAN_POINT('',(83.888517288,214.418279685,2.503637108));
#4242=CARTESIAN_POINT('',(83.886579198,214.31809278,2.261766012));
#4243=CARTESIAN_POINT('',(83.886075703,214.292065297,2.130917822));
#4244=CARTESIAN_POINT('',(83.886075703,214.292065297,2.000018128));
#4245=CARTESIAN_POINT('',(79.987938064,215.290835983,3.000018128));
#4246=CARTESIAN_POINT('',(79.987979346,215.159936296,3.000018128));
#4247=CARTESIAN_POINT('',(79.988020612,215.029088112,2.973990805));
#4248=CARTESIAN_POINT('',(79.988096891,214.787217028,2.873804516));
#4249=CARTESIAN_POINT('',(79.988131875,214.676289294,2.79968497));
#4250=CARTESIAN_POINT('',(79.988190257,214.491169181,2.614564848));
#4251=CARTESIAN_POINT('',(79.988213632,214.417049639,2.503637108));
#4252=CARTESIAN_POINT('',(79.988245228,214.316863355,2.261766012));
#4253=CARTESIAN_POINT('',(79.988253436,214.290836033,2.130917822));
#4254=CARTESIAN_POINT('',(79.988253436,214.290836033,2.000018128));
#4255=B_SPLINE_SURFACE_WITH_KNOTS('',3,3,((#3455,#3456,#3457,#3458,#3459,#3460,#3461,#3462,#3463,#3464),(#3465,#3466,#3467,#3468,#3469,#3470,#3471,#3472,#3473,#3474),(#3475,#3476,#3477,#3478,#3479,#3480,#3481,#3482,#3483,#3484),(#3485,#3486,#3487,#3488,#3489,#3490,#3491,#3492,#3493,#3494),(#3495,#3496,#3497,#3498,#3499,#3500,#3501,#3502,#3503,#3504),(#3505,#3506,#3507,#3508,#3509,#3510,#3511,#3512,#3513,#3514),(#3515,#3516,#3517,#3518,#3519,#3520,#3521,#3522,#3523,#3524),(#3525,#3526,#3527,#3528,#3529,#3530,#3531,#3532,#3533,#3534),(#3535,#3536,#3537,#3538,#3539,#3540,#3541,#3542,#3543,#3544),(#3545,#3546,#3547,#3548,#3549,#3550,#3551,#3552,#3553,#3554),(#3555,#3556,#3557,#3558,#3559,#3560,#3561,#3562,#3563,#3564),(#3565,#3566,#3567,#3568,#3569,#3570,#3571,#3572,#3573,#3574),(#3575,#3576,#3577,#3578,#3579,#3580,#3581,#3582,#3583,#3584),(#3585,#3586,#3587,#3588,#3589,#3590,#3591,#3592,#3593,#3594),(#3595,#3596,#3597,#3598,#3599,#3600,#3601,#3602,#3603,#3604),(#3605,#3606,#3607,#3608,#3609,#3610,#3611,#3612,#3613,#3614),(#3615,#3616,#3617,#3618,#3619,#3620,#3621,#3622,#3623,#3624),(#3625,#3626,#3627,#3628,#3629,#3630,#3631,#3632,#3633,#3634),(#3635,#3636,#3637,#3638,#3639,#3640,#3641,#3642,#3643,#3644),(#3645,#3646,#3647,#3648,#3649,#3650,#3651,#3652,#3653,#3654),(#3655,#3656,#3657,#3658,#3659,#3660,#3661,#3662,#3663,#3664),(#3665,#3666,#3667,#3668,#3669,#3670,#3671,#3672,#3673,#3674),(#3675,#3676,#3677,#3678,#3679,#3680,#3681,#3682,#3683,#3684),(#3685,#3686,#3687,#3688,#3689,#3690,#3691,#3692,#3693,#3694),(#3695,#3696,#3697,#3698,#3699,#3700,#3701,#3702,#3703,#3704),(#3705,#3706,#3707,#3708,#3709,#3710,#3711,#3712,#3713,#3714),
(#3715,#3716,#3717,#3718,#3719,#3720,#3721,#3722,#3723,#3724),(#3725,#3726,#3727,#3728,#3729,#3730,#3731,#3732,#3733,#3734),(#3735,#3736,#3737,#3738,#3739,#3740,#3741,#3742,#3743,#3744),(#3745,#3746,#3747,#3748,#3749,#3750,#3751,#3752,#3753,#3754),(#3755,#3756,#3757,#3758,#3759,#3760,#3761,#3762,#3763,#3764),(#3765,#3766,#3767,#3768,#3769,#3770,#3771,#3772,#3773,#3774),(#3775,#3776,#3777,#3778,#3779,#3780,#3781,#3782,#3783,#3784),(#3785,#3786,#3787,#3788,#3789,#3790,#3791,#3792,#3793,#3794),(#3795,#3796,#3797,#3798,#3799,#3800,#3801,#3802,#3803,#3804),(#3805,#3806,#3807,#3808,#3809,#3810,#3811,#3812,#3813,#3814),(#3815,#3816,#3817,#3818,#3819,#3820,#3821,#3822,#3823,#3824),(#3825,#3826,#3827,#3828,#3829,#3830,#3831,#3832,#3833,#3834),(#3835,#3836,#3837,#3838,#3839,#3840,#3841,#3842,#3843,#3844),(#3845,#3846,#3847,#3848,#3849,#3850,#3851,#3852,#3853,#3854),(#3855,#3856,#3857,#3858,#3859,#3860,#3861,#3862,#3863,#3864),(#3865,#3866,#3867,#3868,#3869,#3870,#3871,#3872,#3873,#3874),(#3875,#3876,#3877,#3878,#3879,#3880,#3881,#3882,#3883,#3884),(#3885,#3886,#3887,#3888,#3889,#3890,#3891,#3892,#3893,#3894),(#3895,#3896,#3897,#3898,#3899,#3900,#3901,#3902,#3903,#3904),(#3905,#3906,#3907,#3908,#3909,#3910,#3911,#3912,#3913,#3914),(#3915,#3916,#3917,#3918,#3919,#3920,#3921,#3922,#3923,#3924),(#3925,#3926,#3927,#3928,#3929,#3930,#3931,#3932,#3933,#3934),(#3935,#3936,#3937,#3938,#3939,#3940,#3941,#3942,#3943,#3944),(#3945,#3946,#3947,#3948,#3949,#3950,#3951,#3952,#3953,#3954),(#3955,#3956,#3957,#3958,#3959,#3960,#3961,#3962,#3963,#3964),
(#3965,#3966,#3967,#3968,#3969,#3970,#3971,#3972,#3973,#3974),(#3975,#3976,#3977,#3978,#3979,#3980,#3981,#3982,#3983,#3984),(#3985,#3986,#3987,#3988,#3989,#3990,#3991,#3992,#3993,#3994),(#3995,#3996,#3997,#3998,#3999,#4000,#4001,#4002,#4003,#4004),(#4005,#4006,#4007,#4008,#4009,#4010,#4011,#4012,#4013,#4014),(#4015,#4016,#4017,#4018,#4019,#4020,#4021,#4022,#4023,#4024),(#4025,#4026,#4027,#4028,#4029,#4030,#4031,#4032,#4033,#4034),(#4035,#4036,#4037,#4038,#4039,#4040,#4041,#4042,#4043,#4044),(#4045,#4046,#4047,#4048,#4049,#4050,#4051,#4052,#4053,#4054),(#4055,#4056,#4057,#4058,#4059,#4060,#4061,#4062,#4063,#4064),(#4065,#4066,#4067,#4068,#4069,#4070,#4071,#4072,#4073,#4074),(#4075,#4076,#4077,#4078,#4079,#4080,#4081,#4082,#4083,#4084),(#4085,#4086,#4087,#4088,#4089,#4090,#4091,#4092,#4093,#4094),(#4095,#4096,#4097,#4098,#4099,#4100,#4101,#4102,#4103,#4104),(#4105,#4106,#4107,#4108,#4109,#4110,#4111,#4112,#4113,#4114),(#4115,#4116,#4117,#4118,#4119,#4120,#4121,#4122,#4123,#4124),(#4125,#4126,#4127,#4128,#4129,#4130,#4131,#4132,#4133,#4134),(#4135,#4136,#4137,#4138,#4139,#4140,#4141,#4142,#4143,#4144),(#4145,#4146,#4147,#4148,#4149,#4150,#4151,#4152,#4153,#4154),(#4155,#4156,#4157,#4158,#4159,#4160,#4161,#4162,#4163,#4164),(#4165,#4166,#4167,#4168,#4169,#4170,#4171,#4172,#4173,#4174),(#4175,#4176,#4177,#4178,#4179,#4180,#4181,#4182,#4183,#4184),(#4185,#4186,#4187,#4188,#4189,#4190,#4191,#4192,#4193,#4194),(#4195,#4196,#4197,#4198,#4199,#4200,#4201,#4202,#4203,#4204),(#4205,#4206,#4207,#4208,#4209,#4210,#4211,#4212,#4213,#4214),
(#4215,#4216,#4217,#4218,#4219,#4220,#4221,#4222,#4223,#4224),(#4225,#4226,#4227,#4228,#4229,#4230,#4231,#4232,#4233,#4234),(#4235,#4236,#4237,#4238,#4239,#4240,#4241,#4242,#4243,#4244),(#4245,#4246,#4247,#4248,#4249,#4250,#4251,#4252,#4253,#4254)),.UNSPECIFIED.,.F.,.F.,.U.,(4,2,2,2,2,2,2,2,2,2,2,2,2,2,2,2,2,2,2,2,2,2,2,2,2,2,
2,2,2,2,2,2,2,2,2,2,2,2,2,4),(4,2,2,2,4),(0.,0.000367273,0.000734547,0.001469093,0.002938186,0.005876372,0.011752744,0.023505489,0.029381861,0.035258233,0.041134606,0.047010978,0.05288735,0.055825536,0.058763722,0.061701908,0.064640095,0.067578281,0.070516467,0.073454653,0.076392839,0.082269211,0.094021956,0.096960142,0.099898328,0.1057747,
0.108712886,0.111651072,0.114589258,0.117527445,0.129280189,0.135156561,0.138094747,0.141032933,0.146909306,0.152785678,0.164538422,0.170414795,0.176291167,0.188043911),(0.,0.25,0.5,0.75,1.),.UNSPECIFIED.);
#4256=ORIENTED_EDGE('',*,*,#3448,.T.);
#4257=ORIENTED_EDGE('',*,*,#3000,.F.);
#4258=CARTESIAN_POINT('',(195.202533526,96.999981872,2.000018128));
#4259=DIRECTION('',(-0.,-1.,0.));
#4260=DIRECTION('',(1.,-0.,0.));
#4261=AXIS2_PLACEMENT_3D('',#4258,#4259,#4260);
#4262=CIRCLE('',#4261,1.);
#4263=EDGE_CURVE('',#462,#2979,#4262,.T.);
#4264=ORIENTED_EDGE('',*,*,#4263,.F.);
#4265=ORIENTED_EDGE('',*,*,#522,.F.);
#4266=EDGE_LOOP('',(#4256,#4257,#4264,#4265));
#4267=FACE_BOUND('',#4266,.T.);
#4268=ADVANCED_FACE('',(#4267),#4255,.T.);
#4269=CARTESIAN_POINT('',(195.202533527,226.999981872,2.000018128));
#4270=DIRECTION('',(0.,1.,0.));
#4271=DIRECTION('',(-1.,0.,0.));
#4272=AXIS2_PLACEMENT_3D('',#4269,#4270,#4271);
#4273=CYLINDRICAL_SURFACE('',#4272,1.);
#4274=ORIENTED_EDGE('',*,*,#4263,.T.);
#4275=ORIENTED_EDGE('',*,*,#2984,.T.);
#4276=ORIENTED_EDGE('',*,*,#2121,.F.);
#4277=ORIENTED_EDGE('',*,*,#2089,.F.);
#4278=ORIENTED_EDGE('',*,*,#2054,.F.);
#4279=ORIENTED_EDGE('',*,*,#1993,.F.);
#4280=ORIENTED_EDGE('',*,*,#530,.F.);
#4281=EDGE_LOOP('',(#4274,#4275,#4276,#4277,#4278,#4279,#4280));
#4282=FACE_BOUND('',#4281,.T.);
#4283=ADVANCED_FACE('',(#4282),#4273,.T.);
#4284=CLOSED_SHELL('',(#150,#227,#311,#396,#453,#772,#803,#827,#877,#901,#925,#949,#999,#1040,#1088,#1110,#1141,#1165,#1189,#1213,#1237,#1296,#1328,#1376,#1398,#1438,
#1469,#1500,#1621,#1652,#1692,#1773,#1795,#1826,#1883,#1907,#1931,#1955,#1979,#2012,#2076,#2107,#2147,#2169,#2200,#2224,#2307,#2331,#2355,#2411,#2428,
#2487,#2549,#2580,#2659,#2681,#2712,#2791,#2813,#2833,#2864,#2943,#2965,#3012,#3032,#3142,#3156,#3175,#3285,#3298,#3318,#3422,#3435,#3454,#4268,#4283));
#4285=MANIFOLD_SOLID_BREP('Body 12',#4284);
#4286=COLOUR_RGB('',0.627451003,0.627451003,0.643137276);
#4287=FILL_AREA_STYLE_COLOUR('',#4286);
#4288=FILL_AREA_STYLE('',(#4287));
#4289=SURFACE_STYLE_FILL_AREA(#4288);
#4290=SURFACE_SIDE_STYLE('',(#4289));
#4291=SURFACE_STYLE_USAGE(.BOTH.,#4290);
#4292=PRESENTATION_STYLE_ASSIGNMENT((#4291));
#26=STYLED_ITEM('',(#4292),#4285);
#4293=(NAMED_UNIT(*)PLANE_ANGLE_UNIT()SI_UNIT($,.RADIAN.));
#4294=PLANE_ANGLE_MEASURE_WITH_UNIT(PLANE_ANGLE_MEASURE(0.0174532925),#4293);
#4295=(CONVERSION_BASED_UNIT('DEGREE',#4294)NAMED_UNIT(#4296)PLANE_ANGLE_UNIT());
#4296=DIMENSIONAL_EXPONENTS(0.,0.,0.,0.,0.,0.,0.);
#4297=(NAMED_UNIT(*)SI_UNIT($,.STERADIAN.)SOLID_ANGLE_UNIT());
#4298=(LENGTH_UNIT()NAMED_UNIT(*)SI_UNIT(.MILLI.,.METRE.));
#4299=UNCERTAINTY_MEASURE_WITH_UNIT(LENGTH_MEASURE(1.000000E-03),#4298,'DISTANCE_ACCURACY_VALUE','Maximum Tolerance applied to model');
#4300=(GEOMETRIC_REPRESENTATION_CONTEXT(3)GLOBAL_UNCERTAINTY_ASSIGNED_CONTEXT((#4299))GLOBAL_UNIT_ASSIGNED_CONTEXT((#4298,#4295,#4297))REPRESENTATION_CONTEXT('','Act ii print plast.step'));
#4312=CARTESIAN_POINT('',(0.,0.,0.));
#4313=DIRECTION('',(0.,0.,1.));
#4314=DIRECTION('',(1.,0.,-0.));
#4315=AXIS2_PLACEMENT_3D('',#4312,#4313,#4314);
#4316=ITEM_DEFINED_TRANSFORMATION('','',#4315,#15);
#4317=(REPRESENTATION_RELATIONSHIP('','',#4302,#16)REPRESENTATION_RELATIONSHIP_WITH_TRANSFORMATION(#4316)SHAPE_REPRESENTATION_RELATIONSHIP());
#4318=NEXT_ASSEMBLY_USAGE_OCCURRENCE('Act ii print plast.step_1','Act ii print plast.step','Act ii print plast.step',#25,#4311,$);
#4319=PRODUCT_DEFINITION_SHAPE('','',#4318);
#4320=CONTEXT_DEPENDENT_SHAPE_REPRESENTATION(#4317,#4319);
#4321=(NAMED_UNIT(*)PLANE_ANGLE_UNIT()SI_UNIT($,.RADIAN.));
#4322=PLANE_ANGLE_MEASURE_WITH_UNIT(PLANE_ANGLE_MEASURE(0.0174532925),#4321);
#4323=(CONVERSION_BASED_UNIT('DEGREE',#4322)NAMED_UNIT(#4324)PLANE_ANGLE_UNIT());
#4324=DIMENSIONAL_EXPONENTS(0.,0.,0.,0.,0.,0.,0.);
#4325=(NAMED_UNIT(*)SI_UNIT($,.STERADIAN.)SOLID_ANGLE_UNIT());
#4326=(LENGTH_UNIT()NAMED_UNIT(*)SI_UNIT(.MILLI.,.METRE.));
#4327=UNCERTAINTY_MEASURE_WITH_UNIT(LENGTH_MEASURE(1.000000E-05),#4326,'DISTANCE_ACCURACY_VALUE','Maximum Tolerance applied to model');
#4328=(GEOMETRIC_REPRESENTATION_CONTEXT(3)GLOBAL_UNCERTAINTY_ASSIGNED_CONTEXT((#4327))GLOBAL_UNIT_ASSIGNED_CONTEXT((#4326,#4323,#4325))REPRESENTATION_CONTEXT('','Folder 34'));
#4340=CARTESIAN_POINT('',(0.,0.,0.));
#4341=DIRECTION('',(0.,0.,1.));
#4342=DIRECTION('',(1.,0.,-0.));
#4343=AXIS2_PLACEMENT_3D('',#4340,#4341,#4342);
#4344=ITEM_DEFINED_TRANSFORMATION('','',#4343,#15);
#4345=(REPRESENTATION_RELATIONSHIP('','',#4330,#4302)REPRESENTATION_RELATIONSHIP_WITH_TRANSFORMATION(#4344)SHAPE_REPRESENTATION_RELATIONSHIP());
#4346=NEXT_ASSEMBLY_USAGE_OCCURRENCE('Folder 34_2','Folder 34','Folder 34',#4311,#4339,$);
#4347=PRODUCT_DEFINITION_SHAPE('','',#4346);
#4348=CONTEXT_DEPENDENT_SHAPE_REPRESENTATION(#4345,#4347);
#4350=CARTESIAN_POINT('',(-1950.,76.999981872,63.000018128));
#4351=DIRECTION('',(0.,1.,0.));
#4352=DIRECTION('',(1.,0.,0.));
#4353=AXIS2_PLACEMENT_3D('',#4350,#4351,#4352);
#4354=PLANE('',#4353);
#4355=CARTESIAN_POINT('',(176.202533526,76.999981872,3.000018128));
#4356=VERTEX_POINT('',#4355);
#4357=CARTESIAN_POINT('',(137.797711896,76.999981872,3.000018128));
#4358=VERTEX_POINT('',#4357);
#4359=CARTESIAN_POINT('',(176.202533526,76.999981872,3.000018128));
#4360=DIRECTION('',(-1.,-0.,0.));
#4361=VECTOR('',#4360,38.40482163);
#4362=LINE('',#4359,#4361);
#4363=EDGE_CURVE('',#4356,#4358,#4362,.T.);
#4364=ORIENTED_EDGE('',*,*,#4363,.F.);
#4365=CARTESIAN_POINT('',(176.250122711,76.999981872,4.352763072));
#4366=VERTEX_POINT('',#4365);
#4367=CARTESIAN_POINT('',(157.000122711,76.999981872,4.352763072));
#4368=DIRECTION('',(0.,1.,0.));
#4369=DIRECTION('',(0.,-0.,1.));
#4370=AXIS2_PLACEMENT_3D('',#4367,#4368,#4369);
#4371=CIRCLE('',#4370,19.25);
#4372=EDGE_CURVE('',#4366,#4356,#4371,.T.);
#4373=ORIENTED_EDGE('',*,*,#4372,.F.);
#4374=CARTESIAN_POINT('',(157.000122711,76.999981872,4.352763072));
#4375=DIRECTION('',(0.,1.,0.));
#4376=DIRECTION('',(0.,-0.,1.));
#4377=AXIS2_PLACEMENT_3D('',#4374,#4375,#4376);
#4378=CIRCLE('',#4377,19.25);
#4379=EDGE_CURVE('',#4358,#4366,#4378,.T.);
#4380=ORIENTED_EDGE('',*,*,#4379,.F.);
#4381=EDGE_LOOP('',(#4364,#4373,#4380));
#4382=FACE_BOUND('',#4381,.T.);
#4383=ADVANCED_FACE('',(#4382),#4354,.F.);
#4384=CARTESIAN_POINT('',(60.664476093,-1929.917898305,63.000018128));
#4385=DIRECTION('',(-0.99999995,-0.000315372,0.));
#4386=DIRECTION('',(-0.000315372,0.99999995,0.));
#4387=AXIS2_PLACEMENT_3D('',#4384,#4385,#4386);
#4388=PLANE('',#4387);
#4389=CARTESIAN_POINT('',(60.006043043,157.879709768,3.000018128));
#4390=VERTEX_POINT('',#4389);
#4391=CARTESIAN_POINT('',(59.99391612,196.332118671,4.352763072));
#4392=VERTEX_POINT('',#4391);
#4393=CARTESIAN_POINT('',(59.999987031,177.082119628,4.352763072));
#4394=DIRECTION('',(-0.99999995,-0.000315372,0.));
#4395=DIRECTION('',(0.000315372,-0.99999995,0.));
#4396=AXIS2_PLACEMENT_3D('',#4393,#4394,#4395);
#4397=CIRCLE('',#4396,19.25);
#4398=EDGE_CURVE('',#4390,#4392,#4397,.T.);
#4399=ORIENTED_EDGE('',*,*,#4398,.T.);
#4400=CARTESIAN_POINT('',(59.993931238,196.284529488,3.000018128));
#4401=VERTEX_POINT('',#4400);
#4402=CARTESIAN_POINT('',(59.999987031,177.082119628,4.352763072));
#4403=DIRECTION('',(-0.99999995,-0.000315372,0.));
#4404=DIRECTION('',(0.000315372,-0.99999995,0.));
#4405=AXIS2_PLACEMENT_3D('',#4402,#4403,#4404);
#4406=CIRCLE('',#4405,19.25);
#4407=EDGE_CURVE('',#4392,#4401,#4406,.T.);
#4408=ORIENTED_EDGE('',*,*,#4407,.T.);
#4409=CARTESIAN_POINT('',(59.993931347,196.284529488,3.000018128));
#4410=DIRECTION('',(0.000315372,-0.99999995,-0.));
#4411=VECTOR('',#4410,38.40482163);
#4412=LINE('',#4409,#4411);
#4413=EDGE_CURVE('',#4401,#4390,#4412,.T.);
#4414=ORIENTED_EDGE('',*,*,#4413,.T.);
#4415=EDGE_LOOP('',(#4399,#4408,#4414));
#4416=FACE_BOUND('',#4415,.T.);
#4417=ADVANCED_FACE('',(#4416),#4388,.T.);
#4418=CARTESIAN_POINT('',(157.000122711,76.999981872,4.352763072));
#4419=DIRECTION('',(-0.,1.,0.));
#4420=DIRECTION('',(1.,0.,0.));
#4421=AXIS2_PLACEMENT_3D('',#4418,#4419,#4420);
#4422=CYLINDRICAL_SURFACE('',#4421,19.25);
#4423=CARTESIAN_POINT('',(176.250122711,96.999981872,4.352763072));
#4424=VERTEX_POINT('',#4423);
#4425=CARTESIAN_POINT('',(176.250122711,96.999981872,4.352763072));
#4426=DIRECTION('',(-0.,-1.,-0.));
#4427=VECTOR('',#4426,20.);
#4428=LINE('',#4425,#4427);
#4429=EDGE_CURVE('',#4424,#4366,#4428,.T.);
#4430=ORIENTED_EDGE('',*,*,#4429,.T.);
#4431=ORIENTED_EDGE('',*,*,#4372,.T.);
#4432=CARTESIAN_POINT('',(176.202533526,96.999981872,3.000018128));
#4433=VERTEX_POINT('',#4432);
#4434=CARTESIAN_POINT('',(176.202533526,76.999981872,3.000018128));
#4435=DIRECTION('',(0.,1.,0.));
#4436=VECTOR('',#4435,20.);
#4437=LINE('',#4434,#4436);
#4438=EDGE_CURVE('',#4356,#4433,#4437,.T.);
#4439=ORIENTED_EDGE('',*,*,#4438,.T.);
#4440=CARTESIAN_POINT('',(157.000122711,96.999981872,4.352763072));
#4441=DIRECTION('',(0.,1.,0.));
#4442=DIRECTION('',(0.,-0.,1.));
#4443=AXIS2_PLACEMENT_3D('',#4440,#4441,#4442);
#4444=CIRCLE('',#4443,19.25);
#4445=EDGE_CURVE('',#4424,#4433,#4444,.T.);
#4446=ORIENTED_EDGE('',*,*,#4445,.F.);
#4447=EDGE_LOOP('',(#4430,#4431,#4439,#4446));
#4448=FACE_BOUND('',#4447,.T.);
#4449=ADVANCED_FACE('',(#4448),#4422,.T.);
#4450=CARTESIAN_POINT('',(176.250122711,96.999981872,4.352763072));
#4451=CARTESIAN_POINT('',(176.250122711,104.378502533,4.352763072));
#4452=CARTESIAN_POINT('',(175.842917548,111.442882391,4.352763072));
#4453=CARTESIAN_POINT('',(174.535758133,121.596996588,4.352763072));
#4454=CARTESIAN_POINT('',(173.983564262,124.907807721,4.352763072));
#4455=CARTESIAN_POINT('',(172.627150484,131.381608547,4.352763072));
#4456=CARTESIAN_POINT('',(171.822865751,134.544701476,4.352763072));
#4457=CARTESIAN_POINT('',(169.940975732,140.716533695,4.352763072));
#4458=CARTESIAN_POINT('',(168.863230214,143.725358384,4.352763072));
#4459=CARTESIAN_POINT('',(166.413932354,149.572444785,4.352763072));
#4460=CARTESIAN_POINT('',(165.042173128,152.410702494,4.352763072));
#4461=CARTESIAN_POINT('',(161.990468761,157.889243662,4.352763072));
#4462=CARTESIAN_POINT('',(160.310329516,160.529362805,4.352763072));
#4463=CARTESIAN_POINT('',(156.639997364,165.57530711,4.352763072));
#4464=CARTESIAN_POINT('',(154.649759166,167.980821232,4.352763072));
#4465=CARTESIAN_POINT('',(150.373999516,172.519643418,4.352763072));
#4466=CARTESIAN_POINT('',(148.088662781,174.652639685,4.352763072));
#4467=CARTESIAN_POINT('',(143.252200946,178.616933738,4.352763072));
#4468=CARTESIAN_POINT('',(140.701407449,180.448097989,4.352763072));
#4469=CARTESIAN_POINT('',(135.370020838,183.794956827,4.352763072));
#4470=CARTESIAN_POINT('',(132.589717979,185.310742826,4.352763072));
#4471=CARTESIAN_POINT('',(126.831735124,188.029432443,4.352763072));
#4472=CARTESIAN_POINT('',(123.854181667,189.232546838,4.352763072));
#4473=CARTESIAN_POINT('',(117.723958267,191.339813921,4.352763072));
#4474=CARTESIAN_POINT('',(114.571263112,192.244165032,4.352763072));
#4475=CARTESIAN_POINT('',(108.101482444,193.772555896,4.352763072));
#4476=CARTESIAN_POINT('',(104.784298803,194.396718569,4.352763072));
#4477=CARTESIAN_POINT('',(97.98690003,195.383121172,4.352763072));
#4478=CARTESIAN_POINT('',(94.506580767,195.745410984,4.352763072));
#4479=CARTESIAN_POINT('',(87.378163578,196.22365046,4.352763072));
#4480=CARTESIAN_POINT('',(83.729985976,196.339604363,4.352763072));
#4481=CARTESIAN_POINT('',(79.993915124,196.33842611,4.352763072));
#4482=CARTESIAN_POINT('',(176.250122711,96.999981872,3.906522889));
#4483=CARTESIAN_POINT('',(176.250122711,104.378502533,3.906522889));
#4484=CARTESIAN_POINT('',(175.842917548,111.442882391,3.906522889));
#4485=CARTESIAN_POINT('',(174.535758133,121.596996588,3.906522889));
#4486=CARTESIAN_POINT('',(173.983564262,124.907807721,3.906522889));
#4487=CARTESIAN_POINT('',(172.627150484,131.381608547,3.906522889));
#4488=CARTESIAN_POINT('',(171.822865751,134.544701476,3.906522889));
#4489=CARTESIAN_POINT('',(169.940975732,140.716533695,3.906522889));
#4490=CARTESIAN_POINT('',(168.863230214,143.725358384,3.906522889));
#4491=CARTESIAN_POINT('',(166.413932354,149.572444785,3.906522889));
#4492=CARTESIAN_POINT('',(165.042173128,152.410702494,3.906522889));
#4493=CARTESIAN_POINT('',(161.990468761,157.889243662,3.906522889));
#4494=CARTESIAN_POINT('',(160.310329516,160.529362805,3.906522889));
#4495=CARTESIAN_POINT('',(156.639997364,165.57530711,3.906522889));
#4496=CARTESIAN_POINT('',(154.649759166,167.980821232,3.906522889));
#4497=CARTESIAN_POINT('',(150.373999516,172.519643418,3.906522889));
#4498=CARTESIAN_POINT('',(148.088662781,174.652639685,3.906522889));
#4499=CARTESIAN_POINT('',(143.252200946,178.616933738,3.906522889));
#4500=CARTESIAN_POINT('',(140.701407449,180.448097989,3.906522889));
#4501=CARTESIAN_POINT('',(135.370020838,183.794956827,3.906522889));
#4502=CARTESIAN_POINT('',(132.589717979,185.310742826,3.906522889));
#4503=CARTESIAN_POINT('',(126.831735124,188.029432443,3.906522889));
#4504=CARTESIAN_POINT('',(123.854181667,189.232546838,3.906522889));
#4505=CARTESIAN_POINT('',(117.723958267,191.339813921,3.906522889));
#4506=CARTESIAN_POINT('',(114.571263112,192.244165032,3.906522889));
#4507=CARTESIAN_POINT('',(108.101482444,193.772555896,3.906522889));
#4508=CARTESIAN_POINT('',(104.784298803,194.396718569,3.906522889));
#4509=CARTESIAN_POINT('',(97.98690003,195.383121172,3.906522889));
#4510=CARTESIAN_POINT('',(94.506580767,195.745410984,3.906522889));
#4511=CARTESIAN_POINT('',(87.378163578,196.22365046,3.906522889));
#4512=CARTESIAN_POINT('',(83.729985976,196.339604363,3.906522889));
#4513=CARTESIAN_POINT('',(79.993915124,196.33842611,3.906522889));
#4514=CARTESIAN_POINT('',(176.234610232,96.999981872,3.455351614));
#4515=CARTESIAN_POINT('',(176.234610232,104.377928894,3.455351614));
#4516=CARTESIAN_POINT('',(175.827435218,111.441653817,3.455351614));
#4517=CARTESIAN_POINT('',(174.52042102,121.594639962,3.455351614));
#4518=CARTESIAN_POINT('',(173.968292554,124.905050924,3.455351614));
#4519=CARTESIAN_POINT('',(172.612056601,131.378003038,3.455351614));
#4520=CARTESIAN_POINT('',(171.80788434,134.540647344,3.455351614));
#4521=CARTESIAN_POINT('',(169.926281077,140.711539122,3.455351614));
#4522=CARTESIAN_POINT('',(168.848709955,143.719871924,3.455351614));
#4523=CARTESIAN_POINT('',(166.39983685,149.565944331,3.455351614));
#4524=CARTESIAN_POINT('',(165.028328148,152.403679934,3.455351614));
#4525=CARTESIAN_POINT('',(161.977210016,157.88116867,3.455351614));
#4526=CARTESIAN_POINT('',(160.297406638,160.520757619,3.455351614));
#4527=CARTESIAN_POINT('',(156.627830551,165.565662492,3.455351614));
#4528=CARTESIAN_POINT('',(154.638012588,167.970667626,3.455351614));
#4529=CARTESIAN_POINT('',(150.363163474,172.508523255,3.455351614));
#4530=CARTESIAN_POINT('',(148.078316893,174.641062204,3.455351614));
#4531=CARTESIAN_POINT('',(143.242879303,178.604516716,3.455351614));
#4532=CARTESIAN_POINT('',(140.69261963,180.435298851,3.455351614));
#4533=CARTESIAN_POINT('',(135.362313245,183.781479561,3.455351614));
#4534=CARTESIAN_POINT('',(132.582556553,185.296969474,3.455351614));
#4535=CARTESIAN_POINT('',(126.825650122,188.015150847,3.455351614));
#4536=CARTESIAN_POINT('',(123.84862682,189.218052914,3.455351614));
#4537=CARTESIAN_POINT('',(117.719427517,191.324967963,3.455351614));
#4538=CARTESIAN_POINT('',(114.567226325,192.229179207,3.455351614));
#4539=CARTESIAN_POINT('',(108.098386369,193.757347842,3.455351614));
#4540=CARTESIAN_POINT('',(104.781649557,194.381428052,3.455351614));
#4541=CARTESIAN_POINT('',(97.985093767,195.367708326,3.455351614));
#4542=CARTESIAN_POINT('',(94.505170745,195.729958231,3.455351614));
#4543=CARTESIAN_POINT('',(87.377496831,196.208147842,3.455351614));
#4544=CARTESIAN_POINT('',(83.729666327,196.324091783,3.455351614));
#4545=CARTESIAN_POINT('',(79.993920016,196.322913632,3.455351614));
#4546=CARTESIAN_POINT('',(176.202533524,96.999981872,3.000018095));
#4547=CARTESIAN_POINT('',(176.202533524,104.376742723,3.000018095));
#4548=CARTESIAN_POINT('',(175.795420852,111.439113373,3.000018095));
#4549=CARTESIAN_POINT('',(174.488706932,121.589766929,3.000018095));
#4550=CARTESIAN_POINT('',(173.936713713,124.899350417,3.000018095));
#4551=CARTESIAN_POINT('',(172.580845467,131.370547566,3.000018095));
#4552=CARTESIAN_POINT('',(171.776905774,134.532264208,3.000018095));
#4553=CARTESIAN_POINT('',(169.895895464,140.701211342,3.000018095));
#4554=CARTESIAN_POINT('',(168.818684961,143.70852702,3.000018095));
#4555=CARTESIAN_POINT('',(166.370690162,149.552502688,3.000018095));
#4556=CARTESIAN_POINT('',(164.999699494,152.389158683,3.000018095));
#4557=CARTESIAN_POINT('',(161.949793578,157.8644712,3.000018095));
#4558=CARTESIAN_POINT('',(160.270684707,160.502963812,3.000018095));
#4559=CARTESIAN_POINT('',(156.602672011,165.545719346,3.000018095));
#4560=CARTESIAN_POINT('',(154.61372301,167.949671996,3.000018095));
#4561=CARTESIAN_POINT('',(150.340756704,172.485528979,3.000018095));
#4562=CARTESIAN_POINT('',(148.056923662,174.617122285,3.000018095));
#4563=CARTESIAN_POINT('',(143.223604006,178.578840793,3.000018095));
#4564=CARTESIAN_POINT('',(140.674448176,180.40883279,3.000018095));
#4565=CARTESIAN_POINT('',(135.346375483,183.753611266,3.000018095));
#4566=CARTESIAN_POINT('',(132.567748156,185.268488931,3.000018095));
#4567=CARTESIAN_POINT('',(126.813067554,187.985619357,3.000018095));
#4568=CARTESIAN_POINT('',(123.837140504,189.188082373,3.000018095));
#4569=CARTESIAN_POINT('',(117.71005883,191.294269486,3.000018095));
#4570=CARTESIAN_POINT('',(114.558879057,192.198191515,3.000018095));
#4571=CARTESIAN_POINT('',(108.091984305,193.725900623,3.000018095));
#4572=CARTESIAN_POINT('',(104.776171443,194.349810318,3.000018095));
#4573=CARTESIAN_POINT('',(97.981358776,195.335837639,3.000018095));
#4574=CARTESIAN_POINT('',(94.5022551,195.698005024,3.000018095));
#4575=CARTESIAN_POINT('',(87.37611813,196.176091523,3.000018095));
#4576=CARTESIAN_POINT('',(83.729005357,196.292014864,3.000018095));
#4577=CARTESIAN_POINT('',(79.993930132,196.290836926,3.000018095));
#4578=(BOUNDED_SURFACE()
B_SPLINE_SURFACE(3,3,((#4450,#4451,#4452,#4453,#4454,#4455,#4456,#4457,#4458,#4459,#4460,#4461,#4462,#4463,#4464,#4465,#4466,#4467,#4468,#4469,#4470,#4471,#4472,#4473,#4474,#4475,
#4476,#4477,#4478,#4479,#4480,#4481),(#4482,#4483,#4484,#4485,#4486,#4487,#4488,#4489,#4490,#4491,#4492,#4493,#4494,#4495,#4496,#4497,#4498,#4499,#4500,#4501,#4502,#4503,#4504,#4505,#4506,#4507,
#4508,#4509,#4510,#4511,#4512,#4513),(#4514,#4515,#4516,#4517,#4518,#4519,#4520,#4521,#4522,#4523,#4524,#4525,#4526,#4527,#4528,#4529,#4530,#4531,#4532,#4533,#4534,#4535,#4536,#4537,#4538,#4539,
#4540,#4541,#4542,#4543,#4544,#4545),(#4546,#4547,#4548,#4549,#4550,#4551,#4552,#4553,#4554,#4555,#4556,#4557,#4558,#4559,#4560,#4561,#4562,#4563,#4564,#4565,#4566,#4567,#4568,#4569,#4570,#4571,
#4572,#4573,#4574,#4575,#4576,#4577)),.UNSPECIFIED.,.F.,.F.,.U.)
B_SPLINE_SURFACE_WITH_KNOTS((4,4),(4,2,2,2,2,2,2,2,2,2,2,2,2,2,2,4),(0.,0.016992082),(0.119055704,0.214291778,0.261909815,0.309527852,0.357145889,0.404763926,0.452381963,0.5,0.547618037,0.595236074,0.642854111,0.690472148,0.738090185,0.785708222,0.833326259,0.880944296),.UNSPECIFIED.)
GEOMETRIC_REPRESENTATION_ITEM()
RATIONAL_B_SPLINE_SURFACE(((1.,1.,1.,1.,1.,1.,1.,1.,1.,1.,1.,1.,1.,1.,1.,1.,1.,1.,1.,1.,1.,1.,1.,1.,1.,1.,
1.,1.,1.,1.,1.,1.),(0.97734389,0.97734389,0.97734389,0.97734389,0.97734389,0.97734389,0.97734389,0.97734389,0.97734389,0.97734389,0.97734389,0.97734389,0.97734389,0.97734389,0.97734389,0.97734389,0.97734389,0.97734389,0.97734389,0.97734389,0.97734389,0.97734389,0.97734389,0.97734389,0.97734389,0.97734389,
0.97734389,0.97734389,0.97734389,0.97734389,0.97734389,0.97734389),(0.955457729,0.955457729,0.955457729,0.955457729,0.955457729,0.955457729,0.955457729,0.955457729,0.955457729,0.955457729,0.955457729,0.955457729,0.955457729,0.955457729,0.955457729,0.955457729,0.955457729,0.955457729,0.955457729,0.955457729,0.955457729,0.955457729,0.955457729,0.955457729,0.955457729,0.955457729,
0.955457729,0.955457729,0.955457729,0.955457729,0.955457729,0.955457729),(0.934341517,0.934341517,0.934341517,0.934341517,0.934341517,0.934341517,0.934341517,0.934341517,0.934341517,0.934341517,0.934341517,0.934341517,0.934341517,0.934341517,0.934341517,0.934341517,0.934341517,0.934341517,0.934341517,0.934341517,0.934341517,0.934341517,0.934341517,0.934341517,0.934341517,0.934341517,
0.934341517,0.934341517,0.934341517,0.934341517,0.934341517,0.934341517)))
REPRESENTATION_ITEM('')
SURFACE()
);
#4579=CARTESIAN_POINT('',(79.993915125,196.33842611,4.352763072));
#4580=VERTEX_POINT('',#4579);
#4581=CARTESIAN_POINT('',(79.993915124,196.33842611,4.352763072));
#4582=CARTESIAN_POINT('',(83.729985976,196.339604363,4.352763072));
#4583=CARTESIAN_POINT('',(87.378163578,196.22365046,4.352763072));
#4584=CARTESIAN_POINT('',(94.506580767,195.745410984,4.352763072));
#4585=CARTESIAN_POINT('',(97.98690003,195.383121172,4.352763072));
#4586=CARTESIAN_POINT('',(104.784298803,194.396718569,4.352763072));
#4587=CARTESIAN_POINT('',(108.101482444,193.772555896,4.352763072));
#4588=CARTESIAN_POINT('',(114.571263112,192.244165032,4.352763072));
#4589=CARTESIAN_POINT('',(117.723958267,191.339813921,4.352763072));
#4590=CARTESIAN_POINT('',(123.854181667,189.232546838,4.352763072));
#4591=CARTESIAN_POINT('',(126.831735124,188.029432443,4.352763072));
#4592=CARTESIAN_POINT('',(132.589717979,185.310742826,4.352763072));
#4593=CARTESIAN_POINT('',(135.370020838,183.794956827,4.352763072));
#4594=CARTESIAN_POINT('',(140.701407449,180.448097989,4.352763072));
#4595=CARTESIAN_POINT('',(143.252200946,178.616933738,4.352763072));
#4596=CARTESIAN_POINT('',(148.088662781,174.652639685,4.352763072));
#4597=CARTESIAN_POINT('',(150.373999516,172.519643418,4.352763072));
#4598=CARTESIAN_POINT('',(154.649759166,167.980821232,4.352763072));
#4599=CARTESIAN_POINT('',(156.639997364,165.57530711,4.352763072));
#4600=CARTESIAN_POINT('',(160.310329516,160.529362805,4.352763072));
#4601=CARTESIAN_POINT('',(161.990468761,157.889243662,4.352763072));
#4602=CARTESIAN_POINT('',(165.042173128,152.410702494,4.352763072));
#4603=CARTESIAN_POINT('',(166.413932354,149.572444785,4.352763072));
#4604=CARTESIAN_POINT('',(168.863230214,143.725358384,4.352763072));
#4605=CARTESIAN_POINT('',(169.940975732,140.716533695,4.352763072));
#4606=CARTESIAN_POINT('',(171.822865751,134.544701476,4.352763072));
#4607=CARTESIAN_POINT('',(172.627150484,131.381608547,4.352763072));
#4608=CARTESIAN_POINT('',(173.983564262,124.907807721,4.352763072));
#4609=CARTESIAN_POINT('',(174.535758133,121.596996588,4.352763072));
#4610=CARTESIAN_POINT('',(175.842917548,111.442882391,4.352763072));
#4611=CARTESIAN_POINT('',(176.250122711,104.378502533,4.352763072));
#4612=CARTESIAN_POINT('',(176.250122711,96.999981872,4.352763072));
#4613=B_SPLINE_CURVE_WITH_KNOTS('',3,(#4581,#4582,#4583,#4584,#4585,#4586,#4587,#4588,#4589,#4590,#4591,#4592,#4593,#4594,#4595,#4596,#4597,#4598,#4599,#4600,#4601,#4602,#4603,#4604,#4605,#4606,
#4607,#4608,#4609,#4610,#4611,#4612),.UNSPECIFIED.,.F.,.F.,(4,2,2,2,2,2,2,2,2,2,2,2,2,2,2,4),(0.119055704,0.166673741,0.214291778,0.261909815,0.309527852,0.357145889,0.404763926,0.452381963,0.5,0.547618037,0.595236074,0.642854111,0.690472148,0.738090185,0.785708222,0.880944296),.UNSPECIFIED.);
#4614=EDGE_CURVE('',#4580,#4424,#4613,.T.);
#4615=ORIENTED_EDGE('',*,*,#4614,.T.);
#4616=ORIENTED_EDGE('',*,*,#4445,.T.);
#4617=CARTESIAN_POINT('',(79.993930133,196.290836928,3.000018128));
#4618=VERTEX_POINT('',#4617);
#4619=CARTESIAN_POINT('',(176.202533526,96.999981872,3.000018128));
#4620=CARTESIAN_POINT('',(176.202533526,100.296933829,3.000018128));
#4621=CARTESIAN_POINT('',(176.121356167,103.593013074,3.000018128));
#4622=CARTESIAN_POINT('',(175.943894468,106.883781867,3.000018128));
#4623=CARTESIAN_POINT('',(175.766432769,110.174550661,3.000018128));
#4624=CARTESIAN_POINT('',(175.492438837,113.461868551,3.000018128));
#4625=CARTESIAN_POINT('',(175.105941036,116.734070428,3.000018128));
#4626=CARTESIAN_POINT('',(174.719443236,120.006272306,3.000018128));
#4627=CARTESIAN_POINT('',(174.219825994,123.268266187,3.000018128));
#4628=CARTESIAN_POINT('',(173.589128007,126.501592602,3.000018128));
#4629=CARTESIAN_POINT('',(173.273779013,128.11825581,3.000018128));
#4630=CARTESIAN_POINT('',(172.92563866,129.728362672,3.000018128));
#4631=CARTESIAN_POINT('',(172.541910602,131.331354082,3.000018128));
#4632=CARTESIAN_POINT('',(172.158182544,132.934345492,3.000018128));
#4633=CARTESIAN_POINT('',(171.739040949,134.529181486,3.000018128));
#4634=CARTESIAN_POINT('',(171.282788605,136.111582926,3.000018128));
#4635=CARTESIAN_POINT('',(170.82653626,137.693984366,3.000018128));
#4636=CARTESIAN_POINT('',(170.332961159,139.26497425,3.000018128));
#4637=CARTESIAN_POINT('',(169.799239716,140.823689258,3.000018128));
#4638=CARTESIAN_POINT('',(169.265518273,142.382404266,3.000018128));
#4639=CARTESIAN_POINT('',(168.691243594,143.929626956,3.000018128));
#4640=CARTESIAN_POINT('',(168.076388813,145.457419289,3.000018128));
#4641=CARTESIAN_POINT('',(167.461534032,146.985211622,3.000018128));
#4642=CARTESIAN_POINT('',(166.805644598,148.495014149,3.000018128));
#4643=CARTESIAN_POINT('',(166.106267007,149.98575124,3.000018128));
#4644=CARTESIAN_POINT('',(165.756578212,150.731119785,3.000018128));
#4645=CARTESIAN_POINT('',(165.396016817,151.471721726,3.000018128));
#4646=CARTESIAN_POINT('',(165.024248384,152.207410442,3.000018128));
#4647=CARTESIAN_POINT('',(164.652479952,152.943099158,3.000018128));
#4648=CARTESIAN_POINT('',(164.269529074,153.673778847,3.000018128));
#4649=CARTESIAN_POINT('',(163.876105443,154.397472673,3.000018128));
#4650=CARTESIAN_POINT('',(163.08925818,155.844860324,3.000018128));
#4651=CARTESIAN_POINT('',(162.259524554,157.266210101,3.000018128));
#4652=CARTESIAN_POINT('',(161.385292052,158.660542986,3.000018128));
#4653=CARTESIAN_POINT('',(160.511059549,160.054875871,3.000018128));
#4654=CARTESIAN_POINT('',(159.59166517,161.423159494,3.000018128));
#4655=CARTESIAN_POINT('',(158.627297505,162.761085107,3.000018128));
#4656=CARTESIAN_POINT('',(156.698562176,165.436936333,3.000018128));
#4657=CARTESIAN_POINT('',(154.59313381,167.98524445,3.000018128));
#4658=CARTESIAN_POINT('',(152.330013231,170.373423191,3.000018128));
#4659=CARTESIAN_POINT('',(151.198452942,171.567512562,3.000018128));
#4660=CARTESIAN_POINT('',(150.026586971,172.722892837,3.000018128));
#4661=CARTESIAN_POINT('',(148.814321708,173.839474115,3.000018128));
#4662=CARTESIAN_POINT('',(148.208189076,174.397764753,3.000018128));
#4663=CARTESIAN_POINT('',(147.591687787,174.946538426,3.000018128));
#4664=CARTESIAN_POINT('',(146.967140872,175.483769065,3.000018128));
#4665=CARTESIAN_POINT('',(146.342593958,176.020999704,3.000018128));
#4666=CARTESIAN_POINT('',(145.709520294,176.547132256,3.000018128));
#4667=CARTESIAN_POINT('',(145.067986839,177.062253871,3.000018128));
#4668=CARTESIAN_POINT('',(143.784919928,178.0924971,3.000018128));
#4669=CARTESIAN_POINT('',(142.468092381,179.07879879,3.000018128));
#4670=CARTESIAN_POINT('',(141.118197255,180.022061,3.000018128));
#4671=CARTESIAN_POINT('',(139.768302129,180.96532321,3.000018128));
#4672=CARTESIAN_POINT('',(138.384075589,181.866055099,3.000018128));
#4673=CARTESIAN_POINT('',(136.975928585,182.719251667,3.000018128));
#4674=CARTESIAN_POINT('',(135.567781581,183.572448235,3.000018128));
#4675=CARTESIAN_POINT('',(134.133875005,184.379650009,3.000018128));
#4676=CARTESIAN_POINT('',(132.675266635,185.142745698,3.000018128));
#4677=CARTESIAN_POINT('',(131.216658266,185.905841386,3.000018128));
#4678=CARTESIAN_POINT('',(129.73180576,186.625424435,3.000018128));
#4679=CARTESIAN_POINT('',(128.227714501,187.300478832,3.000018128));
#4680=CARTESIAN_POINT('',(126.723623243,187.975533228,3.000018128));
#4681=CARTESIAN_POINT('',(125.199106407,188.606703724,3.000018128));
#4682=CARTESIAN_POINT('',(123.659376832,189.194778674,3.000018128));
#4683=CARTESIAN_POINT('',(122.119647257,189.782853624,3.000018128));
#4684=CARTESIAN_POINT('',(120.565632478,190.327550624,3.000018128));
#4685=CARTESIAN_POINT('',(118.99825651,190.831675506,3.000018128));
#4686=CARTESIAN_POINT('',(115.863504574,191.839925271,3.000018128));
#4687=CARTESIAN_POINT('',(112.671410369,192.686531779,3.000018128));
#4688=CARTESIAN_POINT('',(109.452846309,193.386834668,3.000018128));
#4689=CARTESIAN_POINT('',(107.843564279,193.736986112,3.000018128));
#4690=CARTESIAN_POINT('',(106.226547346,194.050917053,3.000018128));
#4691=CARTESIAN_POINT('',(104.602353068,194.331238387,3.000018128));
#4692=CARTESIAN_POINT('',(102.978158789,194.611559721,3.000018128));
#4693=CARTESIAN_POINT('',(101.347718751,194.858084096,3.000018128));
#4694=CARTESIAN_POINT('',(99.714524443,195.073036307,3.000018128));
#4695=CARTESIAN_POINT('',(98.081330135,195.287988519,3.000018128));
#4696=CARTESIAN_POINT('',(96.444463653,195.471499975,3.000018128));
#4697=CARTESIAN_POINT('',(94.804208943,195.6260018,3.000018128));
#4698=CARTESIAN_POINT('',(93.163954233,195.780503625,3.000018128));
#4699=CARTESIAN_POINT('',(91.51961054,195.906031815,3.000018128));
#4700=CARTESIAN_POINT('',(89.874624321,196.004661112,3.000018128));
#4701=CARTESIAN_POINT('',(86.584651882,196.201919705,3.000018128));
#4702=CARTESIAN_POINT('',(83.290895491,196.291876699,3.000018128));
#4703=CARTESIAN_POINT('',(79.993930132,196.290836928,3.000018128));
#4704=B_SPLINE_CURVE_WITH_KNOTS('',3,(#4619,#4620,#4621,#4622,#4623,#4624,#4625,#4626,#4627,#4628,#4629,#4630,#4631,#4632,#4633,#4634,#4635,#4636,#4637,#4638,#4639,#4640,#4641,#4642,#4643,#4644,
#4645,#4646,#4647,#4648,#4649,#4650,#4651,#4652,#4653,#4654,#4655,#4656,#4657,#4658,#4659,#4660,#4661,#4662,#4663,#4664,#4665,#4666,#4667,#4668,#4669,
#4670,#4671,#4672,#4673,#4674,#4675,#4676,#4677,#4678,#4679,#4680,#4681,#4682,#4683,#4684,#4685,#4686,#4687,#4688,#4689,#4690,#4691,#4692,#4693,#4694,
#4695,#4696,#4697,#4698,#4699,#4700,#4701,#4702,#4703),.UNSPECIFIED.,.F.,.F.,(4,3,3,3,3,3,3,3,3,3,3,3,3,3,3,3,3,3,3,3,3,3,3,3,3,3,
3,3,4),(0.,0.009890617,0.019781235,0.029671852,0.034617161,0.03956247,0.044507779,0.049453087,0.054398396,0.056871051,0.059343705,0.064289014,0.069234322,0.07912494,0.084070249,0.086542903,0.089015557,0.093960866,0.098906175,0.103851484,0.108796792,0.113742101,0.11868741,0.128578027,0.133523336,0.138468645,
0.143413954,0.148359262,0.15824988),.UNSPECIFIED.);
#4705=EDGE_CURVE('',#4433,#4618,#4704,.T.);
#4706=ORIENTED_EDGE('',*,*,#4705,.T.);
#4707=CARTESIAN_POINT('',(79.999986036,177.088427068,4.352763072));
#4708=DIRECTION('',(-0.99999995,-0.000315372,0.));
#4709=DIRECTION('',(0.000315372,-0.99999995,0.));
#4710=AXIS2_PLACEMENT_3D('',#4707,#4708,#4709);
#4711=CIRCLE('',#4710,19.25);
#4712=EDGE_CURVE('',#4580,#4618,#4711,.T.);
#4713=ORIENTED_EDGE('',*,*,#4712,.F.);
#4714=EDGE_LOOP('',(#4615,#4616,#4706,#4713));
#4715=FACE_BOUND('',#4714,.T.);
#4716=ADVANCED_FACE('',(#4715),#4578,.T.);
#4717=CARTESIAN_POINT('',(79.999986037,177.088427068,4.352763072));
#4718=DIRECTION('',(-0.99999995,-0.000315372,0.));
#4719=DIRECTION('',(-0.000315372,0.99999995,0.));
#4720=AXIS2_PLACEMENT_3D('',#4717,#4718,#4719);
#4721=CYLINDRICAL_SURFACE('',#4720,19.25);
#4722=CARTESIAN_POINT('',(59.99391612,196.332118671,4.352763072));
#4723=DIRECTION('',(0.99999995,0.000315372,-0.));
#4724=VECTOR('',#4723,20.);
#4725=LINE('',#4722,#4724);
#4726=EDGE_CURVE('',#4392,#4580,#4725,.T.);
#4727=ORIENTED_EDGE('',*,*,#4726,.T.);
#4728=ORIENTED_EDGE('',*,*,#4712,.T.);
#4729=CARTESIAN_POINT('',(79.993930133,196.290836928,3.000018128));
#4730=DIRECTION('',(-0.99999995,-0.000315372,0.));
#4731=VECTOR('',#4730,19.99999989);
#4732=LINE('',#4729,#4731);
#4733=EDGE_CURVE('',#4618,#4401,#4732,.T.);
#4734=ORIENTED_EDGE('',*,*,#4733,.T.);
#4735=ORIENTED_EDGE('',*,*,#4407,.F.);
#4736=EDGE_LOOP('',(#4727,#4728,#4734,#4735));
#4737=FACE_BOUND('',#4736,.T.);
#4738=ADVANCED_FACE('',(#4737),#4721,.T.);
#4739=CARTESIAN_POINT('',(10.5,226.999981872,3.000018128));
#4740=DIRECTION('',(0.,0.,-1.));
#4741=DIRECTION('',(0.,1.,0.));
#4742=AXIS2_PLACEMENT_3D('',#4739,#4740,#4741);
#4743=PLANE('',#4742);
#4744=CARTESIAN_POINT('',(80.006041941,157.886017208,3.000018128));
#4745=VERTEX_POINT('',#4744);
#4746=CARTESIAN_POINT('',(137.797711896,96.999981872,3.000018128));
#4747=VERTEX_POINT('',#4746);
#4748=CARTESIAN_POINT('',(80.006041942,157.886017207,3.000018128));
#4749=CARTESIAN_POINT('',(82.052117232,157.886662482,3.000018128));
#4750=CARTESIAN_POINT('',(84.092877588,157.842625415,3.000018128));
#4751=CARTESIAN_POINT('',(86.127419962,157.746314129,3.000018128));
#4752=CARTESIAN_POINT('',(88.161962336,157.650002843,3.000018128));
#4753=CARTESIAN_POINT('',(90.190283264,157.501388228,3.000018128));
#4754=CARTESIAN_POINT('',(92.211162149,157.290208783,3.000018128));
#4755=CARTESIAN_POINT('',(94.232041034,157.079029339,3.000018128));
#4756=CARTESIAN_POINT('',(96.245493847,156.80541934,3.000018128));
#4757=CARTESIAN_POINT('',(98.249782372,156.454765698,3.000018128));
#4758=CARTESIAN_POINT('',(100.254070896,156.104112056,3.000018128));
#4759=CARTESIAN_POINT('',(102.249237991,155.676775079,3.000018128));
#4760=CARTESIAN_POINT('',(104.232697388,155.151012169,3.000018128));
#4761=CARTESIAN_POINT('',(104.728562237,155.019571441,3.000018128));
#4762=CARTESIAN_POINT('',(105.224294459,154.881752291,3.000018128));
#4763=CARTESIAN_POINT('',(105.717318532,154.737867421,3.000018128));
#4764=CARTESIAN_POINT('',(106.210342605,154.593982551,3.000018128));
#4765=CARTESIAN_POINT('',(106.700743549,154.444027052,3.000018128));
#4766=CARTESIAN_POINT('',(107.188388204,154.287692762,3.000018128));
#4767=CARTESIAN_POINT('',(108.163677516,153.975024181,3.000018128));
#4768=CARTESIAN_POINT('',(109.127955206,153.636871744,3.000018128));
#4769=CARTESIAN_POINT('',(110.080009342,153.270430714,3.000018128));
#4770=CARTESIAN_POINT('',(111.984117615,152.537548653,3.000018128));
#4771=CARTESIAN_POINT('',(113.839604139,151.692142778,3.000018128));
#4772=CARTESIAN_POINT('',(115.633907344,150.705142233,3.000018128));
#4773=CARTESIAN_POINT('',(116.082483145,150.458392097,3.000018128));
#4774=CARTESIAN_POINT('',(116.527206453,150.202726255,3.000018128));
#4775=CARTESIAN_POINT('',(116.967851616,149.937622486,3.000018128));
#4776=CARTESIAN_POINT('',(117.408496778,149.672518717,3.000018128));
#4777=CARTESIAN_POINT('',(117.846021228,149.39732956,3.000018128));
#4778=CARTESIAN_POINT('',(118.27558276,149.114609691,3.000018128));
#4779=CARTESIAN_POINT('',(119.134705823,148.549169951,3.000018128));
#4780=CARTESIAN_POINT('',(119.963964299,147.952337907,3.000018128));
#4781=CARTESIAN_POINT('',(120.762584833,147.323300645,3.000018128));
#4782=CARTESIAN_POINT('',(122.359825902,146.065226121,3.000018128));
#4783=CARTESIAN_POINT('',(123.83428155,144.678085113,3.000018128));
#4784=CARTESIAN_POINT('',(125.184786155,143.160652375,3.000018128));
#4785=CARTESIAN_POINT('',(125.860038457,142.401936006,3.000018128));
#4786=CARTESIAN_POINT('',(126.504301145,141.610644755,3.000018128));
#4787=CARTESIAN_POINT('',(127.11822228,140.787459836,3.000018128));
#4788=CARTESIAN_POINT('',(127.425182847,140.375867376,3.000018128));
#4789=CARTESIAN_POINT('',(127.725337756,139.955246519,3.000018128));
#4790=CARTESIAN_POINT('',(128.015758134,139.530123822,3.000018128));
#4791=CARTESIAN_POINT('',(128.306178512,139.105001124,3.000018128));
#4792=CARTESIAN_POINT('',(128.586972604,138.675351767,3.000018128));
#4793=CARTESIAN_POINT('',(128.858688359,138.241433418,3.000018128));
#4794=CARTESIAN_POINT('',(129.945551378,136.505760022,3.000018128));
#4795=CARTESIAN_POINT('',(130.888326067,134.702330612,3.000018128));
#4796=CARTESIAN_POINT('',(131.716900835,132.845199897,3.000018128));
#4797=CARTESIAN_POINT('',(132.545475602,130.988069182,3.000018128));
#4798=CARTESIAN_POINT('',(133.259787993,129.077207792,3.000018128));
#4799=CARTESIAN_POINT('',(133.88117903,127.122651118,3.000018128));
#4800=CARTESIAN_POINT('',(134.036526789,126.634011949,3.000018128));
#4801=CARTESIAN_POINT('',(134.186180986,126.142088154,3.000018128));
#4802=CARTESIAN_POINT('',(134.32962243,125.649792308,3.000018128));
#4803=CARTESIAN_POINT('',(134.473063873,125.157496462,3.000018128));
#4804=CARTESIAN_POINT('',(134.610435651,124.664441344,3.000018128));
#4805=CARTESIAN_POINT('',(134.742137656,124.170676976,3.000018128));
#4806=CARTESIAN_POINT('',(135.005541664,123.18314824,3.000018128));
#4807=CARTESIAN_POINT('',(135.246304785,122.192787286,3.000018128));
#4808=CARTESIAN_POINT('',(135.467078207,121.199925759,3.000018128));
#4809=CARTESIAN_POINT('',(135.908625052,119.214202706,3.000018128));
#4810=CARTESIAN_POINT('',(136.270494645,117.218512582,3.000018128));
#4811=CARTESIAN_POINT('',(136.568654021,115.214852752,3.000018128));
#4812=CARTESIAN_POINT('',(136.866813398,113.211192922,3.000018128));
#4813=CARTESIAN_POINT('',(137.100884203,111.199516056,3.000018128));
#4814=CARTESIAN_POINT('',(137.282046329,109.181220682,3.000018128));
#4815=CARTESIAN_POINT('',(137.463208454,107.162925307,3.000018128));
#4816=CARTESIAN_POINT('',(137.591535491,105.13802063,3.000018128));
#4817=CARTESIAN_POINT('',(137.675179153,103.107526373,3.000018128));
#4818=CARTESIAN_POINT('',(137.758822815,101.077032116,3.000018128));
#4819=CARTESIAN_POINT('',(137.797711896,99.040939371,3.000018128));
#4820=CARTESIAN_POINT('',(137.797711896,96.999981872,3.000018128));
#4821=B_SPLINE_CURVE_WITH_KNOTS('',3,(#4748,#4749,#4750,#4751,#4752,#4753,#4754,#4755,#4756,#4757,#4758,#4759,#4760,#4761,#4762,#4763,#4764,#4765,#4766,#4767,#4768,#4769,#4770,#4771,#4772,#4773,
#4774,#4775,#4776,#4777,#4778,#4779,#4780,#4781,#4782,#4783,#4784,#4785,#4786,#4787,#4788,#4789,#4790,#4791,#4792,#4793,#4794,#4795,#4796,#4797,#4798,
#4799,#4800,#4801,#4802,#4803,#4804,#4805,#4806,#4807,#4808,#4809,#4810,#4811,#4812,#4813,#4814,#4815,#4816,#4817,#4818,#4819,#4820),.UNSPECIFIED.,.F.,.F.,(4,3,3,3,3,3,3,3,3,3,3,3,3,3,3,3,3,3,3,3,3,3,3,3,4),(0.,0.006095028,0.012190056,0.018285084,0.024380112,0.025903869,0.027427626,0.03047514,0.036570168,0.038093925,0.039617682,0.042665196,0.048760224,0.051807738,0.053331495,0.054855252,0.06095028,0.067045308,0.068569065,0.070092822,0.073140336,0.079235364,0.085330392,0.09142542,0.097520447),.UNSPECIFIED.);
#4822=EDGE_CURVE('',#4745,#4747,#4821,.T.);
#4823=ORIENTED_EDGE('',*,*,#4822,.F.);
#4824=CARTESIAN_POINT('',(60.006043043,157.879709768,3.000018128));
#4825=DIRECTION('',(0.99999995,0.000315372,-0.));
#4826=VECTOR('',#4825,19.999999892);
#4827=LINE('',#4824,#4826);
#4828=EDGE_CURVE('',#4390,#4745,#4827,.T.);
#4829=ORIENTED_EDGE('',*,*,#4828,.F.);
#4830=ORIENTED_EDGE('',*,*,#4413,.F.);
#4831=ORIENTED_EDGE('',*,*,#4733,.F.);
#4832=ORIENTED_EDGE('',*,*,#4705,.F.);
#4833=ORIENTED_EDGE('',*,*,#4438,.F.);
#4834=ORIENTED_EDGE('',*,*,#4363,.T.);
#4835=CARTESIAN_POINT('',(137.797711896,96.999981872,3.000018128));
#4836=DIRECTION('',(-0.,-1.,-0.));
#4837=VECTOR('',#4836,20.);
#4838=LINE('',#4835,#4837);
#4839=EDGE_CURVE('',#4747,#4358,#4838,.T.);
#4840=ORIENTED_EDGE('',*,*,#4839,.F.);
#4841=EDGE_LOOP('',(#4823,#4829,#4830,#4831,#4832,#4833,#4834,#4840));
#4842=FACE_BOUND('',#4841,.T.);
#4843=ADVANCED_FACE('',(#4842),#4743,.T.);
#4844=CARTESIAN_POINT('',(137.797711913,96.999981872,3.000017887));
#4845=CARTESIAN_POINT('',(137.797711913,102.95656343,3.000017887));
#4846=CARTESIAN_POINT('',(137.465240258,108.397488839,3.000017887));
#4847=CARTESIAN_POINT('',(136.518044284,115.755379535,3.000017887));
#4848=CARTESIAN_POINT('',(136.127978634,118.074244156,3.000017887));
#4849=CARTESIAN_POINT('',(135.212358454,122.444254826,3.000017887));
#4850=CARTESIAN_POINT('',(134.686868585,124.495297895,3.000017887));
#4851=CARTESIAN_POINT('',(133.515789515,128.335959926,3.000017887));
#4852=CARTESIAN_POINT('',(132.87034019,130.125493699,3.000017887));
#4853=CARTESIAN_POINT('',(131.473925513,133.459084686,3.000017887));
#4854=CARTESIAN_POINT('',(130.723166525,135.003145895,3.000017887));
#4855=CARTESIAN_POINT('',(129.124623815,137.872913407,3.000017887));
#4856=CARTESIAN_POINT('',(128.277033717,139.198783618,3.000017887));
#4857=CARTESIAN_POINT('',(126.480839826,141.66817711,3.000017887));
#4858=CARTESIAN_POINT('',(125.532281216,142.812010657,3.000017887));
#4859=CARTESIAN_POINT('',(123.513564544,144.954927185,3.000017887));
#4860=CARTESIAN_POINT('',(122.443222219,145.954321186,3.000017887));
#4861=CARTESIAN_POINT('',(120.145664467,147.837556254,3.000017887));
#4862=CARTESIAN_POINT('',(118.918118255,148.721530522,3.000017887));
#4863=CARTESIAN_POINT('',(116.264401338,150.387441581,3.000017887));
#4864=CARTESIAN_POINT('',(114.837941102,151.169287183,3.000017887));
#4865=CARTESIAN_POINT('',(111.748202166,152.628138551,3.000017887));
#4866=CARTESIAN_POINT('',(110.08479724,153.30493406,3.000017887));
#4867=CARTESIAN_POINT('',(106.493111529,154.539577657,3.000017887));
#4868=CARTESIAN_POINT('',(104.564855892,155.097227807,3.000017887));
#4869=CARTESIAN_POINT('',(100.42691723,156.074755172,3.000017887));
#4870=CARTESIAN_POINT('',(98.217332083,156.49450977,3.000017887));
#4871=CARTESIAN_POINT('',(93.509526843,157.177681598,3.000017887));
#4872=CARTESIAN_POINT('',(91.011410621,157.441049071,3.000017887));
#4873=CARTESIAN_POINT('',(85.725426562,157.79568127,3.000017887));
#4874=CARTESIAN_POINT('',(82.937638187,157.886941768,3.000017887));
#4875=CARTESIAN_POINT('',(80.006041942,157.886017224,3.000017887));
#4876=CARTESIAN_POINT('',(137.765635195,96.999981872,3.455351477));
#4877=CARTESIAN_POINT('',(137.765635195,102.955377258,3.455351477));
#4878=CARTESIAN_POINT('',(137.433225882,108.394948394,3.455351477));
#4879=CARTESIAN_POINT('',(136.486330186,115.750506501,3.455351477));
#4880=CARTESIAN_POINT('',(136.096399783,118.068543647,3.455351477));
#4881=CARTESIAN_POINT('',(135.18114731,122.436799351,3.455351477));
#4882=CARTESIAN_POINT('',(134.655890009,124.486914757,3.455351477));
#4883=CARTESIAN_POINT('',(133.485403892,128.325632143,3.455351477));
#4884=CARTESIAN_POINT('',(132.840315186,130.114148792,3.455351477));
#4885=CARTESIAN_POINT('',(131.444778816,133.445643039,3.455351477));
#4886=CARTESIAN_POINT('',(130.694537863,134.98862464,3.455351477));
#4887=CARTESIAN_POINT('',(129.097207369,137.856215932,3.455351477));
#4888=CARTESIAN_POINT('',(128.250311777,139.180989805,3.455351477));
#4889=CARTESIAN_POINT('',(126.455681278,141.648233958,3.455351477));
#4890=CARTESIAN_POINT('',(125.50799163,142.791015021,3.455351477));
#4891=CARTESIAN_POINT('',(123.491157767,144.931932901,3.455351477));
#4892=CARTESIAN_POINT('',(122.421828981,145.93038126,3.455351477));
#4893=CARTESIAN_POINT('',(120.126389164,147.811880324,3.455351477));
#4894=CARTESIAN_POINT('',(118.899946796,148.695064453,3.455351477));
#4895=CARTESIAN_POINT('',(116.248463571,150.359573278,3.455351477));
#4896=CARTESIAN_POINT('',(114.823132701,151.140806632,3.455351477));
#4897=CARTESIAN_POINT('',(111.735619594,152.598607053,3.455351477));
#4898=CARTESIAN_POINT('',(110.073310921,153.274963509,3.455351477));
#4899=CARTESIAN_POINT('',(106.483742839,154.50887917,3.455351477));
#4900=CARTESIAN_POINT('',(104.556508621,155.066240105,3.455351477));
#4901=CARTESIAN_POINT('',(100.420515164,156.043307944,3.455351477));
#4902=CARTESIAN_POINT('',(98.211853967,156.462892026,3.455351477));
#4903=CARTESIAN_POINT('',(93.505791851,157.145810901,3.455351477));
#4904=CARTESIAN_POINT('',(91.008494975,157.409095854,3.455351477));
#4905=CARTESIAN_POINT('',(85.724047861,157.76362494,3.455351477));
#4906=CARTESIAN_POINT('',(82.936977217,157.85486484,3.455351477));
#4907=CARTESIAN_POINT('',(80.006052058,157.853940508,3.455351477));
#4908=CARTESIAN_POINT('',(137.750122711,96.999981872,3.906522822));
#4909=CARTESIAN_POINT('',(137.750122711,102.954803619,3.906522822));
#4910=CARTESIAN_POINT('',(137.417743547,108.39371982,3.906522822));
#4911=CARTESIAN_POINT('',(136.470993069,115.748149874,3.906522822));
#4912=CARTESIAN_POINT('',(136.081128071,118.065786849,3.906522822));
#4913=CARTESIAN_POINT('',(135.166053423,122.433193841,3.906522822));
#4914=CARTESIAN_POINT('',(134.640908594,124.482860623,3.906522822));
#4915=CARTESIAN_POINT('',(133.470709232,128.320637568,3.906522822));
#4916=CARTESIAN_POINT('',(132.825794923,130.10866233,3.906522822));
#4917=CARTESIAN_POINT('',(131.430683307,133.439142583,3.906522822));
#4918=CARTESIAN_POINT('',(130.680692878,134.981602078,3.906522822));
#4919=CARTESIAN_POINT('',(129.083948619,137.848140937,3.906522822));
#4920=CARTESIAN_POINT('',(128.237388895,139.172384617,3.906522822));
#4921=CARTESIAN_POINT('',(126.443514462,141.638589336,3.906522822));
#4922=CARTESIAN_POINT('',(125.496245048,142.780861411,3.906522822));
#4923=CARTESIAN_POINT('',(123.480321722,144.920812735,3.906522822));
#4924=CARTESIAN_POINT('',(122.41148309,145.918803776,3.906522822));
#4925=CARTESIAN_POINT('',(120.117067518,147.799463298,3.906522822));
#4926=CARTESIAN_POINT('',(118.891158975,148.682265311,3.906522822));
#4927=CARTESIAN_POINT('',(116.240755976,150.346096007,3.906522822));
#4928=CARTESIAN_POINT('',(114.815971273,151.127033275,3.906522822));
#4929=CARTESIAN_POINT('',(111.72953459,152.584325452,3.906522822));
#4930=CARTESIAN_POINT('',(110.067756072,153.260469581,3.906522822));
#4931=CARTESIAN_POINT('',(106.479212087,154.494033208,3.906522822));
#4932=CARTESIAN_POINT('',(104.552471833,155.051254276,3.906522822));
#4933=CARTESIAN_POINT('',(100.417419088,156.028099886,3.906522822));
#4934=CARTESIAN_POINT('',(98.20920472,156.447601505,3.906522822));
#4935=CARTESIAN_POINT('',(93.503985588,157.130398051,3.906522822));
#4936=CARTESIAN_POINT('',(91.007084953,157.393643097,3.906522822));
#4937=CARTESIAN_POINT('',(85.723381114,157.748122317,3.906522822));
#4938=CARTESIAN_POINT('',(82.936657567,157.839352255,3.906522822));
#4939=CARTESIAN_POINT('',(80.00605695,157.838428025,3.906522822));
#4940=CARTESIAN_POINT('',(137.750122711,96.999981872,4.352763072));
#4941=CARTESIAN_POINT('',(137.750122711,102.954803619,4.352763072));
#4942=CARTESIAN_POINT('',(137.417743547,108.39371982,4.352763072));
#4943=CARTESIAN_POINT('',(136.470993069,115.748149874,4.352763072));
#4944=CARTESIAN_POINT('',(136.081128071,118.065786849,4.352763072));
#4945=CARTESIAN_POINT('',(135.166053423,122.433193841,4.352763072));
#4946=CARTESIAN_POINT('',(134.640908594,124.482860623,4.352763072));
#4947=CARTESIAN_POINT('',(133.470709232,128.320637568,4.352763072));
#4948=CARTESIAN_POINT('',(132.825794923,130.10866233,4.352763072));
#4949=CARTESIAN_POINT('',(131.430683307,133.439142583,4.352763072));
#4950=CARTESIAN_POINT('',(130.680692878,134.981602078,4.352763072));
#4951=CARTESIAN_POINT('',(129.083948619,137.848140937,4.352763072));
#4952=CARTESIAN_POINT('',(128.237388895,139.172384617,4.352763072));
#4953=CARTESIAN_POINT('',(126.443514462,141.638589336,4.352763072));
#4954=CARTESIAN_POINT('',(125.496245048,142.780861411,4.352763072));
#4955=CARTESIAN_POINT('',(123.480321722,144.920812735,4.352763072));
#4956=CARTESIAN_POINT('',(122.41148309,145.918803776,4.352763072));
#4957=CARTESIAN_POINT('',(120.117067518,147.799463298,4.352763072));
#4958=CARTESIAN_POINT('',(118.891158975,148.682265311,4.352763072));
#4959=CARTESIAN_POINT('',(116.240755976,150.346096007,4.352763072));
#4960=CARTESIAN_POINT('',(114.815971273,151.127033275,4.352763072));
#4961=CARTESIAN_POINT('',(111.72953459,152.584325452,4.352763072));
#4962=CARTESIAN_POINT('',(110.067756072,153.260469581,4.352763072));
#4963=CARTESIAN_POINT('',(106.479212087,154.494033208,4.352763072));
#4964=CARTESIAN_POINT('',(104.552471833,155.051254276,4.352763072));
#4965=CARTESIAN_POINT('',(100.417419088,156.028099886,4.352763072));
#4966=CARTESIAN_POINT('',(98.20920472,156.447601505,4.352763072));
#4967=CARTESIAN_POINT('',(93.503985588,157.130398051,4.352763072));
#4968=CARTESIAN_POINT('',(91.007084953,157.393643097,4.352763072));
#4969=CARTESIAN_POINT('',(85.723381114,157.748122317,4.352763072));
#4970=CARTESIAN_POINT('',(82.936657567,157.839352255,4.352763072));
#4971=CARTESIAN_POINT('',(80.00605695,157.838428025,4.352763072));
#4972=CARTESIAN_POINT('',(137.750122711,96.999981872,4.352796405));
#4973=CARTESIAN_POINT('',(137.750122711,102.954803619,4.352796405));
#4974=CARTESIAN_POINT('',(137.417743547,108.39371982,4.352796405));
#4975=CARTESIAN_POINT('',(136.470993069,115.748149874,4.352796405));
#4976=CARTESIAN_POINT('',(136.081128071,118.065786849,4.352796405));
#4977=CARTESIAN_POINT('',(135.166053423,122.433193841,4.352796405));
#4978=CARTESIAN_POINT('',(134.640908594,124.482860623,4.352796405));
#4979=CARTESIAN_POINT('',(133.470709232,128.320637568,4.352796405));
#4980=CARTESIAN_POINT('',(132.825794923,130.10866233,4.352796405));
#4981=CARTESIAN_POINT('',(131.430683307,133.439142583,4.352796405));
#4982=CARTESIAN_POINT('',(130.680692878,134.981602078,4.352796405));
#4983=CARTESIAN_POINT('',(129.083948619,137.848140937,4.352796405));
#4984=CARTESIAN_POINT('',(128.237388895,139.172384617,4.352796405));
#4985=CARTESIAN_POINT('',(126.443514462,141.638589336,4.352796405));
#4986=CARTESIAN_POINT('',(125.496245048,142.780861411,4.352796405));
#4987=CARTESIAN_POINT('',(123.480321722,144.920812735,4.352796405));
#4988=CARTESIAN_POINT('',(122.41148309,145.918803776,4.352796405));
#4989=CARTESIAN_POINT('',(120.117067518,147.799463298,4.352796405));
#4990=CARTESIAN_POINT('',(118.891158975,148.682265311,4.352796405));
#4991=CARTESIAN_POINT('',(116.240755976,150.346096007,4.352796405));
#4992=CARTESIAN_POINT('',(114.815971273,151.127033275,4.352796405));
#4993=CARTESIAN_POINT('',(111.72953459,152.584325452,4.352796405));
#4994=CARTESIAN_POINT('',(110.067756072,153.260469581,4.352796405));
#4995=CARTESIAN_POINT('',(106.479212087,154.494033208,4.352796405));
#4996=CARTESIAN_POINT('',(104.552471833,155.051254276,4.352796405));
#4997=CARTESIAN_POINT('',(100.417419088,156.028099886,4.352796405));
#4998=CARTESIAN_POINT('',(98.20920472,156.447601505,4.352796405));
#4999=CARTESIAN_POINT('',(93.503985588,157.130398051,4.352796405));
#5000=CARTESIAN_POINT('',(91.007084953,157.393643097,4.352796405));
#5001=CARTESIAN_POINT('',(85.723381114,157.748122317,4.352796405));
#5002=CARTESIAN_POINT('',(82.936657567,157.839352255,4.352796405));
#5003=CARTESIAN_POINT('',(80.00605695,157.838428025,4.352796405));
#5004=CARTESIAN_POINT('',(137.750122711,96.999981872,4.352829739));
#5005=CARTESIAN_POINT('',(137.750122711,102.954803619,4.352829739));
#5006=CARTESIAN_POINT('',(137.417743547,108.39371982,4.352829739));
#5007=CARTESIAN_POINT('',(136.470993069,115.748149874,4.352829739));
#5008=CARTESIAN_POINT('',(136.081128071,118.065786849,4.352829739));
#5009=CARTESIAN_POINT('',(135.166053423,122.433193841,4.352829739));
#5010=CARTESIAN_POINT('',(134.640908594,124.482860623,4.352829739));
#5011=CARTESIAN_POINT('',(133.470709232,128.320637568,4.352829739));
#5012=CARTESIAN_POINT('',(132.825794923,130.10866233,4.352829739));
#5013=CARTESIAN_POINT('',(131.430683307,133.439142583,4.352829739));
#5014=CARTESIAN_POINT('',(130.680692878,134.981602078,4.352829739));
#5015=CARTESIAN_POINT('',(129.083948619,137.848140937,4.352829739));
#5016=CARTESIAN_POINT('',(128.237388895,139.172384617,4.352829739));
#5017=CARTESIAN_POINT('',(126.443514462,141.638589336,4.352829739));
#5018=CARTESIAN_POINT('',(125.496245048,142.780861411,4.352829739));
#5019=CARTESIAN_POINT('',(123.480321722,144.920812735,4.352829739));
#5020=CARTESIAN_POINT('',(122.41148309,145.918803776,4.352829739));
#5021=CARTESIAN_POINT('',(120.117067518,147.799463298,4.352829739));
#5022=CARTESIAN_POINT('',(118.891158975,148.682265311,4.352829739));
#5023=CARTESIAN_POINT('',(116.240755976,150.346096007,4.352829739));
#5024=CARTESIAN_POINT('',(114.815971273,151.127033275,4.352829739));
#5025=CARTESIAN_POINT('',(111.72953459,152.584325452,4.352829739));
#5026=CARTESIAN_POINT('',(110.067756072,153.260469581,4.352829739));
#5027=CARTESIAN_POINT('',(106.479212087,154.494033208,4.352829739));
#5028=CARTESIAN_POINT('',(104.552471833,155.051254276,4.352829739));
#5029=CARTESIAN_POINT('',(100.417419088,156.028099886,4.352829739));
#5030=CARTESIAN_POINT('',(98.20920472,156.447601505,4.352829739));
#5031=CARTESIAN_POINT('',(93.503985588,157.130398051,4.352829739));
#5032=CARTESIAN_POINT('',(91.007084953,157.393643097,4.352829739));
#5033=CARTESIAN_POINT('',(85.723381114,157.748122317,4.352829739));
#5034=CARTESIAN_POINT('',(82.936657567,157.839352255,4.352829739));
#5035=CARTESIAN_POINT('',(80.00605695,157.838428025,4.352829739));
#5036=CARTESIAN_POINT('',(137.750122711,96.999981872,4.352863072));
#5037=CARTESIAN_POINT('',(137.750122711,102.954803619,4.352863072));
#5038=CARTESIAN_POINT('',(137.417743547,108.39371982,4.352863072));
#5039=CARTESIAN_POINT('',(136.470993069,115.748149874,4.352863072));
#5040=CARTESIAN_POINT('',(136.081128071,118.065786849,4.352863072));
#5041=CARTESIAN_POINT('',(135.166053423,122.433193841,4.352863072));
#5042=CARTESIAN_POINT('',(134.640908594,124.482860623,4.352863072));
#5043=CARTESIAN_POINT('',(133.470709232,128.320637568,4.352863072));
#5044=CARTESIAN_POINT('',(132.825794923,130.10866233,4.352863072));
#5045=CARTESIAN_POINT('',(131.430683307,133.439142583,4.352863072));
#5046=CARTESIAN_POINT('',(130.680692878,134.981602078,4.352863072));
#5047=CARTESIAN_POINT('',(129.083948619,137.848140937,4.352863072));
#5048=CARTESIAN_POINT('',(128.237388895,139.172384617,4.352863072));
#5049=CARTESIAN_POINT('',(126.443514462,141.638589336,4.352863072));
#5050=CARTESIAN_POINT('',(125.496245048,142.780861411,4.352863072));
#5051=CARTESIAN_POINT('',(123.480321722,144.920812735,4.352863072));
#5052=CARTESIAN_POINT('',(122.41148309,145.918803776,4.352863072));
#5053=CARTESIAN_POINT('',(120.117067518,147.799463298,4.352863072));
#5054=CARTESIAN_POINT('',(118.891158975,148.682265311,4.352863072));
#5055=CARTESIAN_POINT('',(116.240755976,150.346096007,4.352863072));
#5056=CARTESIAN_POINT('',(114.815971273,151.127033275,4.352863072));
#5057=CARTESIAN_POINT('',(111.72953459,152.584325452,4.352863072));
#5058=CARTESIAN_POINT('',(110.067756072,153.260469581,4.352863072));
#5059=CARTESIAN_POINT('',(106.479212087,154.494033208,4.352863072));
#5060=CARTESIAN_POINT('',(104.552471833,155.051254276,4.352863072));
#5061=CARTESIAN_POINT('',(100.417419088,156.028099886,4.352863072));
#5062=CARTESIAN_POINT('',(98.20920472,156.447601505,4.352863072));
#5063=CARTESIAN_POINT('',(93.503985588,157.130398051,4.352863072));
#5064=CARTESIAN_POINT('',(91.007084953,157.393643097,4.352863072));
#5065=CARTESIAN_POINT('',(85.723381114,157.748122317,4.352863072));
#5066=CARTESIAN_POINT('',(82.936657567,157.839352255,4.352863072));
#5067=CARTESIAN_POINT('',(80.00605695,157.838428025,4.352863072));
#5068=CARTESIAN_POINT('',(137.750322711,96.999981872,42.852763071));
#5069=CARTESIAN_POINT('',(137.750322711,102.954811015,42.852763071));
#5070=CARTESIAN_POINT('',(137.417943159,108.39373566,42.852763071));
#5071=CARTESIAN_POINT('',(136.471190808,115.748180258,42.852763071));
#5072=CARTESIAN_POINT('',(136.081324967,118.065822392,42.852763071));
#5073=CARTESIAN_POINT('',(135.166248026,122.433240326,42.852763071));
#5074=CARTESIAN_POINT('',(134.641101747,124.482912892,42.852763071));
#5075=CARTESIAN_POINT('',(133.470898688,128.320701962,42.852763071));
#5076=CARTESIAN_POINT('',(132.825982131,130.108733066,42.852763071));
#5077=CARTESIAN_POINT('',(131.430865038,133.439226392,42.852763071));
#5078=CARTESIAN_POINT('',(130.680871379,134.981692619,42.852763071));
#5079=CARTESIAN_POINT('',(129.084119562,137.848245047,42.852763071));
#5080=CARTESIAN_POINT('',(128.237555508,139.172495562,42.852763071));
#5081=CARTESIAN_POINT('',(126.443671327,141.638713683,42.852763071));
#5082=CARTESIAN_POINT('',(125.496396495,142.78099232,42.852763071));
#5083=CARTESIAN_POINT('',(123.48046143,144.920956106,42.852763071));
#5084=CARTESIAN_POINT('',(122.411616478,145.918953043,42.852763071));
#5085=CARTESIAN_POINT('',(120.117187701,147.799623389,42.852763071));
#5086=CARTESIAN_POINT('',(118.891272275,148.682430329,42.852763071));
#5087=CARTESIAN_POINT('',(116.240855349,150.346269768,42.852763071));
#5088=CARTESIAN_POINT('',(114.816063604,151.127210853,42.852763071));
#5089=CARTESIAN_POINT('',(111.729613043,152.584509583,42.852763071));
#5090=CARTESIAN_POINT('',(110.06782769,153.260656449,42.852763071));
#5091=CARTESIAN_POINT('',(106.479270501,154.494224615,42.852763071));
#5092=CARTESIAN_POINT('',(104.552523879,155.051447486,42.852763071));
#5093=CARTESIAN_POINT('',(100.417459005,156.028295961,42.852763071));
#5094=CARTESIAN_POINT('',(98.209238876,156.447798644,42.852763071));
#5095=CARTESIAN_POINT('',(93.504008876,157.130596767,42.852763071));
#5096=CARTESIAN_POINT('',(91.007103132,157.393842327,42.852763071));
#5097=CARTESIAN_POINT('',(85.72338971,157.74832219,42.852763071));
#5098=CARTESIAN_POINT('',(82.936661688,157.839552257,42.852763071));
#5099=CARTESIAN_POINT('',(80.006056887,157.838628025,42.852763071));
#5100=CARTESIAN_POINT('',(176.250122711,96.999981872,42.852463074));
#5101=CARTESIAN_POINT('',(176.250122711,104.378502533,42.852463074));
#5102=CARTESIAN_POINT('',(175.842917548,111.442882391,42.852463074));
#5103=CARTESIAN_POINT('',(174.535758133,121.596996588,42.852463074));
#5104=CARTESIAN_POINT('',(173.983564262,124.907807721,42.852463074));
#5105=CARTESIAN_POINT('',(172.627150484,131.381608547,42.852463074));
#5106=CARTESIAN_POINT('',(171.822865751,134.544701476,42.852463074));
#5107=CARTESIAN_POINT('',(169.940975732,140.716533695,42.852463074));
#5108=CARTESIAN_POINT('',(168.863230214,143.725358384,42.852463074));
#5109=CARTESIAN_POINT('',(166.413932354,149.572444785,42.852463074));
#5110=CARTESIAN_POINT('',(165.042173128,152.410702494,42.852463074));
#5111=CARTESIAN_POINT('',(161.990468761,157.889243662,42.852463074));
#5112=CARTESIAN_POINT('',(160.310329516,160.529362805,42.852463074));
#5113=CARTESIAN_POINT('',(156.639997364,165.57530711,42.852463074));
#5114=CARTESIAN_POINT('',(154.649759166,167.980821232,42.852463074));
#5115=CARTESIAN_POINT('',(150.373999516,172.519643418,42.852463074));
#5116=CARTESIAN_POINT('',(148.088662781,174.652639685,42.852463074));
#5117=CARTESIAN_POINT('',(143.252200946,178.616933738,42.852463074));
#5118=CARTESIAN_POINT('',(140.701407449,180.448097989,42.852463074));
#5119=CARTESIAN_POINT('',(135.370020838,183.794956827,42.852463074));
#5120=CARTESIAN_POINT('',(132.589717979,185.310742826,42.852463074));
#5121=CARTESIAN_POINT('',(126.831735124,188.029432443,42.852463074));
#5122=CARTESIAN_POINT('',(123.854181667,189.232546838,42.852463074));
#5123=CARTESIAN_POINT('',(117.723958267,191.339813921,42.852463074));
#5124=CARTESIAN_POINT('',(114.571263112,192.244165032,42.852463074));
#5125=CARTESIAN_POINT('',(108.101482444,193.772555896,42.852463074));
#5126=CARTESIAN_POINT('',(104.784298803,194.396718569,42.852463074));
#5127=CARTESIAN_POINT('',(97.98690003,195.383121172,42.852463074));
#5128=CARTESIAN_POINT('',(94.506580767,195.745410984,42.852463074));
#5129=CARTESIAN_POINT('',(87.378163578,196.22365046,42.852463074));
#5130=CARTESIAN_POINT('',(83.729985976,196.339604363,42.852463074));
#5131=CARTESIAN_POINT('',(79.993915124,196.33842611,42.852463074));
#5132=CARTESIAN_POINT('',(176.250122711,96.999981872,4.352763072));
#5133=CARTESIAN_POINT('',(176.250122711,104.378502533,4.352763072));
#5134=CARTESIAN_POINT('',(175.842917548,111.442882391,4.352763072));
#5135=CARTESIAN_POINT('',(174.535758133,121.596996588,4.352763072));
#5136=CARTESIAN_POINT('',(173.983564262,124.907807721,4.352763072));
#5137=CARTESIAN_POINT('',(172.627150484,131.381608547,4.352763072));
#5138=CARTESIAN_POINT('',(171.822865751,134.544701476,4.352763072));
#5139=CARTESIAN_POINT('',(169.940975732,140.716533695,4.352763072));
#5140=CARTESIAN_POINT('',(168.863230214,143.725358384,4.352763072));
#5141=CARTESIAN_POINT('',(166.413932354,149.572444785,4.352763072));
#5142=CARTESIAN_POINT('',(165.042173128,152.410702494,4.352763072));
#5143=CARTESIAN_POINT('',(161.990468761,157.889243662,4.352763072));
#5144=CARTESIAN_POINT('',(160.310329516,160.529362805,4.352763072));
#5145=CARTESIAN_POINT('',(156.639997364,165.57530711,4.352763072));
#5146=CARTESIAN_POINT('',(154.649759166,167.980821232,4.352763072));
#5147=CARTESIAN_POINT('',(150.373999516,172.519643418,4.352763072));
#5148=CARTESIAN_POINT('',(148.088662781,174.652639685,4.352763072));
#5149=CARTESIAN_POINT('',(143.252200946,178.616933738,4.352763072));
#5150=CARTESIAN_POINT('',(140.701407449,180.448097989,4.352763072));
#5151=CARTESIAN_POINT('',(135.370020838,183.794956827,4.352763072));
#5152=CARTESIAN_POINT('',(132.589717979,185.310742826,4.352763072));
#5153=CARTESIAN_POINT('',(126.831735124,188.029432443,4.352763072));
#5154=CARTESIAN_POINT('',(123.854181667,189.232546838,4.352763072));
#5155=CARTESIAN_POINT('',(117.723958267,191.339813921,4.352763072));
#5156=CARTESIAN_POINT('',(114.571263112,192.244165032,4.352763072));
#5157=CARTESIAN_POINT('',(108.101482444,193.772555896,4.352763072));
#5158=CARTESIAN_POINT('',(104.784298803,194.396718569,4.352763072));
#5159=CARTESIAN_POINT('',(97.98690003,195.383121172,4.352763072));
#5160=CARTESIAN_POINT('',(94.506580767,195.745410984,4.352763072));
#5161=CARTESIAN_POINT('',(87.378163578,196.22365046,4.352763072));
#5162=CARTESIAN_POINT('',(83.729985976,196.339604363,4.352763072));
#5163=CARTESIAN_POINT('',(79.993915124,196.33842611,4.352763072));
#5164=(BOUNDED_SURFACE()
B_SPLINE_SURFACE(3,3,((#4844,#4845,#4846,#4847,#4848,#4849,#4850,#4851,#4852,#4853,#4854,#4855,#4856,#4857,#4858,#4859,#4860,#4861,#4862,#4863,#4864,#4865,#4866,#4867,#4868,#4869,
#4870,#4871,#4872,#4873,#4874,#4875),(#4876,#4877,#4878,#4879,#4880,#4881,#4882,#4883,#4884,#4885,#4886,#4887,#4888,#4889,#4890,#4891,#4892,#4893,#4894,#4895,#4896,#4897,#4898,#4899,#4900,#4901,
#4902,#4903,#4904,#4905,#4906,#4907),(#4908,#4909,#4910,#4911,#4912,#4913,#4914,#4915,#4916,#4917,#4918,#4919,#4920,#4921,#4922,#4923,#4924,#4925,#4926,#4927,#4928,#4929,#4930,#4931,#4932,#4933,
#4934,#4935,#4936,#4937,#4938,#4939),(#4940,#4941,#4942,#4943,#4944,#4945,#4946,#4947,#4948,#4949,#4950,#4951,#4952,#4953,#4954,#4955,#4956,#4957,#4958,#4959,#4960,#4961,#4962,#4963,#4964,#4965,
#4966,#4967,#4968,#4969,#4970,#4971),(#4972,#4973,#4974,#4975,#4976,#4977,#4978,#4979,#4980,#4981,#4982,#4983,#4984,#4985,#4986,#4987,#4988,#4989,#4990,#4991,#4992,#4993,#4994,#4995,#4996,#4997,
#4998,#4999,#5000,#5001,#5002,#5003),(#5004,#5005,#5006,#5007,#5008,#5009,#5010,#5011,#5012,#5013,#5014,#5015,#5016,#5017,#5018,#5019,#5020,#5021,#5022,#5023,#5024,#5025,#5026,#5027,#5028,#5029,
#5030,#5031,#5032,#5033,#5034,#5035),(#5036,#5037,#5038,#5039,#5040,#5041,#5042,#5043,#5044,#5045,#5046,#5047,#5048,#5049,#5050,#5051,#5052,#5053,#5054,#5055,#5056,#5057,#5058,#5059,#5060,#5061,
#5062,#5063,#5064,#5065,#5066,#5067),(#5068,#5069,#5070,#5071,#5072,#5073,#5074,#5075,#5076,#5077,#5078,#5079,#5080,#5081,#5082,#5083,#5084,#5085,#5086,#5087,#5088,#5089,#5090,#5091,#5092,#5093,
#5094,#5095,#5096,#5097,#5098,#5099),(#5100,#5101,#5102,#5103,#5104,#5105,#5106,#5107,#5108,#5109,#5110,#5111,#5112,#5113,#5114,#5115,#5116,#5117,#5118,#5119,#5120,#5121,#5122,#5123,#5124,#5125,
#5126,#5127,#5128,#5129,#5130,#5131),(#5132,#5133,#5134,#5135,#5136,#5137,#5138,#5139,#5140,#5141,#5142,#5143,#5144,#5145,#5146,#5147,#5148,#5149,#5150,#5151,#5152,#5153,#5154,#5155,#5156,#5157,
#5158,#5159,#5160,#5161,#5162,#5163)),.UNSPECIFIED.,.F.,.F.,.U.)
B_SPLINE_SURFACE_WITH_KNOTS((4,3,3,4),(4,2,2,2,2,2,2,2,2,2,2,2,2,2,2,4),(0.483007915,0.5,0.500001299,1.),(0.119055704,0.214291778,0.261909815,0.309527852,0.357145889,0.404763926,0.452381963,0.5,0.547618037,0.595236074,0.642854111,0.690472148,0.738090185,0.785708222,0.833326259,0.880944296),.UNSPECIFIED.)
GEOMETRIC_REPRESENTATION_ITEM()
RATIONAL_B_SPLINE_SURFACE(((0.934341508,0.934341508,0.934341508,0.934341508,0.934341508,0.934341508,0.934341508,0.934341508,0.934341508,0.934341508,0.934341508,0.934341508,0.934341508,0.934341508,0.934341508,0.934341508,0.934341508,0.934341508,0.934341508,0.934341508,0.934341508,0.934341508,0.934341508,0.934341508,0.934341508,0.934341508,
0.934341508,0.934341508,0.934341508,0.934341508,0.934341508,0.934341508),(0.955457723,0.955457723,0.955457723,0.955457723,0.955457723,0.955457723,0.955457723,0.955457723,0.955457723,0.955457723,0.955457723,0.955457723,0.955457723,0.955457723,0.955457723,0.955457723,0.955457723,0.955457723,0.955457723,0.955457723,0.955457723,0.955457723,0.955457723,0.955457723,0.955457723,0.955457723,
0.955457723,0.955457723,0.955457723,0.955457723,0.955457723,0.955457723),(0.977343887,0.977343887,0.977343887,0.977343887,0.977343887,0.977343887,0.977343887,0.977343887,0.977343887,0.977343887,0.977343887,0.977343887,0.977343887,0.977343887,0.977343887,0.977343887,0.977343887,0.977343887,0.977343887,0.977343887,0.977343887,0.977343887,0.977343887,0.977343887,0.977343887,0.977343887,
0.977343887,0.977343887,0.977343887,0.977343887,0.977343887,0.977343887),(1.,1.,1.,1.,1.,1.,1.,1.,1.,1.,1.,1.,1.,1.,1.,1.,1.,1.,1.,1.,1.,1.,1.,1.,1.,1.,
1.,1.,1.,1.,1.,1.),(0.999998268,0.999998268,0.999998268,0.999998268,0.999998268,0.999998268,0.999998268,0.999998268,0.999998268,0.999998268,0.999998268,0.999998268,0.999998268,0.999998268,0.999998268,0.999998268,0.999998268,0.999998268,0.999998268,0.999998268,0.999998268,0.999998268,0.999998268,0.999998268,0.999998268,0.999998268,
0.999998268,0.999998268,0.999998268,0.999998268,0.999998268,0.999998268),(0.999996537,0.999996537,0.999996537,0.999996537,0.999996537,0.999996537,0.999996537,0.999996537,0.999996537,0.999996537,0.999996537,0.999996537,0.999996537,0.999996537,0.999996537,0.999996537,0.999996537,0.999996537,0.999996537,0.999996537,0.999996537,0.999996537,0.999996537,0.999996537,0.999996537,0.999996537,
0.999996537,0.999996537,0.999996537,0.999996537,0.999996537,0.999996537),(0.999994805,0.999994805,0.999994805,0.999994805,0.999994805,0.999994805,0.999994805,0.999994805,0.999994805,0.999994805,0.999994805,0.999994805,0.999994805,0.999994805,0.999994805,0.999994805,0.999994805,0.999994805,0.999994805,0.999994805,0.999994805,0.999994805,0.999994805,0.999994805,0.999994805,0.999994805,
0.999994805,0.999994805,0.999994805,0.999994805,0.999994805,0.999994805),(0.333333333,0.333333333,0.333333333,0.333333333,0.333333333,0.333333333,0.333333333,0.333333333,0.333333333,0.333333333,0.333333333,0.333333333,0.333333333,0.333333333,0.333333333,0.333333333,0.333333333,0.333333333,0.333333333,0.333333333,0.333333333,0.333333333,0.333333333,0.333333333,0.333333333,0.333333333,
0.333333333,0.333333333,0.333333333,0.333333333,0.333333333,0.333333333),(0.333335065,0.333335065,0.333335065,0.333335065,0.333335065,0.333335065,0.333335065,0.333335065,0.333335065,0.333335065,0.333335065,0.333335065,0.333335065,0.333335065,0.333335065,0.333335065,0.333335065,0.333335065,0.333335065,0.333335065,0.333335065,0.333335065,0.333335065,0.333335065,0.333335065,0.333335065,
0.333335065,0.333335065,0.333335065,0.333335065,0.333335065,0.333335065),(1.,1.,1.,1.,1.,1.,1.,1.,1.,1.,1.,1.,1.,1.,1.,1.,1.,1.,1.,1.,1.,1.,1.,1.,1.,1.,
1.,1.,1.,1.,1.,1.)))
REPRESENTATION_ITEM('')
SURFACE()
);
#5165=ORIENTED_EDGE('',*,*,#4614,.F.);
#5166=CARTESIAN_POINT('',(79.999986038,177.088427068,4.352763072));
#5167=DIRECTION('',(-0.99999995,-0.000315372,0.));
#5168=DIRECTION('',(0.000315372,-0.99999995,0.));
#5169=AXIS2_PLACEMENT_3D('',#5166,#5167,#5168);
#5170=CIRCLE('',#5169,19.25);
#5171=EDGE_CURVE('',#4745,#4580,#5170,.T.);
#5172=ORIENTED_EDGE('',*,*,#5171,.F.);
#5173=ORIENTED_EDGE('',*,*,#4822,.T.);
#5174=CARTESIAN_POINT('',(157.000122711,96.999981872,4.352763072));
#5175=DIRECTION('',(0.,1.,0.));
#5176=DIRECTION('',(0.,-0.,1.));
#5177=AXIS2_PLACEMENT_3D('',#5174,#5175,#5176);
#5178=CIRCLE('',#5177,19.25);
#5179=EDGE_CURVE('',#4747,#4424,#5178,.T.);
#5180=ORIENTED_EDGE('',*,*,#5179,.T.);
#5181=EDGE_LOOP('',(#5165,#5172,#5173,#5180));
#5182=FACE_BOUND('',#5181,.T.);
#5183=ADVANCED_FACE('',(#5182),#5164,.T.);
#5184=CARTESIAN_POINT('',(157.000122711,76.999981872,4.352763072));
#5185=DIRECTION('',(-0.,1.,0.));
#5186=DIRECTION('',(1.,0.,0.));
#5187=AXIS2_PLACEMENT_3D('',#5184,#5185,#5186);
#5188=CYLINDRICAL_SURFACE('',#5187,19.25);
#5189=ORIENTED_EDGE('',*,*,#4429,.F.);
#5190=ORIENTED_EDGE('',*,*,#5179,.F.);
#5191=ORIENTED_EDGE('',*,*,#4839,.T.);
#5192=ORIENTED_EDGE('',*,*,#4379,.T.);
#5193=EDGE_LOOP('',(#5189,#5190,#5191,#5192));
#5194=FACE_BOUND('',#5193,.T.);
#5195=ADVANCED_FACE('',(#5194),#5188,.T.);
#5196=CARTESIAN_POINT('',(79.999986037,177.088427068,4.352763072));
#5197=DIRECTION('',(-0.99999995,-0.000315372,0.));
#5198=DIRECTION('',(-0.000315372,0.99999995,0.));
#5199=AXIS2_PLACEMENT_3D('',#5196,#5197,#5198);
#5200=CYLINDRICAL_SURFACE('',#5199,19.25);
#5201=ORIENTED_EDGE('',*,*,#4726,.F.);
#5202=ORIENTED_EDGE('',*,*,#4398,.F.);
#5203=ORIENTED_EDGE('',*,*,#4828,.T.);
#5204=ORIENTED_EDGE('',*,*,#5171,.T.);
#5205=EDGE_LOOP('',(#5201,#5202,#5203,#5204));
#5206=FACE_BOUND('',#5205,.T.);
#5207=ADVANCED_FACE('',(#5206),#5200,.T.);
#5208=CLOSED_SHELL('',(#4383,#4417,#4449,#4716,#4738,#4843,#5183,#5195,#5207));
#5209=MANIFOLD_SOLID_BREP('Body 122 (1)',#5208);
#4349=STYLED_ITEM('',(#4292),#5209);
#5211=CARTESIAN_POINT('',(179.500915115,76.999999833,48.000018128));
#5212=DIRECTION('',(0.,1.,0.));
#5213=DIRECTION('',(1.,0.,0.));
#5214=AXIS2_PLACEMENT_3D('',#5211,#5212,#5213);
#5215=PLANE('',#5214);
#5216=CARTESIAN_POINT('',(194.933116744,76.999999833,3.000018128));
#5217=VERTEX_POINT('',#5216);
#5218=CARTESIAN_POINT('',(197.000000335,76.999999833,3.000018128));
#5219=VERTEX_POINT('',#5218);
#5220=CARTESIAN_POINT('',(194.933116744,76.999999833,3.000018128));
#5221=DIRECTION('',(1.,0.,-0.));
#5222=VECTOR('',#5221,2.066883591);
#5223=LINE('',#5220,#5222);
#5224=EDGE_CURVE('',#5217,#5219,#5223,.T.);
#5225=ORIENTED_EDGE('',*,*,#5224,.F.);
#5226=CARTESIAN_POINT('',(157.000122711,76.999999833,42.309869853));
#5227=VERTEX_POINT('',#5226);
#5228=CARTESIAN_POINT('',(157.000122711,76.999999833,4.352763072));
#5229=DIRECTION('',(-0.,-1.,-0.));
#5230=DIRECTION('',(0.,-0.,1.));
#5231=AXIS2_PLACEMENT_3D('',#5228,#5229,#5230);
#5232=CIRCLE('',#5231,37.957106781);
#5233=EDGE_CURVE('',#5217,#5227,#5232,.T.);
#5234=ORIENTED_EDGE('',*,*,#5233,.T.);
#5235=CARTESIAN_POINT('',(119.067128678,76.999999833,3.000018128));
#5236=VERTEX_POINT('',#5235);
#5237=CARTESIAN_POINT('',(157.000122711,76.999999833,4.352763072));
#5238=DIRECTION('',(-0.,-1.,-0.));
#5239=DIRECTION('',(0.,-0.,1.));
#5240=AXIS2_PLACEMENT_3D('',#5237,#5238,#5239);
#5241=CIRCLE('',#5240,37.957106781);
#5242=EDGE_CURVE('',#5227,#5236,#5241,.T.);
#5243=ORIENTED_EDGE('',*,*,#5242,.T.);
#5244=CARTESIAN_POINT('',(117.001463313,76.999999833,3.000018128));
#5245=VERTEX_POINT('',#5244);
#5246=CARTESIAN_POINT('',(117.001463313,76.999999833,3.000018128));
#5247=DIRECTION('',(1.,0.,-0.));
#5248=VECTOR('',#5247,2.065665365);
#5249=LINE('',#5246,#5248);
#5250=EDGE_CURVE('',#5245,#5236,#5249,.T.);
#5251=ORIENTED_EDGE('',*,*,#5250,.F.);
#5252=CARTESIAN_POINT('',(117.001463314,76.999999833,43.000018128));
#5253=VERTEX_POINT('',#5252);
#5254=CARTESIAN_POINT('',(117.001463313,76.999999833,43.000018128));
#5255=DIRECTION('',(0.,0.,-1.));
#5256=VECTOR('',#5255,40.);
#5257=LINE('',#5254,#5256);
#5258=EDGE_CURVE('',#5253,#5245,#5257,.T.);
#5259=ORIENTED_EDGE('',*,*,#5258,.F.);
#5260=CARTESIAN_POINT('',(197.000000335,76.999999833,43.000018128));
#5261=VERTEX_POINT('',#5260);
#5262=CARTESIAN_POINT('',(117.001463314,76.999999833,43.000018128));
#5263=DIRECTION('',(1.,0.,-0.));
#5264=VECTOR('',#5263,79.998537021);
#5265=LINE('',#5262,#5264);
#5266=EDGE_CURVE('',#5253,#5261,#5265,.T.);
#5267=ORIENTED_EDGE('',*,*,#5266,.T.);
#5268=CARTESIAN_POINT('',(197.000000335,76.999999833,43.000018128));
#5269=DIRECTION('',(0.,0.,-1.));
#5270=VECTOR('',#5269,40.);
#5271=LINE('',#5268,#5270);
#5272=EDGE_CURVE('',#5261,#5219,#5271,.T.);
#5273=ORIENTED_EDGE('',*,*,#5272,.T.);
#5274=EDGE_LOOP('',(#5225,#5234,#5243,#5251,#5259,#5267,#5273));
#5275=FACE_BOUND('',#5274,.T.);
#5276=ADVANCED_FACE('',(#5275),#5215,.T.);
#5277=CARTESIAN_POINT('',(176.999991187,68.999999833,48.000018128));
#5278=DIRECTION('',(0.,-1.,0.));
#5279=DIRECTION('',(-1.,0.,0.));
#5280=AXIS2_PLACEMENT_3D('',#5277,#5278,#5279);
#5281=PLANE('',#5280);
#5282=CARTESIAN_POINT('',(197.000000335,68.999999833,3.000018128));
#5283=VERTEX_POINT('',#5282);
#5284=CARTESIAN_POINT('',(116.999999665,68.999999833,3.000018128));
#5285=VERTEX_POINT('',#5284);
#5286=CARTESIAN_POINT('',(197.000000335,68.999999833,3.000018128));
#5287=DIRECTION('',(-1.,-0.,0.));
#5288=VECTOR('',#5287,80.00000067);
#5289=LINE('',#5286,#5288);
#5290=EDGE_CURVE('',#5283,#5285,#5289,.T.);
#5291=ORIENTED_EDGE('',*,*,#5290,.F.);
#5292=CARTESIAN_POINT('',(197.000000335,68.999999833,43.000018128));
#5293=VERTEX_POINT('',#5292);
#5294=CARTESIAN_POINT('',(197.000000335,68.999999833,43.000018128));
#5295=DIRECTION('',(0.,0.,-1.));
#5296=VECTOR('',#5295,40.);
#5297=LINE('',#5294,#5296);
#5298=EDGE_CURVE('',#5293,#5283,#5297,.T.);
#5299=ORIENTED_EDGE('',*,*,#5298,.F.);
#5300=CARTESIAN_POINT('',(116.999999665,68.999999833,43.000018128));
#5301=VERTEX_POINT('',#5300);
#5302=CARTESIAN_POINT('',(197.000000335,68.999999833,43.000018128));
#5303=DIRECTION('',(-1.,0.,0.));
#5304=VECTOR('',#5303,80.00000067);
#5305=LINE('',#5302,#5304);
#5306=EDGE_CURVE('',#5293,#5301,#5305,.T.);
#5307=ORIENTED_EDGE('',*,*,#5306,.T.);
#5308=CARTESIAN_POINT('',(116.999999665,68.999999833,43.000018128));
#5309=DIRECTION('',(0.,0.,-1.));
#5310=VECTOR('',#5309,40.);
#5311=LINE('',#5308,#5310);
#5312=EDGE_CURVE('',#5301,#5285,#5311,.T.);
#5313=ORIENTED_EDGE('',*,*,#5312,.T.);
#5314=EDGE_LOOP('',(#5291,#5299,#5307,#5313));
#5315=FACE_BOUND('',#5314,.T.);
#5316=ADVANCED_FACE('',(#5315),#5281,.T.);
#5317=CARTESIAN_POINT('',(197.000000335,73.999999833,48.000018128));
#5318=DIRECTION('',(1.,0.,0.));
#5319=DIRECTION('',(0.,-1.,0.));
#5320=AXIS2_PLACEMENT_3D('',#5317,#5318,#5319);
#5321=PLANE('',#5320);
#5322=CARTESIAN_POINT('',(197.000000335,76.999999833,3.000018128));
#5323=DIRECTION('',(0.,-1.,0.));
#5324=VECTOR('',#5323,8.);
#5325=LINE('',#5322,#5324);
#5326=EDGE_CURVE('',#5219,#5283,#5325,.T.);
#5327=ORIENTED_EDGE('',*,*,#5326,.F.);
#5328=ORIENTED_EDGE('',*,*,#5272,.F.);
#5329=CARTESIAN_POINT('',(197.000000335,76.999999833,43.000018128));
#5330=DIRECTION('',(0.,-1.,0.));
#5331=VECTOR('',#5330,8.);
#5332=LINE('',#5329,#5331);
#5333=EDGE_CURVE('',#5261,#5293,#5332,.T.);
#5334=ORIENTED_EDGE('',*,*,#5333,.T.);
#5335=ORIENTED_EDGE('',*,*,#5298,.T.);
#5336=EDGE_LOOP('',(#5327,#5328,#5334,#5335));
#5337=FACE_BOUND('',#5336,.T.);
#5338=ADVANCED_FACE('',(#5337),#5321,.T.);
#5339=CARTESIAN_POINT('',(179.500915115,76.999999833,48.000018128));
#5340=DIRECTION('',(0.,1.,0.));
#5341=DIRECTION('',(1.,0.,0.));
#5342=AXIS2_PLACEMENT_3D('',#5339,#5340,#5341);
#5343=PLANE('',#5342);
#5344=CARTESIAN_POINT('',(121.482981223,76.999999833,3.000018128));
#5345=VERTEX_POINT('',#5344);
#5346=CARTESIAN_POINT('',(192.517264199,76.999999833,3.000018128));
#5347=VERTEX_POINT('',#5346);
#5348=CARTESIAN_POINT('',(121.482981223,76.999999833,3.000018128));
#5349=DIRECTION('',(1.,0.,-0.));
#5350=VECTOR('',#5349,71.034282976);
#5351=LINE('',#5348,#5350);
#5352=EDGE_CURVE('',#5345,#5347,#5351,.T.);
#5353=ORIENTED_EDGE('',*,*,#5352,.F.);
#5354=CARTESIAN_POINT('',(157.000122711,76.999999833,39.895656291));
#5355=VERTEX_POINT('',#5354);
#5356=CARTESIAN_POINT('',(157.000122711,76.999999833,4.352763072));
#5357=DIRECTION('',(0.,1.,0.));
#5358=DIRECTION('',(0.,-0.,1.));
#5359=AXIS2_PLACEMENT_3D('',#5356,#5357,#5358);
#5360=CIRCLE('',#5359,35.542893219);
#5361=EDGE_CURVE('',#5345,#5355,#5360,.T.);
#5362=ORIENTED_EDGE('',*,*,#5361,.T.);
#5363=CARTESIAN_POINT('',(157.000122711,76.999999833,4.352763072));
#5364=DIRECTION('',(0.,1.,0.));
#5365=DIRECTION('',(0.,-0.,1.));
#5366=AXIS2_PLACEMENT_3D('',#5363,#5364,#5365);
#5367=CIRCLE('',#5366,35.542893219);
#5368=EDGE_CURVE('',#5355,#5347,#5367,.T.);
#5369=ORIENTED_EDGE('',*,*,#5368,.T.);
#5370=EDGE_LOOP('',(#5353,#5362,#5369));
#5371=FACE_BOUND('',#5370,.T.);
#5372=ADVANCED_FACE('',(#5371),#5343,.T.);
#5373=CARTESIAN_POINT('',(117.000915784,74.007318074,48.000018128));
#5374=DIRECTION('',(0.999999983,-0.000182956,0.));
#5375=DIRECTION('',(-0.000182956,-0.999999983,0.));
#5376=AXIS2_PLACEMENT_3D('',#5373,#5374,#5375);
#5377=PLANE('',#5376);
#5378=CARTESIAN_POINT('',(117.001463313,76.999999833,3.000018128));
#5379=DIRECTION('',(-0.000182956,-0.999999983,0.));
#5380=VECTOR('',#5379,8.000000134);
#5381=LINE('',#5378,#5380);
#5382=EDGE_CURVE('',#5245,#5285,#5381,.T.);
#5383=ORIENTED_EDGE('',*,*,#5382,.T.);
#5384=ORIENTED_EDGE('',*,*,#5312,.F.);
#5385=CARTESIAN_POINT('',(117.001463314,76.999999833,43.000018128));
#5386=DIRECTION('',(-0.000182956,-0.999999983,0.));
#5387=VECTOR('',#5386,8.000000134);
#5388=LINE('',#5385,#5387);
#5389=EDGE_CURVE('',#5253,#5301,#5388,.T.);
#5390=ORIENTED_EDGE('',*,*,#5389,.F.);
#5391=ORIENTED_EDGE('',*,*,#5258,.T.);
#5392=EDGE_LOOP('',(#5383,#5384,#5390,#5391));
#5393=FACE_BOUND('',#5392,.T.);
#5394=ADVANCED_FACE('',(#5393),#5377,.F.);
#5395=CARTESIAN_POINT('',(-403.000017961,1818.999999833,43.000018128));
#5396=DIRECTION('',(0.,0.,1.));
#5397=DIRECTION('',(0.,-1.,0.));
#5398=AXIS2_PLACEMENT_3D('',#5395,#5396,#5397);
#5399=PLANE('',#5398);
#5400=ORIENTED_EDGE('',*,*,#5306,.F.);
#5401=ORIENTED_EDGE('',*,*,#5333,.F.);
#5402=ORIENTED_EDGE('',*,*,#5266,.F.);
#5403=ORIENTED_EDGE('',*,*,#5389,.T.);
#5404=EDGE_LOOP('',(#5400,#5401,#5402,#5403));
#5405=FACE_BOUND('',#5404,.T.);
#5406=ADVANCED_FACE('',(#5405),#5399,.T.);
#5407=CARTESIAN_POINT('',(-403.000017961,1818.999999833,3.000018128));
#5408=DIRECTION('',(0.,0.,1.));
#5409=DIRECTION('',(0.,-1.,0.));
#5410=AXIS2_PLACEMENT_3D('',#5407,#5408,#5409);
#5411=PLANE('',#5410);
#5412=ORIENTED_EDGE('',*,*,#5250,.T.);
#5413=CARTESIAN_POINT('',(119.774693484,76.292893052,3.000018128));
#5414=VERTEX_POINT('',#5413);
#5415=CARTESIAN_POINT('',(119.067128678,76.999999833,3.000018128));
#5416=CARTESIAN_POINT('',(119.160534994,76.999999833,3.000018128));
#5417=CARTESIAN_POINT('',(119.252186644,76.981643439,3.000018128));
#5418=CARTESIAN_POINT('',(119.337822804,76.946206473,3.000018128));
#5419=CARTESIAN_POINT('',(119.380640884,76.928487991,3.000018128));
#5420=CARTESIAN_POINT('',(119.421260002,76.906801667,3.000018128));
#5421=CARTESIAN_POINT('',(119.45970004,76.881183381,3.000018128));
#5422=CARTESIAN_POINT('',(119.498140078,76.855565095,3.000018128));
#5423=CARTESIAN_POINT('',(119.534552222,76.825736237,3.000018128));
#5424=CARTESIAN_POINT('',(119.567191658,76.793151849,3.000018128));
#5425=CARTESIAN_POINT('',(119.632470531,76.727983074,3.000018128));
#5426=CARTESIAN_POINT('',(119.685218689,76.649172831,3.000018128));
#5427=CARTESIAN_POINT('',(119.720561547,76.564144389,3.000018128));
#5428=CARTESIAN_POINT('',(119.755904406,76.479115948,3.000018128));
#5429=CARTESIAN_POINT('',(119.774693484,76.386301062,3.000018128));
#5430=CARTESIAN_POINT('',(119.774693484,76.292893052,3.000018128));
#5431=B_SPLINE_CURVE_WITH_KNOTS('',3,(#5415,#5416,#5417,#5418,#5419,#5420,#5421,#5422,#5423,#5424,#5425,#5426,#5427,#5428,#5429,#5430),.UNSPECIFIED.,.F.,.F.,(4,3,3,3,3,4),(0.,0.000276243,0.000414364,0.000552485,0.000828728,0.00110497),.UNSPECIFIED.);
#5432=EDGE_CURVE('',#5236,#5414,#5431,.T.);
#5433=ORIENTED_EDGE('',*,*,#5432,.T.);
#5434=CARTESIAN_POINT('',(119.774693484,75.999981872,3.000018128));
#5435=VERTEX_POINT('',#5434);
#5436=CARTESIAN_POINT('',(119.774693484,75.999981872,3.000018128));
#5437=DIRECTION('',(0.,1.,0.));
#5438=VECTOR('',#5437,0.29291118);
#5439=LINE('',#5436,#5438);
#5440=EDGE_CURVE('',#5435,#5414,#5439,.T.);
#5441=ORIENTED_EDGE('',*,*,#5440,.F.);
#5442=CARTESIAN_POINT('',(120.775371765,75.999981872,3.000018128));
#5443=VERTEX_POINT('',#5442);
#5444=CARTESIAN_POINT('',(119.774693484,75.999981872,3.000018128));
#5445=DIRECTION('',(1.,0.,-0.));
#5446=VECTOR('',#5445,1.000678281);
#5447=LINE('',#5444,#5446);
#5448=EDGE_CURVE('',#5435,#5443,#5447,.T.);
#5449=ORIENTED_EDGE('',*,*,#5448,.T.);
#5450=CARTESIAN_POINT('',(120.775371765,76.292893052,3.000018128));
#5451=VERTEX_POINT('',#5450);
#5452=CARTESIAN_POINT('',(120.775371765,75.999981872,3.000018128));
#5453=DIRECTION('',(0.,1.,0.));
#5454=VECTOR('',#5453,0.29291118);
#5455=LINE('',#5452,#5454);
#5456=EDGE_CURVE('',#5443,#5451,#5455,.T.);
#5457=ORIENTED_EDGE('',*,*,#5456,.T.);
#5458=CARTESIAN_POINT('',(120.775371765,76.292893052,3.000018128));
#5459=CARTESIAN_POINT('',(120.775371765,76.386303155,3.000018128));
#5460=CARTESIAN_POINT('',(120.793770612,76.477962641,3.000018128));
#5461=CARTESIAN_POINT('',(120.829267593,76.563570599,3.000018128));
#5462=CARTESIAN_POINT('',(120.847016084,76.606374577,3.000018128));
#5463=CARTESIAN_POINT('',(120.868737415,76.646976883,3.000018128));
#5464=CARTESIAN_POINT('',(120.894395038,76.685397768,3.000018128));
#5465=CARTESIAN_POINT('',(120.920052661,76.723818654,3.000018128));
#5466=CARTESIAN_POINT('',(120.949918027,76.760198804,3.000018128));
#5467=CARTESIAN_POINT('',(120.982534947,76.792804313,3.000018128));
#5468=CARTESIAN_POINT('',(121.047768787,76.858015333,3.000018128));
#5469=CARTESIAN_POINT('',(121.126636111,76.910687246,3.000018128));
#5470=CARTESIAN_POINT('',(121.2116936,76.945969484,3.000018128));
#5471=CARTESIAN_POINT('',(121.296751089,76.981251721,3.000018128));
#5472=CARTESIAN_POINT('',(121.389572992,76.999999833,3.000018128));
#5473=CARTESIAN_POINT('',(121.482981223,76.999999833,3.000018128));
#5474=B_SPLINE_CURVE_WITH_KNOTS('',3,(#5458,#5459,#5460,#5461,#5462,#5463,#5464,#5465,#5466,#5467,#5468,#5469,#5470,#5471,#5472,#5473),.UNSPECIFIED.,.F.,.F.,(4,3,3,3,3,4),(0.,0.000276252,0.000414378,0.000552504,0.000828755,0.001105007),.UNSPECIFIED.);
#5475=EDGE_CURVE('',#5451,#5345,#5474,.T.);
#5476=ORIENTED_EDGE('',*,*,#5475,.T.);
#5477=ORIENTED_EDGE('',*,*,#5352,.T.);
#5478=CARTESIAN_POINT('',(193.224873657,76.292893052,3.000018128));
#5479=VERTEX_POINT('',#5478);
#5480=CARTESIAN_POINT('',(192.517264199,76.999999833,3.000018128));
#5481=CARTESIAN_POINT('',(192.610673569,76.999999833,3.000018128));
#5482=CARTESIAN_POINT('',(192.70232821,76.981645706,3.000018128));
#5483=CARTESIAN_POINT('',(192.787968974,76.946210947,3.000018128));
#5484=CARTESIAN_POINT('',(192.830789355,76.928493568,3.000018128));
#5485=CARTESIAN_POINT('',(192.871410796,76.906808396,3.000018128));
#5486=CARTESIAN_POINT('',(192.909853137,76.881191228,3.000018128));
#5487=CARTESIAN_POINT('',(192.948295478,76.85557406,3.000018128));
#5488=CARTESIAN_POINT('',(192.984710467,76.825745885,3.000018128));
#5489=CARTESIAN_POINT('',(193.017352599,76.793161809,3.000018128));
#5490=CARTESIAN_POINT('',(193.082636862,76.727993657,3.000018128));
#5491=CARTESIAN_POINT('',(193.135389855,76.649182944,3.000018128));
#5492=CARTESIAN_POINT('',(193.170736217,76.564152559,3.000018128));
#5493=CARTESIAN_POINT('',(193.206082578,76.479122174,3.000018128));
#5494=CARTESIAN_POINT('',(193.224873657,76.38630431,3.000018128));
#5495=CARTESIAN_POINT('',(193.224873657,76.292893052,3.000018128));
#5496=B_SPLINE_CURVE_WITH_KNOTS('',3,(#5480,#5481,#5482,#5483,#5484,#5485,#5486,#5487,#5488,#5489,#5490,#5491,#5492,#5493,#5494,#5495),.UNSPECIFIED.,.F.,.F.,(4,3,3,3,3,4),(0.,0.000276252,0.000414378,0.000552504,0.000828756,0.001105008),.UNSPECIFIED.);
#5497=EDGE_CURVE('',#5347,#5479,#5496,.T.);
#5498=ORIENTED_EDGE('',*,*,#5497,.T.);
#5499=CARTESIAN_POINT('',(193.224873657,75.999981872,3.000018128));
#5500=VERTEX_POINT('',#5499);
#5501=CARTESIAN_POINT('',(193.224873657,76.292893052,3.000018128));
#5502=DIRECTION('',(-0.,-1.,-0.));
#5503=VECTOR('',#5502,0.29291118);
#5504=LINE('',#5501,#5503);
#5505=EDGE_CURVE('',#5479,#5500,#5504,.T.);
#5506=ORIENTED_EDGE('',*,*,#5505,.T.);
#5507=CARTESIAN_POINT('',(194.225551938,75.999981872,3.000018128));
#5508=VERTEX_POINT('',#5507);
#5509=CARTESIAN_POINT('',(193.224873657,75.999981872,3.000018128));
#5510=DIRECTION('',(1.,0.,-0.));
#5511=VECTOR('',#5510,1.000678281);
#5512=LINE('',#5509,#5511);
#5513=EDGE_CURVE('',#5500,#5508,#5512,.T.);
#5514=ORIENTED_EDGE('',*,*,#5513,.T.);
#5515=CARTESIAN_POINT('',(194.225551938,76.292893052,3.000018128));
#5516=VERTEX_POINT('',#5515);
#5517=CARTESIAN_POINT('',(194.225551938,76.292893052,3.000018128));
#5518=DIRECTION('',(-0.,-1.,-0.));
#5519=VECTOR('',#5518,0.29291118);
#5520=LINE('',#5517,#5519);
#5521=EDGE_CURVE('',#5516,#5508,#5520,.T.);
#5522=ORIENTED_EDGE('',*,*,#5521,.F.);
#5523=CARTESIAN_POINT('',(194.225551938,76.292893052,3.000018128));
#5524=CARTESIAN_POINT('',(194.225551938,76.38630001,3.000018128));
#5525=CARTESIAN_POINT('',(194.243948711,76.477956181,3.000018128));
#5526=CARTESIAN_POINT('',(194.279442296,76.563562463,3.000018128));
#5527=CARTESIAN_POINT('',(194.297189088,76.606365604,3.000018128));
#5528=CARTESIAN_POINT('',(194.31890837,76.646967264,3.000018128));
#5529=CARTESIAN_POINT('',(194.344563575,76.685387709,3.000018128));
#5530=CARTESIAN_POINT('',(194.37021878,76.723808153,3.000018128));
#5531=CARTESIAN_POINT('',(194.40008162,76.760188473,3.000018128));
#5532=CARTESIAN_POINT('',(194.432696027,76.79279446,3.000018128));
#5533=CARTESIAN_POINT('',(194.497924843,76.858006434,3.000018128));
#5534=CARTESIAN_POINT('',(194.576786767,76.910680526,3.000018128));
#5535=CARTESIAN_POINT('',(194.661839885,76.945965029,3.000018128));
#5536=CARTESIAN_POINT('',(194.746893003,76.981249533,3.000018128));
#5537=CARTESIAN_POINT('',(194.839711488,76.999999833,3.000018128));
#5538=CARTESIAN_POINT('',(194.933116744,76.999999833,3.000018128));
#5539=B_SPLINE_CURVE_WITH_KNOTS('',3,(#5523,#5524,#5525,#5526,#5527,#5528,#5529,#5530,#5531,#5532,#5533,#5534,#5535,#5536,#5537,#5538),.UNSPECIFIED.,.F.,.F.,(4,3,3,3,3,4),(0.,0.000276242,0.000414364,0.000552485,0.000828727,0.00110497),.UNSPECIFIED.);
#5540=EDGE_CURVE('',#5516,#5217,#5539,.T.);
#5541=ORIENTED_EDGE('',*,*,#5540,.T.);
#5542=ORIENTED_EDGE('',*,*,#5224,.T.);
#5543=ORIENTED_EDGE('',*,*,#5326,.T.);
#5544=ORIENTED_EDGE('',*,*,#5290,.T.);
#5545=ORIENTED_EDGE('',*,*,#5382,.F.);
#5546=EDGE_LOOP('',(#5412,#5433,#5441,#5449,#5457,#5476,#5477,#5498,#5506,#5514,#5522,#5541,#5542,#5543,#5544,#5545));
#5547=FACE_BOUND('',#5546,.T.);
#5548=ADVANCED_FACE('',(#5547),#5411,.F.);
#5549=CARTESIAN_POINT('',(157.000122711,75.999981872,4.352763072));
#5550=DIRECTION('',(0.,1.,0.));
#5551=DIRECTION('',(0.,-0.,1.));
#5552=AXIS2_PLACEMENT_3D('',#5549,#5550,#5551);
#5553=CYLINDRICAL_SURFACE('',#5552,36.25);
#5554=CARTESIAN_POINT('',(157.000122711,76.292893052,40.602763072));
#5555=VERTEX_POINT('',#5554);
#5556=CARTESIAN_POINT('',(157.000122711,75.999981872,40.602763072));
#5557=VERTEX_POINT('',#5556);
#5558=CARTESIAN_POINT('',(157.000122711,76.292893052,40.602763072));
#5559=DIRECTION('',(-0.,-1.,-0.));
#5560=VECTOR('',#5559,0.29291118);
#5561=LINE('',#5558,#5560);
#5562=EDGE_CURVE('',#5555,#5557,#5561,.T.);
#5563=ORIENTED_EDGE('',*,*,#5562,.T.);
#5564=CARTESIAN_POINT('',(157.000122711,75.999981872,4.352763072));
#5565=DIRECTION('',(0.,-1.,0.));
#5566=DIRECTION('',(0.,0.,-1.));
#5567=AXIS2_PLACEMENT_3D('',#5564,#5565,#5566);
#5568=CIRCLE('',#5567,36.25);
#5569=EDGE_CURVE('',#5500,#5557,#5568,.T.);
#5570=ORIENTED_EDGE('',*,*,#5569,.F.);
#5571=ORIENTED_EDGE('',*,*,#5505,.F.);
#5572=CARTESIAN_POINT('',(157.000122711,76.292893052,4.352763072));
#5573=DIRECTION('',(-0.,-1.,-0.));
#5574=DIRECTION('',(0.,-0.,1.));
#5575=AXIS2_PLACEMENT_3D('',#5572,#5573,#5574);
#5576=CIRCLE('',#5575,36.25);
#5577=EDGE_CURVE('',#5479,#5555,#5576,.T.);
#5578=ORIENTED_EDGE('',*,*,#5577,.T.);
#5579=EDGE_LOOP('',(#5563,#5570,#5571,#5578));
#5580=FACE_BOUND('',#5579,.T.);
#5581=ADVANCED_FACE('',(#5580),#5553,.T.);
#5582=CARTESIAN_POINT('',(157.000122711,75.999981872,4.352763072));
#5583=DIRECTION('',(0.,1.,0.));
#5584=DIRECTION('',(0.,-0.,1.));
#5585=AXIS2_PLACEMENT_3D('',#5582,#5583,#5584);
#5586=CYLINDRICAL_SURFACE('',#5585,37.25);
#5587=CARTESIAN_POINT('',(157.000122711,76.292893052,41.602763072));
#5588=VERTEX_POINT('',#5587);
#5589=CARTESIAN_POINT('',(157.000122711,75.999981872,41.602763072));
#5590=VERTEX_POINT('',#5589);
#5591=CARTESIAN_POINT('',(157.000122711,76.292893052,41.602763072));
#5592=DIRECTION('',(-0.,-1.,-0.));
#5593=VECTOR('',#5592,0.29291118);
#5594=LINE('',#5591,#5593);
#5595=EDGE_CURVE('',#5588,#5590,#5594,.T.);
#5596=ORIENTED_EDGE('',*,*,#5595,.F.);
#5597=CARTESIAN_POINT('',(157.000122711,76.292893052,4.352763072));
#5598=DIRECTION('',(0.,1.,0.));
#5599=DIRECTION('',(0.,-0.,1.));
#5600=AXIS2_PLACEMENT_3D('',#5597,#5598,#5599);
#5601=CIRCLE('',#5600,37.25);
#5602=EDGE_CURVE('',#5588,#5516,#5601,.T.);
#5603=ORIENTED_EDGE('',*,*,#5602,.T.);
#5604=ORIENTED_EDGE('',*,*,#5521,.T.);
#5605=CARTESIAN_POINT('',(157.000122711,75.999981872,4.352763072));
#5606=DIRECTION('',(0.,-1.,0.));
#5607=DIRECTION('',(0.,0.,-1.));
#5608=AXIS2_PLACEMENT_3D('',#5605,#5606,#5607);
#5609=CIRCLE('',#5608,37.25);
#5610=EDGE_CURVE('',#5508,#5590,#5609,.T.);
#5611=ORIENTED_EDGE('',*,*,#5610,.T.);
#5612=EDGE_LOOP('',(#5596,#5603,#5604,#5611));
#5613=FACE_BOUND('',#5612,.T.);
#5614=ADVANCED_FACE('',(#5613),#5586,.F.);
#5615=CARTESIAN_POINT('',(-1950.,75.999981872,63.000018128));
#5616=DIRECTION('',(0.,-1.,0.));
#5617=DIRECTION('',(-1.,0.,0.));
#5618=AXIS2_PLACEMENT_3D('',#5615,#5616,#5617);
#5619=PLANE('',#5618);
#5620=CARTESIAN_POINT('',(157.000122711,75.999981872,4.352763072));
#5621=DIRECTION('',(0.,-1.,0.));
#5622=DIRECTION('',(0.,0.,-1.));
#5623=AXIS2_PLACEMENT_3D('',#5620,#5621,#5622);
#5624=CIRCLE('',#5623,37.25);
#5625=EDGE_CURVE('',#5590,#5435,#5624,.T.);
#5626=ORIENTED_EDGE('',*,*,#5625,.F.);
#5627=ORIENTED_EDGE('',*,*,#5610,.F.);
#5628=ORIENTED_EDGE('',*,*,#5513,.F.);
#5629=ORIENTED_EDGE('',*,*,#5569,.T.);
#5630=CARTESIAN_POINT('',(157.000122711,75.999981872,4.352763072));
#5631=DIRECTION('',(0.,-1.,0.));
#5632=DIRECTION('',(0.,0.,-1.));
#5633=AXIS2_PLACEMENT_3D('',#5630,#5631,#5632);
#5634=CIRCLE('',#5633,36.25);
#5635=EDGE_CURVE('',#5557,#5443,#5634,.T.);
#5636=ORIENTED_EDGE('',*,*,#5635,.T.);
#5637=ORIENTED_EDGE('',*,*,#5448,.F.);
#5638=EDGE_LOOP('',(#5626,#5627,#5628,#5629,#5636,#5637));
#5639=FACE_BOUND('',#5638,.T.);
#5640=ADVANCED_FACE('',(#5639),#5619,.F.);
#5641=CARTESIAN_POINT('',(157.000122711,76.292893052,4.352763072));
#5642=DIRECTION('',(0.,1.,0.));
#5643=DIRECTION('',(0.,-0.,1.));
#5644=AXIS2_PLACEMENT_3D('',#5641,#5642,#5643);
#5645=TOROIDAL_SURFACE('',#5644,35.542893219,0.707106781);
#5646=CARTESIAN_POINT('',(157.000122711,76.292893052,39.895656291));
#5647=DIRECTION('',(1.,-0.,-0.));
#5648=DIRECTION('',(0.,0.,1.));
#5649=AXIS2_PLACEMENT_3D('',#5646,#5647,#5648);
#5650=CIRCLE('',#5649,0.707106781);
#5651=EDGE_CURVE('',#5355,#5555,#5650,.T.);
#5652=ORIENTED_EDGE('',*,*,#5651,.T.);
#5653=ORIENTED_EDGE('',*,*,#5577,.F.);
#5654=ORIENTED_EDGE('',*,*,#5497,.F.);
#5655=ORIENTED_EDGE('',*,*,#5368,.F.);
#5656=EDGE_LOOP('',(#5652,#5653,#5654,#5655));
#5657=FACE_BOUND('',#5656,.T.);
#5658=ADVANCED_FACE('',(#5657),#5645,.T.);
#5659=CARTESIAN_POINT('',(157.000122711,76.292893052,4.352763072));
#5660=DIRECTION('',(0.,1.,0.));
#5661=DIRECTION('',(0.,-0.,1.));
#5662=AXIS2_PLACEMENT_3D('',#5659,#5660,#5661);
#5663=TOROIDAL_SURFACE('',#5662,37.957106781,0.707106781);
#5664=CARTESIAN_POINT('',(157.000122711,76.292893052,42.309869853));
#5665=DIRECTION('',(1.,-0.,-0.));
#5666=DIRECTION('',(0.,0.,1.));
#5667=AXIS2_PLACEMENT_3D('',#5664,#5665,#5666);
#5668=CIRCLE('',#5667,0.707106781);
#5669=EDGE_CURVE('',#5588,#5227,#5668,.T.);
#5670=ORIENTED_EDGE('',*,*,#5669,.T.);
#5671=ORIENTED_EDGE('',*,*,#5233,.F.);
#5672=ORIENTED_EDGE('',*,*,#5540,.F.);
#5673=ORIENTED_EDGE('',*,*,#5602,.F.);
#5674=EDGE_LOOP('',(#5670,#5671,#5672,#5673));
#5675=FACE_BOUND('',#5674,.T.);
#5676=ADVANCED_FACE('',(#5675),#5663,.T.);
#5677=CARTESIAN_POINT('',(157.000122711,75.999981872,4.352763072));
#5678=DIRECTION('',(0.,1.,0.));
#5679=DIRECTION('',(0.,-0.,1.));
#5680=AXIS2_PLACEMENT_3D('',#5677,#5678,#5679);
#5681=CYLINDRICAL_SURFACE('',#5680,36.25);
#5682=ORIENTED_EDGE('',*,*,#5562,.F.);
#5683=CARTESIAN_POINT('',(157.000122711,76.292893052,4.352763072));
#5684=DIRECTION('',(-0.,-1.,-0.));
#5685=DIRECTION('',(0.,-0.,1.));
#5686=AXIS2_PLACEMENT_3D('',#5683,#5684,#5685);
#5687=CIRCLE('',#5686,36.25);
#5688=EDGE_CURVE('',#5555,#5451,#5687,.T.);
#5689=ORIENTED_EDGE('',*,*,#5688,.T.);
#5690=ORIENTED_EDGE('',*,*,#5456,.F.);
#5691=ORIENTED_EDGE('',*,*,#5635,.F.);
#5692=EDGE_LOOP('',(#5682,#5689,#5690,#5691));
#5693=FACE_BOUND('',#5692,.T.);
#5694=ADVANCED_FACE('',(#5693),#5681,.T.);
#5695=CARTESIAN_POINT('',(157.000122711,75.999981872,4.352763072));
#5696=DIRECTION('',(0.,1.,0.));
#5697=DIRECTION('',(0.,-0.,1.));
#5698=AXIS2_PLACEMENT_3D('',#5695,#5696,#5697);
#5699=CYLINDRICAL_SURFACE('',#5698,37.25);
#5700=ORIENTED_EDGE('',*,*,#5595,.T.);
#5701=ORIENTED_EDGE('',*,*,#5625,.T.);
#5702=ORIENTED_EDGE('',*,*,#5440,.T.);
#5703=CARTESIAN_POINT('',(157.000122711,76.292893052,4.352763072));
#5704=DIRECTION('',(0.,1.,0.));
#5705=DIRECTION('',(0.,-0.,1.));
#5706=AXIS2_PLACEMENT_3D('',#5703,#5704,#5705);
#5707=CIRCLE('',#5706,37.25);
#5708=EDGE_CURVE('',#5414,#5588,#5707,.T.);
#5709=ORIENTED_EDGE('',*,*,#5708,.T.);
#5710=EDGE_LOOP('',(#5700,#5701,#5702,#5709));
#5711=FACE_BOUND('',#5710,.T.);
#5712=ADVANCED_FACE('',(#5711),#5699,.F.);
#5713=CARTESIAN_POINT('',(157.000122711,76.292893052,4.352763072));
#5714=DIRECTION('',(0.,1.,0.));
#5715=DIRECTION('',(0.,-0.,1.));
#5716=AXIS2_PLACEMENT_3D('',#5713,#5714,#5715);
#5717=TOROIDAL_SURFACE('',#5716,35.542893219,0.707106781);
#5718=ORIENTED_EDGE('',*,*,#5651,.F.);
#5719=ORIENTED_EDGE('',*,*,#5361,.F.);
#5720=ORIENTED_EDGE('',*,*,#5475,.F.);
#5721=ORIENTED_EDGE('',*,*,#5688,.F.);
#5722=EDGE_LOOP('',(#5718,#5719,#5720,#5721));
#5723=FACE_BOUND('',#5722,.T.);
#5724=ADVANCED_FACE('',(#5723),#5717,.T.);
#5725=CARTESIAN_POINT('',(157.000122711,76.292893052,4.352763072));
#5726=DIRECTION('',(0.,1.,0.));
#5727=DIRECTION('',(0.,-0.,1.));
#5728=AXIS2_PLACEMENT_3D('',#5725,#5726,#5727);
#5729=TOROIDAL_SURFACE('',#5728,37.957106781,0.707106781);
#5730=ORIENTED_EDGE('',*,*,#5669,.F.);
#5731=ORIENTED_EDGE('',*,*,#5708,.F.);
#5732=ORIENTED_EDGE('',*,*,#5432,.F.);
#5733=ORIENTED_EDGE('',*,*,#5242,.F.);
#5734=EDGE_LOOP('',(#5730,#5731,#5732,#5733));
#5735=FACE_BOUND('',#5734,.T.);
#5736=ADVANCED_FACE('',(#5735),#5729,.T.);
#5737=CLOSED_SHELL('',(#5276,#5316,#5338,#5372,#5394,#5406,#5548,#5581,#5614,#5640,#5658,#5676,#5694,#5712,#5724,#5736));
#5738=MANIFOLD_SOLID_BREP('Body 120 (4)',#5737);
#5210=STYLED_ITEM('',(#4292),#5738);
#4330=SHAPE_REPRESENTATION('Folder 34',(#15),#4328);
#4331=ADVANCED_BREP_SHAPE_REPRESENTATION('Folder 34',(#5209,#5738),#4328);
#5746=SHAPE_REPRESENTATION_RELATIONSHIP('','',#4330,#4331);
#5747=CARTESIAN_POINT('',(0.,0.,0.));
#5748=DIRECTION('',(0.,0.,1.));
#5749=DIRECTION('',(1.,0.,0.));
#5750=AXIS2_PLACEMENT_3D('',#5747,#5748,#5749);
#5752=MAPPED_ITEM('',#5751,#5750);
#5751=REPRESENTATION_MAP(#5750,#4330);
#5753=APPLICATION_CONTEXT('Managed model based 3d engineering');
#5754=APPLICATION_PROTOCOL_DEFINITION('international standard','ap242_managed_model_based_3d_engineering',2014,#5753);
#5755=PRODUCT_CONTEXT('',#5753,'mechanical');
#5756=PRODUCT_DEFINITION_CONTEXT('part definition',#5753,'design');
#4338=PRODUCT('Folder 34','Folder 34','',(#5755));
#5757=PRODUCT_RELATED_PRODUCT_CATEGORY('part','',(#4338));
#5758=PRODUCT_DEFINITION_FORMATION_WITH_SPECIFIED_SOURCE('','',#4338,.NOT_KNOWN.);
#4339=PRODUCT_DEFINITION('design','',#5758,#5756);
#4337=PRODUCT_DEFINITION_SHAPE('','',#4339);
#5759=SHAPE_DEFINITION_REPRESENTATION(#4337,#4330);
#4329=DRAUGHTING_MODEL('',(#5752),#4328);
#5760=(NAMED_UNIT(*)PLANE_ANGLE_UNIT()SI_UNIT($,.RADIAN.));
#5761=PLANE_ANGLE_MEASURE_WITH_UNIT(PLANE_ANGLE_MEASURE(0.0174532925),#5760);
#5762=(CONVERSION_BASED_UNIT('DEGREE',#5761)NAMED_UNIT(#5763)PLANE_ANGLE_UNIT());
#5763=DIMENSIONAL_EXPONENTS(0.,0.,0.,0.,0.,0.,0.);
#5764=(NAMED_UNIT(*)SI_UNIT($,.STERADIAN.)SOLID_ANGLE_UNIT());
#5765=(LENGTH_UNIT()NAMED_UNIT(*)SI_UNIT(.MILLI.,.METRE.));
#5766=UNCERTAINTY_MEASURE_WITH_UNIT(LENGTH_MEASURE(1.000000E-05),#5765,'DISTANCE_ACCURACY_VALUE','Maximum Tolerance applied to model');
#5767=(GEOMETRIC_REPRESENTATION_CONTEXT(3)GLOBAL_UNCERTAINTY_ASSIGNED_CONTEXT((#5766))GLOBAL_UNIT_ASSIGNED_CONTEXT((#5765,#5762,#5764))REPRESENTATION_CONTEXT('','Folder 35'));
#5779=CARTESIAN_POINT('',(0.,0.,0.));
#5780=DIRECTION('',(0.,0.,1.));
#5781=DIRECTION('',(1.,0.,-0.));
#5782=AXIS2_PLACEMENT_3D('',#5779,#5780,#5781);
#5783=ITEM_DEFINED_TRANSFORMATION('','',#5782,#15);
#5784=(REPRESENTATION_RELATIONSHIP('','',#5769,#4302)REPRESENTATION_RELATIONSHIP_WITH_TRANSFORMATION(#5783)SHAPE_REPRESENTATION_RELATIONSHIP());
#5785=NEXT_ASSEMBLY_USAGE_OCCURRENCE('Folder 35_3','Folder 35','Folder 35',#4311,#5778,$);
#5786=PRODUCT_DEFINITION_SHAPE('','',#5785);
#5787=CONTEXT_DEPENDENT_SHAPE_REPRESENTATION(#5784,#5786);
#5789=CARTESIAN_POINT('',(60.,154.499084718,48.000018128));
#5790=DIRECTION('',(1.,0.,0.));
#5791=DIRECTION('',(0.,-1.,0.));
#5792=AXIS2_PLACEMENT_3D('',#5789,#5790,#5791);
#5793=PLANE('',#5792);
#5794=CARTESIAN_POINT('',(60.,139.066883089,3.000018128));
#5795=VERTEX_POINT('',#5794);
#5796=CARTESIAN_POINT('',(60.,136.999999498,3.000018128));
#5797=VERTEX_POINT('',#5796);
#5798=CARTESIAN_POINT('',(60.,139.066883089,3.000018128));
#5799=DIRECTION('',(0.,-1.,0.));
#5800=VECTOR('',#5799,2.066883591);
#5801=LINE('',#5798,#5800);
#5802=EDGE_CURVE('',#5795,#5797,#5801,.T.);
#5803=ORIENTED_EDGE('',*,*,#5802,.F.);
#5804=CARTESIAN_POINT('',(60.,176.999877122,42.309869853));
#5805=VERTEX_POINT('',#5804);
#5806=CARTESIAN_POINT('',(60.,176.999877122,4.352763072));
#5807=DIRECTION('',(-1.,-0.,0.));
#5808=DIRECTION('',(0.,0.,1.));
#5809=AXIS2_PLACEMENT_3D('',#5806,#5807,#5808);
#5810=CIRCLE('',#5809,37.957106781);
#5811=EDGE_CURVE('',#5795,#5805,#5810,.T.);
#5812=ORIENTED_EDGE('',*,*,#5811,.T.);
#5813=CARTESIAN_POINT('',(60.,214.932871155,3.000018128));
#5814=VERTEX_POINT('',#5813);
#5815=CARTESIAN_POINT('',(60.,176.999877122,4.352763072));
#5816=DIRECTION('',(-1.,-0.,0.));
#5817=DIRECTION('',(0.,0.,1.));
#5818=AXIS2_PLACEMENT_3D('',#5815,#5816,#5817);
#5819=CIRCLE('',#5818,37.957106781);
#5820=EDGE_CURVE('',#5805,#5814,#5819,.T.);
#5821=ORIENTED_EDGE('',*,*,#5820,.T.);
#5822=CARTESIAN_POINT('',(60.,216.99853652,3.000018128));
#5823=VERTEX_POINT('',#5822);
#5824=CARTESIAN_POINT('',(60.,216.99853652,3.000018128));
#5825=DIRECTION('',(0.,-1.,0.));
#5826=VECTOR('',#5825,2.065665365);
#5827=LINE('',#5824,#5826);
#5828=EDGE_CURVE('',#5823,#5814,#5827,.T.);
#5829=ORIENTED_EDGE('',*,*,#5828,.F.);
#5830=CARTESIAN_POINT('',(60.,216.998536519,43.000018128));
#5831=VERTEX_POINT('',#5830);
#5832=CARTESIAN_POINT('',(60.,216.99853652,43.000018128));
#5833=DIRECTION('',(0.,0.,-1.));
#5834=VECTOR('',#5833,40.);
#5835=LINE('',#5832,#5834);
#5836=EDGE_CURVE('',#5831,#5823,#5835,.T.);
#5837=ORIENTED_EDGE('',*,*,#5836,.F.);
#5838=CARTESIAN_POINT('',(60.,136.999999498,43.000018128));
#5839=VERTEX_POINT('',#5838);
#5840=CARTESIAN_POINT('',(60.,216.998536519,43.000018128));
#5841=DIRECTION('',(0.,-1.,0.));
#5842=VECTOR('',#5841,79.998537021);
#5843=LINE('',#5840,#5842);
#5844=EDGE_CURVE('',#5831,#5839,#5843,.T.);
#5845=ORIENTED_EDGE('',*,*,#5844,.T.);
#5846=CARTESIAN_POINT('',(60.,136.999999498,43.000018128));
#5847=DIRECTION('',(0.,0.,-1.));
#5848=VECTOR('',#5847,40.);
#5849=LINE('',#5846,#5848);
#5850=EDGE_CURVE('',#5839,#5797,#5849,.T.);
#5851=ORIENTED_EDGE('',*,*,#5850,.T.);
#5852=EDGE_LOOP('',(#5803,#5812,#5821,#5829,#5837,#5845,#5851));
#5853=FACE_BOUND('',#5852,.T.);
#5854=ADVANCED_FACE('',(#5853),#5793,.T.);
#5855=CARTESIAN_POINT('',(52.,157.000008646,48.000018128));
#5856=DIRECTION('',(-1.,-0.,0.));
#5857=DIRECTION('',(-0.,1.,0.));
#5858=AXIS2_PLACEMENT_3D('',#5855,#5856,#5857);
#5859=PLANE('',#5858);
#5860=CARTESIAN_POINT('',(52.,136.999999498,3.000018128));
#5861=VERTEX_POINT('',#5860);
#5862=CARTESIAN_POINT('',(52.,217.000000168,3.000018128));
#5863=VERTEX_POINT('',#5862);
#5864=CARTESIAN_POINT('',(52.,136.999999498,3.000018128));
#5865=DIRECTION('',(-0.,1.,-0.));
#5866=VECTOR('',#5865,80.00000067);
#5867=LINE('',#5864,#5866);
#5868=EDGE_CURVE('',#5861,#5863,#5867,.T.);
#5869=ORIENTED_EDGE('',*,*,#5868,.F.);
#5870=CARTESIAN_POINT('',(52.,136.999999498,43.000018128));
#5871=VERTEX_POINT('',#5870);
#5872=CARTESIAN_POINT('',(52.,136.999999498,43.000018128));
#5873=DIRECTION('',(0.,0.,-1.));
#5874=VECTOR('',#5873,40.);
#5875=LINE('',#5872,#5874);
#5876=EDGE_CURVE('',#5871,#5861,#5875,.T.);
#5877=ORIENTED_EDGE('',*,*,#5876,.F.);
#5878=CARTESIAN_POINT('',(52.,217.000000168,43.000018128));
#5879=VERTEX_POINT('',#5878);
#5880=CARTESIAN_POINT('',(52.,136.999999498,43.000018128));
#5881=DIRECTION('',(-0.,1.,0.));
#5882=VECTOR('',#5881,80.00000067);
#5883=LINE('',#5880,#5882);
#5884=EDGE_CURVE('',#5871,#5879,#5883,.T.);
#5885=ORIENTED_EDGE('',*,*,#5884,.T.);
#5886=CARTESIAN_POINT('',(52.,217.000000168,43.000018128));
#5887=DIRECTION('',(0.,0.,-1.));
#5888=VECTOR('',#5887,40.);
#5889=LINE('',#5886,#5888);
#5890=EDGE_CURVE('',#5879,#5863,#5889,.T.);
#5891=ORIENTED_EDGE('',*,*,#5890,.T.);
#5892=EDGE_LOOP('',(#5869,#5877,#5885,#5891));
#5893=FACE_BOUND('',#5892,.T.);
#5894=ADVANCED_FACE('',(#5893),#5859,.T.);
#5895=CARTESIAN_POINT('',(57.,136.999999498,48.000018128));
#5896=DIRECTION('',(0.,-1.,0.));
#5897=DIRECTION('',(-1.,-0.,0.));
#5898=AXIS2_PLACEMENT_3D('',#5895,#5896,#5897);
#5899=PLANE('',#5898);
#5900=CARTESIAN_POINT('',(60.,136.999999498,3.000018128));
#5901=DIRECTION('',(-1.,-0.,0.));
#5902=VECTOR('',#5901,8.);
#5903=LINE('',#5900,#5902);
#5904=EDGE_CURVE('',#5797,#5861,#5903,.T.);
#5905=ORIENTED_EDGE('',*,*,#5904,.F.);
#5906=ORIENTED_EDGE('',*,*,#5850,.F.);
#5907=CARTESIAN_POINT('',(60.,136.999999498,43.000018128));
#5908=DIRECTION('',(-1.,-0.,0.));
#5909=VECTOR('',#5908,8.);
#5910=LINE('',#5907,#5909);
#5911=EDGE_CURVE('',#5839,#5871,#5910,.T.);
#5912=ORIENTED_EDGE('',*,*,#5911,.T.);
#5913=ORIENTED_EDGE('',*,*,#5876,.T.);
#5914=EDGE_LOOP('',(#5905,#5906,#5912,#5913));
#5915=FACE_BOUND('',#5914,.T.);
#5916=ADVANCED_FACE('',(#5915),#5899,.T.);
#5917=CARTESIAN_POINT('',(60.,154.499084718,48.000018128));
#5918=DIRECTION('',(1.,0.,0.));
#5919=DIRECTION('',(0.,-1.,0.));
#5920=AXIS2_PLACEMENT_3D('',#5917,#5918,#5919);
#5921=PLANE('',#5920);
#5922=CARTESIAN_POINT('',(60.,212.51701861,3.000018128));
#5923=VERTEX_POINT('',#5922);
#5924=CARTESIAN_POINT('',(60.,141.482735634,3.000018128));
#5925=VERTEX_POINT('',#5924);
#5926=CARTESIAN_POINT('',(60.,212.51701861,3.000018128));
#5927=DIRECTION('',(0.,-1.,0.));
#5928=VECTOR('',#5927,71.034282976);
#5929=LINE('',#5926,#5928);
#5930=EDGE_CURVE('',#5923,#5925,#5929,.T.);
#5931=ORIENTED_EDGE('',*,*,#5930,.F.);
#5932=CARTESIAN_POINT('',(60.,176.999877122,39.895656291));
#5933=VERTEX_POINT('',#5932);
#5934=CARTESIAN_POINT('',(60.,176.999877122,4.352763072));
#5935=DIRECTION('',(1.,0.,-0.));
#5936=DIRECTION('',(0.,0.,1.));
#5937=AXIS2_PLACEMENT_3D('',#5934,#5935,#5936);
#5938=CIRCLE('',#5937,35.542893219);
#5939=EDGE_CURVE('',#5923,#5933,#5938,.T.);
#5940=ORIENTED_EDGE('',*,*,#5939,.T.);
#5941=CARTESIAN_POINT('',(60.,176.999877122,4.352763072));
#5942=DIRECTION('',(1.,0.,-0.));
#5943=DIRECTION('',(0.,0.,1.));
#5944=AXIS2_PLACEMENT_3D('',#5941,#5942,#5943);
#5945=CIRCLE('',#5944,35.542893219);
#5946=EDGE_CURVE('',#5933,#5925,#5945,.T.);
#5947=ORIENTED_EDGE('',*,*,#5946,.T.);
#5948=EDGE_LOOP('',(#5931,#5940,#5947));
#5949=FACE_BOUND('',#5948,.T.);
#5950=ADVANCED_FACE('',(#5949),#5921,.T.);
#5951=CARTESIAN_POINT('',(57.007318241,216.999084049,48.000018128));
#5952=DIRECTION('',(-0.000182956,-0.999999983,0.));
#5953=DIRECTION('',(-0.999999983,0.000182956,0.));
#5954=AXIS2_PLACEMENT_3D('',#5951,#5952,#5953);
#5955=PLANE('',#5954);
#5956=CARTESIAN_POINT('',(60.,216.99853652,3.000018128));
#5957=DIRECTION('',(-0.999999983,0.000182956,0.));
#5958=VECTOR('',#5957,8.000000134);
#5959=LINE('',#5956,#5958);
#5960=EDGE_CURVE('',#5823,#5863,#5959,.T.);
#5961=ORIENTED_EDGE('',*,*,#5960,.T.);
#5962=ORIENTED_EDGE('',*,*,#5890,.F.);
#5963=CARTESIAN_POINT('',(60.,216.998536519,43.000018128));
#5964=DIRECTION('',(-0.999999983,0.000182956,0.));
#5965=VECTOR('',#5964,8.000000134);
#5966=LINE('',#5963,#5965);
#5967=EDGE_CURVE('',#5831,#5879,#5966,.T.);
#5968=ORIENTED_EDGE('',*,*,#5967,.F.);
#5969=ORIENTED_EDGE('',*,*,#5836,.T.);
#5970=EDGE_LOOP('',(#5961,#5962,#5968,#5969));
#5971=FACE_BOUND('',#5970,.T.);
#5972=ADVANCED_FACE('',(#5971),#5955,.F.);
#5973=CARTESIAN_POINT('',(1802.,737.000017794,43.000018128));
#5974=DIRECTION('',(0.,0.,1.));
#5975=DIRECTION('',(-1.,-0.,0.));
#5976=AXIS2_PLACEMENT_3D('',#5973,#5974,#5975);
#5977=PLANE('',#5976);
#5978=ORIENTED_EDGE('',*,*,#5884,.F.);
#5979=ORIENTED_EDGE('',*,*,#5911,.F.);
#5980=ORIENTED_EDGE('',*,*,#5844,.F.);
#5981=ORIENTED_EDGE('',*,*,#5967,.T.);
#5982=EDGE_LOOP('',(#5978,#5979,#5980,#5981));
#5983=FACE_BOUND('',#5982,.T.);
#5984=ADVANCED_FACE('',(#5983),#5977,.T.);
#5985=CARTESIAN_POINT('',(1802.,737.000017794,3.000018128));
#5986=DIRECTION('',(0.,0.,1.));
#5987=DIRECTION('',(-1.,-0.,0.));
#5988=AXIS2_PLACEMENT_3D('',#5985,#5986,#5987);
#5989=PLANE('',#5988);
#5990=ORIENTED_EDGE('',*,*,#5828,.T.);
#5991=CARTESIAN_POINT('',(59.292893219,214.225306349,3.000018128));
#5992=VERTEX_POINT('',#5991);
#5993=CARTESIAN_POINT('',(60.,214.932871155,3.000018128));
#5994=CARTESIAN_POINT('',(60.,214.839464839,3.000018128));
#5995=CARTESIAN_POINT('',(59.981643606,214.747813189,3.000018128));
#5996=CARTESIAN_POINT('',(59.94620664,214.662177029,3.000018128));
#5997=CARTESIAN_POINT('',(59.928488158,214.619358949,3.000018128));
#5998=CARTESIAN_POINT('',(59.906801834,214.578739831,3.000018128));
#5999=CARTESIAN_POINT('',(59.881183548,214.540299793,3.000018128));
#6000=CARTESIAN_POINT('',(59.855565262,214.501859755,3.000018128));
#6001=CARTESIAN_POINT('',(59.825736404,214.465447611,3.000018128));
#6002=CARTESIAN_POINT('',(59.793152016,214.432808175,3.000018128));
#6003=CARTESIAN_POINT('',(59.727983241,214.367529302,3.000018128));
#6004=CARTESIAN_POINT('',(59.649172998,214.314781144,3.000018128));
#6005=CARTESIAN_POINT('',(59.564144556,214.279438286,3.000018128));
#6006=CARTESIAN_POINT('',(59.479116115,214.244095427,3.000018128));
#6007=CARTESIAN_POINT('',(59.386301229,214.225306349,3.000018128));
#6008=CARTESIAN_POINT('',(59.292893219,214.225306349,3.000018128));
#6009=B_SPLINE_CURVE_WITH_KNOTS('',3,(#5993,#5994,#5995,#5996,#5997,#5998,#5999,#6000,#6001,#6002,#6003,#6004,#6005,#6006,#6007,#6008),.UNSPECIFIED.,.F.,.F.,(4,3,3,3,3,4),(0.,0.000276243,0.000414364,0.000552485,0.000828728,0.00110497),.UNSPECIFIED.);
#6010=EDGE_CURVE('',#5814,#5992,#6009,.T.);
#6011=ORIENTED_EDGE('',*,*,#6010,.T.);
#6012=CARTESIAN_POINT('',(57.999982039,214.225306349,3.000018128));
#6013=VERTEX_POINT('',#6012);
#6014=CARTESIAN_POINT('',(57.999982039,214.225306349,3.000018128));
#6015=DIRECTION('',(1.,0.,0.));
#6016=VECTOR('',#6015,1.29291118);
#6017=LINE('',#6014,#6016);
#6018=EDGE_CURVE('',#6013,#5992,#6017,.T.);
#6019=ORIENTED_EDGE('',*,*,#6018,.F.);
#6020=CARTESIAN_POINT('',(57.999982039,213.224628068,3.000018128));
#6021=VERTEX_POINT('',#6020);
#6022=CARTESIAN_POINT('',(57.999982039,214.225306349,3.000018128));
#6023=DIRECTION('',(0.,-1.,0.));
#6024=VECTOR('',#6023,1.000678281);
#6025=LINE('',#6022,#6024);
#6026=EDGE_CURVE('',#6013,#6021,#6025,.T.);
#6027=ORIENTED_EDGE('',*,*,#6026,.T.);
#6028=CARTESIAN_POINT('',(59.292893219,213.224628068,3.000018128));
#6029=VERTEX_POINT('',#6028);
#6030=CARTESIAN_POINT('',(57.999982039,213.224628068,3.000018128));
#6031=DIRECTION('',(1.,0.,0.));
#6032=VECTOR('',#6031,1.29291118);
#6033=LINE('',#6030,#6032);
#6034=EDGE_CURVE('',#6021,#6029,#6033,.T.);
#6035=ORIENTED_EDGE('',*,*,#6034,.T.);
#6036=CARTESIAN_POINT('',(59.292893219,213.224628068,3.000018128));
#6037=CARTESIAN_POINT('',(59.386303322,213.224628068,3.000018128));
#6038=CARTESIAN_POINT('',(59.477962808,213.206229221,3.000018128));
#6039=CARTESIAN_POINT('',(59.563570766,213.17073224,3.000018128));
#6040=CARTESIAN_POINT('',(59.606374744,213.152983749,3.000018128));
#6041=CARTESIAN_POINT('',(59.64697705,213.131262418,3.000018128));
#6042=CARTESIAN_POINT('',(59.685397935,213.105604795,3.000018128));
#6043=CARTESIAN_POINT('',(59.723818821,213.079947172,3.000018128));
#6044=CARTESIAN_POINT('',(59.760198971,213.050081806,3.000018128));
#6045=CARTESIAN_POINT('',(59.79280448,213.017464886,3.000018128));
#6046=CARTESIAN_POINT('',(59.8580155,212.952231046,3.000018128));
#6047=CARTESIAN_POINT('',(59.910687413,212.873363722,3.000018128));
#6048=CARTESIAN_POINT('',(59.945969651,212.788306233,3.000018128));
#6049=CARTESIAN_POINT('',(59.981251888,212.703248744,3.000018128));
#6050=CARTESIAN_POINT('',(60.,212.610426841,3.000018128));
#6051=CARTESIAN_POINT('',(60.,212.51701861,3.000018128));
#6052=B_SPLINE_CURVE_WITH_KNOTS('',3,(#6036,#6037,#6038,#6039,#6040,#6041,#6042,#6043,#6044,#6045,#6046,#6047,#6048,#6049,#6050,#6051),.UNSPECIFIED.,.F.,.F.,(4,3,3,3,3,4),(0.,0.000276252,0.000414378,0.000552504,0.000828755,0.001105007),.UNSPECIFIED.);
#6053=EDGE_CURVE('',#6029,#5923,#6052,.T.);
#6054=ORIENTED_EDGE('',*,*,#6053,.T.);
#6055=ORIENTED_EDGE('',*,*,#5930,.T.);
#6056=CARTESIAN_POINT('',(59.292893219,140.775126176,3.000018128));
#6057=VERTEX_POINT('',#6056);
#6058=CARTESIAN_POINT('',(60.,141.482735634,3.000018128));
#6059=CARTESIAN_POINT('',(60.,141.389326264,3.000018128));
#6060=CARTESIAN_POINT('',(59.981645873,141.297671623,3.000018128));
#6061=CARTESIAN_POINT('',(59.946211114,141.212030859,3.000018128));
#6062=CARTESIAN_POINT('',(59.928493735,141.169210478,3.000018128));
#6063=CARTESIAN_POINT('',(59.906808563,141.128589037,3.000018128));
#6064=CARTESIAN_POINT('',(59.881191395,141.090146696,3.000018128));
#6065=CARTESIAN_POINT('',(59.855574227,141.051704355,3.000018128));
#6066=CARTESIAN_POINT('',(59.825746052,141.015289366,3.000018128));
#6067=CARTESIAN_POINT('',(59.793161976,140.982647234,3.000018128));
#6068=CARTESIAN_POINT('',(59.727993824,140.917362971,3.000018128));
#6069=CARTESIAN_POINT('',(59.649183111,140.864609978,3.000018128));
#6070=CARTESIAN_POINT('',(59.564152726,140.829263616,3.000018128));
#6071=CARTESIAN_POINT('',(59.479122341,140.793917255,3.000018128));
#6072=CARTESIAN_POINT('',(59.386304477,140.775126176,3.000018128));
#6073=CARTESIAN_POINT('',(59.292893219,140.775126176,3.000018128));
#6074=B_SPLINE_CURVE_WITH_KNOTS('',3,(#6058,#6059,#6060,#6061,#6062,#6063,#6064,#6065,#6066,#6067,#6068,#6069,#6070,#6071,#6072,#6073),.UNSPECIFIED.,.F.,.F.,(4,3,3,3,3,4),(0.,0.000276252,0.000414378,0.000552504,0.000828756,0.001105008),.UNSPECIFIED.);
#6075=EDGE_CURVE('',#5925,#6057,#6074,.T.);
#6076=ORIENTED_EDGE('',*,*,#6075,.T.);
#6077=CARTESIAN_POINT('',(57.999982039,140.775126176,3.000018128));
#6078=VERTEX_POINT('',#6077);
#6079=CARTESIAN_POINT('',(59.292893219,140.775126176,3.000018128));
#6080=DIRECTION('',(-1.,-0.,-0.));
#6081=VECTOR('',#6080,1.29291118);
#6082=LINE('',#6079,#6081);
#6083=EDGE_CURVE('',#6057,#6078,#6082,.T.);
#6084=ORIENTED_EDGE('',*,*,#6083,.T.);
#6085=CARTESIAN_POINT('',(57.999982039,139.774447895,3.000018128));
#6086=VERTEX_POINT('',#6085);
#6087=CARTESIAN_POINT('',(57.999982039,140.775126176,3.000018128));
#6088=DIRECTION('',(0.,-1.,0.));
#6089=VECTOR('',#6088,1.000678281);
#6090=LINE('',#6087,#6089);
#6091=EDGE_CURVE('',#6078,#6086,#6090,.T.);
#6092=ORIENTED_EDGE('',*,*,#6091,.T.);
#6093=CARTESIAN_POINT('',(59.292893219,139.774447895,3.000018128));
#6094=VERTEX_POINT('',#6093);
#6095=CARTESIAN_POINT('',(59.292893219,139.774447895,3.000018128));
#6096=DIRECTION('',(-1.,-0.,-0.));
#6097=VECTOR('',#6096,1.29291118);
#6098=LINE('',#6095,#6097);
#6099=EDGE_CURVE('',#6094,#6086,#6098,.T.);
#6100=ORIENTED_EDGE('',*,*,#6099,.F.);
#6101=CARTESIAN_POINT('',(59.292893219,139.774447895,3.000018128));
#6102=CARTESIAN_POINT('',(59.386300177,139.774447895,3.000018128));
#6103=CARTESIAN_POINT('',(59.477956348,139.756051122,3.000018128));
#6104=CARTESIAN_POINT('',(59.56356263,139.720557537,3.000018128));
#6105=CARTESIAN_POINT('',(59.606365771,139.702810745,3.000018128));
#6106=CARTESIAN_POINT('',(59.646967431,139.681091463,3.000018128));
#6107=CARTESIAN_POINT('',(59.685387876,139.655436258,3.000018128));
#6108=CARTESIAN_POINT('',(59.72380832,139.629781053,3.000018128));
#6109=CARTESIAN_POINT('',(59.76018864,139.599918213,3.000018128));
#6110=CARTESIAN_POINT('',(59.792794627,139.567303806,3.000018128));
#6111=CARTESIAN_POINT('',(59.858006601,139.50207499,3.000018128));
#6112=CARTESIAN_POINT('',(59.910680693,139.423213066,3.000018128));
#6113=CARTESIAN_POINT('',(59.945965196,139.338159948,3.000018128));
#6114=CARTESIAN_POINT('',(59.9812497,139.25310683,3.000018128));
#6115=CARTESIAN_POINT('',(60.,139.160288345,3.000018128));
#6116=CARTESIAN_POINT('',(60.,139.066883089,3.000018128));
#6117=B_SPLINE_CURVE_WITH_KNOTS('',3,(#6101,#6102,#6103,#6104,#6105,#6106,#6107,#6108,#6109,#6110,#6111,#6112,#6113,#6114,#6115,#6116),.UNSPECIFIED.,.F.,.F.,(4,3,3,3,3,4),(0.,0.000276242,0.000414364,0.000552485,0.000828727,0.00110497),.UNSPECIFIED.);
#6118=EDGE_CURVE('',#6094,#5795,#6117,.T.);
#6119=ORIENTED_EDGE('',*,*,#6118,.T.);
#6120=ORIENTED_EDGE('',*,*,#5802,.T.);
#6121=ORIENTED_EDGE('',*,*,#5904,.T.);
#6122=ORIENTED_EDGE('',*,*,#5868,.T.);
#6123=ORIENTED_EDGE('',*,*,#5960,.F.);
#6124=EDGE_LOOP('',(#5990,#6011,#6019,#6027,#6035,#6054,#6055,#6076,#6084,#6092,#6100,#6119,#6120,#6121,#6122,#6123));
#6125=FACE_BOUND('',#6124,.T.);
#6126=ADVANCED_FACE('',(#6125),#5989,.F.);
#6127=CARTESIAN_POINT('',(57.999982039,176.999877122,4.352763072));
#6128=DIRECTION('',(1.,0.,-0.));
#6129=DIRECTION('',(0.,0.,1.));
#6130=AXIS2_PLACEMENT_3D('',#6127,#6128,#6129);
#6131=CYLINDRICAL_SURFACE('',#6130,36.25);
#6132=CARTESIAN_POINT('',(59.292893219,176.999877122,40.602763072));
#6133=VERTEX_POINT('',#6132);
#6134=CARTESIAN_POINT('',(57.999982039,176.999877122,40.602763072));
#6135=VERTEX_POINT('',#6134);
#6136=CARTESIAN_POINT('',(59.292893219,176.999877122,40.602763072));
#6137=DIRECTION('',(-1.,-0.,-0.));
#6138=VECTOR('',#6137,1.29291118);
#6139=LINE('',#6136,#6138);
#6140=EDGE_CURVE('',#6133,#6135,#6139,.T.);
#6141=ORIENTED_EDGE('',*,*,#6140,.T.);
#6142=CARTESIAN_POINT('',(57.999982039,176.999877122,4.352763072));
#6143=DIRECTION('',(-1.,-0.,-0.));
#6144=DIRECTION('',(0.,0.,-1.));
#6145=AXIS2_PLACEMENT_3D('',#6142,#6143,#6144);
#6146=CIRCLE('',#6145,36.25);
#6147=EDGE_CURVE('',#6078,#6135,#6146,.T.);
#6148=ORIENTED_EDGE('',*,*,#6147,.F.);
#6149=ORIENTED_EDGE('',*,*,#6083,.F.);
#6150=CARTESIAN_POINT('',(59.292893219,176.999877122,4.352763072));
#6151=DIRECTION('',(-1.,-0.,0.));
#6152=DIRECTION('',(0.,0.,1.));
#6153=AXIS2_PLACEMENT_3D('',#6150,#6151,#6152);
#6154=CIRCLE('',#6153,36.25);
#6155=EDGE_CURVE('',#6057,#6133,#6154,.T.);
#6156=ORIENTED_EDGE('',*,*,#6155,.T.);
#6157=EDGE_LOOP('',(#6141,#6148,#6149,#6156));
#6158=FACE_BOUND('',#6157,.T.);
#6159=ADVANCED_FACE('',(#6158),#6131,.T.);
#6160=CARTESIAN_POINT('',(57.999982039,176.999877122,4.352763072));
#6161=DIRECTION('',(1.,0.,-0.));
#6162=DIRECTION('',(0.,0.,1.));
#6163=AXIS2_PLACEMENT_3D('',#6160,#6161,#6162);
#6164=CYLINDRICAL_SURFACE('',#6163,37.25);
#6165=CARTESIAN_POINT('',(59.292893219,176.999877122,41.602763072));
#6166=VERTEX_POINT('',#6165);
#6167=CARTESIAN_POINT('',(57.999982039,176.999877122,41.602763072));
#6168=VERTEX_POINT('',#6167);
#6169=CARTESIAN_POINT('',(59.292893219,176.999877122,41.602763072));
#6170=DIRECTION('',(-1.,-0.,-0.));
#6171=VECTOR('',#6170,1.29291118);
#6172=LINE('',#6169,#6171);
#6173=EDGE_CURVE('',#6166,#6168,#6172,.T.);
#6174=ORIENTED_EDGE('',*,*,#6173,.F.);
#6175=CARTESIAN_POINT('',(59.292893219,176.999877122,4.352763072));
#6176=DIRECTION('',(1.,0.,-0.));
#6177=DIRECTION('',(0.,0.,1.));
#6178=AXIS2_PLACEMENT_3D('',#6175,#6176,#6177);
#6179=CIRCLE('',#6178,37.25);
#6180=EDGE_CURVE('',#6166,#6094,#6179,.T.);
#6181=ORIENTED_EDGE('',*,*,#6180,.T.);
#6182=ORIENTED_EDGE('',*,*,#6099,.T.);
#6183=CARTESIAN_POINT('',(57.999982039,176.999877122,4.352763072));
#6184=DIRECTION('',(-1.,-0.,-0.));
#6185=DIRECTION('',(0.,0.,-1.));
#6186=AXIS2_PLACEMENT_3D('',#6183,#6184,#6185);
#6187=CIRCLE('',#6186,37.25);
#6188=EDGE_CURVE('',#6086,#6168,#6187,.T.);
#6189=ORIENTED_EDGE('',*,*,#6188,.T.);
#6190=EDGE_LOOP('',(#6174,#6181,#6182,#6189));
#6191=FACE_BOUND('',#6190,.T.);
#6192=ADVANCED_FACE('',(#6191),#6164,.F.);
#6193=CARTESIAN_POINT('',(57.999982039,2283.999999833,63.000018128));
#6194=DIRECTION('',(-1.,-0.,0.));
#6195=DIRECTION('',(-0.,1.,0.));
#6196=AXIS2_PLACEMENT_3D('',#6193,#6194,#6195);
#6197=PLANE('',#6196);
#6198=CARTESIAN_POINT('',(57.999982039,176.999877122,4.352763072));
#6199=DIRECTION('',(-1.,-0.,-0.));
#6200=DIRECTION('',(0.,0.,-1.));
#6201=AXIS2_PLACEMENT_3D('',#6198,#6199,#6200);
#6202=CIRCLE('',#6201,37.25);
#6203=EDGE_CURVE('',#6168,#6013,#6202,.T.);
#6204=ORIENTED_EDGE('',*,*,#6203,.F.);
#6205=ORIENTED_EDGE('',*,*,#6188,.F.);
#6206=ORIENTED_EDGE('',*,*,#6091,.F.);
#6207=ORIENTED_EDGE('',*,*,#6147,.T.);
#6208=CARTESIAN_POINT('',(57.999982039,176.999877122,4.352763072));
#6209=DIRECTION('',(-1.,-0.,-0.));
#6210=DIRECTION('',(0.,0.,-1.));
#6211=AXIS2_PLACEMENT_3D('',#6208,#6209,#6210);
#6212=CIRCLE('',#6211,36.25);
#6213=EDGE_CURVE('',#6135,#6021,#6212,.T.);
#6214=ORIENTED_EDGE('',*,*,#6213,.T.);
#6215=ORIENTED_EDGE('',*,*,#6026,.F.);
#6216=EDGE_LOOP('',(#6204,#6205,#6206,#6207,#6214,#6215));
#6217=FACE_BOUND('',#6216,.T.);
#6218=ADVANCED_FACE('',(#6217),#6197,.F.);
#6219=CARTESIAN_POINT('',(59.292893219,176.999877122,4.352763072));
#6220=DIRECTION('',(1.,0.,-0.));
#6221=DIRECTION('',(0.,0.,1.));
#6222=AXIS2_PLACEMENT_3D('',#6219,#6220,#6221);
#6223=TOROIDAL_SURFACE('',#6222,35.542893219,0.707106781);
#6224=CARTESIAN_POINT('',(59.292893219,176.999877122,39.895656291));
#6225=DIRECTION('',(0.,-1.,-0.));
#6226=DIRECTION('',(0.,0.,1.));
#6227=AXIS2_PLACEMENT_3D('',#6224,#6225,#6226);
#6228=CIRCLE('',#6227,0.707106781);
#6229=EDGE_CURVE('',#5933,#6133,#6228,.T.);
#6230=ORIENTED_EDGE('',*,*,#6229,.T.);
#6231=ORIENTED_EDGE('',*,*,#6155,.F.);
#6232=ORIENTED_EDGE('',*,*,#6075,.F.);
#6233=ORIENTED_EDGE('',*,*,#5946,.F.);
#6234=EDGE_LOOP('',(#6230,#6231,#6232,#6233));
#6235=FACE_BOUND('',#6234,.T.);
#6236=ADVANCED_FACE('',(#6235),#6223,.T.);
#6237=CARTESIAN_POINT('',(59.292893219,176.999877122,4.352763072));
#6238=DIRECTION('',(1.,0.,-0.));
#6239=DIRECTION('',(0.,0.,1.));
#6240=AXIS2_PLACEMENT_3D('',#6237,#6238,#6239);
#6241=TOROIDAL_SURFACE('',#6240,37.957106781,0.707106781);
#6242=CARTESIAN_POINT('',(59.292893219,176.999877122,42.309869853));
#6243=DIRECTION('',(0.,-1.,-0.));
#6244=DIRECTION('',(0.,0.,1.));
#6245=AXIS2_PLACEMENT_3D('',#6242,#6243,#6244);
#6246=CIRCLE('',#6245,0.707106781);
#6247=EDGE_CURVE('',#6166,#5805,#6246,.T.);
#6248=ORIENTED_EDGE('',*,*,#6247,.T.);
#6249=ORIENTED_EDGE('',*,*,#5811,.F.);
#6250=ORIENTED_EDGE('',*,*,#6118,.F.);
#6251=ORIENTED_EDGE('',*,*,#6180,.F.);
#6252=EDGE_LOOP('',(#6248,#6249,#6250,#6251));
#6253=FACE_BOUND('',#6252,.T.);
#6254=ADVANCED_FACE('',(#6253),#6241,.T.);
#6255=CARTESIAN_POINT('',(57.999982039,176.999877122,4.352763072));
#6256=DIRECTION('',(1.,0.,-0.));
#6257=DIRECTION('',(0.,0.,1.));
#6258=AXIS2_PLACEMENT_3D('',#6255,#6256,#6257);
#6259=CYLINDRICAL_SURFACE('',#6258,36.25);
#6260=ORIENTED_EDGE('',*,*,#6140,.F.);
#6261=CARTESIAN_POINT('',(59.292893219,176.999877122,4.352763072));
#6262=DIRECTION('',(-1.,-0.,0.));
#6263=DIRECTION('',(0.,0.,1.));
#6264=AXIS2_PLACEMENT_3D('',#6261,#6262,#6263);
#6265=CIRCLE('',#6264,36.25);
#6266=EDGE_CURVE('',#6133,#6029,#6265,.T.);
#6267=ORIENTED_EDGE('',*,*,#6266,.T.);
#6268=ORIENTED_EDGE('',*,*,#6034,.F.);
#6269=ORIENTED_EDGE('',*,*,#6213,.F.);
#6270=EDGE_LOOP('',(#6260,#6267,#6268,#6269));
#6271=FACE_BOUND('',#6270,.T.);
#6272=ADVANCED_FACE('',(#6271),#6259,.T.);
#6273=CARTESIAN_POINT('',(57.999982039,176.999877122,4.352763072));
#6274=DIRECTION('',(1.,0.,-0.));
#6275=DIRECTION('',(0.,0.,1.));
#6276=AXIS2_PLACEMENT_3D('',#6273,#6274,#6275);
#6277=CYLINDRICAL_SURFACE('',#6276,37.25);
#6278=ORIENTED_EDGE('',*,*,#6173,.T.);
#6279=ORIENTED_EDGE('',*,*,#6203,.T.);
#6280=ORIENTED_EDGE('',*,*,#6018,.T.);
#6281=CARTESIAN_POINT('',(59.292893219,176.999877122,4.352763072));
#6282=DIRECTION('',(1.,0.,-0.));
#6283=DIRECTION('',(0.,0.,1.));
#6284=AXIS2_PLACEMENT_3D('',#6281,#6282,#6283);
#6285=CIRCLE('',#6284,37.25);
#6286=EDGE_CURVE('',#5992,#6166,#6285,.T.);
#6287=ORIENTED_EDGE('',*,*,#6286,.T.);
#6288=EDGE_LOOP('',(#6278,#6279,#6280,#6287));
#6289=FACE_BOUND('',#6288,.T.);
#6290=ADVANCED_FACE('',(#6289),#6277,.F.);
#6291=CARTESIAN_POINT('',(59.292893219,176.999877122,4.352763072));
#6292=DIRECTION('',(1.,0.,-0.));
#6293=DIRECTION('',(0.,0.,1.));
#6294=AXIS2_PLACEMENT_3D('',#6291,#6292,#6293);
#6295=TOROIDAL_SURFACE('',#6294,35.542893219,0.707106781);
#6296=ORIENTED_EDGE('',*,*,#6229,.F.);
#6297=ORIENTED_EDGE('',*,*,#5939,.F.);
#6298=ORIENTED_EDGE('',*,*,#6053,.F.);
#6299=ORIENTED_EDGE('',*,*,#6266,.F.);
#6300=EDGE_LOOP('',(#6296,#6297,#6298,#6299));
#6301=FACE_BOUND('',#6300,.T.);
#6302=ADVANCED_FACE('',(#6301),#6295,.T.);
#6303=CARTESIAN_POINT('',(59.292893219,176.999877122,4.352763072));
#6304=DIRECTION('',(1.,0.,-0.));
#6305=DIRECTION('',(0.,0.,1.));
#6306=AXIS2_PLACEMENT_3D('',#6303,#6304,#6305);
#6307=TOROIDAL_SURFACE('',#6306,37.957106781,0.707106781);
#6308=ORIENTED_EDGE('',*,*,#6247,.F.);
#6309=ORIENTED_EDGE('',*,*,#6286,.F.);
#6310=ORIENTED_EDGE('',*,*,#6010,.F.);
#6311=ORIENTED_EDGE('',*,*,#5820,.F.);
#6312=EDGE_LOOP('',(#6308,#6309,#6310,#6311));
#6313=FACE_BOUND('',#6312,.T.);
#6314=ADVANCED_FACE('',(#6313),#6307,.T.);
#6315=CLOSED_SHELL('',(#5854,#5894,#5916,#5950,#5972,#5984,#6126,#6159,#6192,#6218,#6236,#6254,#6272,#6290,#6302,#6314));
#6316=MANIFOLD_SOLID_BREP('Body 120 (8)',#6315);
#5788=STYLED_ITEM('',(#4292),#6316);
#5769=SHAPE_REPRESENTATION('Folder 35',(#15),#5767);
#5770=ADVANCED_BREP_SHAPE_REPRESENTATION('Folder 35',(#6316),#5767);
#6324=SHAPE_REPRESENTATION_RELATIONSHIP('','',#5769,#5770);
#6325=CARTESIAN_POINT('',(0.,0.,0.));
#6326=DIRECTION('',(0.,0.,1.));
#6327=DIRECTION('',(1.,0.,0.));
#6328=AXIS2_PLACEMENT_3D('',#6325,#6326,#6327);
#6330=MAPPED_ITEM('',#6329,#6328);
#6329=REPRESENTATION_MAP(#6328,#5769);
#5777=PRODUCT('Folder 35','Folder 35','',(#5755));
#6331=PRODUCT_RELATED_PRODUCT_CATEGORY('part','',(#5777));
#6332=PRODUCT_DEFINITION_FORMATION_WITH_SPECIFIED_SOURCE('','',#5777,.NOT_KNOWN.);
#5778=PRODUCT_DEFINITION('design','',#6332,#5756);
#5776=PRODUCT_DEFINITION_SHAPE('','',#5778);
#6333=SHAPE_DEFINITION_REPRESENTATION(#5776,#5769);
#5768=DRAUGHTING_MODEL('',(#6330),#5767);
#4302=SHAPE_REPRESENTATION('Act ii print plast.step',(#15,#4343,#5782),#4300);
#6334=CARTESIAN_POINT('',(0.,0.,0.));
#6335=DIRECTION('',(0.,0.,1.));
#6336=DIRECTION('',(1.,0.,0.));
#6337=AXIS2_PLACEMENT_3D('',#6334,#6335,#6336);
#6339=MAPPED_ITEM('',#6338,#6337);
#6338=REPRESENTATION_MAP(#6337,#4302);
#4310=PRODUCT('Act ii print plast.step','Act ii print plast.step','',(#5755));
#6340=PRODUCT_RELATED_PRODUCT_CATEGORY('part','',(#4310));
#6341=PRODUCT_DEFINITION_FORMATION_WITH_SPECIFIED_SOURCE('','',#4310,.NOT_KNOWN.);
#4311=PRODUCT_DEFINITION('design','',#6341,#5756);
#4309=PRODUCT_DEFINITION_SHAPE('','',#4311);
#6342=SHAPE_DEFINITION_REPRESENTATION(#4309,#4302);
#4301=DRAUGHTING_MODEL('',(#6339),#4300);
#16=SHAPE_REPRESENTATION('root',(#15,#4315),#10);
#17=ADVANCED_BREP_SHAPE_REPRESENTATION('root',(#4285),#10);
#6350=SHAPE_REPRESENTATION_RELATIONSHIP('','',#16,#17);
#6351=CARTESIAN_POINT('',(0.,0.,0.));
#6352=DIRECTION('',(0.,0.,1.));
#6353=DIRECTION('',(1.,0.,0.));
#6354=AXIS2_PLACEMENT_3D('',#6351,#6352,#6353);
#6356=MAPPED_ITEM('',#6355,#6354);
#6355=REPRESENTATION_MAP(#6354,#16);
#24=PRODUCT('root','root','',(#5755));
#6357=PRODUCT_RELATED_PRODUCT_CATEGORY('part','',(#24));
#6358=PRODUCT_DEFINITION_FORMATION_WITH_SPECIFIED_SOURCE('','',#24,.NOT_KNOWN.);
#25=PRODUCT_DEFINITION('design','',#6358,#5756);
#23=PRODUCT_DEFINITION_SHAPE('','',#25);
#6359=SHAPE_DEFINITION_REPRESENTATION(#23,#16);
#11=DRAUGHTING_MODEL('',(#6356),#10);
#6360=DESCRIPTIVE_REPRESENTATION_ITEM('KEY','/private/var/mobile/Containers/Data/Application/5F2095C5-6E5A-4F28-9900-660682EC0850/tmp/EB9FE770-3F51-4934-8B0A-53BE44D678E0.tmp');
#6361=PROPERTY_DEFINITION('KEY','',#25);
#6362=REPRESENTATION('',(#6360),#10);
#6363=PROPERTY_DEFINITION_REPRESENTATION(#6361,#6362);
#6364=GENERAL_PROPERTY('','KEY','');
#6365=GENERAL_PROPERTY_ASSOCIATION('','',#6364,#6361);
#1=MECHANICAL_DESIGN_GEOMETRIC_PRESENTATION_REPRESENTATION('',(#26,#4349,#5210,#5788),#10);
ENDSEC;
END-ISO-10303-21;
