ISO-10303-21;
HEADER;

/* File generated by Shapr3D Version 26.70.0.10837 */

FILE_DESCRIPTION(('HOOPS Exchange Step'),'2;1');

FILE_NAME('/private/var/mobile/Containers/Data/Application/8E687110-2235-47AC-8300-3A61C5AD0550/tmp/export/temp_export',
'2026-05-07T11:59:19+02:00',
('mobile'),
('Shapr3D Limited'),
'HOOPS Exchange 2025.9',
'Shapr3D',
'Authorized');

FILE_SCHEMA( ('AP242_MANAGED_MODEL_BASED_3D_ENGINEERING_MIM_LF {1 0 10303 442 1 1 4}') );

ENDSEC;

DATA;
#3=(NAMED_UNIT(*)PLANE_ANGLE_UNIT()SI_UNIT($,.RADIAN.));
#4=PLANE_ANGLE_MEASURE_WITH_UNIT(PLANE_ANGLE_MEASURE(0.0174532925),#3);
#5=(CONVERSION_BASED_UNIT('DEGREE',#4)NAMED_UNIT(#6)PLANE_ANGLE_UNIT());
#6=DIMENSIONAL_EXPONENTS(0.,0.,0.,0.,0.,0.,0.);
#7=(NAMED_UNIT(*)SI_UNIT($,.STERADIAN.)SOLID_ANGLE_UNIT());
#8=(LENGTH_UNIT()NAMED_UNIT(*)SI_UNIT(.MILLI.,.METRE.));
#9=UNCERTAINTY_MEASURE_WITH_UNIT(LENGTH_MEASURE(1.000000E-05),#8,'DISTANCE_ACCURACY_VALUE','Maximum Tolerance applied to model');
#10=(GEOMETRIC_REPRESENTATION_CONTEXT(3)GLOBAL_UNCERTAINTY_ASSIGNED_CONTEXT((#9))GLOBAL_UNIT_ASSIGNED_CONTEXT((#8,#5,#7))REPRESENTATION_CONTEXT('','root'));
#12=CARTESIAN_POINT('',(0.,0.,0.));
#13=DIRECTION('',(0.,0.,1.));
#14=DIRECTION('',(1.,0.,0.));
#15=AXIS2_PLACEMENT_3D('',#12,#13,#14);
#27=CARTESIAN_POINT('',(-409.71132256,68.478668284,3.));
#28=DIRECTION('',(-1.,-0.,-0.));
#29=DIRECTION('',(0.,0.,-1.));
#30=AXIS2_PLACEMENT_3D('',#27,#28,#29);
#31=CYLINDRICAL_SURFACE('',#30,2.7);
#32=CARTESIAN_POINT('',(-416.194368895,66.031130474,1.860018128));
#33=VERTEX_POINT('',#32);
#34=CARTESIAN_POINT('',(-433.71132256,66.031130474,1.860018128));
#35=VERTEX_POINT('',#34);
#36=CARTESIAN_POINT('',(-416.194368895,66.031130474,1.860018128));
#37=DIRECTION('',(-1.,-0.,-0.));
#38=VECTOR('',#37,17.516953665);
#39=LINE('',#36,#38);
#40=EDGE_CURVE('',#33,#35,#39,.T.);
#41=ORIENTED_EDGE('',*,*,#40,.F.);
#42=CARTESIAN_POINT('',(-416.194368895,70.926206094,1.860018128));
#43=VERTEX_POINT('',#42);
#44=CARTESIAN_POINT('',(-416.194368895,68.478668284,3.));
#45=DIRECTION('',(-1.,-0.,-0.));
#46=DIRECTION('',(0.,0.,-1.));
#47=AXIS2_PLACEMENT_3D('',#44,#45,#46);
#48=CIRCLE('',#47,2.7);
#49=EDGE_CURVE('',#33,#43,#48,.T.);
#50=ORIENTED_EDGE('',*,*,#49,.T.);
#51=CARTESIAN_POINT('',(-433.71132256,70.926206094,1.860018128));
#52=VERTEX_POINT('',#51);
#53=CARTESIAN_POINT('',(-416.194368895,70.926206094,1.860018128));
#54=DIRECTION('',(-1.,-0.,-0.));
#55=VECTOR('',#54,17.516953665);
#56=LINE('',#53,#55);
#57=EDGE_CURVE('',#43,#52,#56,.T.);
#58=ORIENTED_EDGE('',*,*,#57,.T.);
#59=CARTESIAN_POINT('',(-433.71132256,68.478668284,3.));
#60=DIRECTION('',(1.,0.,0.));
#61=DIRECTION('',(-0.,1.,0.));
#62=AXIS2_PLACEMENT_3D('',#59,#60,#61);
#63=CIRCLE('',#62,2.7);
#64=EDGE_CURVE('',#52,#35,#63,.T.);
#65=ORIENTED_EDGE('',*,*,#64,.T.);
#66=EDGE_LOOP('',(#41,#50,#58,#65));
#67=FACE_BOUND('',#66,.T.);
#68=ADVANCED_FACE('',(#67),#31,.T.);
#69=CARTESIAN_POINT('',(-409.71132256,68.478668284,3.));
#70=DIRECTION('',(-1.,-0.,-0.));
#71=DIRECTION('',(0.,0.,-1.));
#72=AXIS2_PLACEMENT_3D('',#69,#70,#71);
#73=CYLINDRICAL_SURFACE('',#72,2.2);
#74=CARTESIAN_POINT('',(-414.306500929,70.360274336,1.860018128));
#75=VERTEX_POINT('',#74);
#76=CARTESIAN_POINT('',(-415.694368895,70.360274336,1.860018128));
#77=VERTEX_POINT('',#76);
#78=CARTESIAN_POINT('',(-414.306500929,70.360274336,1.860018128));
#79=DIRECTION('',(-1.,-0.,-0.));
#80=VECTOR('',#79,1.387867966);
#81=LINE('',#78,#80);
#82=EDGE_CURVE('',#75,#77,#81,.T.);
#83=ORIENTED_EDGE('',*,*,#82,.T.);
#84=CARTESIAN_POINT('',(-415.694368895,66.597062233,1.860018128));
#85=VERTEX_POINT('',#84);
#86=CARTESIAN_POINT('',(-415.694368895,68.478668284,3.));
#87=DIRECTION('',(1.,0.,0.));
#88=DIRECTION('',(0.,0.,-1.));
#89=AXIS2_PLACEMENT_3D('',#86,#87,#88);
#90=CIRCLE('',#89,2.2);
#91=EDGE_CURVE('',#77,#85,#90,.T.);
#92=ORIENTED_EDGE('',*,*,#91,.T.);
#93=CARTESIAN_POINT('',(-414.306500929,66.597062233,1.860018128));
#94=VERTEX_POINT('',#93);
#95=CARTESIAN_POINT('',(-414.306500929,66.597062233,1.860018128));
#96=DIRECTION('',(-1.,-0.,-0.));
#97=VECTOR('',#96,1.387867966);
#98=LINE('',#95,#97);
#99=EDGE_CURVE('',#94,#85,#98,.T.);
#100=ORIENTED_EDGE('',*,*,#99,.F.);
#101=CARTESIAN_POINT('',(-414.306500929,68.478668284,5.2));
#102=VERTEX_POINT('',#101);
#103=CARTESIAN_POINT('',(-414.306500929,68.478668284,3.));
#104=DIRECTION('',(-1.,-0.,0.));
#105=DIRECTION('',(0.,0.,1.));
#106=AXIS2_PLACEMENT_3D('',#103,#104,#105);
#107=CIRCLE('',#106,2.2);
#108=EDGE_CURVE('',#94,#102,#107,.T.);
#109=ORIENTED_EDGE('',*,*,#108,.T.);
#110=CARTESIAN_POINT('',(-414.306500929,68.478668284,3.));
#111=DIRECTION('',(-1.,-0.,0.));
#112=DIRECTION('',(0.,0.,1.));
#113=AXIS2_PLACEMENT_3D('',#110,#111,#112);
#114=CIRCLE('',#113,2.2);
#115=EDGE_CURVE('',#102,#75,#114,.T.);
#116=ORIENTED_EDGE('',*,*,#115,.T.);
#117=EDGE_LOOP('',(#83,#92,#100,#109,#116));
#118=FACE_BOUND('',#117,.T.);
#119=ADVANCED_FACE('',(#118),#73,.T.);
#120=CARTESIAN_POINT('',(-409.71132256,68.478668284,1.860018128));
#121=DIRECTION('',(0.,0.,-1.));
#122=DIRECTION('',(1.,0.,0.));
#123=AXIS2_PLACEMENT_3D('',#120,#121,#122);
#124=PLANE('',#123);
#125=ORIENTED_EDGE('',*,*,#82,.F.);
#126=CARTESIAN_POINT('',(-413.806500929,70.926206094,1.860018128));
#127=VERTEX_POINT('',#126);
#128=CARTESIAN_POINT('',(-414.306500929,70.360274336,1.860018128));
#129=CARTESIAN_POINT('',(-414.142866868,70.551597559,1.860018128));
#130=CARTESIAN_POINT('',(-413.975576516,70.739690453,1.860018128));
#131=CARTESIAN_POINT('',(-413.806500929,70.926206094,1.860018128));
#132=B_SPLINE_CURVE_WITH_KNOTS('',3,(#128,#129,#130,#131),.UNSPECIFIED.,.F.,.F.,(4,4),(0.,0.000755168),.UNSPECIFIED.);
#133=EDGE_CURVE('',#75,#127,#132,.T.);
#134=ORIENTED_EDGE('',*,*,#133,.T.);
#135=CARTESIAN_POINT('',(-411.71132256,70.926206094,1.860018128));
#136=VERTEX_POINT('',#135);
#137=CARTESIAN_POINT('',(-411.71132256,70.926206094,1.860018128));
#138=DIRECTION('',(-1.,-0.,-0.));
#139=VECTOR('',#138,2.09517837);
#140=LINE('',#137,#139);
#141=EDGE_CURVE('',#136,#127,#140,.T.);
#142=ORIENTED_EDGE('',*,*,#141,.F.);
#143=CARTESIAN_POINT('',(-411.71132256,66.031130474,1.860018128));
#144=VERTEX_POINT('',#143);
#145=CARTESIAN_POINT('',(-411.71132256,70.926206094,1.860018128));
#146=DIRECTION('',(0.,-1.,-0.));
#147=VECTOR('',#146,4.89507562);
#148=LINE('',#145,#147);
#149=EDGE_CURVE('',#136,#144,#148,.T.);
#150=ORIENTED_EDGE('',*,*,#149,.T.);
#151=CARTESIAN_POINT('',(-413.806500929,66.031130474,1.860018128));
#152=VERTEX_POINT('',#151);
#153=CARTESIAN_POINT('',(-411.71132256,66.031130474,1.860018128));
#154=DIRECTION('',(-1.,-0.,-0.));
#155=VECTOR('',#154,2.09517837);
#156=LINE('',#153,#155);
#157=EDGE_CURVE('',#144,#152,#156,.T.);
#158=ORIENTED_EDGE('',*,*,#157,.T.);
#159=CARTESIAN_POINT('',(-413.806500929,66.031130474,1.860018128));
#160=CARTESIAN_POINT('',(-413.975576516,66.217646116,1.860018128));
#161=CARTESIAN_POINT('',(-414.142866868,66.40573901,1.860018128));
#162=CARTESIAN_POINT('',(-414.306500929,66.597062233,1.860018128));
#163=B_SPLINE_CURVE_WITH_KNOTS('',3,(#159,#160,#161,#162),.UNSPECIFIED.,.F.,.F.,(4,4),(0.,0.000755168),.UNSPECIFIED.);
#164=EDGE_CURVE('',#152,#94,#163,.T.);
#165=ORIENTED_EDGE('',*,*,#164,.T.);
#166=ORIENTED_EDGE('',*,*,#99,.T.);
#167=CARTESIAN_POINT('',(-415.694368895,66.597062233,1.860018128));
#168=CARTESIAN_POINT('',(-415.857963392,66.405784803,1.860018128));
#169=CARTESIAN_POINT('',(-416.025314588,66.217622722,1.860018128));
#170=CARTESIAN_POINT('',(-416.194368895,66.031130474,1.860018128));
#171=B_SPLINE_CURVE_WITH_KNOTS('',3,(#167,#168,#169,#170),.UNSPECIFIED.,.F.,.F.,(4,4),(0.001470093,0.002223038),.UNSPECIFIED.);
#172=EDGE_CURVE('',#85,#33,#171,.T.);
#173=ORIENTED_EDGE('',*,*,#172,.T.);
#174=ORIENTED_EDGE('',*,*,#40,.T.);
#175=CARTESIAN_POINT('',(-433.71132256,70.926206094,1.860018128));
#176=DIRECTION('',(0.,-1.,-0.));
#177=VECTOR('',#176,4.89507562);
#178=LINE('',#175,#177);
#179=EDGE_CURVE('',#52,#35,#178,.T.);
#180=ORIENTED_EDGE('',*,*,#179,.F.);
#181=ORIENTED_EDGE('',*,*,#57,.F.);
#182=CARTESIAN_POINT('',(-416.194368895,70.926206094,1.860018128));
#183=CARTESIAN_POINT('',(-416.025301945,70.739699981,1.860018128));
#184=CARTESIAN_POINT('',(-415.857960482,70.551547897,1.860018128));
#185=CARTESIAN_POINT('',(-415.694368895,70.360274336,1.860018128));
#186=B_SPLINE_CURVE_WITH_KNOTS('',3,(#182,#183,#184,#185),.UNSPECIFIED.,.F.,.F.,(4,4),(0.002742913,0.003497966),.UNSPECIFIED.);
#187=EDGE_CURVE('',#43,#77,#186,.T.);
#188=ORIENTED_EDGE('',*,*,#187,.T.);
#189=EDGE_LOOP('',(#125,#134,#142,#150,#158,#165,#166,#173,#174,#180,#181,#188));
#190=FACE_BOUND('',#189,.T.);
#191=ADVANCED_FACE('',(#190),#124,.T.);
#192=CARTESIAN_POINT('',(-409.71132256,68.478668284,3.));
#193=DIRECTION('',(-1.,-0.,-0.));
#194=DIRECTION('',(0.,0.,-1.));
#195=AXIS2_PLACEMENT_3D('',#192,#193,#194);
#196=CYLINDRICAL_SURFACE('',#195,2.7);
#197=ORIENTED_EDGE('',*,*,#141,.T.);
#198=CARTESIAN_POINT('',(-413.806500929,68.478668284,5.7));
#199=VERTEX_POINT('',#198);
#200=CARTESIAN_POINT('',(-413.806500929,68.478668284,3.));
#201=DIRECTION('',(1.,0.,0.));
#202=DIRECTION('',(0.,0.,-1.));
#203=AXIS2_PLACEMENT_3D('',#200,#201,#202);
#204=CIRCLE('',#203,2.7);
#205=EDGE_CURVE('',#127,#199,#204,.T.);
#206=ORIENTED_EDGE('',*,*,#205,.T.);
#207=CARTESIAN_POINT('',(-413.806500929,68.478668284,3.));
#208=DIRECTION('',(1.,0.,0.));
#209=DIRECTION('',(0.,0.,-1.));
#210=AXIS2_PLACEMENT_3D('',#207,#208,#209);
#211=CIRCLE('',#210,2.7);
#212=EDGE_CURVE('',#199,#152,#211,.T.);
#213=ORIENTED_EDGE('',*,*,#212,.T.);
#214=ORIENTED_EDGE('',*,*,#157,.F.);
#215=CARTESIAN_POINT('',(-411.71132256,68.478668284,3.));
#216=DIRECTION('',(1.,0.,0.));
#217=DIRECTION('',(-0.,-0.,1.));
#218=AXIS2_PLACEMENT_3D('',#215,#216,#217);
#219=CIRCLE('',#218,2.7);
#220=EDGE_CURVE('',#136,#144,#219,.T.);
#221=ORIENTED_EDGE('',*,*,#220,.F.);
#222=EDGE_LOOP('',(#197,#206,#213,#214,#221));
#223=FACE_BOUND('',#222,.T.);
#224=ADVANCED_FACE('',(#223),#196,.T.);
#225=CARTESIAN_POINT('',(-411.71132256,141.957336569,411.71132256));
#226=DIRECTION('',(1.,0.,0.));
#227=DIRECTION('',(-0.,-0.,1.));
#228=AXIS2_PLACEMENT_3D('',#225,#226,#227);
#229=PLANE('',#228);
#230=ORIENTED_EDGE('',*,*,#149,.F.);
#231=ORIENTED_EDGE('',*,*,#220,.T.);
#232=EDGE_LOOP('',(#230,#231));
#233=FACE_BOUND('',#232,.T.);
#234=ADVANCED_FACE('',(#233),#229,.T.);
#235=CARTESIAN_POINT('',(-433.71132256,141.957336569,411.71132256));
#236=DIRECTION('',(1.,0.,0.));
#237=DIRECTION('',(-0.,-0.,1.));
#238=AXIS2_PLACEMENT_3D('',#235,#236,#237);
#239=PLANE('',#238);
#240=ORIENTED_EDGE('',*,*,#179,.T.);
#241=ORIENTED_EDGE('',*,*,#64,.F.);
#242=EDGE_LOOP('',(#240,#241));
#243=FACE_BOUND('',#242,.T.);
#244=ADVANCED_FACE('',(#243),#239,.F.);
#245=CARTESIAN_POINT('',(-416.300434912,68.478668284,3.));
#246=DIRECTION('',(-1.,-0.,-0.));
#247=DIRECTION('',(0.,0.,-1.));
#248=AXIS2_PLACEMENT_3D('',#245,#246,#247);
#249=CONICAL_SURFACE('',#248,2.806066017,45.);
#250=ORIENTED_EDGE('',*,*,#172,.F.);
#251=ORIENTED_EDGE('',*,*,#91,.F.);
#252=ORIENTED_EDGE('',*,*,#187,.F.);
#253=ORIENTED_EDGE('',*,*,#49,.F.);
#254=EDGE_LOOP('',(#250,#251,#252,#253));
#255=FACE_BOUND('',#254,.T.);
#256=ADVANCED_FACE('',(#255),#249,.T.);
#257=CARTESIAN_POINT('',(-414.506500929,68.478668284,3.));
#258=DIRECTION('',(1.,0.,-0.));
#259=DIRECTION('',(0.,0.,1.));
#260=AXIS2_PLACEMENT_3D('',#257,#258,#259);
#261=CONICAL_SURFACE('',#260,2.,45.);
#262=CARTESIAN_POINT('',(-413.806500929,68.478668284,5.7));
#263=DIRECTION('',(-0.707106781,-0.,-0.707106781));
#264=VECTOR('',#263,0.707106781);
#265=LINE('',#262,#264);
#266=EDGE_CURVE('',#199,#102,#265,.T.);
#267=ORIENTED_EDGE('',*,*,#266,.T.);
#268=ORIENTED_EDGE('',*,*,#108,.F.);
#269=ORIENTED_EDGE('',*,*,#164,.F.);
#270=ORIENTED_EDGE('',*,*,#212,.F.);
#271=EDGE_LOOP('',(#267,#268,#269,#270));
#272=FACE_BOUND('',#271,.T.);
#273=ADVANCED_FACE('',(#272),#261,.T.);
#274=CARTESIAN_POINT('',(-414.506500929,68.478668284,3.));
#275=DIRECTION('',(1.,0.,-0.));
#276=DIRECTION('',(0.,0.,1.));
#277=AXIS2_PLACEMENT_3D('',#274,#275,#276);
#278=CONICAL_SURFACE('',#277,2.,45.);
#279=ORIENTED_EDGE('',*,*,#266,.F.);
#280=ORIENTED_EDGE('',*,*,#205,.F.);
#281=ORIENTED_EDGE('',*,*,#133,.F.);
#282=ORIENTED_EDGE('',*,*,#115,.F.);
#283=EDGE_LOOP('',(#279,#280,#281,#282));
#284=FACE_BOUND('',#283,.T.);
#285=ADVANCED_FACE('',(#284),#278,.T.);
#286=CLOSED_SHELL('',(#68,#119,#191,#224,#234,#244,#256,#273,#285));
#287=MANIFOLD_SOLID_BREP('Body 41 (1)',#286);
#288=COLOUR_RGB('',0.627451003,0.627451003,0.643137276);
#289=FILL_AREA_STYLE_COLOUR('',#288);
#290=FILL_AREA_STYLE('',(#289));
#291=SURFACE_STYLE_FILL_AREA(#290);
#292=SURFACE_SIDE_STYLE('',(#291));
#293=SURFACE_STYLE_USAGE(.BOTH.,#292);
#294=PRESENTATION_STYLE_ASSIGNMENT((#293));
#26=STYLED_ITEM('',(#294),#287);
#296=CARTESIAN_POINT('',(-493.71132256,68.478668284,3.));
#297=DIRECTION('',(1.,0.,-0.));
#298=DIRECTION('',(-0.,0.,-1.));
#299=AXIS2_PLACEMENT_3D('',#296,#297,#298);
#300=CYLINDRICAL_SURFACE('',#299,2.7);
#301=CARTESIAN_POINT('',(-487.228276225,70.926206094,1.860018128));
#302=VERTEX_POINT('',#301);
#303=CARTESIAN_POINT('',(-470.81132256,70.926206094,1.860018128));
#304=VERTEX_POINT('',#303);
#305=CARTESIAN_POINT('',(-487.228276225,70.926206094,1.860018128));
#306=DIRECTION('',(1.,0.,-0.));
#307=VECTOR('',#306,16.416953665);
#308=LINE('',#305,#307);
#309=EDGE_CURVE('',#302,#304,#308,.T.);
#310=ORIENTED_EDGE('',*,*,#309,.F.);
#311=CARTESIAN_POINT('',(-487.228276225,66.031130474,1.860018128));
#312=VERTEX_POINT('',#311);
#313=CARTESIAN_POINT('',(-487.228276225,68.478668284,3.));
#314=DIRECTION('',(1.,0.,0.));
#315=DIRECTION('',(0.,0.,-1.));
#316=AXIS2_PLACEMENT_3D('',#313,#314,#315);
#317=CIRCLE('',#316,2.7);
#318=EDGE_CURVE('',#302,#312,#317,.T.);
#319=ORIENTED_EDGE('',*,*,#318,.T.);
#320=CARTESIAN_POINT('',(-470.81132256,66.031130474,1.860018128));
#321=VERTEX_POINT('',#320);
#322=CARTESIAN_POINT('',(-487.228276225,66.031130474,1.860018128));
#323=DIRECTION('',(1.,0.,-0.));
#324=VECTOR('',#323,16.416953665);
#325=LINE('',#322,#324);
#326=EDGE_CURVE('',#312,#321,#325,.T.);
#327=ORIENTED_EDGE('',*,*,#326,.T.);
#328=CARTESIAN_POINT('',(-470.81132256,68.478668284,3.));
#329=DIRECTION('',(-1.,0.,0.));
#330=DIRECTION('',(0.,0.,1.));
#331=AXIS2_PLACEMENT_3D('',#328,#329,#330);
#332=CIRCLE('',#331,2.7);
#333=EDGE_CURVE('',#321,#304,#332,.T.);
#334=ORIENTED_EDGE('',*,*,#333,.T.);
#335=EDGE_LOOP('',(#310,#319,#327,#334));
#336=FACE_BOUND('',#335,.T.);
#337=ADVANCED_FACE('',(#336),#300,.T.);
#338=CARTESIAN_POINT('',(-493.71132256,68.478668284,3.));
#339=DIRECTION('',(1.,0.,-0.));
#340=DIRECTION('',(-0.,0.,-1.));
#341=AXIS2_PLACEMENT_3D('',#338,#339,#340);
#342=CYLINDRICAL_SURFACE('',#341,2.2);
#343=CARTESIAN_POINT('',(-489.11614419,66.597062233,1.860018128));
#344=VERTEX_POINT('',#343);
#345=CARTESIAN_POINT('',(-487.728276225,66.597062233,1.860018128));
#346=VERTEX_POINT('',#345);
#347=CARTESIAN_POINT('',(-489.11614419,66.597062233,1.860018128));
#348=DIRECTION('',(1.,0.,-0.));
#349=VECTOR('',#348,1.387867966);
#350=LINE('',#347,#349);
#351=EDGE_CURVE('',#344,#346,#350,.T.);
#352=ORIENTED_EDGE('',*,*,#351,.T.);
#353=CARTESIAN_POINT('',(-487.728276225,70.360274336,1.860018128));
#354=VERTEX_POINT('',#353);
#355=CARTESIAN_POINT('',(-487.728276225,68.478668284,3.));
#356=DIRECTION('',(-1.,-0.,-0.));
#357=DIRECTION('',(0.,0.,-1.));
#358=AXIS2_PLACEMENT_3D('',#355,#356,#357);
#359=CIRCLE('',#358,2.2);
#360=EDGE_CURVE('',#346,#354,#359,.T.);
#361=ORIENTED_EDGE('',*,*,#360,.T.);
#362=CARTESIAN_POINT('',(-489.11614419,70.360274336,1.860018128));
#363=VERTEX_POINT('',#362);
#364=CARTESIAN_POINT('',(-489.11614419,70.360274336,1.860018128));
#365=DIRECTION('',(1.,0.,-0.));
#366=VECTOR('',#365,1.387867966);
#367=LINE('',#364,#366);
#368=EDGE_CURVE('',#363,#354,#367,.T.);
#369=ORIENTED_EDGE('',*,*,#368,.F.);
#370=CARTESIAN_POINT('',(-489.11614419,68.478668284,5.2));
#371=VERTEX_POINT('',#370);
#372=CARTESIAN_POINT('',(-489.11614419,68.478668284,3.));
#373=DIRECTION('',(1.,-0.,-0.));
#374=DIRECTION('',(0.,0.,1.));
#375=AXIS2_PLACEMENT_3D('',#372,#373,#374);
#376=CIRCLE('',#375,2.2);
#377=EDGE_CURVE('',#363,#371,#376,.T.);
#378=ORIENTED_EDGE('',*,*,#377,.T.);
#379=CARTESIAN_POINT('',(-489.11614419,68.478668284,3.));
#380=DIRECTION('',(1.,-0.,-0.));
#381=DIRECTION('',(0.,0.,1.));
#382=AXIS2_PLACEMENT_3D('',#379,#380,#381);
#383=CIRCLE('',#382,2.2);
#384=EDGE_CURVE('',#371,#344,#383,.T.);
#385=ORIENTED_EDGE('',*,*,#384,.T.);
#386=EDGE_LOOP('',(#352,#361,#369,#378,#385));
#387=FACE_BOUND('',#386,.T.);
#388=ADVANCED_FACE('',(#387),#342,.T.);
#389=CARTESIAN_POINT('',(-493.71132256,68.478668284,1.860018128));
#390=DIRECTION('',(-0.,-0.,-1.));
#391=DIRECTION('',(-1.,0.,0.));
#392=AXIS2_PLACEMENT_3D('',#389,#390,#391);
#393=PLANE('',#392);
#394=ORIENTED_EDGE('',*,*,#351,.F.);
#395=CARTESIAN_POINT('',(-489.61614419,66.031130474,1.860018128));
#396=VERTEX_POINT('',#395);
#397=CARTESIAN_POINT('',(-489.11614419,66.597062233,1.860018128));
#398=CARTESIAN_POINT('',(-489.279778251,66.40573901,1.860018128));
#399=CARTESIAN_POINT('',(-489.447068603,66.217646116,1.860018128));
#400=CARTESIAN_POINT('',(-489.61614419,66.031130474,1.860018128));
#401=B_SPLINE_CURVE_WITH_KNOTS('',3,(#397,#398,#399,#400),.UNSPECIFIED.,.F.,.F.,(4,4),(0.,0.000755168),.UNSPECIFIED.);
#402=EDGE_CURVE('',#344,#396,#401,.T.);
#403=ORIENTED_EDGE('',*,*,#402,.T.);
#404=CARTESIAN_POINT('',(-491.71132256,66.031130474,1.860018128));
#405=VERTEX_POINT('',#404);
#406=CARTESIAN_POINT('',(-491.71132256,66.031130474,1.860018128));
#407=DIRECTION('',(1.,0.,-0.));
#408=VECTOR('',#407,2.09517837);
#409=LINE('',#406,#408);
#410=EDGE_CURVE('',#405,#396,#409,.T.);
#411=ORIENTED_EDGE('',*,*,#410,.F.);
#412=CARTESIAN_POINT('',(-491.71132256,70.926206094,1.860018128));
#413=VERTEX_POINT('',#412);
#414=CARTESIAN_POINT('',(-491.71132256,66.031130474,1.860018128));
#415=DIRECTION('',(-0.,1.,-0.));
#416=VECTOR('',#415,4.89507562);
#417=LINE('',#414,#416);
#418=EDGE_CURVE('',#405,#413,#417,.T.);
#419=ORIENTED_EDGE('',*,*,#418,.T.);
#420=CARTESIAN_POINT('',(-489.61614419,70.926206094,1.860018128));
#421=VERTEX_POINT('',#420);
#422=CARTESIAN_POINT('',(-491.71132256,70.926206094,1.860018128));
#423=DIRECTION('',(1.,0.,-0.));
#424=VECTOR('',#423,2.09517837);
#425=LINE('',#422,#424);
#426=EDGE_CURVE('',#413,#421,#425,.T.);
#427=ORIENTED_EDGE('',*,*,#426,.T.);
#428=CARTESIAN_POINT('',(-489.61614419,70.926206094,1.860018128));
#429=CARTESIAN_POINT('',(-489.447068603,70.739690453,1.860018128));
#430=CARTESIAN_POINT('',(-489.279778251,70.551597559,1.860018128));
#431=CARTESIAN_POINT('',(-489.11614419,70.360274336,1.860018128));
#432=B_SPLINE_CURVE_WITH_KNOTS('',3,(#428,#429,#430,#431),.UNSPECIFIED.,.F.,.F.,(4,4),(0.,0.000755168),.UNSPECIFIED.);
#433=EDGE_CURVE('',#421,#363,#432,.T.);
#434=ORIENTED_EDGE('',*,*,#433,.T.);
#435=ORIENTED_EDGE('',*,*,#368,.T.);
#436=CARTESIAN_POINT('',(-487.728276225,70.360274336,1.860018128));
#437=CARTESIAN_POINT('',(-487.564681728,70.551551765,1.860018128));
#438=CARTESIAN_POINT('',(-487.397330532,70.739713847,1.860018128));
#439=CARTESIAN_POINT('',(-487.228276225,70.926206094,1.860018128));
#440=B_SPLINE_CURVE_WITH_KNOTS('',3,(#436,#437,#438,#439),.UNSPECIFIED.,.F.,.F.,(4,4),(0.001470093,0.002223038),.UNSPECIFIED.);
#441=EDGE_CURVE('',#354,#302,#440,.T.);
#442=ORIENTED_EDGE('',*,*,#441,.T.);
#443=ORIENTED_EDGE('',*,*,#309,.T.);
#444=CARTESIAN_POINT('',(-470.81132256,66.031130474,1.860018128));
#445=DIRECTION('',(-0.,1.,-0.));
#446=VECTOR('',#445,4.89507562);
#447=LINE('',#444,#446);
#448=EDGE_CURVE('',#321,#304,#447,.T.);
#449=ORIENTED_EDGE('',*,*,#448,.F.);
#450=ORIENTED_EDGE('',*,*,#326,.F.);
#451=CARTESIAN_POINT('',(-487.228276225,66.031130474,1.860018128));
#452=CARTESIAN_POINT('',(-487.397343174,66.217636588,1.860018128));
#453=CARTESIAN_POINT('',(-487.564684638,66.405788672,1.860018128));
#454=CARTESIAN_POINT('',(-487.728276225,66.597062233,1.860018128));
#455=B_SPLINE_CURVE_WITH_KNOTS('',3,(#451,#452,#453,#454),.UNSPECIFIED.,.F.,.F.,(4,4),(0.002742913,0.003497966),.UNSPECIFIED.);
#456=EDGE_CURVE('',#312,#346,#455,.T.);
#457=ORIENTED_EDGE('',*,*,#456,.T.);
#458=EDGE_LOOP('',(#394,#403,#411,#419,#427,#434,#435,#442,#443,#449,#450,#457));
#459=FACE_BOUND('',#458,.T.);
#460=ADVANCED_FACE('',(#459),#393,.T.);
#461=CARTESIAN_POINT('',(-493.71132256,68.478668284,3.));
#462=DIRECTION('',(1.,0.,-0.));
#463=DIRECTION('',(-0.,0.,-1.));
#464=AXIS2_PLACEMENT_3D('',#461,#462,#463);
#465=CYLINDRICAL_SURFACE('',#464,2.7);
#466=ORIENTED_EDGE('',*,*,#410,.T.);
#467=CARTESIAN_POINT('',(-489.61614419,68.478668284,5.7));
#468=VERTEX_POINT('',#467);
#469=CARTESIAN_POINT('',(-489.61614419,68.478668284,3.));
#470=DIRECTION('',(-1.,-0.,-0.));
#471=DIRECTION('',(0.,0.,-1.));
#472=AXIS2_PLACEMENT_3D('',#469,#470,#471);
#473=CIRCLE('',#472,2.7);
#474=EDGE_CURVE('',#396,#468,#473,.T.);
#475=ORIENTED_EDGE('',*,*,#474,.T.);
#476=CARTESIAN_POINT('',(-489.61614419,68.478668284,3.));
#477=DIRECTION('',(-1.,-0.,-0.));
#478=DIRECTION('',(0.,0.,-1.));
#479=AXIS2_PLACEMENT_3D('',#476,#477,#478);
#480=CIRCLE('',#479,2.7);
#481=EDGE_CURVE('',#468,#421,#480,.T.);
#482=ORIENTED_EDGE('',*,*,#481,.T.);
#483=ORIENTED_EDGE('',*,*,#426,.F.);
#484=CARTESIAN_POINT('',(-491.71132256,68.478668284,3.));
#485=DIRECTION('',(-1.,0.,0.));
#486=DIRECTION('',(0.,0.,1.));
#487=AXIS2_PLACEMENT_3D('',#484,#485,#486);
#488=CIRCLE('',#487,2.7);
#489=EDGE_CURVE('',#405,#413,#488,.T.);
#490=ORIENTED_EDGE('',*,*,#489,.F.);
#491=EDGE_LOOP('',(#466,#475,#482,#483,#490));
#492=FACE_BOUND('',#491,.T.);
#493=ADVANCED_FACE('',(#492),#465,.T.);
#494=CARTESIAN_POINT('',(-491.71132256,-5.,411.71132256));
#495=DIRECTION('',(-1.,0.,0.));
#496=DIRECTION('',(0.,0.,1.));
#497=AXIS2_PLACEMENT_3D('',#494,#495,#496);
#498=PLANE('',#497);
#499=ORIENTED_EDGE('',*,*,#418,.F.);
#500=ORIENTED_EDGE('',*,*,#489,.T.);
#501=EDGE_LOOP('',(#499,#500));
#502=FACE_BOUND('',#501,.T.);
#503=ADVANCED_FACE('',(#502),#498,.T.);
#504=CARTESIAN_POINT('',(-470.81132256,-5.,411.71132256));
#505=DIRECTION('',(-1.,0.,0.));
#506=DIRECTION('',(0.,0.,1.));
#507=AXIS2_PLACEMENT_3D('',#504,#505,#506);
#508=PLANE('',#507);
#509=ORIENTED_EDGE('',*,*,#448,.T.);
#510=ORIENTED_EDGE('',*,*,#333,.F.);
#511=EDGE_LOOP('',(#509,#510));
#512=FACE_BOUND('',#511,.T.);
#513=ADVANCED_FACE('',(#512),#508,.F.);
#514=CARTESIAN_POINT('',(-487.122210207,68.478668284,3.));
#515=DIRECTION('',(1.,0.,0.));
#516=DIRECTION('',(0.,0.,-1.));
#517=AXIS2_PLACEMENT_3D('',#514,#515,#516);
#518=CONICAL_SURFACE('',#517,2.806066017,45.);
#519=ORIENTED_EDGE('',*,*,#441,.F.);
#520=ORIENTED_EDGE('',*,*,#360,.F.);
#521=ORIENTED_EDGE('',*,*,#456,.F.);
#522=ORIENTED_EDGE('',*,*,#318,.F.);
#523=EDGE_LOOP('',(#519,#520,#521,#522));
#524=FACE_BOUND('',#523,.T.);
#525=ADVANCED_FACE('',(#524),#518,.T.);
#526=CARTESIAN_POINT('',(-488.91614419,68.478668284,3.));
#527=DIRECTION('',(-1.,0.,0.));
#528=DIRECTION('',(0.,0.,1.));
#529=AXIS2_PLACEMENT_3D('',#526,#527,#528);
#530=CONICAL_SURFACE('',#529,2.,45.);
#531=CARTESIAN_POINT('',(-489.61614419,68.478668284,5.7));
#532=DIRECTION('',(0.707106781,-0.,-0.707106781));
#533=VECTOR('',#532,0.707106781);
#534=LINE('',#531,#533);
#535=EDGE_CURVE('',#468,#371,#534,.T.);
#536=ORIENTED_EDGE('',*,*,#535,.T.);
#537=ORIENTED_EDGE('',*,*,#377,.F.);
#538=ORIENTED_EDGE('',*,*,#433,.F.);
#539=ORIENTED_EDGE('',*,*,#481,.F.);
#540=EDGE_LOOP('',(#536,#537,#538,#539));
#541=FACE_BOUND('',#540,.T.);
#542=ADVANCED_FACE('',(#541),#530,.T.);
#543=CARTESIAN_POINT('',(-488.91614419,68.478668284,3.));
#544=DIRECTION('',(-1.,0.,0.));
#545=DIRECTION('',(0.,0.,1.));
#546=AXIS2_PLACEMENT_3D('',#543,#544,#545);
#547=CONICAL_SURFACE('',#546,2.,45.);
#548=ORIENTED_EDGE('',*,*,#535,.F.);
#549=ORIENTED_EDGE('',*,*,#474,.F.);
#550=ORIENTED_EDGE('',*,*,#402,.F.);
#551=ORIENTED_EDGE('',*,*,#384,.F.);
#552=EDGE_LOOP('',(#548,#549,#550,#551));
#553=FACE_BOUND('',#552,.T.);
#554=ADVANCED_FACE('',(#553),#547,.T.);
#555=CLOSED_SHELL('',(#337,#388,#460,#493,#503,#513,#525,#542,#554));
#556=MANIFOLD_SOLID_BREP('Body 41',#555);
#295=STYLED_ITEM('',(#294),#556);
#557=(NAMED_UNIT(*)PLANE_ANGLE_UNIT()SI_UNIT($,.RADIAN.));
#558=PLANE_ANGLE_MEASURE_WITH_UNIT(PLANE_ANGLE_MEASURE(0.0174532925),#557);
#559=(CONVERSION_BASED_UNIT('DEGREE',#558)NAMED_UNIT(#560)PLANE_ANGLE_UNIT());
#560=DIMENSIONAL_EXPONENTS(0.,0.,0.,0.,0.,0.,0.);
#561=(NAMED_UNIT(*)SI_UNIT($,.STERADIAN.)SOLID_ANGLE_UNIT());
#562=(LENGTH_UNIT()NAMED_UNIT(*)SI_UNIT(.MILLI.,.METRE.));
#563=UNCERTAINTY_MEASURE_WITH_UNIT(LENGTH_MEASURE(1.000000E-05),#562,'DISTANCE_ACCURACY_VALUE','Maximum Tolerance applied to model');
#564=(GEOMETRIC_REPRESENTATION_CONTEXT(3)GLOBAL_UNCERTAINTY_ASSIGNED_CONTEXT((#563))GLOBAL_UNIT_ASSIGNED_CONTEXT((#562,#559,#561))REPRESENTATION_CONTEXT('','Folder 07'));
#576=CARTESIAN_POINT('',(0.,0.,0.));
#577=DIRECTION('',(0.,0.,1.));
#578=DIRECTION('',(1.,0.,-0.));
#579=AXIS2_PLACEMENT_3D('',#576,#577,#578);
#580=ITEM_DEFINED_TRANSFORMATION('','',#579,#15);
#581=(REPRESENTATION_RELATIONSHIP('','',#566,#16)REPRESENTATION_RELATIONSHIP_WITH_TRANSFORMATION(#580)SHAPE_REPRESENTATION_RELATIONSHIP());
#582=NEXT_ASSEMBLY_USAGE_OCCURRENCE('Folder 07_1','Folder 07','Folder 07',#25,#575,$);
#583=PRODUCT_DEFINITION_SHAPE('','',#582);
#584=CONTEXT_DEPENDENT_SHAPE_REPRESENTATION(#581,#583);
#586=CARTESIAN_POINT('',(-451.713733375,136.478668284,0.000018128));
#587=DIRECTION('',(0.,1.,0.));
#588=DIRECTION('',(0.,0.,1.));
#589=AXIS2_PLACEMENT_3D('',#586,#587,#588);
#590=PLANE('',#589);
#591=CARTESIAN_POINT('',(-488.91614419,136.478668284,2.000018128));
#592=VERTEX_POINT('',#591);
#593=CARTESIAN_POINT('',(-488.91614419,136.478668284,2.292911347));
#594=VERTEX_POINT('',#593);
#595=CARTESIAN_POINT('',(-488.91614419,136.478668284,2.000018128));
#596=DIRECTION('',(0.,0.,1.));
#597=VECTOR('',#596,0.292893219);
#598=LINE('',#595,#597);
#599=EDGE_CURVE('',#592,#594,#598,.T.);
#600=ORIENTED_EDGE('',*,*,#599,.F.);
#601=CARTESIAN_POINT('',(-487.91614419,136.478668284,2.000018128));
#602=VERTEX_POINT('',#601);
#603=CARTESIAN_POINT('',(-488.91614419,136.478668284,2.000018128));
#604=DIRECTION('',(1.,0.,-0.));
#605=VECTOR('',#604,1.);
#606=LINE('',#603,#605);
#607=EDGE_CURVE('',#592,#602,#606,.T.);
#608=ORIENTED_EDGE('',*,*,#607,.T.);
#609=CARTESIAN_POINT('',(-487.91614419,136.478668284,2.292911347));
#610=VERTEX_POINT('',#609);
#611=CARTESIAN_POINT('',(-487.91614419,136.478668284,2.000018128));
#612=DIRECTION('',(0.,0.,1.));
#613=VECTOR('',#612,0.292893219);
#614=LINE('',#611,#613);
#615=EDGE_CURVE('',#602,#610,#614,.T.);
#616=ORIENTED_EDGE('',*,*,#615,.T.);
#617=CARTESIAN_POINT('',(-487.209037409,136.478668284,3.000018128));
#618=VERTEX_POINT('',#617);
#619=CARTESIAN_POINT('',(-487.209037409,136.478668284,2.292911347));
#620=DIRECTION('',(-0.,-1.,-0.));
#621=DIRECTION('',(0.,-0.,1.));
#622=AXIS2_PLACEMENT_3D('',#619,#620,#621);
#623=CIRCLE('',#622,0.707106781);
#624=EDGE_CURVE('',#618,#610,#623,.T.);
#625=ORIENTED_EDGE('',*,*,#624,.F.);
#626=CARTESIAN_POINT('',(-416.218429341,136.478668284,3.000018128));
#627=VERTEX_POINT('',#626);
#628=CARTESIAN_POINT('',(-416.218429341,136.478668284,3.000018128));
#629=DIRECTION('',(-1.,0.,0.));
#630=VECTOR('',#629,70.990608068);
#631=LINE('',#628,#630);
#632=EDGE_CURVE('',#627,#618,#631,.T.);
#633=ORIENTED_EDGE('',*,*,#632,.F.);
#634=CARTESIAN_POINT('',(-415.51132256,136.478668284,2.292911347));
#635=VERTEX_POINT('',#634);
#636=CARTESIAN_POINT('',(-416.218429341,136.478668284,2.292911347));
#637=DIRECTION('',(0.,1.,0.));
#638=DIRECTION('',(0.,-0.,1.));
#639=AXIS2_PLACEMENT_3D('',#636,#637,#638);
#640=CIRCLE('',#639,0.707106781);
#641=EDGE_CURVE('',#627,#635,#640,.T.);
#642=ORIENTED_EDGE('',*,*,#641,.T.);
#643=CARTESIAN_POINT('',(-415.51132256,136.478668284,2.000018128));
#644=VERTEX_POINT('',#643);
#645=CARTESIAN_POINT('',(-415.51132256,136.478668284,2.292911347));
#646=DIRECTION('',(0.,0.,-1.));
#647=VECTOR('',#646,0.292893219);
#648=LINE('',#645,#647);
#649=EDGE_CURVE('',#635,#644,#648,.T.);
#650=ORIENTED_EDGE('',*,*,#649,.T.);
#651=CARTESIAN_POINT('',(-414.51132256,136.478668284,2.000018128));
#652=VERTEX_POINT('',#651);
#653=CARTESIAN_POINT('',(-414.51132256,136.478668284,2.000018128));
#654=DIRECTION('',(-1.,0.,0.));
#655=VECTOR('',#654,1.);
#656=LINE('',#653,#655);
#657=EDGE_CURVE('',#652,#644,#656,.T.);
#658=ORIENTED_EDGE('',*,*,#657,.F.);
#659=CARTESIAN_POINT('',(-414.51132256,136.478668284,2.292911347));
#660=VERTEX_POINT('',#659);
#661=CARTESIAN_POINT('',(-414.51132256,136.478668284,2.292911347));
#662=DIRECTION('',(0.,0.,-1.));
#663=VECTOR('',#662,0.292893219);
#664=LINE('',#661,#663);
#665=EDGE_CURVE('',#660,#652,#664,.T.);
#666=ORIENTED_EDGE('',*,*,#665,.F.);
#667=CARTESIAN_POINT('',(-413.804216265,136.478668284,3.000018128));
#668=VERTEX_POINT('',#667);
#669=CARTESIAN_POINT('',(-413.804215779,136.478668284,2.292911347));
#670=DIRECTION('',(-0.,-1.,-0.));
#671=DIRECTION('',(0.,-0.,1.));
#672=AXIS2_PLACEMENT_3D('',#669,#670,#671);
#673=CIRCLE('',#672,0.707106781);
#674=EDGE_CURVE('',#668,#660,#673,.T.);
#675=ORIENTED_EDGE('',*,*,#674,.F.);
#676=CARTESIAN_POINT('',(-411.71132256,136.478668284,3.000018128));
#677=VERTEX_POINT('',#676);
#678=CARTESIAN_POINT('',(-411.71132256,136.478668284,3.000018128));
#679=DIRECTION('',(-1.,0.,0.));
#680=VECTOR('',#679,2.092893705);
#681=LINE('',#678,#680);
#682=EDGE_CURVE('',#677,#668,#681,.T.);
#683=ORIENTED_EDGE('',*,*,#682,.F.);
#684=CARTESIAN_POINT('',(-411.71132256,136.478668284,0.000018128));
#685=VERTEX_POINT('',#684);
#686=CARTESIAN_POINT('',(-411.71132256,136.478668284,0.000018128));
#687=DIRECTION('',(0.,0.,1.));
#688=VECTOR('',#687,3.);
#689=LINE('',#686,#688);
#690=EDGE_CURVE('',#685,#677,#689,.T.);
#691=ORIENTED_EDGE('',*,*,#690,.F.);
#692=CARTESIAN_POINT('',(-491.71614419,136.478668284,0.000018128));
#693=VERTEX_POINT('',#692);
#694=CARTESIAN_POINT('',(-411.71132256,136.478668284,0.000018128));
#695=DIRECTION('',(-1.,0.,0.));
#696=VECTOR('',#695,80.00482163);
#697=LINE('',#694,#696);
#698=EDGE_CURVE('',#685,#693,#697,.T.);
#699=ORIENTED_EDGE('',*,*,#698,.T.);
#700=CARTESIAN_POINT('',(-491.71614419,136.478668284,3.000018128));
#701=VERTEX_POINT('',#700);
#702=CARTESIAN_POINT('',(-491.71614419,136.478668284,0.000018128));
#703=DIRECTION('',(0.,0.,1.));
#704=VECTOR('',#703,3.);
#705=LINE('',#702,#704);
#706=EDGE_CURVE('',#693,#701,#705,.T.);
#707=ORIENTED_EDGE('',*,*,#706,.T.);
#708=CARTESIAN_POINT('',(-489.623247143,136.478668284,3.000018128));
#709=VERTEX_POINT('',#708);
#710=CARTESIAN_POINT('',(-489.623247143,136.478668284,3.000018128));
#711=DIRECTION('',(-1.,0.,0.));
#712=VECTOR('',#711,2.092897047);
#713=LINE('',#710,#712);
#714=EDGE_CURVE('',#709,#701,#713,.T.);
#715=ORIENTED_EDGE('',*,*,#714,.F.);
#716=CARTESIAN_POINT('',(-489.623250971,136.478668284,2.292911347));
#717=DIRECTION('',(0.,1.,0.));
#718=DIRECTION('',(0.,-0.,1.));
#719=AXIS2_PLACEMENT_3D('',#716,#717,#718);
#720=CIRCLE('',#719,0.707106781);
#721=EDGE_CURVE('',#709,#594,#720,.T.);
#722=ORIENTED_EDGE('',*,*,#721,.T.);
#723=EDGE_LOOP('',(#600,#608,#616,#625,#633,#642,#650,#658,#666,#675,#683,#691,#699,#707,#715,#722));
#724=FACE_BOUND('',#723,.T.);
#725=ADVANCED_FACE('',(#724),#590,.T.);
#726=CARTESIAN_POINT('',(-451.713733375,0.478668284,0.000018128));
#727=DIRECTION('',(0.,-1.,0.));
#728=DIRECTION('',(0.,0.,-1.));
#729=AXIS2_PLACEMENT_3D('',#726,#727,#728);
#730=PLANE('',#729);
#731=CARTESIAN_POINT('',(-491.71614419,0.478668284,0.000018128));
#732=VERTEX_POINT('',#731);
#733=CARTESIAN_POINT('',(-491.71614419,0.478668284,3.000018128));
#734=VERTEX_POINT('',#733);
#735=CARTESIAN_POINT('',(-491.71614419,0.478668284,0.000018128));
#736=DIRECTION('',(0.,0.,1.));
#737=VECTOR('',#736,3.);
#738=LINE('',#735,#737);
#739=EDGE_CURVE('',#732,#734,#738,.T.);
#740=ORIENTED_EDGE('',*,*,#739,.F.);
#741=CARTESIAN_POINT('',(-411.71132256,0.478668284,0.000018128));
#742=VERTEX_POINT('',#741);
#743=CARTESIAN_POINT('',(-491.71614419,0.478668284,0.000018128));
#744=DIRECTION('',(1.,0.,-0.));
#745=VECTOR('',#744,80.00482163);
#746=LINE('',#743,#745);
#747=EDGE_CURVE('',#732,#742,#746,.T.);
#748=ORIENTED_EDGE('',*,*,#747,.T.);
#749=CARTESIAN_POINT('',(-411.71132256,0.478668284,3.000018128));
#750=VERTEX_POINT('',#749);
#751=CARTESIAN_POINT('',(-411.71132256,0.478668284,0.000018128));
#752=DIRECTION('',(0.,0.,1.));
#753=VECTOR('',#752,3.);
#754=LINE('',#751,#753);
#755=EDGE_CURVE('',#742,#750,#754,.T.);
#756=ORIENTED_EDGE('',*,*,#755,.T.);
#757=CARTESIAN_POINT('',(-491.71614419,0.478668284,3.000018128));
#758=DIRECTION('',(1.,0.,-0.));
#759=VECTOR('',#758,80.00482163);
#760=LINE('',#757,#759);
#761=EDGE_CURVE('',#734,#750,#760,.T.);
#762=ORIENTED_EDGE('',*,*,#761,.F.);
#763=EDGE_LOOP('',(#740,#748,#756,#762));
#764=FACE_BOUND('',#763,.T.);
#765=ADVANCED_FACE('',(#764),#730,.T.);
#766=CARTESIAN_POINT('',(-451.713856086,5.278686245,0.000018128));
#767=DIRECTION('',(0.,1.,0.));
#768=DIRECTION('',(0.,0.,1.));
#769=AXIS2_PLACEMENT_3D('',#766,#767,#768);
#770=PLANE('',#769);
#771=CARTESIAN_POINT('',(-488.91614419,5.278686245,2.000018128));
#772=VERTEX_POINT('',#771);
#773=CARTESIAN_POINT('',(-487.91614419,5.278686245,2.000018128));
#774=VERTEX_POINT('',#773);
#775=CARTESIAN_POINT('',(-488.91614419,5.278686245,2.000018128));
#776=DIRECTION('',(1.,0.,-0.));
#777=VECTOR('',#776,1.);
#778=LINE('',#775,#777);
#779=EDGE_CURVE('',#772,#774,#778,.T.);
#780=ORIENTED_EDGE('',*,*,#779,.F.);
#781=CARTESIAN_POINT('',(-488.91614419,5.278686245,2.292911347));
#782=VERTEX_POINT('',#781);
#783=CARTESIAN_POINT('',(-488.91614419,5.278686245,2.000018128));
#784=DIRECTION('',(0.,0.,1.));
#785=VECTOR('',#784,0.292893219);
#786=LINE('',#783,#785);
#787=EDGE_CURVE('',#772,#782,#786,.T.);
#788=ORIENTED_EDGE('',*,*,#787,.T.);
#789=CARTESIAN_POINT('',(-489.623251896,5.278686245,3.000018128));
#790=VERTEX_POINT('',#789);
#791=CARTESIAN_POINT('',(-489.623250971,5.278686245,2.292911347));
#792=DIRECTION('',(0.,1.,0.));
#793=DIRECTION('',(0.,-0.,1.));
#794=AXIS2_PLACEMENT_3D('',#791,#792,#793);
#795=CIRCLE('',#794,0.707106781);
#796=EDGE_CURVE('',#790,#782,#795,.T.);
#797=ORIENTED_EDGE('',*,*,#796,.F.);
#798=CARTESIAN_POINT('',(-487.209037409,5.278686245,3.000018128));
#799=VERTEX_POINT('',#798);
#800=CARTESIAN_POINT('',(-487.209037409,5.278686245,3.000018128));
#801=DIRECTION('',(-1.,0.,0.));
#802=VECTOR('',#801,2.414214487);
#803=LINE('',#800,#802);
#804=EDGE_CURVE('',#799,#790,#803,.T.);
#805=ORIENTED_EDGE('',*,*,#804,.F.);
#806=CARTESIAN_POINT('',(-487.91614419,5.278686245,2.292911347));
#807=VERTEX_POINT('',#806);
#808=CARTESIAN_POINT('',(-487.209037409,5.278686245,2.292911347));
#809=DIRECTION('',(-0.,-1.,-0.));
#810=DIRECTION('',(0.,-0.,1.));
#811=AXIS2_PLACEMENT_3D('',#808,#809,#810);
#812=CIRCLE('',#811,0.707106781);
#813=EDGE_CURVE('',#799,#807,#812,.T.);
#814=ORIENTED_EDGE('',*,*,#813,.T.);
#815=CARTESIAN_POINT('',(-487.91614419,5.278686245,2.000018128));
#816=DIRECTION('',(0.,0.,1.));
#817=VECTOR('',#816,0.292893219);
#818=LINE('',#815,#817);
#819=EDGE_CURVE('',#774,#807,#818,.T.);
#820=ORIENTED_EDGE('',*,*,#819,.F.);
#821=EDGE_LOOP('',(#780,#788,#797,#805,#814,#820));
#822=FACE_BOUND('',#821,.T.);
#823=ADVANCED_FACE('',(#822),#770,.T.);
#824=CARTESIAN_POINT('',(-598.213856086,374.478668284,3.000018128));
#825=DIRECTION('',(0.,0.,-1.));
#826=DIRECTION('',(0.,1.,0.));
#827=AXIS2_PLACEMENT_3D('',#824,#825,#826);
#828=PLANE('',#827);
#829=ORIENTED_EDGE('',*,*,#682,.T.);
#830=CARTESIAN_POINT('',(-413.804216505,4.878686245,3.000018128));
#831=VERTEX_POINT('',#830);
#832=CARTESIAN_POINT('',(-413.804215779,136.478668284,3.000018128));
#833=DIRECTION('',(0.,-1.,-0.));
#834=VECTOR('',#833,131.599982039);
#835=LINE('',#832,#834);
#836=EDGE_CURVE('',#668,#831,#835,.T.);
#837=ORIENTED_EDGE('',*,*,#836,.T.);
#838=CARTESIAN_POINT('',(-416.218429341,4.878686245,3.000018128));
#839=VERTEX_POINT('',#838);
#840=CARTESIAN_POINT('',(-413.804216505,4.878686245,3.000018128));
#841=DIRECTION('',(-1.,0.,0.));
#842=VECTOR('',#841,2.414212836);
#843=LINE('',#840,#842);
#844=EDGE_CURVE('',#831,#839,#843,.T.);
#845=ORIENTED_EDGE('',*,*,#844,.T.);
#846=CARTESIAN_POINT('',(-416.218429341,4.878686245,3.000018128));
#847=DIRECTION('',(-0.,1.,0.));
#848=VECTOR('',#847,131.599982039);
#849=LINE('',#846,#848);
#850=EDGE_CURVE('',#839,#627,#849,.T.);
#851=ORIENTED_EDGE('',*,*,#850,.T.);
#852=ORIENTED_EDGE('',*,*,#632,.T.);
#853=CARTESIAN_POINT('',(-487.209037409,136.478668284,3.000018128));
#854=DIRECTION('',(-0.,-1.,0.));
#855=VECTOR('',#854,131.199982039);
#856=LINE('',#853,#855);
#857=EDGE_CURVE('',#618,#799,#856,.T.);
#858=ORIENTED_EDGE('',*,*,#857,.T.);
#859=ORIENTED_EDGE('',*,*,#804,.T.);
#860=CARTESIAN_POINT('',(-489.623250971,5.278686245,3.000018128));
#861=DIRECTION('',(0.,1.,-0.));
#862=VECTOR('',#861,131.199982039);
#863=LINE('',#860,#862);
#864=EDGE_CURVE('',#790,#709,#863,.T.);
#865=ORIENTED_EDGE('',*,*,#864,.T.);
#866=ORIENTED_EDGE('',*,*,#714,.T.);
#867=CARTESIAN_POINT('',(-491.71614419,136.478668284,3.000018128));
#868=DIRECTION('',(-0.,-1.,0.));
#869=VECTOR('',#868,136.);
#870=LINE('',#867,#869);
#871=EDGE_CURVE('',#701,#734,#870,.T.);
#872=ORIENTED_EDGE('',*,*,#871,.T.);
#873=ORIENTED_EDGE('',*,*,#761,.T.);
#874=CARTESIAN_POINT('',(-411.71132256,0.478668284,3.000018128));
#875=DIRECTION('',(-0.,1.,0.));
#876=VECTOR('',#875,136.);
#877=LINE('',#874,#876);
#878=EDGE_CURVE('',#750,#677,#877,.T.);
#879=ORIENTED_EDGE('',*,*,#878,.T.);
#880=EDGE_LOOP('',(#829,#837,#845,#851,#852,#858,#859,#865,#866,#872,#873,#879));
#881=FACE_BOUND('',#880,.T.);
#882=ADVANCED_FACE('',(#881),#828,.F.);
#883=CARTESIAN_POINT('',(-451.713856086,4.878686245,0.000018128));
#884=DIRECTION('',(0.,1.,0.));
#885=DIRECTION('',(0.,0.,1.));
#886=AXIS2_PLACEMENT_3D('',#883,#884,#885);
#887=PLANE('',#886);
#888=CARTESIAN_POINT('',(-414.51132256,4.878686245,2.292911347));
#889=VERTEX_POINT('',#888);
#890=CARTESIAN_POINT('',(-414.51132256,4.878686245,2.000018128));
#891=VERTEX_POINT('',#890);
#892=CARTESIAN_POINT('',(-414.51132256,4.878686245,2.292911347));
#893=DIRECTION('',(0.,0.,-1.));
#894=VECTOR('',#893,0.292893219);
#895=LINE('',#892,#894);
#896=EDGE_CURVE('',#889,#891,#895,.T.);
#897=ORIENTED_EDGE('',*,*,#896,.T.);
#898=CARTESIAN_POINT('',(-415.51132256,4.878686245,2.000018128));
#899=VERTEX_POINT('',#898);
#900=CARTESIAN_POINT('',(-414.51132256,4.878686245,2.000018128));
#901=DIRECTION('',(-1.,0.,0.));
#902=VECTOR('',#901,1.);
#903=LINE('',#900,#902);
#904=EDGE_CURVE('',#891,#899,#903,.T.);
#905=ORIENTED_EDGE('',*,*,#904,.T.);
#906=CARTESIAN_POINT('',(-415.51132256,4.878686245,2.292911347));
#907=VERTEX_POINT('',#906);
#908=CARTESIAN_POINT('',(-415.51132256,4.878686245,2.292911347));
#909=DIRECTION('',(0.,0.,-1.));
#910=VECTOR('',#909,0.292893219);
#911=LINE('',#908,#910);
#912=EDGE_CURVE('',#907,#899,#911,.T.);
#913=ORIENTED_EDGE('',*,*,#912,.F.);
#914=CARTESIAN_POINT('',(-416.218429341,4.878686245,2.292911347));
#915=DIRECTION('',(0.,1.,0.));
#916=DIRECTION('',(0.,-0.,1.));
#917=AXIS2_PLACEMENT_3D('',#914,#915,#916);
#918=CIRCLE('',#917,0.707106781);
#919=EDGE_CURVE('',#839,#907,#918,.T.);
#920=ORIENTED_EDGE('',*,*,#919,.F.);
#921=ORIENTED_EDGE('',*,*,#844,.F.);
#922=CARTESIAN_POINT('',(-413.804215779,4.878686245,2.292911347));
#923=DIRECTION('',(-0.,-1.,-0.));
#924=DIRECTION('',(0.,-0.,1.));
#925=AXIS2_PLACEMENT_3D('',#922,#923,#924);
#926=CIRCLE('',#925,0.707106781);
#927=EDGE_CURVE('',#831,#889,#926,.T.);
#928=ORIENTED_EDGE('',*,*,#927,.T.);
#929=EDGE_LOOP('',(#897,#905,#913,#920,#921,#928));
#930=FACE_BOUND('',#929,.T.);
#931=ADVANCED_FACE('',(#930),#887,.T.);
#932=CARTESIAN_POINT('',(-411.71132256,98.478668284,0.000018128));
#933=DIRECTION('',(1.,0.,0.));
#934=DIRECTION('',(-0.,1.,0.));
#935=AXIS2_PLACEMENT_3D('',#932,#933,#934);
#936=PLANE('',#935);
#937=CARTESIAN_POINT('',(-411.71132256,136.478668284,0.000018128));
#938=DIRECTION('',(0.,-1.,0.));
#939=VECTOR('',#938,136.);
#940=LINE('',#937,#939);
#941=EDGE_CURVE('',#685,#742,#940,.T.);
#942=ORIENTED_EDGE('',*,*,#941,.F.);
#943=ORIENTED_EDGE('',*,*,#690,.T.);
#944=ORIENTED_EDGE('',*,*,#878,.F.);
#945=ORIENTED_EDGE('',*,*,#755,.F.);
#946=EDGE_LOOP('',(#942,#943,#944,#945));
#947=FACE_BOUND('',#946,.T.);
#948=ADVANCED_FACE('',(#947),#936,.T.);
#949=CARTESIAN_POINT('',(-491.71614419,98.478668284,0.000018128));
#950=DIRECTION('',(-1.,0.,0.));
#951=DIRECTION('',(-0.,-1.,0.));
#952=AXIS2_PLACEMENT_3D('',#949,#950,#951);
#953=PLANE('',#952);
#954=CARTESIAN_POINT('',(-491.71614419,0.478668284,0.000018128));
#955=DIRECTION('',(0.,1.,0.));
#956=VECTOR('',#955,136.);
#957=LINE('',#954,#956);
#958=EDGE_CURVE('',#732,#693,#957,.T.);
#959=ORIENTED_EDGE('',*,*,#958,.F.);
#960=ORIENTED_EDGE('',*,*,#739,.T.);
#961=ORIENTED_EDGE('',*,*,#871,.F.);
#962=ORIENTED_EDGE('',*,*,#706,.F.);
#963=EDGE_LOOP('',(#959,#960,#961,#962));
#964=FACE_BOUND('',#963,.T.);
#965=ADVANCED_FACE('',(#964),#953,.T.);
#966=CARTESIAN_POINT('',(-598.213856086,374.478668284,0.000018128));
#967=DIRECTION('',(0.,0.,-1.));
#968=DIRECTION('',(0.,1.,0.));
#969=AXIS2_PLACEMENT_3D('',#966,#967,#968);
#970=PLANE('',#969);
#971=ORIENTED_EDGE('',*,*,#747,.F.);
#972=ORIENTED_EDGE('',*,*,#958,.T.);
#973=ORIENTED_EDGE('',*,*,#698,.F.);
#974=ORIENTED_EDGE('',*,*,#941,.T.);
#975=EDGE_LOOP('',(#971,#972,#973,#974));
#976=FACE_BOUND('',#975,.T.);
#977=ADVANCED_FACE('',(#976),#970,.T.);
#978=CARTESIAN_POINT('',(-487.91614419,98.478668284,2.000018128));
#979=DIRECTION('',(-1.,0.,0.));
#980=DIRECTION('',(-0.,-1.,0.));
#981=AXIS2_PLACEMENT_3D('',#978,#979,#980);
#982=PLANE('',#981);
#983=ORIENTED_EDGE('',*,*,#615,.F.);
#984=CARTESIAN_POINT('',(-487.91614419,136.478668284,2.000018128));
#985=DIRECTION('',(-0.,-1.,0.));
#986=VECTOR('',#985,131.199982039);
#987=LINE('',#984,#986);
#988=EDGE_CURVE('',#602,#774,#987,.T.);
#989=ORIENTED_EDGE('',*,*,#988,.T.);
#990=ORIENTED_EDGE('',*,*,#819,.T.);
#991=CARTESIAN_POINT('',(-487.91614419,5.278686245,2.292911347));
#992=DIRECTION('',(0.,1.,-0.));
#993=VECTOR('',#992,131.199982039);
#994=LINE('',#991,#993);
#995=EDGE_CURVE('',#807,#610,#994,.T.);
#996=ORIENTED_EDGE('',*,*,#995,.T.);
#997=EDGE_LOOP('',(#983,#989,#990,#996));
#998=FACE_BOUND('',#997,.T.);
#999=ADVANCED_FACE('',(#998),#982,.T.);
#1000=CARTESIAN_POINT('',(-488.91614419,98.478668284,2.000018128));
#1001=DIRECTION('',(-1.,0.,0.));
#1002=DIRECTION('',(-0.,-1.,0.));
#1003=AXIS2_PLACEMENT_3D('',#1000,#1001,#1002);
#1004=PLANE('',#1003);
#1005=CARTESIAN_POINT('',(-488.91614419,136.478668284,2.000018128));
#1006=DIRECTION('',(-0.,-1.,0.));
#1007=VECTOR('',#1006,131.199982039);
#1008=LINE('',#1005,#1007);
#1009=EDGE_CURVE('',#592,#772,#1008,.T.);
#1010=ORIENTED_EDGE('',*,*,#1009,.F.);
#1011=ORIENTED_EDGE('',*,*,#599,.T.);
#1012=CARTESIAN_POINT('',(-488.91614419,136.478668284,2.292911347));
#1013=DIRECTION('',(-0.,-1.,0.));
#1014=VECTOR('',#1013,131.199982039);
#1015=LINE('',#1012,#1014);
#1016=EDGE_CURVE('',#594,#782,#1015,.T.);
#1017=ORIENTED_EDGE('',*,*,#1016,.T.);
#1018=ORIENTED_EDGE('',*,*,#787,.F.);
#1019=EDGE_LOOP('',(#1010,#1011,#1017,#1018));
#1020=FACE_BOUND('',#1019,.T.);
#1021=ADVANCED_FACE('',(#1020),#1004,.F.);
#1022=CARTESIAN_POINT('',(-598.213856086,308.478668284,2.000018128));
#1023=DIRECTION('',(0.,0.,-1.));
#1024=DIRECTION('',(0.,1.,0.));
#1025=AXIS2_PLACEMENT_3D('',#1022,#1023,#1024);
#1026=PLANE('',#1025);
#1027=ORIENTED_EDGE('',*,*,#607,.F.);
#1028=ORIENTED_EDGE('',*,*,#1009,.T.);
#1029=ORIENTED_EDGE('',*,*,#779,.T.);
#1030=ORIENTED_EDGE('',*,*,#988,.F.);
#1031=EDGE_LOOP('',(#1027,#1028,#1029,#1030));
#1032=FACE_BOUND('',#1031,.T.);
#1033=ADVANCED_FACE('',(#1032),#1026,.F.);
#1034=CARTESIAN_POINT('',(-487.209037409,374.478668284,2.292911347));
#1035=DIRECTION('',(0.,1.,0.));
#1036=DIRECTION('',(-1.,0.,0.));
#1037=AXIS2_PLACEMENT_3D('',#1034,#1035,#1036);
#1038=CYLINDRICAL_SURFACE('',#1037,0.707106781);
#1039=ORIENTED_EDGE('',*,*,#857,.F.);
#1040=ORIENTED_EDGE('',*,*,#624,.T.);
#1041=ORIENTED_EDGE('',*,*,#995,.F.);
#1042=ORIENTED_EDGE('',*,*,#813,.F.);
#1043=EDGE_LOOP('',(#1039,#1040,#1041,#1042));
#1044=FACE_BOUND('',#1043,.T.);
#1045=ADVANCED_FACE('',(#1044),#1038,.T.);
#1046=CARTESIAN_POINT('',(-489.623250971,98.478668284,2.292911347));
#1047=DIRECTION('',(-0.,-1.,0.));
#1048=DIRECTION('',(1.,-0.,0.));
#1049=AXIS2_PLACEMENT_3D('',#1046,#1047,#1048);
#1050=CYLINDRICAL_SURFACE('',#1049,0.707106781);
#1051=ORIENTED_EDGE('',*,*,#721,.F.);
#1052=ORIENTED_EDGE('',*,*,#864,.F.);
#1053=ORIENTED_EDGE('',*,*,#796,.T.);
#1054=ORIENTED_EDGE('',*,*,#1016,.F.);
#1055=EDGE_LOOP('',(#1051,#1052,#1053,#1054));
#1056=FACE_BOUND('',#1055,.T.);
#1057=ADVANCED_FACE('',(#1056),#1050,.T.);
#1058=CARTESIAN_POINT('',(-414.51132256,98.478668284,2.000018128));
#1059=DIRECTION('',(1.,0.,0.));
#1060=DIRECTION('',(-0.,1.,0.));
#1061=AXIS2_PLACEMENT_3D('',#1058,#1059,#1060);
#1062=PLANE('',#1061);
#1063=CARTESIAN_POINT('',(-414.51132256,4.878686245,2.292911347));
#1064=DIRECTION('',(-0.,1.,0.));
#1065=VECTOR('',#1064,131.599982039);
#1066=LINE('',#1063,#1065);
#1067=EDGE_CURVE('',#889,#660,#1066,.T.);
#1068=ORIENTED_EDGE('',*,*,#1067,.T.);
#1069=ORIENTED_EDGE('',*,*,#665,.T.);
#1070=CARTESIAN_POINT('',(-414.51132256,4.878686245,2.000018128));
#1071=DIRECTION('',(-0.,1.,0.));
#1072=VECTOR('',#1071,131.599982039);
#1073=LINE('',#1070,#1072);
#1074=EDGE_CURVE('',#891,#652,#1073,.T.);
#1075=ORIENTED_EDGE('',*,*,#1074,.F.);
#1076=ORIENTED_EDGE('',*,*,#896,.F.);
#1077=EDGE_LOOP('',(#1068,#1069,#1075,#1076));
#1078=FACE_BOUND('',#1077,.T.);
#1079=ADVANCED_FACE('',(#1078),#1062,.F.);
#1080=CARTESIAN_POINT('',(-415.51132256,98.478668284,2.000018128));
#1081=DIRECTION('',(1.,0.,0.));
#1082=DIRECTION('',(-0.,1.,0.));
#1083=AXIS2_PLACEMENT_3D('',#1080,#1081,#1082);
#1084=PLANE('',#1083);
#1085=ORIENTED_EDGE('',*,*,#649,.F.);
#1086=CARTESIAN_POINT('',(-415.51132256,136.478668284,2.292911347));
#1087=DIRECTION('',(0.,-1.,-0.));
#1088=VECTOR('',#1087,131.599982039);
#1089=LINE('',#1086,#1088);
#1090=EDGE_CURVE('',#635,#907,#1089,.T.);
#1091=ORIENTED_EDGE('',*,*,#1090,.T.);
#1092=ORIENTED_EDGE('',*,*,#912,.T.);
#1093=CARTESIAN_POINT('',(-415.51132256,4.878686245,2.000018128));
#1094=DIRECTION('',(-0.,1.,0.));
#1095=VECTOR('',#1094,131.599982039);
#1096=LINE('',#1093,#1095);
#1097=EDGE_CURVE('',#899,#644,#1096,.T.);
#1098=ORIENTED_EDGE('',*,*,#1097,.T.);
#1099=EDGE_LOOP('',(#1085,#1091,#1092,#1098));
#1100=FACE_BOUND('',#1099,.T.);
#1101=ADVANCED_FACE('',(#1100),#1084,.T.);
#1102=CARTESIAN_POINT('',(-598.213856086,308.478668284,2.000018128));
#1103=DIRECTION('',(0.,0.,-1.));
#1104=DIRECTION('',(0.,1.,0.));
#1105=AXIS2_PLACEMENT_3D('',#1102,#1103,#1104);
#1106=PLANE('',#1105);
#1107=ORIENTED_EDGE('',*,*,#1074,.T.);
#1108=ORIENTED_EDGE('',*,*,#657,.T.);
#1109=ORIENTED_EDGE('',*,*,#1097,.F.);
#1110=ORIENTED_EDGE('',*,*,#904,.F.);
#1111=EDGE_LOOP('',(#1107,#1108,#1109,#1110));
#1112=FACE_BOUND('',#1111,.T.);
#1113=ADVANCED_FACE('',(#1112),#1106,.F.);
#1114=CARTESIAN_POINT('',(-413.804215779,98.478668284,2.292911347));
#1115=DIRECTION('',(-0.,1.,0.));
#1116=DIRECTION('',(-1.,-0.,0.));
#1117=AXIS2_PLACEMENT_3D('',#1114,#1115,#1116);
#1118=CYLINDRICAL_SURFACE('',#1117,0.707106781);
#1119=ORIENTED_EDGE('',*,*,#836,.F.);
#1120=ORIENTED_EDGE('',*,*,#674,.T.);
#1121=ORIENTED_EDGE('',*,*,#1067,.F.);
#1122=ORIENTED_EDGE('',*,*,#927,.F.);
#1123=EDGE_LOOP('',(#1119,#1120,#1121,#1122));
#1124=FACE_BOUND('',#1123,.T.);
#1125=ADVANCED_FACE('',(#1124),#1118,.T.);
#1126=CARTESIAN_POINT('',(-416.218429341,374.478668284,2.292911347));
#1127=DIRECTION('',(0.,-1.,0.));
#1128=DIRECTION('',(1.,0.,0.));
#1129=AXIS2_PLACEMENT_3D('',#1126,#1127,#1128);
#1130=CYLINDRICAL_SURFACE('',#1129,0.707106781);
#1131=ORIENTED_EDGE('',*,*,#641,.F.);
#1132=ORIENTED_EDGE('',*,*,#850,.F.);
#1133=ORIENTED_EDGE('',*,*,#919,.T.);
#1134=ORIENTED_EDGE('',*,*,#1090,.F.);
#1135=EDGE_LOOP('',(#1131,#1132,#1133,#1134));
#1136=FACE_BOUND('',#1135,.T.);
#1137=ADVANCED_FACE('',(#1136),#1130,.T.);
#1138=CLOSED_SHELL('',(#725,#765,#823,#882,#931,#948,#965,#977,#999,#1021,#1033,#1045,#1057,#1079,#1101,#1113,#1125,#1137));
#1139=MANIFOLD_SOLID_BREP('Body 10',#1138);
#585=STYLED_ITEM('',(#294),#1139);
#1141=CARTESIAN_POINT('',(-2558.713856086,136.478668284,63.000018128));
#1142=DIRECTION('',(0.,1.,0.));
#1143=DIRECTION('',(1.,0.,0.));
#1144=AXIS2_PLACEMENT_3D('',#1141,#1142,#1143);
#1145=PLANE('',#1144);
#1146=CARTESIAN_POINT('',(-470.91614419,136.478668284,3.000018128));
#1147=VERTEX_POINT('',#1146);
#1148=CARTESIAN_POINT('',(-432.463733375,136.478668284,4.352763072));
#1149=VERTEX_POINT('',#1148);
#1150=CARTESIAN_POINT('',(-451.713733375,136.478668284,4.352763072));
#1151=DIRECTION('',(0.,1.,0.));
#1152=DIRECTION('',(0.,-0.,1.));
#1153=AXIS2_PLACEMENT_3D('',#1150,#1151,#1152);
#1154=CIRCLE('',#1153,19.25);
#1155=EDGE_CURVE('',#1147,#1149,#1154,.T.);
#1156=ORIENTED_EDGE('',*,*,#1155,.T.);
#1157=CARTESIAN_POINT('',(-432.51132256,136.478668284,3.000018128));
#1158=VERTEX_POINT('',#1157);
#1159=CARTESIAN_POINT('',(-451.713733375,136.478668284,4.352763072));
#1160=DIRECTION('',(0.,1.,0.));
#1161=DIRECTION('',(0.,-0.,1.));
#1162=AXIS2_PLACEMENT_3D('',#1159,#1160,#1161);
#1163=CIRCLE('',#1162,19.25);
#1164=EDGE_CURVE('',#1149,#1158,#1163,.T.);
#1165=ORIENTED_EDGE('',*,*,#1164,.T.);
#1166=CARTESIAN_POINT('',(-432.51132256,136.478668284,3.000018128));
#1167=DIRECTION('',(-1.,0.,0.));
#1168=VECTOR('',#1167,38.40482163);
#1169=LINE('',#1166,#1168);
#1170=EDGE_CURVE('',#1158,#1147,#1169,.T.);
#1171=ORIENTED_EDGE('',*,*,#1170,.T.);
#1172=EDGE_LOOP('',(#1156,#1165,#1171));
#1173=FACE_BOUND('',#1172,.T.);
#1174=ADVANCED_FACE('',(#1173),#1145,.T.);
#1175=CARTESIAN_POINT('',(-451.713733375,98.478668284,4.352763072));
#1176=DIRECTION('',(-0.,1.,0.));
#1177=DIRECTION('',(1.,0.,0.));
#1178=AXIS2_PLACEMENT_3D('',#1175,#1176,#1177);
#1179=CYLINDRICAL_SURFACE('',#1178,19.25);
#1180=CARTESIAN_POINT('',(-432.463733375,0.478668284,4.352763072));
#1181=VERTEX_POINT('',#1180);
#1182=CARTESIAN_POINT('',(-432.463733375,136.478668284,4.352763072));
#1183=DIRECTION('',(-0.,-1.,-0.));
#1184=VECTOR('',#1183,136.);
#1185=LINE('',#1182,#1184);
#1186=EDGE_CURVE('',#1149,#1181,#1185,.T.);
#1187=ORIENTED_EDGE('',*,*,#1186,.T.);
#1188=CARTESIAN_POINT('',(-432.51132256,0.478668284,3.000018128));
#1189=VERTEX_POINT('',#1188);
#1190=CARTESIAN_POINT('',(-451.713733375,0.478668284,4.352763072));
#1191=DIRECTION('',(0.,1.,0.));
#1192=DIRECTION('',(0.,-0.,1.));
#1193=AXIS2_PLACEMENT_3D('',#1190,#1191,#1192);
#1194=CIRCLE('',#1193,19.25);
#1195=EDGE_CURVE('',#1181,#1189,#1194,.T.);
#1196=ORIENTED_EDGE('',*,*,#1195,.T.);
#1197=CARTESIAN_POINT('',(-432.51132256,0.478668284,3.000018128));
#1198=DIRECTION('',(0.,1.,0.));
#1199=VECTOR('',#1198,136.);
#1200=LINE('',#1197,#1199);
#1201=EDGE_CURVE('',#1189,#1158,#1200,.T.);
#1202=ORIENTED_EDGE('',*,*,#1201,.T.);
#1203=ORIENTED_EDGE('',*,*,#1164,.F.);
#1204=EDGE_LOOP('',(#1187,#1196,#1202,#1203));
#1205=FACE_BOUND('',#1204,.T.);
#1206=ADVANCED_FACE('',(#1205),#1179,.T.);
#1207=CARTESIAN_POINT('',(-598.213856086,308.478668284,3.000018128));
#1208=DIRECTION('',(0.,0.,-1.));
#1209=DIRECTION('',(0.,1.,0.));
#1210=AXIS2_PLACEMENT_3D('',#1207,#1208,#1209);
#1211=PLANE('',#1210);
#1212=ORIENTED_EDGE('',*,*,#1170,.F.);
#1213=ORIENTED_EDGE('',*,*,#1201,.F.);
#1214=CARTESIAN_POINT('',(-470.91614419,0.478668284,3.000018128));
#1215=VERTEX_POINT('',#1214);
#1216=CARTESIAN_POINT('',(-432.51132256,0.478668284,3.000018128));
#1217=DIRECTION('',(-1.,0.,0.));
#1218=VECTOR('',#1217,38.40482163);
#1219=LINE('',#1216,#1218);
#1220=EDGE_CURVE('',#1189,#1215,#1219,.T.);
#1221=ORIENTED_EDGE('',*,*,#1220,.T.);
#1222=CARTESIAN_POINT('',(-470.91614419,136.478668284,3.000018128));
#1223=DIRECTION('',(-0.,-1.,-0.));
#1224=VECTOR('',#1223,136.);
#1225=LINE('',#1222,#1224);
#1226=EDGE_CURVE('',#1147,#1215,#1225,.T.);
#1227=ORIENTED_EDGE('',*,*,#1226,.F.);
#1228=EDGE_LOOP('',(#1212,#1213,#1221,#1227));
#1229=FACE_BOUND('',#1228,.T.);
#1230=ADVANCED_FACE('',(#1229),#1211,.T.);
#1231=CARTESIAN_POINT('',(-2558.713856086,0.478668284,63.000018128));
#1232=DIRECTION('',(0.,1.,0.));
#1233=DIRECTION('',(1.,0.,0.));
#1234=AXIS2_PLACEMENT_3D('',#1231,#1232,#1233);
#1235=PLANE('',#1234);
#1236=ORIENTED_EDGE('',*,*,#1220,.F.);
#1237=ORIENTED_EDGE('',*,*,#1195,.F.);
#1238=CARTESIAN_POINT('',(-451.713733375,0.478668284,4.352763072));
#1239=DIRECTION('',(0.,1.,0.));
#1240=DIRECTION('',(0.,-0.,1.));
#1241=AXIS2_PLACEMENT_3D('',#1238,#1239,#1240);
#1242=CIRCLE('',#1241,19.25);
#1243=EDGE_CURVE('',#1215,#1181,#1242,.T.);
#1244=ORIENTED_EDGE('',*,*,#1243,.F.);
#1245=EDGE_LOOP('',(#1236,#1237,#1244));
#1246=FACE_BOUND('',#1245,.T.);
#1247=ADVANCED_FACE('',(#1246),#1235,.F.);
#1248=CARTESIAN_POINT('',(-451.713733375,98.478668284,4.352763072));
#1249=DIRECTION('',(-0.,1.,0.));
#1250=DIRECTION('',(1.,0.,0.));
#1251=AXIS2_PLACEMENT_3D('',#1248,#1249,#1250);
#1252=CYLINDRICAL_SURFACE('',#1251,19.25);
#1253=ORIENTED_EDGE('',*,*,#1186,.F.);
#1254=ORIENTED_EDGE('',*,*,#1155,.F.);
#1255=ORIENTED_EDGE('',*,*,#1226,.T.);
#1256=ORIENTED_EDGE('',*,*,#1243,.T.);
#1257=EDGE_LOOP('',(#1253,#1254,#1255,#1256));
#1258=FACE_BOUND('',#1257,.T.);
#1259=ADVANCED_FACE('',(#1258),#1252,.T.);
#1260=CLOSED_SHELL('',(#1174,#1206,#1230,#1247,#1259));
#1261=MANIFOLD_SOLID_BREP('Body 121 (2)',#1260);
#1140=STYLED_ITEM('',(#294),#1261);
#1263=CARTESIAN_POINT('',(-429.212940971,8.478686245,48.000018128));
#1264=DIRECTION('',(0.,1.,0.));
#1265=DIRECTION('',(1.,0.,0.));
#1266=AXIS2_PLACEMENT_3D('',#1263,#1264,#1265);
#1267=PLANE('',#1266);
#1268=CARTESIAN_POINT('',(-462.958829045,8.478686245,43.000018128));
#1269=VERTEX_POINT('',#1268);
#1270=CARTESIAN_POINT('',(-491.712392773,8.478686245,8.84383715));
#1271=VERTEX_POINT('',#1270);
#1272=CARTESIAN_POINT('',(-451.713733375,8.478686245,4.352763072));
#1273=DIRECTION('',(-0.,-1.,-0.));
#1274=DIRECTION('',(0.,-0.,1.));
#1275=AXIS2_PLACEMENT_3D('',#1272,#1273,#1274);
#1276=CIRCLE('',#1275,40.25);
#1277=EDGE_CURVE('',#1269,#1271,#1276,.T.);
#1278=ORIENTED_EDGE('',*,*,#1277,.F.);
#1279=CARTESIAN_POINT('',(-440.468637705,8.478686245,43.000018128));
#1280=VERTEX_POINT('',#1279);
#1281=CARTESIAN_POINT('',(-462.958829045,8.478686245,43.000018128));
#1282=DIRECTION('',(1.,0.,-0.));
#1283=VECTOR('',#1282,22.490191341);
#1284=LINE('',#1281,#1283);
#1285=EDGE_CURVE('',#1269,#1280,#1284,.T.);
#1286=ORIENTED_EDGE('',*,*,#1285,.T.);
#1287=CARTESIAN_POINT('',(-411.713855751,8.478686245,8.832974012));
#1288=VERTEX_POINT('',#1287);
#1289=CARTESIAN_POINT('',(-451.713733375,8.478686245,4.352763072));
#1290=DIRECTION('',(-0.,-1.,-0.));
#1291=DIRECTION('',(0.,-0.,1.));
#1292=AXIS2_PLACEMENT_3D('',#1289,#1290,#1291);
#1293=CIRCLE('',#1292,40.25);
#1294=EDGE_CURVE('',#1288,#1280,#1293,.T.);
#1295=ORIENTED_EDGE('',*,*,#1294,.F.);
#1296=CARTESIAN_POINT('',(-411.713855751,8.478686245,3.000018128));
#1297=VERTEX_POINT('',#1296);
#1298=CARTESIAN_POINT('',(-411.713855751,8.478686245,8.832974012));
#1299=DIRECTION('',(0.,0.,-1.));
#1300=VECTOR('',#1299,5.832955884);
#1301=LINE('',#1298,#1300);
#1302=EDGE_CURVE('',#1288,#1297,#1301,.T.);
#1303=ORIENTED_EDGE('',*,*,#1302,.T.);
#1304=CARTESIAN_POINT('',(-413.780739342,8.478686245,3.000018128));
#1305=VERTEX_POINT('',#1304);
#1306=CARTESIAN_POINT('',(-413.780739342,8.478686245,3.000018128));
#1307=DIRECTION('',(1.,0.,-0.));
#1308=VECTOR('',#1307,2.066883591);
#1309=LINE('',#1306,#1308);
#1310=EDGE_CURVE('',#1305,#1297,#1309,.T.);
#1311=ORIENTED_EDGE('',*,*,#1310,.F.);
#1312=CARTESIAN_POINT('',(-451.713733375,8.478686245,42.309869853));
#1313=VERTEX_POINT('',#1312);
#1314=CARTESIAN_POINT('',(-451.713733375,8.478686245,4.352763072));
#1315=DIRECTION('',(-0.,-1.,-0.));
#1316=DIRECTION('',(0.,-0.,1.));
#1317=AXIS2_PLACEMENT_3D('',#1314,#1315,#1316);
#1318=CIRCLE('',#1317,37.957106781);
#1319=EDGE_CURVE('',#1305,#1313,#1318,.T.);
#1320=ORIENTED_EDGE('',*,*,#1319,.T.);
#1321=CARTESIAN_POINT('',(-489.646727408,8.478686245,3.000018128));
#1322=VERTEX_POINT('',#1321);
#1323=CARTESIAN_POINT('',(-451.713733375,8.478686245,4.352763072));
#1324=DIRECTION('',(-0.,-1.,-0.));
#1325=DIRECTION('',(0.,-0.,1.));
#1326=AXIS2_PLACEMENT_3D('',#1323,#1324,#1325);
#1327=CIRCLE('',#1326,37.957106781);
#1328=EDGE_CURVE('',#1313,#1322,#1327,.T.);
#1329=ORIENTED_EDGE('',*,*,#1328,.T.);
#1330=CARTESIAN_POINT('',(-491.712392773,8.478686245,3.000018128));
#1331=VERTEX_POINT('',#1330);
#1332=CARTESIAN_POINT('',(-491.712392773,8.478686245,3.000018128));
#1333=DIRECTION('',(1.,0.,-0.));
#1334=VECTOR('',#1333,2.065665365);
#1335=LINE('',#1332,#1334);
#1336=EDGE_CURVE('',#1331,#1322,#1335,.T.);
#1337=ORIENTED_EDGE('',*,*,#1336,.F.);
#1338=CARTESIAN_POINT('',(-491.712392773,8.478686245,8.84383715));
#1339=DIRECTION('',(0.,0.,-1.));
#1340=VECTOR('',#1339,5.843819022);
#1341=LINE('',#1338,#1340);
#1342=EDGE_CURVE('',#1271,#1331,#1341,.T.);
#1343=ORIENTED_EDGE('',*,*,#1342,.F.);
#1344=EDGE_LOOP('',(#1278,#1286,#1295,#1303,#1311,#1320,#1329,#1337,#1343));
#1345=FACE_BOUND('',#1344,.T.);
#1346=ADVANCED_FACE('',(#1345),#1267,.T.);
#1347=CARTESIAN_POINT('',(-431.713864899,0.478686245,48.000018128));
#1348=DIRECTION('',(0.,-1.,0.));
#1349=DIRECTION('',(-1.,0.,0.));
#1350=AXIS2_PLACEMENT_3D('',#1347,#1348,#1349);
#1351=PLANE('',#1350);
#1352=CARTESIAN_POINT('',(-491.713856421,0.478686245,8.830782311));
#1353=VERTEX_POINT('',#1352);
#1354=CARTESIAN_POINT('',(-462.958829045,0.478686245,43.000018128));
#1355=VERTEX_POINT('',#1354);
#1356=CARTESIAN_POINT('',(-451.713733375,0.478686245,4.352763072));
#1357=DIRECTION('',(-0.,1.,-0.));
#1358=DIRECTION('',(0.,0.,-1.));
#1359=AXIS2_PLACEMENT_3D('',#1356,#1357,#1358);
#1360=CIRCLE('',#1359,40.25);
#1361=EDGE_CURVE('',#1353,#1355,#1360,.T.);
#1362=ORIENTED_EDGE('',*,*,#1361,.F.);
#1363=CARTESIAN_POINT('',(-491.713856421,0.478686245,3.000018128));
#1364=VERTEX_POINT('',#1363);
#1365=CARTESIAN_POINT('',(-491.713856421,0.478686245,8.830782311));
#1366=DIRECTION('',(0.,0.,-1.));
#1367=VECTOR('',#1366,5.830764183);
#1368=LINE('',#1365,#1367);
#1369=EDGE_CURVE('',#1353,#1364,#1368,.T.);
#1370=ORIENTED_EDGE('',*,*,#1369,.T.);
#1371=CARTESIAN_POINT('',(-411.713855751,0.478686245,3.000018128));
#1372=VERTEX_POINT('',#1371);
#1373=CARTESIAN_POINT('',(-411.713855751,0.478686245,3.000018128));
#1374=DIRECTION('',(-1.,-0.,0.));
#1375=VECTOR('',#1374,80.00000067);
#1376=LINE('',#1373,#1375);
#1377=EDGE_CURVE('',#1372,#1364,#1376,.T.);
#1378=ORIENTED_EDGE('',*,*,#1377,.F.);
#1379=CARTESIAN_POINT('',(-411.713855751,0.478686245,8.832974012));
#1380=VERTEX_POINT('',#1379);
#1381=CARTESIAN_POINT('',(-411.713855751,0.478686245,8.832974012));
#1382=DIRECTION('',(0.,0.,-1.));
#1383=VECTOR('',#1382,5.832955884);
#1384=LINE('',#1381,#1383);
#1385=EDGE_CURVE('',#1380,#1372,#1384,.T.);
#1386=ORIENTED_EDGE('',*,*,#1385,.F.);
#1387=CARTESIAN_POINT('',(-440.468637705,0.478686245,43.000018128));
#1388=VERTEX_POINT('',#1387);
#1389=CARTESIAN_POINT('',(-451.713733375,0.478686245,4.352763072));
#1390=DIRECTION('',(-0.,1.,-0.));
#1391=DIRECTION('',(0.,0.,-1.));
#1392=AXIS2_PLACEMENT_3D('',#1389,#1390,#1391);
#1393=CIRCLE('',#1392,40.25);
#1394=EDGE_CURVE('',#1388,#1380,#1393,.T.);
#1395=ORIENTED_EDGE('',*,*,#1394,.F.);
#1396=CARTESIAN_POINT('',(-440.468637705,0.478686245,43.000018128));
#1397=DIRECTION('',(-1.,0.,0.));
#1398=VECTOR('',#1397,22.490191341);
#1399=LINE('',#1396,#1398);
#1400=EDGE_CURVE('',#1388,#1355,#1399,.T.);
#1401=ORIENTED_EDGE('',*,*,#1400,.T.);
#1402=EDGE_LOOP('',(#1362,#1370,#1378,#1386,#1395,#1401));
#1403=FACE_BOUND('',#1402,.T.);
#1404=ADVANCED_FACE('',(#1403),#1351,.T.);
#1405=CARTESIAN_POINT('',(-411.713855751,5.478686245,48.000018128));
#1406=DIRECTION('',(1.,0.,0.));
#1407=DIRECTION('',(0.,-1.,0.));
#1408=AXIS2_PLACEMENT_3D('',#1405,#1406,#1407);
#1409=PLANE('',#1408);
#1410=CARTESIAN_POINT('',(-411.713855751,0.478686245,8.832974012));
#1411=DIRECTION('',(0.,1.,0.));
#1412=VECTOR('',#1411,8.);
#1413=LINE('',#1410,#1412);
#1414=EDGE_CURVE('',#1380,#1288,#1413,.T.);
#1415=ORIENTED_EDGE('',*,*,#1414,.F.);
#1416=ORIENTED_EDGE('',*,*,#1385,.T.);
#1417=CARTESIAN_POINT('',(-411.713855751,8.478686245,3.000018128));
#1418=DIRECTION('',(0.,-1.,0.));
#1419=VECTOR('',#1418,8.);
#1420=LINE('',#1417,#1419);
#1421=EDGE_CURVE('',#1297,#1372,#1420,.T.);
#1422=ORIENTED_EDGE('',*,*,#1421,.F.);
#1423=ORIENTED_EDGE('',*,*,#1302,.F.);
#1424=EDGE_LOOP('',(#1415,#1416,#1422,#1423));
#1425=FACE_BOUND('',#1424,.T.);
#1426=ADVANCED_FACE('',(#1425),#1409,.T.);
#1427=CARTESIAN_POINT('',(-429.212940971,8.478686245,48.000018128));
#1428=DIRECTION('',(0.,1.,0.));
#1429=DIRECTION('',(1.,0.,0.));
#1430=AXIS2_PLACEMENT_3D('',#1427,#1428,#1429);
#1431=PLANE('',#1430);
#1432=CARTESIAN_POINT('',(-487.230874863,8.478686245,3.000018128));
#1433=VERTEX_POINT('',#1432);
#1434=CARTESIAN_POINT('',(-416.196591887,8.478686245,3.000018128));
#1435=VERTEX_POINT('',#1434);
#1436=CARTESIAN_POINT('',(-487.230874863,8.478686245,3.000018128));
#1437=DIRECTION('',(1.,0.,-0.));
#1438=VECTOR('',#1437,71.034282976);
#1439=LINE('',#1436,#1438);
#1440=EDGE_CURVE('',#1433,#1435,#1439,.T.);
#1441=ORIENTED_EDGE('',*,*,#1440,.F.);
#1442=CARTESIAN_POINT('',(-451.713733375,8.478686245,39.895656291));
#1443=VERTEX_POINT('',#1442);
#1444=CARTESIAN_POINT('',(-451.713733375,8.478686245,4.352763072));
#1445=DIRECTION('',(0.,1.,0.));
#1446=DIRECTION('',(0.,-0.,1.));
#1447=AXIS2_PLACEMENT_3D('',#1444,#1445,#1446);
#1448=CIRCLE('',#1447,35.542893219);
#1449=EDGE_CURVE('',#1433,#1443,#1448,.T.);
#1450=ORIENTED_EDGE('',*,*,#1449,.T.);
#1451=CARTESIAN_POINT('',(-451.713733375,8.478686245,4.352763072));
#1452=DIRECTION('',(0.,1.,0.));
#1453=DIRECTION('',(0.,-0.,1.));
#1454=AXIS2_PLACEMENT_3D('',#1451,#1452,#1453);
#1455=CIRCLE('',#1454,35.542893219);
#1456=EDGE_CURVE('',#1443,#1435,#1455,.T.);
#1457=ORIENTED_EDGE('',*,*,#1456,.T.);
#1458=EDGE_LOOP('',(#1441,#1450,#1457));
#1459=FACE_BOUND('',#1458,.T.);
#1460=ADVANCED_FACE('',(#1459),#1431,.T.);
#1461=CARTESIAN_POINT('',(-491.712940302,5.486004486,48.000018128));
#1462=DIRECTION('',(0.999999983,-0.000182956,0.));
#1463=DIRECTION('',(-0.000182956,-0.999999983,0.));
#1464=AXIS2_PLACEMENT_3D('',#1461,#1462,#1463);
#1465=PLANE('',#1464);
#1466=ORIENTED_EDGE('',*,*,#1369,.F.);
#1467=CARTESIAN_POINT('',(-491.713856421,0.478686245,8.830782312));
#1468=CARTESIAN_POINT('',(-491.713368538,3.145352902,8.835140347));
#1469=CARTESIAN_POINT('',(-491.712880656,5.812019568,8.839491941));
#1470=CARTESIAN_POINT('',(-491.712392773,8.478686245,8.84383715));
#1471=B_SPLINE_CURVE_WITH_KNOTS('',3,(#1467,#1468,#1469,#1470),.UNSPECIFIED.,.F.,.F.,(4,4),(0.0000002,0.008000211),.UNSPECIFIED.);
#1472=EDGE_CURVE('',#1353,#1271,#1471,.T.);
#1473=ORIENTED_EDGE('',*,*,#1472,.T.);
#1474=ORIENTED_EDGE('',*,*,#1342,.T.);
#1475=CARTESIAN_POINT('',(-491.712392773,8.478686245,3.000018128));
#1476=DIRECTION('',(-0.000182956,-0.999999983,0.));
#1477=VECTOR('',#1476,8.000000134);
#1478=LINE('',#1475,#1477);
#1479=EDGE_CURVE('',#1331,#1364,#1478,.T.);
#1480=ORIENTED_EDGE('',*,*,#1479,.T.);
#1481=EDGE_LOOP('',(#1466,#1473,#1474,#1480));
#1482=FACE_BOUND('',#1481,.T.);
#1483=ADVANCED_FACE('',(#1482),#1465,.F.);
#1484=CARTESIAN_POINT('',(-1011.713874047,1750.478686245,43.000018128));
#1485=DIRECTION('',(0.,0.,1.));
#1486=DIRECTION('',(0.,-1.,0.));
#1487=AXIS2_PLACEMENT_3D('',#1484,#1485,#1486);
#1488=PLANE('',#1487);
#1489=CARTESIAN_POINT('',(-440.468637705,8.478686245,43.000018128));
#1490=DIRECTION('',(-0.,-1.,-0.));
#1491=VECTOR('',#1490,8.);
#1492=LINE('',#1489,#1491);
#1493=EDGE_CURVE('',#1280,#1388,#1492,.T.);
#1494=ORIENTED_EDGE('',*,*,#1493,.F.);
#1495=ORIENTED_EDGE('',*,*,#1285,.F.);
#1496=CARTESIAN_POINT('',(-462.958829045,0.478686245,43.000018128));
#1497=DIRECTION('',(0.,1.,0.));
#1498=VECTOR('',#1497,8.);
#1499=LINE('',#1496,#1498);
#1500=EDGE_CURVE('',#1355,#1269,#1499,.T.);
#1501=ORIENTED_EDGE('',*,*,#1500,.F.);
#1502=ORIENTED_EDGE('',*,*,#1400,.F.);
#1503=EDGE_LOOP('',(#1494,#1495,#1501,#1502));
#1504=FACE_BOUND('',#1503,.T.);
#1505=ADVANCED_FACE('',(#1504),#1488,.T.);
#1506=CARTESIAN_POINT('',(-1011.713874047,1750.478686245,3.000018128));
#1507=DIRECTION('',(0.,0.,1.));
#1508=DIRECTION('',(0.,-1.,0.));
#1509=AXIS2_PLACEMENT_3D('',#1506,#1507,#1508);
#1510=PLANE('',#1509);
#1511=ORIENTED_EDGE('',*,*,#1336,.T.);
#1512=CARTESIAN_POINT('',(-488.939162602,7.771579464,3.000018128));
#1513=VERTEX_POINT('',#1512);
#1514=CARTESIAN_POINT('',(-489.646727408,8.478686245,3.000018128));
#1515=CARTESIAN_POINT('',(-489.553321092,8.478686245,3.000018128));
#1516=CARTESIAN_POINT('',(-489.461669442,8.460329851,3.000018128));
#1517=CARTESIAN_POINT('',(-489.376033282,8.424892886,3.000018128));
#1518=CARTESIAN_POINT('',(-489.333215202,8.407174403,3.000018128));
#1519=CARTESIAN_POINT('',(-489.292596085,8.38548808,3.000018128));
#1520=CARTESIAN_POINT('',(-489.254156046,8.359869793,3.000018128));
#1521=CARTESIAN_POINT('',(-489.215716008,8.334251507,3.000018128));
#1522=CARTESIAN_POINT('',(-489.179303865,8.304422649,3.000018128));
#1523=CARTESIAN_POINT('',(-489.146664428,8.271838261,3.000018128));
#1524=CARTESIAN_POINT('',(-489.081385555,8.206669486,3.000018128));
#1525=CARTESIAN_POINT('',(-489.028637397,8.127859244,3.000018128));
#1526=CARTESIAN_POINT('',(-488.993294539,8.042830802,3.000018128));
#1527=CARTESIAN_POINT('',(-488.95795168,7.95780236,3.000018128));
#1528=CARTESIAN_POINT('',(-488.939162602,7.864987475,3.000018128));
#1529=CARTESIAN_POINT('',(-488.939162602,7.771579464,3.000018128));
#1530=B_SPLINE_CURVE_WITH_KNOTS('',3,(#1514,#1515,#1516,#1517,#1518,#1519,#1520,#1521,#1522,#1523,#1524,#1525,#1526,#1527,#1528,#1529),.UNSPECIFIED.,.F.,.F.,(4,3,3,3,3,4),(0.,0.000276243,0.000414364,0.000552485,0.000828728,0.00110497),.UNSPECIFIED.);
#1531=EDGE_CURVE('',#1322,#1513,#1530,.T.);
#1532=ORIENTED_EDGE('',*,*,#1531,.T.);
#1533=CARTESIAN_POINT('',(-488.939162602,6.478668284,3.000018128));
#1534=VERTEX_POINT('',#1533);
#1535=CARTESIAN_POINT('',(-488.939162602,6.478668284,3.000018128));
#1536=DIRECTION('',(0.,1.,0.));
#1537=VECTOR('',#1536,1.29291118);
#1538=LINE('',#1535,#1537);
#1539=EDGE_CURVE('',#1534,#1513,#1538,.T.);
#1540=ORIENTED_EDGE('',*,*,#1539,.F.);
#1541=CARTESIAN_POINT('',(-487.938484321,6.478668284,3.000018128));
#1542=VERTEX_POINT('',#1541);
#1543=CARTESIAN_POINT('',(-488.939162602,6.478668284,3.000018128));
#1544=DIRECTION('',(1.,0.,-0.));
#1545=VECTOR('',#1544,1.000678281);
#1546=LINE('',#1543,#1545);
#1547=EDGE_CURVE('',#1534,#1542,#1546,.T.);
#1548=ORIENTED_EDGE('',*,*,#1547,.T.);
#1549=CARTESIAN_POINT('',(-487.938484321,7.771579464,3.000018128));
#1550=VERTEX_POINT('',#1549);
#1551=CARTESIAN_POINT('',(-487.938484321,6.478668284,3.000018128));
#1552=DIRECTION('',(0.,1.,0.));
#1553=VECTOR('',#1552,1.29291118);
#1554=LINE('',#1551,#1553);
#1555=EDGE_CURVE('',#1542,#1550,#1554,.T.);
#1556=ORIENTED_EDGE('',*,*,#1555,.T.);
#1557=CARTESIAN_POINT('',(-487.938484321,7.771579464,3.000018128));
#1558=CARTESIAN_POINT('',(-487.938484321,7.864989568,3.000018128));
#1559=CARTESIAN_POINT('',(-487.920085474,7.956649053,3.000018128));
#1560=CARTESIAN_POINT('',(-487.884588493,8.042257011,3.000018128));
#1561=CARTESIAN_POINT('',(-487.866840002,8.08506099,3.000018128));
#1562=CARTESIAN_POINT('',(-487.845118671,8.125663295,3.000018128));
#1563=CARTESIAN_POINT('',(-487.819461048,8.164084181,3.000018128));
#1564=CARTESIAN_POINT('',(-487.793803425,8.202505066,3.000018128));
#1565=CARTESIAN_POINT('',(-487.763938059,8.238885216,3.000018128));
#1566=CARTESIAN_POINT('',(-487.731321139,8.271490726,3.000018128));
#1567=CARTESIAN_POINT('',(-487.666087299,8.336701746,3.000018128));
#1568=CARTESIAN_POINT('',(-487.587219975,8.389373659,3.000018128));
#1569=CARTESIAN_POINT('',(-487.502162486,8.424655896,3.000018128));
#1570=CARTESIAN_POINT('',(-487.417104997,8.459938133,3.000018128));
#1571=CARTESIAN_POINT('',(-487.324283094,8.478686245,3.000018128));
#1572=CARTESIAN_POINT('',(-487.230874863,8.478686245,3.000018128));
#1573=B_SPLINE_CURVE_WITH_KNOTS('',3,(#1557,#1558,#1559,#1560,#1561,#1562,#1563,#1564,#1565,#1566,#1567,#1568,#1569,#1570,#1571,#1572),.UNSPECIFIED.,.F.,.F.,(4,3,3,3,3,4),(0.,0.000276252,0.000414378,0.000552504,0.000828755,0.001105007),.UNSPECIFIED.);
#1574=EDGE_CURVE('',#1550,#1433,#1573,.T.);
#1575=ORIENTED_EDGE('',*,*,#1574,.T.);
#1576=ORIENTED_EDGE('',*,*,#1440,.T.);
#1577=CARTESIAN_POINT('',(-415.488982429,7.771579464,3.000018128));
#1578=VERTEX_POINT('',#1577);
#1579=CARTESIAN_POINT('',(-416.196591887,8.478686245,3.000018128));
#1580=CARTESIAN_POINT('',(-416.103182518,8.478686245,3.000018128));
#1581=CARTESIAN_POINT('',(-416.011527876,8.460332118,3.000018128));
#1582=CARTESIAN_POINT('',(-415.925887113,8.42489736,3.000018128));
#1583=CARTESIAN_POINT('',(-415.883066731,8.407179981,3.000018128));
#1584=CARTESIAN_POINT('',(-415.84244529,8.385494808,3.000018128));
#1585=CARTESIAN_POINT('',(-415.804002949,8.35987764,3.000018128));
#1586=CARTESIAN_POINT('',(-415.765560608,8.334260473,3.000018128));
#1587=CARTESIAN_POINT('',(-415.729145619,8.304432297,3.000018128));
#1588=CARTESIAN_POINT('',(-415.696503487,8.271848221,3.000018128));
#1589=CARTESIAN_POINT('',(-415.631219224,8.206680069,3.000018128));
#1590=CARTESIAN_POINT('',(-415.578466231,8.127869356,3.000018128));
#1591=CARTESIAN_POINT('',(-415.543119869,8.042838971,3.000018128));
#1592=CARTESIAN_POINT('',(-415.507773508,7.957808587,3.000018128));
#1593=CARTESIAN_POINT('',(-415.488982429,7.864990722,3.000018128));
#1594=CARTESIAN_POINT('',(-415.488982429,7.771579464,3.000018128));
#1595=B_SPLINE_CURVE_WITH_KNOTS('',3,(#1579,#1580,#1581,#1582,#1583,#1584,#1585,#1586,#1587,#1588,#1589,#1590,#1591,#1592,#1593,#1594),.UNSPECIFIED.,.F.,.F.,(4,3,3,3,3,4),(0.,0.000276252,0.000414378,0.000552504,0.000828756,0.001105008),.UNSPECIFIED.);
#1596=EDGE_CURVE('',#1435,#1578,#1595,.T.);
#1597=ORIENTED_EDGE('',*,*,#1596,.T.);
#1598=CARTESIAN_POINT('',(-415.488982429,6.478668284,3.000018128));
#1599=VERTEX_POINT('',#1598);
#1600=CARTESIAN_POINT('',(-415.488982429,7.771579464,3.000018128));
#1601=DIRECTION('',(-0.,-1.,-0.));
#1602=VECTOR('',#1601,1.29291118);
#1603=LINE('',#1600,#1602);
#1604=EDGE_CURVE('',#1578,#1599,#1603,.T.);
#1605=ORIENTED_EDGE('',*,*,#1604,.T.);
#1606=CARTESIAN_POINT('',(-414.488304148,6.478668284,3.000018128));
#1607=VERTEX_POINT('',#1606);
#1608=CARTESIAN_POINT('',(-415.488982429,6.478668284,3.000018128));
#1609=DIRECTION('',(1.,0.,-0.));
#1610=VECTOR('',#1609,1.000678281);
#1611=LINE('',#1608,#1610);
#1612=EDGE_CURVE('',#1599,#1607,#1611,.T.);
#1613=ORIENTED_EDGE('',*,*,#1612,.T.);
#1614=CARTESIAN_POINT('',(-414.488304148,7.771579464,3.000018128));
#1615=VERTEX_POINT('',#1614);
#1616=CARTESIAN_POINT('',(-414.488304148,7.771579464,3.000018128));
#1617=DIRECTION('',(-0.,-1.,-0.));
#1618=VECTOR('',#1617,1.29291118);
#1619=LINE('',#1616,#1618);
#1620=EDGE_CURVE('',#1615,#1607,#1619,.T.);
#1621=ORIENTED_EDGE('',*,*,#1620,.F.);
#1622=CARTESIAN_POINT('',(-414.488304148,7.771579464,3.000018128));
#1623=CARTESIAN_POINT('',(-414.488304148,7.864986422,3.000018128));
#1624=CARTESIAN_POINT('',(-414.469907375,7.956642593,3.000018128));
#1625=CARTESIAN_POINT('',(-414.434413791,8.042248875,3.000018128));
#1626=CARTESIAN_POINT('',(-414.416666998,8.085052016,3.000018128));
#1627=CARTESIAN_POINT('',(-414.394947716,8.125653677,3.000018128));
#1628=CARTESIAN_POINT('',(-414.369292511,8.164074121,3.000018128));
#1629=CARTESIAN_POINT('',(-414.343637306,8.202494565,3.000018128));
#1630=CARTESIAN_POINT('',(-414.313774467,8.238874886,3.000018128));
#1631=CARTESIAN_POINT('',(-414.281160059,8.271480873,3.000018128));
#1632=CARTESIAN_POINT('',(-414.215931243,8.336692846,3.000018128));
#1633=CARTESIAN_POINT('',(-414.137069319,8.389366939,3.000018128));
#1634=CARTESIAN_POINT('',(-414.052016201,8.424651442,3.000018128));
#1635=CARTESIAN_POINT('',(-413.966963083,8.459935945,3.000018128));
#1636=CARTESIAN_POINT('',(-413.874144598,8.478686245,3.000018128));
#1637=CARTESIAN_POINT('',(-413.780739342,8.478686245,3.000018128));
#1638=B_SPLINE_CURVE_WITH_KNOTS('',3,(#1622,#1623,#1624,#1625,#1626,#1627,#1628,#1629,#1630,#1631,#1632,#1633,#1634,#1635,#1636,#1637),.UNSPECIFIED.,.F.,.F.,(4,3,3,3,3,4),(0.,0.000276242,0.000414364,0.000552485,0.000828727,0.00110497),.UNSPECIFIED.);
#1639=EDGE_CURVE('',#1615,#1305,#1638,.T.);
#1640=ORIENTED_EDGE('',*,*,#1639,.T.);
#1641=ORIENTED_EDGE('',*,*,#1310,.T.);
#1642=ORIENTED_EDGE('',*,*,#1421,.T.);
#1643=ORIENTED_EDGE('',*,*,#1377,.T.);
#1644=ORIENTED_EDGE('',*,*,#1479,.F.);
#1645=EDGE_LOOP('',(#1511,#1532,#1540,#1548,#1556,#1575,#1576,#1597,#1605,#1613,#1621,#1640,#1641,#1642,#1643,#1644));
#1646=FACE_BOUND('',#1645,.T.);
#1647=ADVANCED_FACE('',(#1646),#1510,.F.);
#1648=CARTESIAN_POINT('',(-451.713733375,6.478668284,4.352763072));
#1649=DIRECTION('',(0.,1.,0.));
#1650=DIRECTION('',(0.,-0.,1.));
#1651=AXIS2_PLACEMENT_3D('',#1648,#1649,#1650);
#1652=CYLINDRICAL_SURFACE('',#1651,36.25);
#1653=CARTESIAN_POINT('',(-451.713733375,7.771579464,40.602763072));
#1654=VERTEX_POINT('',#1653);
#1655=CARTESIAN_POINT('',(-451.713733375,6.478668284,40.602763072));
#1656=VERTEX_POINT('',#1655);
#1657=CARTESIAN_POINT('',(-451.713733375,7.771579464,40.602763072));
#1658=DIRECTION('',(-0.,-1.,-0.));
#1659=VECTOR('',#1658,1.29291118);
#1660=LINE('',#1657,#1659);
#1661=EDGE_CURVE('',#1654,#1656,#1660,.T.);
#1662=ORIENTED_EDGE('',*,*,#1661,.T.);
#1663=CARTESIAN_POINT('',(-451.713733375,6.478668284,4.352763072));
#1664=DIRECTION('',(0.,-1.,0.));
#1665=DIRECTION('',(0.,0.,-1.));
#1666=AXIS2_PLACEMENT_3D('',#1663,#1664,#1665);
#1667=CIRCLE('',#1666,36.25);
#1668=EDGE_CURVE('',#1599,#1656,#1667,.T.);
#1669=ORIENTED_EDGE('',*,*,#1668,.F.);
#1670=ORIENTED_EDGE('',*,*,#1604,.F.);
#1671=CARTESIAN_POINT('',(-451.713733375,7.771579464,4.352763072));
#1672=DIRECTION('',(-0.,-1.,-0.));
#1673=DIRECTION('',(0.,-0.,1.));
#1674=AXIS2_PLACEMENT_3D('',#1671,#1672,#1673);
#1675=CIRCLE('',#1674,36.25);
#1676=EDGE_CURVE('',#1578,#1654,#1675,.T.);
#1677=ORIENTED_EDGE('',*,*,#1676,.T.);
#1678=EDGE_LOOP('',(#1662,#1669,#1670,#1677));
#1679=FACE_BOUND('',#1678,.T.);
#1680=ADVANCED_FACE('',(#1679),#1652,.T.);
#1681=CARTESIAN_POINT('',(-451.713733375,6.478668284,4.352763072));
#1682=DIRECTION('',(0.,1.,0.));
#1683=DIRECTION('',(0.,-0.,1.));
#1684=AXIS2_PLACEMENT_3D('',#1681,#1682,#1683);
#1685=CYLINDRICAL_SURFACE('',#1684,37.25);
#1686=CARTESIAN_POINT('',(-451.713733375,7.771579464,41.602763072));
#1687=VERTEX_POINT('',#1686);
#1688=CARTESIAN_POINT('',(-451.713733375,6.478668284,41.602763072));
#1689=VERTEX_POINT('',#1688);
#1690=CARTESIAN_POINT('',(-451.713733375,7.771579464,41.602763072));
#1691=DIRECTION('',(-0.,-1.,-0.));
#1692=VECTOR('',#1691,1.29291118);
#1693=LINE('',#1690,#1692);
#1694=EDGE_CURVE('',#1687,#1689,#1693,.T.);
#1695=ORIENTED_EDGE('',*,*,#1694,.F.);
#1696=CARTESIAN_POINT('',(-451.713733375,7.771579464,4.352763072));
#1697=DIRECTION('',(0.,1.,0.));
#1698=DIRECTION('',(0.,-0.,1.));
#1699=AXIS2_PLACEMENT_3D('',#1696,#1697,#1698);
#1700=CIRCLE('',#1699,37.25);
#1701=EDGE_CURVE('',#1687,#1615,#1700,.T.);
#1702=ORIENTED_EDGE('',*,*,#1701,.T.);
#1703=ORIENTED_EDGE('',*,*,#1620,.T.);
#1704=CARTESIAN_POINT('',(-451.713733375,6.478668284,4.352763072));
#1705=DIRECTION('',(0.,-1.,0.));
#1706=DIRECTION('',(0.,0.,-1.));
#1707=AXIS2_PLACEMENT_3D('',#1704,#1705,#1706);
#1708=CIRCLE('',#1707,37.25);
#1709=EDGE_CURVE('',#1607,#1689,#1708,.T.);
#1710=ORIENTED_EDGE('',*,*,#1709,.T.);
#1711=EDGE_LOOP('',(#1695,#1702,#1703,#1710));
#1712=FACE_BOUND('',#1711,.T.);
#1713=ADVANCED_FACE('',(#1712),#1685,.F.);
#1714=CARTESIAN_POINT('',(-2558.713856086,6.478668284,63.000018128));
#1715=DIRECTION('',(0.,-1.,0.));
#1716=DIRECTION('',(-1.,0.,0.));
#1717=AXIS2_PLACEMENT_3D('',#1714,#1715,#1716);
#1718=PLANE('',#1717);
#1719=CARTESIAN_POINT('',(-451.713733375,6.478668284,4.352763072));
#1720=DIRECTION('',(0.,-1.,0.));
#1721=DIRECTION('',(0.,0.,-1.));
#1722=AXIS2_PLACEMENT_3D('',#1719,#1720,#1721);
#1723=CIRCLE('',#1722,37.25);
#1724=EDGE_CURVE('',#1689,#1534,#1723,.T.);
#1725=ORIENTED_EDGE('',*,*,#1724,.F.);
#1726=ORIENTED_EDGE('',*,*,#1709,.F.);
#1727=ORIENTED_EDGE('',*,*,#1612,.F.);
#1728=ORIENTED_EDGE('',*,*,#1668,.T.);
#1729=CARTESIAN_POINT('',(-451.713733375,6.478668284,4.352763072));
#1730=DIRECTION('',(0.,-1.,0.));
#1731=DIRECTION('',(0.,0.,-1.));
#1732=AXIS2_PLACEMENT_3D('',#1729,#1730,#1731);
#1733=CIRCLE('',#1732,36.25);
#1734=EDGE_CURVE('',#1656,#1542,#1733,.T.);
#1735=ORIENTED_EDGE('',*,*,#1734,.T.);
#1736=ORIENTED_EDGE('',*,*,#1547,.F.);
#1737=EDGE_LOOP('',(#1725,#1726,#1727,#1728,#1735,#1736));
#1738=FACE_BOUND('',#1737,.T.);
#1739=ADVANCED_FACE('',(#1738),#1718,.F.);
#1740=CARTESIAN_POINT('',(-451.713733375,7.771579464,4.352763072));
#1741=DIRECTION('',(0.,1.,0.));
#1742=DIRECTION('',(0.,-0.,1.));
#1743=AXIS2_PLACEMENT_3D('',#1740,#1741,#1742);
#1744=TOROIDAL_SURFACE('',#1743,35.542893219,0.707106781);
#1745=CARTESIAN_POINT('',(-451.713733375,7.771579464,39.895656291));
#1746=DIRECTION('',(1.,-0.,-0.));
#1747=DIRECTION('',(0.,0.,1.));
#1748=AXIS2_PLACEMENT_3D('',#1745,#1746,#1747);
#1749=CIRCLE('',#1748,0.707106781);
#1750=EDGE_CURVE('',#1443,#1654,#1749,.T.);
#1751=ORIENTED_EDGE('',*,*,#1750,.T.);
#1752=ORIENTED_EDGE('',*,*,#1676,.F.);
#1753=ORIENTED_EDGE('',*,*,#1596,.F.);
#1754=ORIENTED_EDGE('',*,*,#1456,.F.);
#1755=EDGE_LOOP('',(#1751,#1752,#1753,#1754));
#1756=FACE_BOUND('',#1755,.T.);
#1757=ADVANCED_FACE('',(#1756),#1744,.T.);
#1758=CARTESIAN_POINT('',(-451.713733375,7.771579464,4.352763072));
#1759=DIRECTION('',(0.,1.,0.));
#1760=DIRECTION('',(0.,-0.,1.));
#1761=AXIS2_PLACEMENT_3D('',#1758,#1759,#1760);
#1762=TOROIDAL_SURFACE('',#1761,37.957106781,0.707106781);
#1763=CARTESIAN_POINT('',(-451.713733375,7.771579464,42.309869853));
#1764=DIRECTION('',(1.,-0.,-0.));
#1765=DIRECTION('',(0.,0.,1.));
#1766=AXIS2_PLACEMENT_3D('',#1763,#1764,#1765);
#1767=CIRCLE('',#1766,0.707106781);
#1768=EDGE_CURVE('',#1687,#1313,#1767,.T.);
#1769=ORIENTED_EDGE('',*,*,#1768,.T.);
#1770=ORIENTED_EDGE('',*,*,#1319,.F.);
#1771=ORIENTED_EDGE('',*,*,#1639,.F.);
#1772=ORIENTED_EDGE('',*,*,#1701,.F.);
#1773=EDGE_LOOP('',(#1769,#1770,#1771,#1772));
#1774=FACE_BOUND('',#1773,.T.);
#1775=ADVANCED_FACE('',(#1774),#1762,.T.);
#1776=CARTESIAN_POINT('',(-451.713733375,-115.521331716,4.352763072));
#1777=DIRECTION('',(0.,1.,0.));
#1778=DIRECTION('',(0.,-0.,1.));
#1779=AXIS2_PLACEMENT_3D('',#1776,#1777,#1778);
#1780=CYLINDRICAL_SURFACE('',#1779,40.25);
#1781=ORIENTED_EDGE('',*,*,#1361,.T.);
#1782=ORIENTED_EDGE('',*,*,#1500,.T.);
#1783=ORIENTED_EDGE('',*,*,#1277,.T.);
#1784=ORIENTED_EDGE('',*,*,#1472,.F.);
#1785=EDGE_LOOP('',(#1781,#1782,#1783,#1784));
#1786=FACE_BOUND('',#1785,.T.);
#1787=ADVANCED_FACE('',(#1786),#1780,.T.);
#1788=CARTESIAN_POINT('',(-451.713733375,-115.521331716,4.352763072));
#1789=DIRECTION('',(0.,1.,0.));
#1790=DIRECTION('',(0.,-0.,1.));
#1791=AXIS2_PLACEMENT_3D('',#1788,#1789,#1790);
#1792=CYLINDRICAL_SURFACE('',#1791,40.25);
#1793=ORIENTED_EDGE('',*,*,#1414,.T.);
#1794=ORIENTED_EDGE('',*,*,#1294,.T.);
#1795=ORIENTED_EDGE('',*,*,#1493,.T.);
#1796=ORIENTED_EDGE('',*,*,#1394,.T.);
#1797=EDGE_LOOP('',(#1793,#1794,#1795,#1796));
#1798=FACE_BOUND('',#1797,.T.);
#1799=ADVANCED_FACE('',(#1798),#1792,.T.);
#1800=CARTESIAN_POINT('',(-451.713733375,6.478668284,4.352763072));
#1801=DIRECTION('',(0.,1.,0.));
#1802=DIRECTION('',(0.,-0.,1.));
#1803=AXIS2_PLACEMENT_3D('',#1800,#1801,#1802);
#1804=CYLINDRICAL_SURFACE('',#1803,36.25);
#1805=ORIENTED_EDGE('',*,*,#1661,.F.);
#1806=CARTESIAN_POINT('',(-451.713733375,7.771579464,4.352763072));
#1807=DIRECTION('',(-0.,-1.,-0.));
#1808=DIRECTION('',(0.,-0.,1.));
#1809=AXIS2_PLACEMENT_3D('',#1806,#1807,#1808);
#1810=CIRCLE('',#1809,36.25);
#1811=EDGE_CURVE('',#1654,#1550,#1810,.T.);
#1812=ORIENTED_EDGE('',*,*,#1811,.T.);
#1813=ORIENTED_EDGE('',*,*,#1555,.F.);
#1814=ORIENTED_EDGE('',*,*,#1734,.F.);
#1815=EDGE_LOOP('',(#1805,#1812,#1813,#1814));
#1816=FACE_BOUND('',#1815,.T.);
#1817=ADVANCED_FACE('',(#1816),#1804,.T.);
#1818=CARTESIAN_POINT('',(-451.713733375,6.478668284,4.352763072));
#1819=DIRECTION('',(0.,1.,0.));
#1820=DIRECTION('',(0.,-0.,1.));
#1821=AXIS2_PLACEMENT_3D('',#1818,#1819,#1820);
#1822=CYLINDRICAL_SURFACE('',#1821,37.25);
#1823=ORIENTED_EDGE('',*,*,#1694,.T.);
#1824=ORIENTED_EDGE('',*,*,#1724,.T.);
#1825=ORIENTED_EDGE('',*,*,#1539,.T.);
#1826=CARTESIAN_POINT('',(-451.713733375,7.771579464,4.352763072));
#1827=DIRECTION('',(0.,1.,0.));
#1828=DIRECTION('',(0.,-0.,1.));
#1829=AXIS2_PLACEMENT_3D('',#1826,#1827,#1828);
#1830=CIRCLE('',#1829,37.25);
#1831=EDGE_CURVE('',#1513,#1687,#1830,.T.);
#1832=ORIENTED_EDGE('',*,*,#1831,.T.);
#1833=EDGE_LOOP('',(#1823,#1824,#1825,#1832));
#1834=FACE_BOUND('',#1833,.T.);
#1835=ADVANCED_FACE('',(#1834),#1822,.F.);
#1836=CARTESIAN_POINT('',(-451.713733375,7.771579464,4.352763072));
#1837=DIRECTION('',(0.,1.,0.));
#1838=DIRECTION('',(0.,-0.,1.));
#1839=AXIS2_PLACEMENT_3D('',#1836,#1837,#1838);
#1840=TOROIDAL_SURFACE('',#1839,35.542893219,0.707106781);
#1841=ORIENTED_EDGE('',*,*,#1750,.F.);
#1842=ORIENTED_EDGE('',*,*,#1449,.F.);
#1843=ORIENTED_EDGE('',*,*,#1574,.F.);
#1844=ORIENTED_EDGE('',*,*,#1811,.F.);
#1845=EDGE_LOOP('',(#1841,#1842,#1843,#1844));
#1846=FACE_BOUND('',#1845,.T.);
#1847=ADVANCED_FACE('',(#1846),#1840,.T.);
#1848=CARTESIAN_POINT('',(-451.713733375,7.771579464,4.352763072));
#1849=DIRECTION('',(0.,1.,0.));
#1850=DIRECTION('',(0.,-0.,1.));
#1851=AXIS2_PLACEMENT_3D('',#1848,#1849,#1850);
#1852=TOROIDAL_SURFACE('',#1851,37.957106781,0.707106781);
#1853=ORIENTED_EDGE('',*,*,#1768,.F.);
#1854=ORIENTED_EDGE('',*,*,#1831,.F.);
#1855=ORIENTED_EDGE('',*,*,#1531,.F.);
#1856=ORIENTED_EDGE('',*,*,#1328,.F.);
#1857=EDGE_LOOP('',(#1853,#1854,#1855,#1856));
#1858=FACE_BOUND('',#1857,.T.);
#1859=ADVANCED_FACE('',(#1858),#1852,.T.);
#1860=CLOSED_SHELL('',(#1346,#1404,#1426,#1460,#1483,#1505,#1647,#1680,#1713,#1739,#1757,#1775,#1787,#1799,#1817,#1835,#1847,#1859));
#1861=MANIFOLD_SOLID_BREP('Body 120 (6)',#1860);
#1262=STYLED_ITEM('',(#294),#1861);
#1863=CARTESIAN_POINT('',(-431.713864899,128.478686245,48.000018128));
#1864=DIRECTION('',(0.,-1.,0.));
#1865=DIRECTION('',(-1.,0.,0.));
#1866=AXIS2_PLACEMENT_3D('',#1863,#1864,#1865);
#1867=PLANE('',#1866);
#1868=CARTESIAN_POINT('',(-491.713856421,128.478686245,8.830782311));
#1869=VERTEX_POINT('',#1868);
#1870=CARTESIAN_POINT('',(-462.958829045,128.478686245,43.000018128));
#1871=VERTEX_POINT('',#1870);
#1872=CARTESIAN_POINT('',(-451.713733375,128.478686245,4.352763072));
#1873=DIRECTION('',(-0.,1.,-0.));
#1874=DIRECTION('',(0.,0.,-1.));
#1875=AXIS2_PLACEMENT_3D('',#1872,#1873,#1874);
#1876=CIRCLE('',#1875,40.25);
#1877=EDGE_CURVE('',#1869,#1871,#1876,.T.);
#1878=ORIENTED_EDGE('',*,*,#1877,.F.);
#1879=CARTESIAN_POINT('',(-491.713856421,128.478686245,3.000018128));
#1880=VERTEX_POINT('',#1879);
#1881=CARTESIAN_POINT('',(-491.713856421,128.478686245,8.830782311));
#1882=DIRECTION('',(0.,0.,-1.));
#1883=VECTOR('',#1882,5.830764183);
#1884=LINE('',#1881,#1883);
#1885=EDGE_CURVE('',#1869,#1880,#1884,.T.);
#1886=ORIENTED_EDGE('',*,*,#1885,.T.);
#1887=CARTESIAN_POINT('',(-489.646727408,128.478686245,3.000018128));
#1888=VERTEX_POINT('',#1887);
#1889=CARTESIAN_POINT('',(-489.646727408,128.478686245,3.000018128));
#1890=DIRECTION('',(-1.,-0.,0.));
#1891=VECTOR('',#1890,2.067129013);
#1892=LINE('',#1889,#1891);
#1893=EDGE_CURVE('',#1888,#1880,#1892,.T.);
#1894=ORIENTED_EDGE('',*,*,#1893,.F.);
#1895=CARTESIAN_POINT('',(-413.780739342,128.478686245,3.000018128));
#1896=VERTEX_POINT('',#1895);
#1897=CARTESIAN_POINT('',(-451.713733375,128.478686245,4.352763072));
#1898=DIRECTION('',(-0.,1.,-0.));
#1899=DIRECTION('',(0.,0.,-1.));
#1900=AXIS2_PLACEMENT_3D('',#1897,#1898,#1899);
#1901=CIRCLE('',#1900,37.957106781);
#1902=EDGE_CURVE('',#1888,#1896,#1901,.T.);
#1903=ORIENTED_EDGE('',*,*,#1902,.T.);
#1904=CARTESIAN_POINT('',(-411.713855751,128.478686245,3.000018128));
#1905=VERTEX_POINT('',#1904);
#1906=CARTESIAN_POINT('',(-411.713855751,128.478686245,3.000018128));
#1907=DIRECTION('',(-1.,-0.,0.));
#1908=VECTOR('',#1907,2.066883591);
#1909=LINE('',#1906,#1908);
#1910=EDGE_CURVE('',#1905,#1896,#1909,.T.);
#1911=ORIENTED_EDGE('',*,*,#1910,.F.);
#1912=CARTESIAN_POINT('',(-411.713855751,128.478686245,8.832974012));
#1913=VERTEX_POINT('',#1912);
#1914=CARTESIAN_POINT('',(-411.713855751,128.478686245,8.832974012));
#1915=DIRECTION('',(0.,0.,-1.));
#1916=VECTOR('',#1915,5.832955884);
#1917=LINE('',#1914,#1916);
#1918=EDGE_CURVE('',#1913,#1905,#1917,.T.);
#1919=ORIENTED_EDGE('',*,*,#1918,.F.);
#1920=CARTESIAN_POINT('',(-440.468637705,128.478686245,43.000018128));
#1921=VERTEX_POINT('',#1920);
#1922=CARTESIAN_POINT('',(-451.713733375,128.478686245,4.352763072));
#1923=DIRECTION('',(-0.,1.,-0.));
#1924=DIRECTION('',(0.,0.,-1.));
#1925=AXIS2_PLACEMENT_3D('',#1922,#1923,#1924);
#1926=CIRCLE('',#1925,40.25);
#1927=EDGE_CURVE('',#1921,#1913,#1926,.T.);
#1928=ORIENTED_EDGE('',*,*,#1927,.F.);
#1929=CARTESIAN_POINT('',(-440.468637705,128.478686245,43.000018128));
#1930=DIRECTION('',(-1.,0.,0.));
#1931=VECTOR('',#1930,22.490191341);
#1932=LINE('',#1929,#1931);
#1933=EDGE_CURVE('',#1921,#1871,#1932,.T.);
#1934=ORIENTED_EDGE('',*,*,#1933,.T.);
#1935=EDGE_LOOP('',(#1878,#1886,#1894,#1903,#1911,#1919,#1928,#1934));
#1936=FACE_BOUND('',#1935,.T.);
#1937=ADVANCED_FACE('',(#1936),#1867,.T.);
#1938=CARTESIAN_POINT('',(-429.212940971,136.478686245,48.000018128));
#1939=DIRECTION('',(0.,1.,0.));
#1940=DIRECTION('',(1.,0.,0.));
#1941=AXIS2_PLACEMENT_3D('',#1938,#1939,#1940);
#1942=PLANE('',#1941);
#1943=CARTESIAN_POINT('',(-462.958829045,136.478686245,43.000018128));
#1944=VERTEX_POINT('',#1943);
#1945=CARTESIAN_POINT('',(-491.712392773,136.478686245,8.84383715));
#1946=VERTEX_POINT('',#1945);
#1947=CARTESIAN_POINT('',(-451.713733375,136.478686245,4.352763072));
#1948=DIRECTION('',(-0.,-1.,-0.));
#1949=DIRECTION('',(0.,-0.,1.));
#1950=AXIS2_PLACEMENT_3D('',#1947,#1948,#1949);
#1951=CIRCLE('',#1950,40.25);
#1952=EDGE_CURVE('',#1944,#1946,#1951,.T.);
#1953=ORIENTED_EDGE('',*,*,#1952,.F.);
#1954=CARTESIAN_POINT('',(-440.468637705,136.478686245,43.000018128));
#1955=VERTEX_POINT('',#1954);
#1956=CARTESIAN_POINT('',(-462.958829045,136.478686245,43.000018128));
#1957=DIRECTION('',(1.,0.,-0.));
#1958=VECTOR('',#1957,22.490191341);
#1959=LINE('',#1956,#1958);
#1960=EDGE_CURVE('',#1944,#1955,#1959,.T.);
#1961=ORIENTED_EDGE('',*,*,#1960,.T.);
#1962=CARTESIAN_POINT('',(-411.713855751,136.478686245,8.832974012));
#1963=VERTEX_POINT('',#1962);
#1964=CARTESIAN_POINT('',(-451.713733375,136.478686245,4.352763072));
#1965=DIRECTION('',(-0.,-1.,-0.));
#1966=DIRECTION('',(0.,-0.,1.));
#1967=AXIS2_PLACEMENT_3D('',#1964,#1965,#1966);
#1968=CIRCLE('',#1967,40.25);
#1969=EDGE_CURVE('',#1963,#1955,#1968,.T.);
#1970=ORIENTED_EDGE('',*,*,#1969,.F.);
#1971=CARTESIAN_POINT('',(-411.713855751,136.478686245,3.000018128));
#1972=VERTEX_POINT('',#1971);
#1973=CARTESIAN_POINT('',(-411.713855751,136.478686245,8.832974012));
#1974=DIRECTION('',(0.,0.,-1.));
#1975=VECTOR('',#1974,5.832955884);
#1976=LINE('',#1973,#1975);
#1977=EDGE_CURVE('',#1963,#1972,#1976,.T.);
#1978=ORIENTED_EDGE('',*,*,#1977,.T.);
#1979=CARTESIAN_POINT('',(-491.712392773,136.478686245,3.000018128));
#1980=VERTEX_POINT('',#1979);
#1981=CARTESIAN_POINT('',(-491.712392773,136.478686245,3.000018128));
#1982=DIRECTION('',(1.,0.,-0.));
#1983=VECTOR('',#1982,79.998537022);
#1984=LINE('',#1981,#1983);
#1985=EDGE_CURVE('',#1980,#1972,#1984,.T.);
#1986=ORIENTED_EDGE('',*,*,#1985,.F.);
#1987=CARTESIAN_POINT('',(-491.712392773,136.478686245,8.84383715));
#1988=DIRECTION('',(0.,0.,-1.));
#1989=VECTOR('',#1988,5.843819022);
#1990=LINE('',#1987,#1989);
#1991=EDGE_CURVE('',#1946,#1980,#1990,.T.);
#1992=ORIENTED_EDGE('',*,*,#1991,.F.);
#1993=EDGE_LOOP('',(#1953,#1961,#1970,#1978,#1986,#1992));
#1994=FACE_BOUND('',#1993,.T.);
#1995=ADVANCED_FACE('',(#1994),#1942,.T.);
#1996=CARTESIAN_POINT('',(-431.713864899,128.478686245,48.000018128));
#1997=DIRECTION('',(0.,-1.,0.));
#1998=DIRECTION('',(-1.,0.,0.));
#1999=AXIS2_PLACEMENT_3D('',#1996,#1997,#1998);
#2000=PLANE('',#1999);
#2001=CARTESIAN_POINT('',(-416.196591887,128.478686245,3.000018128));
#2002=VERTEX_POINT('',#2001);
#2003=CARTESIAN_POINT('',(-487.230874863,128.478686245,3.000018128));
#2004=VERTEX_POINT('',#2003);
#2005=CARTESIAN_POINT('',(-416.196591887,128.478686245,3.000018128));
#2006=DIRECTION('',(-1.,-0.,0.));
#2007=VECTOR('',#2006,71.034282976);
#2008=LINE('',#2005,#2007);
#2009=EDGE_CURVE('',#2002,#2004,#2008,.T.);
#2010=ORIENTED_EDGE('',*,*,#2009,.F.);
#2011=CARTESIAN_POINT('',(-451.713733375,128.478686245,4.352763072));
#2012=DIRECTION('',(0.,-1.,0.));
#2013=DIRECTION('',(0.,0.,-1.));
#2014=AXIS2_PLACEMENT_3D('',#2011,#2012,#2013);
#2015=CIRCLE('',#2014,35.542893219);
#2016=EDGE_CURVE('',#2002,#2004,#2015,.T.);
#2017=ORIENTED_EDGE('',*,*,#2016,.T.);
#2018=EDGE_LOOP('',(#2010,#2017));
#2019=FACE_BOUND('',#2018,.T.);
#2020=ADVANCED_FACE('',(#2019),#2000,.T.);
#2021=CARTESIAN_POINT('',(-411.713855751,133.478686245,48.000018128));
#2022=DIRECTION('',(1.,0.,0.));
#2023=DIRECTION('',(0.,-1.,0.));
#2024=AXIS2_PLACEMENT_3D('',#2021,#2022,#2023);
#2025=PLANE('',#2024);
#2026=CARTESIAN_POINT('',(-411.713855751,128.478686245,8.832974012));
#2027=DIRECTION('',(0.,1.,0.));
#2028=VECTOR('',#2027,8.);
#2029=LINE('',#2026,#2028);
#2030=EDGE_CURVE('',#1913,#1963,#2029,.T.);
#2031=ORIENTED_EDGE('',*,*,#2030,.F.);
#2032=ORIENTED_EDGE('',*,*,#1918,.T.);
#2033=CARTESIAN_POINT('',(-411.713855751,136.478686245,3.000018128));
#2034=DIRECTION('',(0.,-1.,0.));
#2035=VECTOR('',#2034,8.);
#2036=LINE('',#2033,#2035);
#2037=EDGE_CURVE('',#1972,#1905,#2036,.T.);
#2038=ORIENTED_EDGE('',*,*,#2037,.F.);
#2039=ORIENTED_EDGE('',*,*,#1977,.F.);
#2040=EDGE_LOOP('',(#2031,#2032,#2038,#2039));
#2041=FACE_BOUND('',#2040,.T.);
#2042=ADVANCED_FACE('',(#2041),#2025,.T.);
#2043=CARTESIAN_POINT('',(-491.712940302,133.486004486,48.000018128));
#2044=DIRECTION('',(0.999999983,-0.000182956,0.));
#2045=DIRECTION('',(-0.000182956,-0.999999983,0.));
#2046=AXIS2_PLACEMENT_3D('',#2043,#2044,#2045);
#2047=PLANE('',#2046);
#2048=ORIENTED_EDGE('',*,*,#1885,.F.);
#2049=CARTESIAN_POINT('',(-491.713856421,128.478686245,8.830782312));
#2050=CARTESIAN_POINT('',(-491.713368538,131.145352902,8.835140347));
#2051=CARTESIAN_POINT('',(-491.712880656,133.812019568,8.839491941));
#2052=CARTESIAN_POINT('',(-491.712392773,136.478686245,8.84383715));
#2053=B_SPLINE_CURVE_WITH_KNOTS('',3,(#2049,#2050,#2051,#2052),.UNSPECIFIED.,.F.,.F.,(4,4),(0.0000002,0.008000211),.UNSPECIFIED.);
#2054=EDGE_CURVE('',#1869,#1946,#2053,.T.);
#2055=ORIENTED_EDGE('',*,*,#2054,.T.);
#2056=ORIENTED_EDGE('',*,*,#1991,.T.);
#2057=CARTESIAN_POINT('',(-491.712392773,136.478686245,3.000018128));
#2058=DIRECTION('',(-0.000182956,-0.999999983,0.));
#2059=VECTOR('',#2058,8.000000134);
#2060=LINE('',#2057,#2059);
#2061=EDGE_CURVE('',#1980,#1880,#2060,.T.);
#2062=ORIENTED_EDGE('',*,*,#2061,.T.);
#2063=EDGE_LOOP('',(#2048,#2055,#2056,#2062));
#2064=FACE_BOUND('',#2063,.T.);
#2065=ADVANCED_FACE('',(#2064),#2047,.F.);
#2066=CARTESIAN_POINT('',(-1011.713874047,1878.478686245,43.000018128));
#2067=DIRECTION('',(0.,0.,1.));
#2068=DIRECTION('',(0.,-1.,0.));
#2069=AXIS2_PLACEMENT_3D('',#2066,#2067,#2068);
#2070=PLANE('',#2069);
#2071=CARTESIAN_POINT('',(-440.468637705,136.478686245,43.000018128));
#2072=DIRECTION('',(-0.,-1.,-0.));
#2073=VECTOR('',#2072,8.);
#2074=LINE('',#2071,#2073);
#2075=EDGE_CURVE('',#1955,#1921,#2074,.T.);
#2076=ORIENTED_EDGE('',*,*,#2075,.F.);
#2077=ORIENTED_EDGE('',*,*,#1960,.F.);
#2078=CARTESIAN_POINT('',(-462.958829045,128.478686245,43.000018128));
#2079=DIRECTION('',(0.,1.,0.));
#2080=VECTOR('',#2079,8.);
#2081=LINE('',#2078,#2080);
#2082=EDGE_CURVE('',#1871,#1944,#2081,.T.);
#2083=ORIENTED_EDGE('',*,*,#2082,.F.);
#2084=ORIENTED_EDGE('',*,*,#1933,.F.);
#2085=EDGE_LOOP('',(#2076,#2077,#2083,#2084));
#2086=FACE_BOUND('',#2085,.T.);
#2087=ADVANCED_FACE('',(#2086),#2070,.T.);
#2088=CARTESIAN_POINT('',(-1011.713874047,1878.478686245,3.000018128));
#2089=DIRECTION('',(0.,0.,1.));
#2090=DIRECTION('',(0.,-1.,0.));
#2091=AXIS2_PLACEMENT_3D('',#2088,#2089,#2090);
#2092=PLANE('',#2091);
#2093=ORIENTED_EDGE('',*,*,#1910,.T.);
#2094=CARTESIAN_POINT('',(-414.488304148,129.185793027,3.000018128));
#2095=VERTEX_POINT('',#2094);
#2096=CARTESIAN_POINT('',(-413.780739342,128.478686245,3.000018128));
#2097=CARTESIAN_POINT('',(-413.874145658,128.478686245,3.000018128));
#2098=CARTESIAN_POINT('',(-413.965797308,128.49704264,3.000018128));
#2099=CARTESIAN_POINT('',(-414.051433468,128.532479605,3.000018128));
#2100=CARTESIAN_POINT('',(-414.094251548,128.550198088,3.000018128));
#2101=CARTESIAN_POINT('',(-414.134870666,128.571884411,3.000018128));
#2102=CARTESIAN_POINT('',(-414.173310704,128.597502697,3.000018128));
#2103=CARTESIAN_POINT('',(-414.211750742,128.623120984,3.000018128));
#2104=CARTESIAN_POINT('',(-414.248162886,128.652949842,3.000018128));
#2105=CARTESIAN_POINT('',(-414.280802322,128.68553423,3.000018128));
#2106=CARTESIAN_POINT('',(-414.346081195,128.750703005,3.000018128));
#2107=CARTESIAN_POINT('',(-414.398829353,128.829513247,3.000018128));
#2108=CARTESIAN_POINT('',(-414.434172212,128.914541689,3.000018128));
#2109=CARTESIAN_POINT('',(-414.46951507,128.999570131,3.000018128));
#2110=CARTESIAN_POINT('',(-414.488304148,129.092385016,3.000018128));
#2111=CARTESIAN_POINT('',(-414.488304148,129.185793027,3.000018128));
#2112=B_SPLINE_CURVE_WITH_KNOTS('',3,(#2096,#2097,#2098,#2099,#2100,#2101,#2102,#2103,#2104,#2105,#2106,#2107,#2108,#2109,#2110,#2111),.UNSPECIFIED.,.F.,.F.,(4,3,3,3,3,4),(0.,0.000276243,0.000414364,0.000552485,0.000828728,0.00110497),.UNSPECIFIED.);
#2113=EDGE_CURVE('',#1896,#2095,#2112,.T.);
#2114=ORIENTED_EDGE('',*,*,#2113,.T.);
#2115=CARTESIAN_POINT('',(-414.488304148,129.478668284,3.000018128));
#2116=VERTEX_POINT('',#2115);
#2117=CARTESIAN_POINT('',(-414.488304148,129.478668284,3.000018128));
#2118=DIRECTION('',(0.,-1.,0.));
#2119=VECTOR('',#2118,0.292875258);
#2120=LINE('',#2117,#2119);
#2121=EDGE_CURVE('',#2116,#2095,#2120,.T.);
#2122=ORIENTED_EDGE('',*,*,#2121,.F.);
#2123=CARTESIAN_POINT('',(-415.488982429,129.478668284,3.000018128));
#2124=VERTEX_POINT('',#2123);
#2125=CARTESIAN_POINT('',(-414.488304148,129.478668284,3.000018128));
#2126=DIRECTION('',(-1.,0.,0.));
#2127=VECTOR('',#2126,1.000678281);
#2128=LINE('',#2125,#2127);
#2129=EDGE_CURVE('',#2116,#2124,#2128,.T.);
#2130=ORIENTED_EDGE('',*,*,#2129,.T.);
#2131=CARTESIAN_POINT('',(-415.488982429,129.185793027,3.000018128));
#2132=VERTEX_POINT('',#2131);
#2133=CARTESIAN_POINT('',(-415.488982429,129.478668284,3.000018128));
#2134=DIRECTION('',(0.,-1.,0.));
#2135=VECTOR('',#2134,0.292875258);
#2136=LINE('',#2133,#2135);
#2137=EDGE_CURVE('',#2124,#2132,#2136,.T.);
#2138=ORIENTED_EDGE('',*,*,#2137,.T.);
#2139=CARTESIAN_POINT('',(-415.488982429,129.185793027,3.000018128));
#2140=CARTESIAN_POINT('',(-415.488982429,129.092382923,3.000018128));
#2141=CARTESIAN_POINT('',(-415.507381276,129.000723437,3.000018128));
#2142=CARTESIAN_POINT('',(-415.542878258,128.91511548,3.000018128));
#2143=CARTESIAN_POINT('',(-415.560626748,128.872311501,3.000018128));
#2144=CARTESIAN_POINT('',(-415.582348079,128.831709196,3.000018128));
#2145=CARTESIAN_POINT('',(-415.608005702,128.79328831,3.000018128));
#2146=CARTESIAN_POINT('',(-415.633663326,128.754867425,3.000018128));
#2147=CARTESIAN_POINT('',(-415.663528691,128.718487275,3.000018128));
#2148=CARTESIAN_POINT('',(-415.696145611,128.685881765,3.000018128));
#2149=CARTESIAN_POINT('',(-415.761379451,128.620670745,3.000018128));
#2150=CARTESIAN_POINT('',(-415.840246775,128.567998832,3.000018128));
#2151=CARTESIAN_POINT('',(-415.925304264,128.532716595,3.000018128));
#2152=CARTESIAN_POINT('',(-416.010361753,128.497434357,3.000018128));
#2153=CARTESIAN_POINT('',(-416.103183656,128.478686245,3.000018128));
#2154=CARTESIAN_POINT('',(-416.196591887,128.478686245,3.000018128));
#2155=B_SPLINE_CURVE_WITH_KNOTS('',3,(#2139,#2140,#2141,#2142,#2143,#2144,#2145,#2146,#2147,#2148,#2149,#2150,#2151,#2152,#2153,#2154),.UNSPECIFIED.,.F.,.F.,(4,3,3,3,3,4),(0.,0.000276252,0.000414378,0.000552504,0.000828755,0.001105007),.UNSPECIFIED.);
#2156=EDGE_CURVE('',#2132,#2002,#2155,.T.);
#2157=ORIENTED_EDGE('',*,*,#2156,.T.);
#2158=ORIENTED_EDGE('',*,*,#2009,.T.);
#2159=CARTESIAN_POINT('',(-487.938484321,129.185793027,3.000018128));
#2160=VERTEX_POINT('',#2159);
#2161=CARTESIAN_POINT('',(-487.230874863,128.478686245,3.000018128));
#2162=CARTESIAN_POINT('',(-487.324284233,128.478686245,3.000018128));
#2163=CARTESIAN_POINT('',(-487.415938874,128.497040373,3.000018128));
#2164=CARTESIAN_POINT('',(-487.501579638,128.532475131,3.000018128));
#2165=CARTESIAN_POINT('',(-487.544400019,128.55019251,3.000018128));
#2166=CARTESIAN_POINT('',(-487.585021461,128.571877683,3.000018128));
#2167=CARTESIAN_POINT('',(-487.623463801,128.59749485,3.000018128));
#2168=CARTESIAN_POINT('',(-487.661906142,128.623112018,3.000018128));
#2169=CARTESIAN_POINT('',(-487.698321131,128.652940194,3.000018128));
#2170=CARTESIAN_POINT('',(-487.730963263,128.68552427,3.000018128));
#2171=CARTESIAN_POINT('',(-487.796247526,128.750692421,3.000018128));
#2172=CARTESIAN_POINT('',(-487.84900052,128.829503135,3.000018128));
#2173=CARTESIAN_POINT('',(-487.884346881,128.914533519,3.000018128));
#2174=CARTESIAN_POINT('',(-487.919693243,128.999563904,3.000018128));
#2175=CARTESIAN_POINT('',(-487.938484321,129.092381768,3.000018128));
#2176=CARTESIAN_POINT('',(-487.938484321,129.185793027,3.000018128));
#2177=B_SPLINE_CURVE_WITH_KNOTS('',3,(#2161,#2162,#2163,#2164,#2165,#2166,#2167,#2168,#2169,#2170,#2171,#2172,#2173,#2174,#2175,#2176),.UNSPECIFIED.,.F.,.F.,(4,3,3,3,3,4),(0.,0.000276252,0.000414378,0.000552504,0.000828756,0.001105008),.UNSPECIFIED.);
#2178=EDGE_CURVE('',#2004,#2160,#2177,.T.);
#2179=ORIENTED_EDGE('',*,*,#2178,.T.);
#2180=CARTESIAN_POINT('',(-487.938484321,129.478668284,3.000018128));
#2181=VERTEX_POINT('',#2180);
#2182=CARTESIAN_POINT('',(-487.938484321,129.185793027,3.000018128));
#2183=DIRECTION('',(-0.,1.,-0.));
#2184=VECTOR('',#2183,0.292875258);
#2185=LINE('',#2182,#2184);
#2186=EDGE_CURVE('',#2160,#2181,#2185,.T.);
#2187=ORIENTED_EDGE('',*,*,#2186,.T.);
#2188=CARTESIAN_POINT('',(-488.939162602,129.478668284,3.000018128));
#2189=VERTEX_POINT('',#2188);
#2190=CARTESIAN_POINT('',(-487.938484321,129.478668284,3.000018128));
#2191=DIRECTION('',(-1.,0.,0.));
#2192=VECTOR('',#2191,1.000678281);
#2193=LINE('',#2190,#2192);
#2194=EDGE_CURVE('',#2181,#2189,#2193,.T.);
#2195=ORIENTED_EDGE('',*,*,#2194,.T.);
#2196=CARTESIAN_POINT('',(-488.939162602,129.185793027,3.000018128));
#2197=VERTEX_POINT('',#2196);
#2198=CARTESIAN_POINT('',(-488.939162602,129.185793027,3.000018128));
#2199=DIRECTION('',(-0.,1.,-0.));
#2200=VECTOR('',#2199,0.292875258);
#2201=LINE('',#2198,#2200);
#2202=EDGE_CURVE('',#2197,#2189,#2201,.T.);
#2203=ORIENTED_EDGE('',*,*,#2202,.F.);
#2204=CARTESIAN_POINT('',(-488.939162602,129.185793027,3.000018128));
#2205=CARTESIAN_POINT('',(-488.939162602,129.092386068,3.000018128));
#2206=CARTESIAN_POINT('',(-488.957559375,129.000729898,3.000018128));
#2207=CARTESIAN_POINT('',(-488.99305296,128.915123615,3.000018128));
#2208=CARTESIAN_POINT('',(-489.010799752,128.872320474,3.000018128));
#2209=CARTESIAN_POINT('',(-489.032519034,128.831718814,3.000018128));
#2210=CARTESIAN_POINT('',(-489.058174239,128.79329837,3.000018128));
#2211=CARTESIAN_POINT('',(-489.083829444,128.754877926,3.000018128));
#2212=CARTESIAN_POINT('',(-489.113692284,128.718497605,3.000018128));
#2213=CARTESIAN_POINT('',(-489.146306691,128.685891618,3.000018128));
#2214=CARTESIAN_POINT('',(-489.211535507,128.620679644,3.000018128));
#2215=CARTESIAN_POINT('',(-489.290397431,128.568005552,3.000018128));
#2216=CARTESIAN_POINT('',(-489.375450549,128.532721049,3.000018128));
#2217=CARTESIAN_POINT('',(-489.460503667,128.497436546,3.000018128));
#2218=CARTESIAN_POINT('',(-489.553322152,128.478686245,3.000018128));
#2219=CARTESIAN_POINT('',(-489.646727408,128.478686245,3.000018128));
#2220=B_SPLINE_CURVE_WITH_KNOTS('',3,(#2204,#2205,#2206,#2207,#2208,#2209,#2210,#2211,#2212,#2213,#2214,#2215,#2216,#2217,#2218,#2219),.UNSPECIFIED.,.F.,.F.,(4,3,3,3,3,4),(0.,0.000276242,0.000414364,0.000552485,0.000828727,0.00110497),.UNSPECIFIED.);
#2221=EDGE_CURVE('',#2197,#1888,#2220,.T.);
#2222=ORIENTED_EDGE('',*,*,#2221,.T.);
#2223=ORIENTED_EDGE('',*,*,#1893,.T.);
#2224=ORIENTED_EDGE('',*,*,#2061,.F.);
#2225=ORIENTED_EDGE('',*,*,#1985,.T.);
#2226=ORIENTED_EDGE('',*,*,#2037,.T.);
#2227=EDGE_LOOP('',(#2093,#2114,#2122,#2130,#2138,#2157,#2158,#2179,#2187,#2195,#2203,#2222,#2223,#2224,#2225,#2226));
#2228=FACE_BOUND('',#2227,.T.);
#2229=ADVANCED_FACE('',(#2228),#2092,.F.);
#2230=CARTESIAN_POINT('',(-451.713733375,129.478668284,4.352763072));
#2231=DIRECTION('',(0.,-1.,0.));
#2232=DIRECTION('',(0.,0.,-1.));
#2233=AXIS2_PLACEMENT_3D('',#2230,#2231,#2232);
#2234=CYLINDRICAL_SURFACE('',#2233,36.25);
#2235=ORIENTED_EDGE('',*,*,#2186,.F.);
#2236=CARTESIAN_POINT('',(-451.713733375,129.185793027,4.352763072));
#2237=DIRECTION('',(-0.,1.,-0.));
#2238=DIRECTION('',(0.,0.,-1.));
#2239=AXIS2_PLACEMENT_3D('',#2236,#2237,#2238);
#2240=CIRCLE('',#2239,36.25);
#2241=EDGE_CURVE('',#2160,#2132,#2240,.T.);
#2242=ORIENTED_EDGE('',*,*,#2241,.T.);
#2243=ORIENTED_EDGE('',*,*,#2137,.F.);
#2244=CARTESIAN_POINT('',(-451.713733375,129.478668284,4.352763072));
#2245=DIRECTION('',(0.,1.,0.));
#2246=DIRECTION('',(0.,-0.,1.));
#2247=AXIS2_PLACEMENT_3D('',#2244,#2245,#2246);
#2248=CIRCLE('',#2247,36.25);
#2249=EDGE_CURVE('',#2181,#2124,#2248,.T.);
#2250=ORIENTED_EDGE('',*,*,#2249,.F.);
#2251=EDGE_LOOP('',(#2235,#2242,#2243,#2250));
#2252=FACE_BOUND('',#2251,.T.);
#2253=ADVANCED_FACE('',(#2252),#2234,.T.);
#2254=CARTESIAN_POINT('',(-451.713733375,129.478668284,4.352763072));
#2255=DIRECTION('',(0.,-1.,0.));
#2256=DIRECTION('',(0.,0.,-1.));
#2257=AXIS2_PLACEMENT_3D('',#2254,#2255,#2256);
#2258=CYLINDRICAL_SURFACE('',#2257,37.25);
#2259=ORIENTED_EDGE('',*,*,#2121,.T.);
#2260=CARTESIAN_POINT('',(-451.713733375,129.185793027,4.352763072));
#2261=DIRECTION('',(0.,-1.,0.));
#2262=DIRECTION('',(0.,0.,-1.));
#2263=AXIS2_PLACEMENT_3D('',#2260,#2261,#2262);
#2264=CIRCLE('',#2263,37.25);
#2265=EDGE_CURVE('',#2095,#2197,#2264,.T.);
#2266=ORIENTED_EDGE('',*,*,#2265,.T.);
#2267=ORIENTED_EDGE('',*,*,#2202,.T.);
#2268=CARTESIAN_POINT('',(-451.713733375,129.478668284,4.352763072));
#2269=DIRECTION('',(0.,1.,0.));
#2270=DIRECTION('',(0.,-0.,1.));
#2271=AXIS2_PLACEMENT_3D('',#2268,#2269,#2270);
#2272=CIRCLE('',#2271,37.25);
#2273=EDGE_CURVE('',#2189,#2116,#2272,.T.);
#2274=ORIENTED_EDGE('',*,*,#2273,.T.);
#2275=EDGE_LOOP('',(#2259,#2266,#2267,#2274));
#2276=FACE_BOUND('',#2275,.T.);
#2277=ADVANCED_FACE('',(#2276),#2258,.F.);
#2278=CARTESIAN_POINT('',(-2558.713856086,129.478668284,63.000018128));
#2279=DIRECTION('',(0.,1.,0.));
#2280=DIRECTION('',(1.,0.,0.));
#2281=AXIS2_PLACEMENT_3D('',#2278,#2279,#2280);
#2282=PLANE('',#2281);
#2283=ORIENTED_EDGE('',*,*,#2273,.F.);
#2284=ORIENTED_EDGE('',*,*,#2194,.F.);
#2285=ORIENTED_EDGE('',*,*,#2249,.T.);
#2286=ORIENTED_EDGE('',*,*,#2129,.F.);
#2287=EDGE_LOOP('',(#2283,#2284,#2285,#2286));
#2288=FACE_BOUND('',#2287,.T.);
#2289=ADVANCED_FACE('',(#2288),#2282,.F.);
#2290=CARTESIAN_POINT('',(-451.713733375,129.185793027,4.352763072));
#2291=DIRECTION('',(0.,-1.,0.));
#2292=DIRECTION('',(0.,0.,-1.));
#2293=AXIS2_PLACEMENT_3D('',#2290,#2291,#2292);
#2294=TOROIDAL_SURFACE('',#2293,35.542893219,0.707106781);
#2295=ORIENTED_EDGE('',*,*,#2178,.F.);
#2296=ORIENTED_EDGE('',*,*,#2016,.F.);
#2297=ORIENTED_EDGE('',*,*,#2156,.F.);
#2298=ORIENTED_EDGE('',*,*,#2241,.F.);
#2299=EDGE_LOOP('',(#2295,#2296,#2297,#2298));
#2300=FACE_BOUND('',#2299,.T.);
#2301=ADVANCED_FACE('',(#2300),#2294,.T.);
#2302=CARTESIAN_POINT('',(-451.713733375,129.185793027,4.352763072));
#2303=DIRECTION('',(0.,-1.,0.));
#2304=DIRECTION('',(0.,0.,-1.));
#2305=AXIS2_PLACEMENT_3D('',#2302,#2303,#2304);
#2306=TOROIDAL_SURFACE('',#2305,37.957106781,0.707106781);
#2307=ORIENTED_EDGE('',*,*,#2221,.F.);
#2308=ORIENTED_EDGE('',*,*,#2265,.F.);
#2309=ORIENTED_EDGE('',*,*,#2113,.F.);
#2310=ORIENTED_EDGE('',*,*,#1902,.F.);
#2311=EDGE_LOOP('',(#2307,#2308,#2309,#2310));
#2312=FACE_BOUND('',#2311,.T.);
#2313=ADVANCED_FACE('',(#2312),#2306,.T.);
#2314=CARTESIAN_POINT('',(-451.713733375,-155.521331716,4.352763072));
#2315=DIRECTION('',(0.,1.,0.));
#2316=DIRECTION('',(0.,-0.,1.));
#2317=AXIS2_PLACEMENT_3D('',#2314,#2315,#2316);
#2318=CYLINDRICAL_SURFACE('',#2317,40.25);
#2319=ORIENTED_EDGE('',*,*,#1877,.T.);
#2320=ORIENTED_EDGE('',*,*,#2082,.T.);
#2321=ORIENTED_EDGE('',*,*,#1952,.T.);
#2322=ORIENTED_EDGE('',*,*,#2054,.F.);
#2323=EDGE_LOOP('',(#2319,#2320,#2321,#2322));
#2324=FACE_BOUND('',#2323,.T.);
#2325=ADVANCED_FACE('',(#2324),#2318,.T.);
#2326=CARTESIAN_POINT('',(-451.713733375,-155.521331716,4.352763072));
#2327=DIRECTION('',(0.,1.,0.));
#2328=DIRECTION('',(0.,-0.,1.));
#2329=AXIS2_PLACEMENT_3D('',#2326,#2327,#2328);
#2330=CYLINDRICAL_SURFACE('',#2329,40.25);
#2331=ORIENTED_EDGE('',*,*,#1927,.T.);
#2332=ORIENTED_EDGE('',*,*,#2030,.T.);
#2333=ORIENTED_EDGE('',*,*,#1969,.T.);
#2334=ORIENTED_EDGE('',*,*,#2075,.T.);
#2335=EDGE_LOOP('',(#2331,#2332,#2333,#2334));
#2336=FACE_BOUND('',#2335,.T.);
#2337=ADVANCED_FACE('',(#2336),#2330,.T.);
#2338=CLOSED_SHELL('',(#1937,#1995,#2020,#2042,#2065,#2087,#2229,#2253,#2277,#2289,#2301,#2313,#2325,#2337));
#2339=MANIFOLD_SOLID_BREP('Body 120 (5)',#2338);
#1862=STYLED_ITEM('',(#294),#2339);
#566=SHAPE_REPRESENTATION('Folder 07',(#15),#564);
#567=ADVANCED_BREP_SHAPE_REPRESENTATION('Folder 07',(#1139,#1261,#1861,#2339),#564);
#2347=SHAPE_REPRESENTATION_RELATIONSHIP('','',#566,#567);
#2348=CARTESIAN_POINT('',(0.,0.,0.));
#2349=DIRECTION('',(0.,0.,1.));
#2350=DIRECTION('',(1.,0.,0.));
#2351=AXIS2_PLACEMENT_3D('',#2348,#2349,#2350);
#2353=MAPPED_ITEM('',#2352,#2351);
#2352=REPRESENTATION_MAP(#2351,#566);
#2354=APPLICATION_CONTEXT('Managed model based 3d engineering');
#2355=APPLICATION_PROTOCOL_DEFINITION('international standard','ap242_managed_model_based_3d_engineering',2014,#2354);
#2356=PRODUCT_CONTEXT('',#2354,'mechanical');
#2357=PRODUCT_DEFINITION_CONTEXT('part definition',#2354,'design');
#574=PRODUCT('Folder 07','Folder 07','',(#2356));
#2358=PRODUCT_RELATED_PRODUCT_CATEGORY('part','',(#574));
#2359=PRODUCT_DEFINITION_FORMATION_WITH_SPECIFIED_SOURCE('','',#574,.NOT_KNOWN.);
#575=PRODUCT_DEFINITION('design','',#2359,#2357);
#573=PRODUCT_DEFINITION_SHAPE('','',#575);
#2360=SHAPE_DEFINITION_REPRESENTATION(#573,#566);
#565=DRAUGHTING_MODEL('',(#2353),#564);
#16=SHAPE_REPRESENTATION('root',(#15,#579),#10);
#17=ADVANCED_BREP_SHAPE_REPRESENTATION('root',(#287,#556),#10);
#2368=SHAPE_REPRESENTATION_RELATIONSHIP('','',#16,#17);
#2369=CARTESIAN_POINT('',(0.,0.,0.));
#2370=DIRECTION('',(0.,0.,1.));
#2371=DIRECTION('',(1.,0.,0.));
#2372=AXIS2_PLACEMENT_3D('',#2369,#2370,#2371);
#2374=MAPPED_ITEM('',#2373,#2372);
#2373=REPRESENTATION_MAP(#2372,#16);
#24=PRODUCT('root','root','',(#2356));
#2375=PRODUCT_RELATED_PRODUCT_CATEGORY('part','',(#24));
#2376=PRODUCT_DEFINITION_FORMATION_WITH_SPECIFIED_SOURCE('','',#24,.NOT_KNOWN.);
#25=PRODUCT_DEFINITION('design','',#2376,#2357);
#23=PRODUCT_DEFINITION_SHAPE('','',#25);
#2377=SHAPE_DEFINITION_REPRESENTATION(#23,#16);
#11=DRAUGHTING_MODEL('',(#2374),#10);
#2378=DESCRIPTIVE_REPRESENTATION_ITEM('KEY','/private/var/mobile/Containers/Data/Application/8E687110-2235-47AC-8300-3A61C5AD0550/tmp/CDA28250-D388-42F2-8FA8-8514CD94EABA.tmp');
#2379=PROPERTY_DEFINITION('KEY','',#25);
#2380=REPRESENTATION('',(#2378),#10);
#2381=PROPERTY_DEFINITION_REPRESENTATION(#2379,#2380);
#2382=GENERAL_PROPERTY('','KEY','');
#2383=GENERAL_PROPERTY_ASSOCIATION('','',#2382,#2379);
#1=MECHANICAL_DESIGN_GEOMETRIC_PRESENTATION_REPRESENTATION('',(#26,#295,#585,#1140,#1262,#1862),#10);
ENDSEC;
END-ISO-10303-21;
